url,listing_id,listing_code,listing_type,title,description,price,price_text,currency,operation,property_type,location,neighborhood,city,state,latitude,longitude,bedrooms,bathrooms,built_m2,land_m2,parking,maintenance_expenses,antiquity_years,publication_age,views_count,image_urls,phone_partial,whatsapp,advertiser_name,advertiser_id,advertiser_url,published_date,scraped_at,source_page
https://www.inmuebles24.com/propiedades/clasificado/veclapin-departamentos-en-venta-en-sierra-de-alica-zacatecas.-150831171.html,150831171,V-dSAlica,sale,"Departamentos en Venta en Sierra de Álica, Zacatecas. Cerca de La Escuela Normal.","Departamentos EN VENTA en Sierra de Álica, Zacatecas. Cerca de la Escuela Normal. El inmueble incluye dos departamentos en la misma escritura. A 3 cuadras de la Alameda de Zacatecas. DEPARTAMENTO 1: * En tercer nivel. * Sala comedor. * Cocineta. * 3 recámaras (2 con clóset). * Baño. * Cuarto de lavado. * Gas estacionario. DEPARTAMENTO 2: * En cuarto nivel (azotea). * Cocina integral. * Recibidor. * Comedor. * 2 recámaras. * Baño. * Calentador solar. Construcción total: 151 m2. ** NO INCLUYE MUEBLES. * Precio: $1,790,000. NO APLICAN CRÉDITOS.",1790000,"MN 1,790,000",MXN,venta,Apartamento,Esteban San Castorena 102,Sierra de Alica,Zacatecas,Zacatecas,22.77142967060676,-102.57813772565616,5.0,2.0,151,151.0,,0.0,55,Publicado hace 7 días,,https://img10.naventcdn.com/avisos/18/01/50/83/11/71/1200x1200/1626348999.jpg?isFirstImage=true|https://img10.naventcdn.com/avisos/18/01/50/83/11/71/1200x1200/1626348988.jpg|https://img10.naventcdn.com/avisos/18/01/50/83/11/71/1200x1200/1626348989.jpg|https://img10.naventcdn.com/avisos/18/01/50/83/11/71/1200x1200/1626349000.jpg|https://img10.naventcdn.com/avisos/18/01/50/83/11/71/1200x1200/1626348996.jpg|https://img10.naventcdn.com/avisos/18/01/50/83/11/71/1200x1200/1626349001.jpg|https://img10.naventcdn.com/avisos/18/01/50/83/11/71/1200x1200/1626348992.jpg|https://img10.naventcdn.com/avisos/18/01/50/83/11/71/1200x1200/1626348995.jpg|https://img10.naventcdn.com/avisos/18/01/50/83/11/71/1200x1200/1626348994.jpg|https://img10.naventcdn.com/avisos/18/01/50/83/11/71/1200x1200/1626348993.jpg|https://img10.naventcdn.com/avisos/18/01/50/83/11/71/1200x1200/1626348997.jpg|https://img10.naventcdn.com/avisos/18/01/50/83/11/71/1200x1200/1626348998.jpg|https://img10.naventcdn.com/avisos/18/01/50/83/11/71/1200x1200/1626348991.jpg|https://img10.naventcdn.com/avisos/18/01/50/83/11/71/1200x1200/1626348990.jpg,,52 4921165467,Sandra Ruiz,664408,https://www.inmuebles24.com/inmobiliarias/sandra-ruiz_664408-inmuebles.html,2026-08-18T09:33:12Z,2026-08-25T22:34:56.805160+00:00,https://www.inmuebles24.com/casas-o-casa-en-condominio-o-departamentos-en-venta-en-zacatecas-provincia-ordenado-por-fechaonline-descendente.html.html
https://www.inmuebles24.com/propiedades/clasificado/veclcain-casa-economica-en-venta-en-guadalupe-zacatecas-150086610.html,150086610,EHO8111085,sale,Casa Económica en Venta en Guadalupe Zacatecas,"Casa nueva en venta en fraccionamiento las haciendas en Guadalupe Zacatecas, 2 Recamaras,1 Baño. Es una casa ecológica, cuenta con calentador solar y boiler de paso. El acceso al Fraccionamiento esta sobre avenida principal. Aceptamos todo tipo de crédito. 82.5 m2 de Terreno y 43m2 de Construcción. Te apoyamos con el trámite de tu crédito.",832500,"MN 832,500",MXN,venta,Casa,Guadalupe Zacatecas,Fraccionamiento Jardines de Sauceda,Guadalupe,Zacatecas,22.7568104,-102.5067908,2.0,1.0,43,82.0,1.0,0.0,A estrenar,Publicado hace 83 días,,https://img10.naventcdn.com/avisos/18/01/50/08/66/10/1200x1200/1610909703.jpg?isFirstImage=true|https://img10.naventcdn.com/avisos/18/01/50/08/66/10/1200x1200/1610909708.jpg|https://img10.naventcdn.com/avisos/18/01/50/08/66/10/1200x1200/1610909713.jpg|https://img10.naventcdn.com/avisos/18/01/50/08/66/10/1200x1200/1610909706.jpg|https://img10.naventcdn.com/avisos/18/01/50/08/66/10/1200x1200/1610909709.jpg|https://img10.naventcdn.com/avisos/18/01/50/08/66/10/1200x1200/1610909707.jpg|https://img10.naventcdn.com/avisos/18/01/50/08/66/10/1200x1200/1610909711.jpg|https://img10.naventcdn.com/avisos/18/01/50/08/66/10/1200x1200/1610909712.jpg|https://img10.naventcdn.com/avisos/18/01/50/08/66/10/1200x1200/1610909710.jpg|https://img10.naventcdn.com/avisos/18/01/50/08/66/10/1200x1200/1611062298.jpg,,4921387605,Argelia Valverde,51090565,https://www.inmuebles24.com/inmobiliarias/argelia-valverde_51090565-inmuebles.html,2026-06-03T18:04:57Z,2026-08-25T22:34:56.805160+00:00,https://www.inmuebles24.com/casas-o-casa-en-condominio-o-departamentos-en-venta-en-zacatecas-provincia-ordenado-por-fechaonline-descendente.html.html
https://www.inmuebles24.com/propiedades/clasificado/veclcain-casa-economica-en-venta-en-guadalupe-zacatecas-150094065.html,150094065,EHO8111085,sale,Casa Económica en Venta en Guadalupe Zacatecas,"Casa nueva en venta en fraccionamiento las haciendas en Guadalupe Zacatecas, 2 Recamaras,1 Baño. Es una casa ecológica, cuenta con calentador solar y boiler de paso. El acceso al Fraccionamiento esta sobre avenida principal. Aceptamos todo tipo de crédito. 82.5 m2 de Terreno y 43m2 de Construcción. Te apoyamos con el trámite de tu crédito.",832500,"MN 832,500",MXN,venta,Casa,Guadalupe Zacatecas,Fraccionamiento Jardines de Sauceda,Guadalupe,Zacatecas,22.7568104,-102.5067908,2.0,1.0,43,82.0,1.0,0.0,A estrenar,Publicado hace 83 días,,https://img10.naventcdn.com/avisos/18/01/50/09/40/65/1200x1200/1611056407.jpg?isFirstImage=true|https://img10.naventcdn.com/avisos/18/01/50/09/40/65/1200x1200/1611056409.jpg|https://img10.naventcdn.com/avisos/18/01/50/09/40/65/1200x1200/1611056428.jpg|https://img10.naventcdn.com/avisos/18/01/50/09/40/65/1200x1200/1611056404.jpg|https://img10.naventcdn.com/avisos/18/01/50/09/40/65/1200x1200/1611056422.jpg|https://img10.naventcdn.com/avisos/18/01/50/09/40/65/1200x1200/1611056412.jpg|https://img10.naventcdn.com/avisos/18/01/50/09/40/65/1200x1200/1611056426.jpg|https://img10.naventcdn.com/avisos/18/01/50/09/40/65/1200x1200/1611056424.jpg|https://img10.naventcdn.com/avisos/18/01/50/09/40/65/1200x1200/1611056414.jpg|https://img10.naventcdn.com/avisos/18/01/50/09/40/65/1200x1200/1611062297.jpg,,4921387605,Argelia Valverde,51090565,https://www.inmuebles24.com/inmobiliarias/argelia-valverde_51090565-inmuebles.html,2026-06-03T23:24:42Z,2026-08-25T22:34:56.805160+00:00,https://www.inmuebles24.com/casas-o-casa-en-condominio-o-departamentos-en-venta-en-zacatecas-provincia-ordenado-por-fechaonline-descendente.html.html
https://www.inmuebles24.com/propiedades/clasificado/veclcain-casa-en-colinas-del-padre-149687190.html,149687190,VHO7780107,sale,Casa en Colinas del Padre,"Casa Semirresidencial en VentaPrecio: $2,700,000 MXN Ubicación Calle Montes Pirineos No. 104 Fraccionamiento El Vergel Colonia Colinas del Padre, Tercera Sección Zacatecas, Zacatecas Formas de pago Se acepta pago de contado y crédito. Descripción de la propiedad Hermosa casa semiresidencial de dos niveles, diseñada para brindar comodidad, funcionalidad y espacios bien distribuidos para toda la familia. Planta baja y alta distribuidas en: Tres recámaras Tres baños completos Sala Comedor Cocina Cuarto de lavado Patio de servicio Cochera para dos vehículos La propiedad cuenta con escrituras en regla y todos los servicios disponibles, lista para habitarse. Una excelente oportunidad para vivir en una zona tranquila y de buena plusvalía en Zacatecas. Para mayores informes o agendar una cita, contáctanos.",2550000,"MN 2,550,000",MXN,venta,Casa,"Montes Pirineos, Fracc. el Vergel, Colilas del Padre Tercera Sección",Colinas Del Padre,Zacatecas,Zacatecas,22.7487209,-102.5926327,3.0,3.0,164,102.0,2.0,0.0,10,Publicado hace 119 días,,https://img10.naventcdn.com/avisos/18/01/49/68/71/90/1200x1200/1602715798.jpg?isFirstImage=true|https://img10.naventcdn.com/avisos/18/01/49/68/71/90/1200x1200/1602715793.jpg|https://img10.naventcdn.com/avisos/18/01/49/68/71/90/1200x1200/1602715796.jpg|https://img10.naventcdn.com/avisos/18/01/49/68/71/90/1200x1200/1602715795.jpg|https://img10.naventcdn.com/avisos/18/01/49/68/71/90/1200x1200/1602715792.jpg|https://img10.naventcdn.com/avisos/18/01/49/68/71/90/1200x1200/1602715794.jpg|https://img10.naventcdn.com/avisos/18/01/49/68/71/90/1200x1200/1602715790.jpg|https://img10.naventcdn.com/avisos/18/01/49/68/71/90/1200x1200/1602715791.jpg|https://img10.naventcdn.com/avisos/18/01/49/68/71/90/1200x1200/1602715797.jpg,,,VID CASA BIENES RAICES,103009487,https://www.inmuebles24.com/inmobiliarias/vid-casa-bienes-raices_103009487-inmuebles.html,2026-04-28T19:10:25Z,2026-08-25T22:34:56.805160+00:00,https://www.inmuebles24.com/casas-o-casa-en-condominio-o-departamentos-en-venta-en-zacatecas-provincia-ordenado-por-fechaonline-descendente.html.html
https://www.inmuebles24.com/propiedades/clasificado/veclcain-casa-en-fraccionamiento-rincon-guadalupano-150372672.html,150372672,EHO8421790,sale,Casa en Fraccionamiento Rincón Guadalupano,"Ubicado en Rincón Guadalupano por el Salero.90 m de Terreno 60 m de Construcción 3 recámaras 1 baño $810,000 NO Infonavit #zacatecasméxico #inmobiliaria",810000,"MN 810,000",MXN,venta,Casa,Rincon Guadalupano,Fraccionamiento Rincón Guadalupano,Guadalupe,Zacatecas,22.7486134,-102.5265762,3.0,1.0,60,90.0,,0.0,A estrenar,Publicado hace 57 días,,https://img10.naventcdn.com/avisos/18/01/50/37/26/72/1200x1200/1616802179.jpg?isFirstImage=true|https://img10.naventcdn.com/avisos/18/01/50/37/26/72/1200x1200/1616802176.jpg|https://img10.naventcdn.com/avisos/18/01/50/37/26/72/1200x1200/1616802191.jpg,,4921387605,Argelia Valverde,51090565,https://www.inmuebles24.com/inmobiliarias/argelia-valverde_51090565-inmuebles.html,2026-06-29T18:31:47Z,2026-08-25T22:34:56.805160+00:00,https://www.inmuebles24.com/casas-o-casa-en-condominio-o-departamentos-en-venta-en-zacatecas-provincia-ordenado-por-fechaonline-descendente.html.html
https://www.inmuebles24.com/propiedades/clasificado/veclcain-casa-en-guadalupe-150373248.html,150373248,EHO8421890,sale,Casa en Guadalupe,"Casa en venta en Privada Aretha, en Guadalupe, Zacatecas.114 m de terreno 66 m de construcción 2 recámaras 1 baño Patio Jardín pequeño con pasto artificial #zacatecas #casas #casaenventa",1249000,"MN 1,249,000",MXN,venta,Casa,"Privada Aretha, en Guadalupe Zacatecas",,Guadalupe,Zacatecas,22.7310525,-102.4964261,2.0,1.0,66,114.0,2.0,0.0,A estrenar,Publicado hace 57 días,,https://img10.naventcdn.com/avisos/18/01/50/37/32/48/1200x1200/1616812436.jpg?isFirstImage=true|https://img10.naventcdn.com/avisos/18/01/50/37/32/48/1200x1200/1616812428.jpg|https://img10.naventcdn.com/avisos/18/01/50/37/32/48/1200x1200/1616812503.jpg|https://img10.naventcdn.com/avisos/18/01/50/37/32/48/1200x1200/1616812495.jpg|https://img10.naventcdn.com/avisos/18/01/50/37/32/48/1200x1200/1616812577.jpg|https://img10.naventcdn.com/avisos/18/01/50/37/32/48/1200x1200/1616812579.jpg|https://img10.naventcdn.com/avisos/18/01/50/37/32/48/1200x1200/1616812571.jpg|https://img10.naventcdn.com/avisos/18/01/50/37/32/48/1200x1200/1616812587.jpg|https://img10.naventcdn.com/avisos/18/01/50/37/32/48/1200x1200/1616812639.jpg,,4921387605,Argelia Valverde,51090565,https://www.inmuebles24.com/inmobiliarias/argelia-valverde_51090565-inmuebles.html,2026-06-29T18:52:49Z,2026-08-25T22:34:56.805160+00:00,https://www.inmuebles24.com/casas-o-casa-en-condominio-o-departamentos-en-venta-en-zacatecas-provincia-ordenado-por-fechaonline-descendente.html.html
https://www.inmuebles24.com/propiedades/clasificado/veclcain-casa-en-hidraulica-150259766.html,150259766,EHO8365451,sale,Casa en Hidraulica,"¡Excelente oportunidad de inversión y patrimonio! Se vende hermosa casa ubicada en privada dentro del Fraccionamiento Colonial Zacatecas, cerca de la iglesia de la colonia La Hidráulica. Características principales: 200 m² de terreno 213 m² de construcción 3 recámaras 2 baños completos 1 recámara de servicio con baño completo Cochera para 3 vehículos Portón automático Cocina integral equipada Estufa, campana y lavavajillas incluidos Refrigerador incluido Cisterna impermeabilizada de 10,000 litros Tanque de gas estacionario Boiler de depósito de 100 litros Una propiedad amplia, cómoda y lista para habitar, ideal para familias que buscan seguridad, espacio y excelente ubicación. Ubicada en privada para mayor tranquilidad y seguridad. Contáctame para más información o para agendar una visita.",3800000,"MN 3,800,000",MXN,venta,Casa,La Hidráulica Zacatecas,HidrAulica,Zacatecas,Zacatecas,22.7668904,-102.5545435,4.0,3.0,213,200.0,3.0,0.0,10,Publicado hace 67 días,,https://img10.naventcdn.com/avisos/18/01/50/25/97/66/1200x1200/1616470302.jpg?isFirstImage=true|https://img10.naventcdn.com/avisos/18/01/50/25/97/66/1200x1200/1614384140.jpg|https://img10.naventcdn.com/avisos/18/01/50/25/97/66/1200x1200/1616470300.jpg|https://img10.naventcdn.com/avisos/18/01/50/25/97/66/1200x1200/1616470297.jpg|https://img10.naventcdn.com/avisos/18/01/50/25/97/66/1200x1200/1614383926.jpg|https://img10.naventcdn.com/avisos/18/01/50/25/97/66/1200x1200/1616470298.jpg|https://img10.naventcdn.com/avisos/18/01/50/25/97/66/1200x1200/1616470301.jpg|https://img10.naventcdn.com/avisos/18/01/50/25/97/66/1200x1200/1616470303.jpg|https://img10.naventcdn.com/avisos/18/01/50/25/97/66/1200x1200/1614384061.jpg|https://img10.naventcdn.com/avisos/18/01/50/25/97/66/1200x1200/1614384088.jpg|https://img10.naventcdn.com/avisos/18/01/50/25/97/66/1200x1200/1614383910.jpg|https://img10.naventcdn.com/avisos/18/01/50/25/97/66/1200x1200/1614384145.jpg|https://img10.naventcdn.com/avisos/18/01/50/25/97/66/1200x1200/1614384108.jpg|https://img10.naventcdn.com/avisos/18/01/50/25/97/66/1200x1200/1614384110.jpg|https://img10.naventcdn.com/avisos/18/01/50/25/97/66/1200x1200/1614383653.jpg|https://img10.naventcdn.com/avisos/18/01/50/25/97/66/1200x1200/1614384032.jpg|https://img10.naventcdn.com/avisos/18/01/50/25/97/66/1200x1200/1614383711.jpg|https://img10.naventcdn.com/avisos/18/01/50/25/97/66/1200x1200/1614383884.jpg|https://img10.naventcdn.com/avisos/18/01/50/25/97/66/1200x1200/1614383828.jpg|https://img10.naventcdn.com/avisos/18/01/50/25/97/66/1200x1200/1614384137.jpg,,4921387605,Argelia Valverde,51090565,https://www.inmuebles24.com/inmobiliarias/argelia-valverde_51090565-inmuebles.html,2026-06-19T20:16:13Z,2026-08-25T22:34:56.805160+00:00,https://www.inmuebles24.com/casas-o-casa-en-condominio-o-departamentos-en-venta-en-zacatecas-provincia-ordenado-por-fechaonline-descendente.html.html
https://www.inmuebles24.com/propiedades/clasificado/veclcain-casa-en-hidraulica-150451333.html,150451333,EHO8365451,sale,Casa en Hidraulica,"¡Excelente oportunidad de inversión y patrimonio! Se vende hermosa casa ubicada en privada dentro del Fraccionamiento Colonial Zacatecas, cerca de la iglesia de la colonia La Hidráulica. Características principales: 200 m² de terreno 213 m² de construcción 3 recámaras 2 baños completos 1 recámara de servicio con baño completo Cochera para 3 vehículos Portón automático Cocina integral equipada Estufa, campana y lavavajillas incluidos Refrigerador incluido Cisterna impermeabilizada de 10,000 litros Tanque de gas estacionario Boiler de depósito de 100 litros Una propiedad amplia, cómoda y lista para habitar, ideal para familias que buscan seguridad, espacio y excelente ubicación. Ubicada en privada para mayor tranquilidad y seguridad. Contáctame para más información o para agendar una visita.",3800000,"MN 3,800,000",MXN,venta,Casa,La Hidráulica Zacatecas,HidrAulica,Zacatecas,Zacatecas,22.7668904,-102.5545435,4.0,3.0,213,200.0,3.0,0.0,10,Publicado hace 50 días,,https://img10.naventcdn.com/avisos/18/01/50/45/13/33/1200x1200/1618372732.jpg?isFirstImage=true|https://img10.naventcdn.com/avisos/18/01/50/45/13/33/1200x1200/1618372734.jpg|https://img10.naventcdn.com/avisos/18/01/50/45/13/33/1200x1200/1618372698.jpg|https://img10.naventcdn.com/avisos/18/01/50/45/13/33/1200x1200/1618372740.jpg|https://img10.naventcdn.com/avisos/18/01/50/45/13/33/1200x1200/1618372739.jpg|https://img10.naventcdn.com/avisos/18/01/50/45/13/33/1200x1200/1618372729.jpg|https://img10.naventcdn.com/avisos/18/01/50/45/13/33/1200x1200/1618372741.jpg|https://img10.naventcdn.com/avisos/18/01/50/45/13/33/1200x1200/1618372699.jpg|https://img10.naventcdn.com/avisos/18/01/50/45/13/33/1200x1200/1618372701.jpg|https://img10.naventcdn.com/avisos/18/01/50/45/13/33/1200x1200/1618372738.jpg|https://img10.naventcdn.com/avisos/18/01/50/45/13/33/1200x1200/1618372735.jpg|https://img10.naventcdn.com/avisos/18/01/50/45/13/33/1200x1200/1618372730.jpg|https://img10.naventcdn.com/avisos/18/01/50/45/13/33/1200x1200/1618372733.jpg|https://img10.naventcdn.com/avisos/18/01/50/45/13/33/1200x1200/1618372700.jpg|https://img10.naventcdn.com/avisos/18/01/50/45/13/33/1200x1200/1618372702.jpg|https://img10.naventcdn.com/avisos/18/01/50/45/13/33/1200x1200/1618372736.jpg|https://img10.naventcdn.com/avisos/18/01/50/45/13/33/1200x1200/1618372697.jpg|https://img10.naventcdn.com/avisos/18/01/50/45/13/33/1200x1200/1618372737.jpg|https://img10.naventcdn.com/avisos/18/01/50/45/13/33/1200x1200/1618372731.jpg|https://img10.naventcdn.com/avisos/18/01/50/45/13/33/1200x1200/1618372696.jpg,,4921387605,Argelia Valverde,51090565,https://www.inmuebles24.com/inmobiliarias/argelia-valverde_51090565-inmuebles.html,2026-07-06T21:09:38Z,2026-08-25T22:34:56.805160+00:00,https://www.inmuebles24.com/casas-o-casa-en-condominio-o-departamentos-en-venta-en-zacatecas-provincia-ordenado-por-fechaonline-descendente.html.html
https://www.inmuebles24.com/propiedades/clasificado/veclcain-casa-en-venta-en-lomas-del-campestre-zacatecas.-150844974.html,150844974,V-LCampestre,sale,"Casa en Venta en Lomas del Campestre, Zacatecas.","Casa EN VENTA en Lomas del Campestre, Zacatecas. PLANTA BAJA: * Recibidor. * Sala y comedor. * Cocina integral con cuarto de alacena. * Antecomedor. * Recámara con baño. * Medio baño. * Cochera techada para 2 autos y 2 sin techar, con portón eléctrico. * Jardín. PLANTA ALTA: * Sala de tv. * Recámara principal con área para sala, baño con tina y regadera independiente, vestidor. * 2 Recámaras con clóset. * Baño * Recámara con clóset y baño. TERCER NIVEL: * Terraza amplia. * Cuarto de lavado y patio. EXTRAS: * Cisterna (más de 5 mil lt), calentador solar, gas estacionario, 2 tinacos de 1100 L c/u. * Terreno: 300 m2. * Construcción: 450 m2.",8200000,"MN 8,200,000",MXN,venta,Casa,Cárpatos,Fraccionamiento Lomas Del Campestre,Zacatecas,Zacatecas,22.7605914,-102.5523061,5.0,4.0,450,300.0,4.0,0.0,30,Publicado hace 6 días,,https://img10.naventcdn.com/avisos/18/01/50/84/49/74/1200x1200/1626635797.jpg?isFirstImage=true|https://img10.naventcdn.com/avisos/18/01/50/84/49/74/1200x1200/1626635804.jpg|https://img10.naventcdn.com/avisos/18/01/50/84/49/74/1200x1200/1626635813.jpg|https://img10.naventcdn.com/avisos/18/01/50/84/49/74/1200x1200/1626635805.jpg|https://img10.naventcdn.com/avisos/18/01/50/84/49/74/1200x1200/1626635793.jpg|https://img10.naventcdn.com/avisos/18/01/50/84/49/74/1200x1200/1626635808.jpg|https://img10.naventcdn.com/avisos/18/01/50/84/49/74/1200x1200/1626635801.jpg|https://img10.naventcdn.com/avisos/18/01/50/84/49/74/1200x1200/1626635807.jpg|https://img10.naventcdn.com/avisos/18/01/50/84/49/74/1200x1200/1626635796.jpg|https://img10.naventcdn.com/avisos/18/01/50/84/49/74/1200x1200/1626635809.jpg|https://img10.naventcdn.com/avisos/18/01/50/84/49/74/1200x1200/1626635815.jpg|https://img10.naventcdn.com/avisos/18/01/50/84/49/74/1200x1200/1626635802.jpg|https://img10.naventcdn.com/avisos/18/01/50/84/49/74/1200x1200/1626635795.jpg|https://img10.naventcdn.com/avisos/18/01/50/84/49/74/1200x1200/1626635817.jpg|https://img10.naventcdn.com/avisos/18/01/50/84/49/74/1200x1200/1626635816.jpg|https://img10.naventcdn.com/avisos/18/01/50/84/49/74/1200x1200/1626635794.jpg|https://img10.naventcdn.com/avisos/18/01/50/84/49/74/1200x1200/1626635806.jpg|https://img10.naventcdn.com/avisos/18/01/50/84/49/74/1200x1200/1626635798.jpg|https://img10.naventcdn.com/avisos/18/01/50/84/49/74/1200x1200/1626635799.jpg|https://img10.naventcdn.com/avisos/18/01/50/84/49/74/1200x1200/1626635812.jpg|https://img10.naventcdn.com/avisos/18/01/50/84/49/74/1200x1200/1626635811.jpg|https://img10.naventcdn.com/avisos/18/01/50/84/49/74/1200x1200/1626635810.jpg|https://img10.naventcdn.com/avisos/18/01/50/84/49/74/1200x1200/1626635800.jpg|https://img10.naventcdn.com/avisos/18/01/50/84/49/74/1200x1200/1626635803.jpg|https://img10.naventcdn.com/avisos/18/01/50/84/49/74/1200x1200/1626635814.jpg,,52 4921165467,Sandra Ruiz,664408,https://www.inmuebles24.com/inmobiliarias/sandra-ruiz_664408-inmuebles.html,2026-08-19T06:59:30Z,2026-08-25T22:34:56.805160+00:00,https://www.inmuebles24.com/casas-o-casa-en-condominio-o-departamentos-en-venta-en-zacatecas-provincia-ordenado-por-fechaonline-descendente.html.html
https://www.inmuebles24.com/propiedades/clasificado/veclcain-casa-en-venta-en-los-encinos-colinas-del-padre-150292443.html,150292443,V-Encinos,sale,"Casa en Venta en Los Encinos (Colinas del Padre), Zacatecas.","Casa EN VENTA en Los Encinos (Colinas del Padre), Zacatecas. * En Fracc. privado, con área verde, asadores, cancha de básquet, área con juegos infantiles. PLANTA BAJA: * Sala (con doble altura) y comedor. * Cocina integral con isla. * Cuarto para almacén. * Medio baño. * Recámara con baño y vestidor. * Cuarto de lavado. * Patio con barra y tarja, techado con cristal templado. PLANTA ALTA. * Sala de TV. * Estudio. * 2 Recámaras con vestidor. * Baño con lavabo doble. * Terraza. SÓTANO: * Cochera techada para 2 autos, con portón eléctrico. * Granito en la cocina y baños, canceles de baño de cristal, persianas en toda la casa. * Sistema de alarma, cisterna de 7,000 lt, 2 tinacos de 1100 lt., calentador solar, gas estacionario. * Terreno: 247.85 m2 * Construcción: 320 m2.",5980000,"MN 5,980,000",MXN,venta,Casa,Calle Encino Prieto,Colinas Del Padre,Zacatecas,Zacatecas,22.7435599,-102.6013344,3.0,2.0,320,248.0,2.0,,3,Publicado hace 63 días,,https://img10.naventcdn.com/avisos/18/01/50/29/24/43/1200x1200/1615051207.jpg?isFirstImage=true|https://img10.naventcdn.com/avisos/18/01/50/29/24/43/1200x1200/1615051219.jpg|https://img10.naventcdn.com/avisos/18/01/50/29/24/43/1200x1200/1615051200.jpg|https://img10.naventcdn.com/avisos/18/01/50/29/24/43/1200x1200/1615051210.jpg|https://img10.naventcdn.com/avisos/18/01/50/29/24/43/1200x1200/1615051211.jpg|https://img10.naventcdn.com/avisos/18/01/50/29/24/43/1200x1200/1615051197.jpg|https://img10.naventcdn.com/avisos/18/01/50/29/24/43/1200x1200/1615051217.jpg|https://img10.naventcdn.com/avisos/18/01/50/29/24/43/1200x1200/1615051221.jpg|https://img10.naventcdn.com/avisos/18/01/50/29/24/43/1200x1200/1615051205.jpg|https://img10.naventcdn.com/avisos/18/01/50/29/24/43/1200x1200/1615051203.jpg|https://img10.naventcdn.com/avisos/18/01/50/29/24/43/1200x1200/1615051198.jpg|https://img10.naventcdn.com/avisos/18/01/50/29/24/43/1200x1200/1615051216.jpg|https://img10.naventcdn.com/avisos/18/01/50/29/24/43/1200x1200/1615051202.jpg|https://img10.naventcdn.com/avisos/18/01/50/29/24/43/1200x1200/1615051208.jpg|https://img10.naventcdn.com/avisos/18/01/50/29/24/43/1200x1200/1615051209.jpg|https://img10.naventcdn.com/avisos/18/01/50/29/24/43/1200x1200/1615051204.jpg|https://img10.naventcdn.com/avisos/18/01/50/29/24/43/1200x1200/1615051214.jpg|https://img10.naventcdn.com/avisos/18/01/50/29/24/43/1200x1200/1615051218.jpg|https://img10.naventcdn.com/avisos/18/01/50/29/24/43/1200x1200/1615051206.jpg|https://img10.naventcdn.com/avisos/18/01/50/29/24/43/1200x1200/1615051201.jpg|https://img10.naventcdn.com/avisos/18/01/50/29/24/43/1200x1200/1615051212.jpg|https://img10.naventcdn.com/avisos/18/01/50/29/24/43/1200x1200/1615051215.jpg|https://img10.naventcdn.com/avisos/18/01/50/29/24/43/1200x1200/1615051220.jpg|https://img10.naventcdn.com/avisos/18/01/50/29/24/43/1200x1200/1615051199.jpg|https://img10.naventcdn.com/avisos/18/01/50/29/24/43/1200x1200/1615051213.jpg,,52 4921165467,Sandra Ruiz,664408,https://www.inmuebles24.com/inmobiliarias/sandra-ruiz_664408-inmuebles.html,2026-06-23T08:46:51Z,2026-08-25T22:34:56.805160+00:00,https://www.inmuebles24.com/casas-o-casa-en-condominio-o-departamentos-en-venta-en-zacatecas-provincia-ordenado-por-fechaonline-descendente.html.html
https://www.inmuebles24.com/propiedades/clasificado/veclcain-casa-en-venta-en-privada-conde-santiago-de-la-laguna-149773037.html,149773037,CV-0350NR,sale,"Casa en Venta en Privada Conde Santiago de La Laguna, Guadalupe","TERRENO :105 m CONSTRUCCIÓN 140 m Cerca de: - COLEGIOS -TIENDA ALSUPER FRESH MARKET DISTRITO 925 -GIMNASIOS -CAFÉS Y RESTAURANTES -BANCOS Consta de: - 3 recamaras ( principal con baño integrado ) cada recamara cuenta con clósets. -2.5 baños -Cocina equipada -Amplia sala-Comedor -Patio de servicio techado con estructura de aluminio y vidrio templado , además cuenta con un clóset para utensilios de limpieza. - Pequeño jardín. - Cisterna de 1300 litros , más dos tinacos. -Cochera semitechada para un vehículo . Precio $2,980,000. Se aceptan todos los créditos, documentación en regla ! Agenda tu cita .! INFORMES : Ver datos",2980000,"MN 2,980,000",MXN,venta,Casa,Fraccionamiento Conde de Santiago,,Guadalupe,Zacatecas,22.7661986,-102.5288637,3.0,2.0,140,105.0,1.0,,6,Publicado hace 110 días,,https://img10.naventcdn.com/avisos/18/01/49/77/30/37/1200x1200/1604475895.jpg?isFirstImage=true|https://img10.naventcdn.com/avisos/18/01/49/77/30/37/1200x1200/1604475903.jpg|https://img10.naventcdn.com/avisos/18/01/49/77/30/37/1200x1200/1604475896.jpg|https://img10.naventcdn.com/avisos/18/01/49/77/30/37/1200x1200/1604475891.jpg|https://img10.naventcdn.com/avisos/18/01/49/77/30/37/1200x1200/1604475892.jpg|https://img10.naventcdn.com/avisos/18/01/49/77/30/37/1200x1200/1604475894.jpg|https://img10.naventcdn.com/avisos/18/01/49/77/30/37/1200x1200/1604475901.jpg|https://img10.naventcdn.com/avisos/18/01/49/77/30/37/1200x1200/1604475900.jpg|https://img10.naventcdn.com/avisos/18/01/49/77/30/37/1200x1200/1604475905.jpg|https://img10.naventcdn.com/avisos/18/01/49/77/30/37/1200x1200/1604475893.jpg|https://img10.naventcdn.com/avisos/18/01/49/77/30/37/1200x1200/1604475904.jpg|https://img10.naventcdn.com/avisos/18/01/49/77/30/37/1200x1200/1604475897.jpg|https://img10.naventcdn.com/avisos/18/01/49/77/30/37/1200x1200/1604475899.jpg|https://img10.naventcdn.com/avisos/18/01/49/77/30/37/1200x1200/1604475902.jpg|https://img10.naventcdn.com/avisos/18/01/49/77/30/37/1200x1200/1604475898.jpg,,52 4921236315,Noble Realtors,103047741,https://www.inmuebles24.com/inmobiliarias/noble-realtors_103047741-inmuebles.html,2026-05-07T16:14:06Z,2026-08-25T22:35:55.167318+00:00,https://www.inmuebles24.com/casas-o-casa-en-condominio-o-departamentos-en-venta-en-zacatecas-provincia-ordenado-por-fechaonline-descendente.html.html
https://www.inmuebles24.com/propiedades/clasificado/veclcain-casa-en-venta-en-privada-conde-santiago-de-la-laguna-149947525.html,149947525,EHO6893372,sale,"Casa en Venta en Privada Conde Santiago de La Laguna en Guadalupe, Zacatecas","Casa en venta en privada Conde Santiago de la laguna en Gpe, Zac.Precio: $2,705,000 Características: 105 m terreno 140 m construcción 3 recàmaras con clóset La Principal con baño 2 baños y medio Cocina integral, incluye lavavajillas Sala TV Cisterna Calentador solar Tanque de gas estacionario Dos tinacos Cochera techada con automático",2705000,"MN 2,705,000",MXN,venta,Casa,"Privada Conde Santiago de la Laguna en Guadalupe, Zacatecas",Fraccionamiento Conde Santiago de La Laguna,Guadalupe,Zacatecas,22.7661986,-102.5288637,3.0,2.0,140,105.0,,0.0,A estrenar,Publicado hace 96 días,,https://img10.naventcdn.com/avisos/18/01/49/94/75/25/1200x1200/1608180563.jpg?isFirstImage=true|https://img10.naventcdn.com/avisos/18/01/49/94/75/25/1200x1200/1608180568.jpg|https://img10.naventcdn.com/avisos/18/01/49/94/75/25/1200x1200/1608180562.jpg|https://img10.naventcdn.com/avisos/18/01/49/94/75/25/1200x1200/1608180570.jpg|https://img10.naventcdn.com/avisos/18/01/49/94/75/25/1200x1200/1608180571.jpg|https://img10.naventcdn.com/avisos/18/01/49/94/75/25/1200x1200/1608180565.jpg|https://img10.naventcdn.com/avisos/18/01/49/94/75/25/1200x1200/1608180572.jpg|https://img10.naventcdn.com/avisos/18/01/49/94/75/25/1200x1200/1608180573.jpg|https://img10.naventcdn.com/avisos/18/01/49/94/75/25/1200x1200/1608180590.jpg|https://img10.naventcdn.com/avisos/18/01/49/94/75/25/1200x1200/1608180592.jpg|https://img10.naventcdn.com/avisos/18/01/49/94/75/25/1200x1200/1608180591.jpg|https://img10.naventcdn.com/avisos/18/01/49/94/75/25/1200x1200/1608180567.jpg|https://img10.naventcdn.com/avisos/18/01/49/94/75/25/1200x1200/1608180569.jpg|https://img10.naventcdn.com/avisos/18/01/49/94/75/25/1200x1200/1608180566.jpg|https://img10.naventcdn.com/avisos/18/01/49/94/75/25/1200x1200/1608180561.jpg,,4921387605,Argelia Valverde,51090565,https://www.inmuebles24.com/inmobiliarias/argelia-valverde_51090565-inmuebles.html,2026-05-21T16:03:03Z,2026-08-25T22:35:55.167318+00:00,https://www.inmuebles24.com/casas-o-casa-en-condominio-o-departamentos-en-venta-en-zacatecas-provincia-ordenado-por-fechaonline-descendente.html.html
https://www.inmuebles24.com/propiedades/clasificado/veclcain-casa-en-venta-en-zacatecas-residencial-col-tecnologia-149654844.html,149654844,EB-VW7515,sale,"Casa en Venta en Zacatecas, Residencial Col Tecnología","Espaciosa Casa en Venta con espacios únicos ubicada en esquina en Calle del Bosque, en Colonia Tecnologica, Zac. En zona residencial y frente al parque la Encantada! Cuenta con -3 recamaras (1 master bedroom con vestidor y tina de hidromasaje) -2.5 baños -Cocina desayunador -Comedor amplio -Espacio para bar -Sala a desnivel con chimenea -Estudio -Cuarto de blancos y planchado -Estacionamiento con 2 lugares y portón eléctrico -Cuarto de lavado -Cisterna 5 m3 Disponibilidad inmediata! Acepta créditos bancarios!",5500000,"MN 5,500,000",MXN,venta,Casa,Av Bosque,Tecnológica,Zacatecas,Zacatecas,22.757867343,-102.5794067693,3.0,2.0,360,360.0,2.0,0.0,5,Publicado hace 121 días,,https://img10.naventcdn.com/avisos/18/01/49/65/48/44/1200x1200/1602097709.jpg?isFirstImage=true|https://img10.naventcdn.com/avisos/18/01/49/65/48/44/1200x1200/1602097693.jpg|https://img10.naventcdn.com/avisos/18/01/49/65/48/44/1200x1200/1602097699.jpg|https://img10.naventcdn.com/avisos/18/01/49/65/48/44/1200x1200/1602097686.jpg|https://img10.naventcdn.com/avisos/18/01/49/65/48/44/1200x1200/1602097681.jpg|https://img10.naventcdn.com/avisos/18/01/49/65/48/44/1200x1200/1602097696.jpg|https://img10.naventcdn.com/avisos/18/01/49/65/48/44/1200x1200/1602097694.jpg|https://img10.naventcdn.com/avisos/18/01/49/65/48/44/1200x1200/1602097707.jpg|https://img10.naventcdn.com/avisos/18/01/49/65/48/44/1200x1200/1602097689.jpg|https://img10.naventcdn.com/avisos/18/01/49/65/48/44/1200x1200/1602097700.jpg|https://img10.naventcdn.com/avisos/18/01/49/65/48/44/1200x1200/1602097698.jpg|https://img10.naventcdn.com/avisos/18/01/49/65/48/44/1200x1200/1602097701.jpg|https://img10.naventcdn.com/avisos/18/01/49/65/48/44/1200x1200/1602097691.jpg|https://img10.naventcdn.com/avisos/18/01/49/65/48/44/1200x1200/1602097702.jpg|https://img10.naventcdn.com/avisos/18/01/49/65/48/44/1200x1200/1602097687.jpg|https://img10.naventcdn.com/avisos/18/01/49/65/48/44/1200x1200/1602097690.jpg|https://img10.naventcdn.com/avisos/18/01/49/65/48/44/1200x1200/1602097705.jpg|https://img10.naventcdn.com/avisos/18/01/49/65/48/44/1200x1200/1602097706.jpg|https://img10.naventcdn.com/avisos/18/01/49/65/48/44/1200x1200/1602097695.jpg|https://img10.naventcdn.com/avisos/18/01/49/65/48/44/1200x1200/1602097685.jpg|https://img10.naventcdn.com/avisos/18/01/49/65/48/44/1200x1200/1602097688.jpg|https://img10.naventcdn.com/avisos/18/01/49/65/48/44/1200x1200/1602097704.jpg|https://img10.naventcdn.com/avisos/18/01/49/65/48/44/1200x1200/1602097683.jpg|https://img10.naventcdn.com/avisos/18/01/49/65/48/44/1200x1200/1602097703.jpg|https://img10.naventcdn.com/avisos/18/01/49/65/48/44/1200x1200/1602097692.jpg|https://img10.naventcdn.com/avisos/18/01/49/65/48/44/1200x1200/1602097697.jpg|https://img10.naventcdn.com/avisos/18/01/49/65/48/44/1200x1200/1602097682.jpg|https://img10.naventcdn.com/avisos/18/01/49/65/48/44/1200x1200/1602097708.jpg|https://img10.naventcdn.com/avisos/18/01/49/65/48/44/1200x1200/1602097684.jpg,55138.0,52 5513891055,INMOBART,50263803,https://www.inmuebles24.com/inmobiliarias/inmobart_50263803-inmuebles.html,2026-04-26T13:52:45Z,2026-08-25T22:35:55.167318+00:00,https://www.inmuebles24.com/casas-o-casa-en-condominio-o-departamentos-en-venta-en-zacatecas-provincia-ordenado-por-fechaonline-descendente.html.html
https://www.inmuebles24.com/propiedades/clasificado/veclcain-casa-fraccionamiento-jardines-de-sauceda-149749916.html,149749916,Haciendas981,sale,Casa - Fraccionamiento Jardines de Sauceda,Terreno excedente 2 recámaras y un baño En Fracc las haciendas en Guadalupe Zacatecas 96 m de terreno y 54 m de construcción,972000,"MN 972,000",MXN,venta,Casa,Las Haciendas 1,Fraccionamiento Jardines de Sauceda,Guadalupe,Zacatecas,22.784386,-102.49889,2.0,1.0,54,96.0,2.0,0.0,A estrenar,Publicado hace 112 días,,https://img10.naventcdn.com/avisos/18/01/49/74/99/16/1200x1200/1604019030.jpg?isFirstImage=true|https://img10.naventcdn.com/avisos/18/01/49/74/99/16/1200x1200/1604019052.jpg|https://img10.naventcdn.com/avisos/18/01/49/74/99/16/1200x1200/1604019029.jpg|https://img10.naventcdn.com/avisos/18/01/49/74/99/16/1200x1200/1604019054.jpg|https://img10.naventcdn.com/avisos/18/01/49/74/99/16/1200x1200/1604019045.jpg|https://img10.naventcdn.com/avisos/18/01/49/74/99/16/1200x1200/1604019024.jpg|https://img10.naventcdn.com/avisos/18/01/49/74/99/16/1200x1200/1604019032.jpg|https://img10.naventcdn.com/avisos/18/01/49/74/99/16/1200x1200/1604019033.jpg|https://img10.naventcdn.com/avisos/18/01/49/74/99/16/1200x1200/1604019031.jpg|https://img10.naventcdn.com/avisos/18/01/49/74/99/16/1200x1200/1604019042.jpg|https://img10.naventcdn.com/avisos/18/01/49/74/99/16/1200x1200/1604019013.jpg|https://img10.naventcdn.com/avisos/18/01/49/74/99/16/1200x1200/1604019050.jpg|https://img10.naventcdn.com/avisos/18/01/49/74/99/16/1200x1200/1604019047.jpg,,4921387605,Argelia Valverde,51090565,https://www.inmuebles24.com/inmobiliarias/argelia-valverde_51090565-inmuebles.html,2026-05-05T19:24:38Z,2026-08-25T22:35:55.167318+00:00,https://www.inmuebles24.com/casas-o-casa-en-condominio-o-departamentos-en-venta-en-zacatecas-provincia-ordenado-por-fechaonline-descendente.html.html
https://www.inmuebles24.com/propiedades/clasificado/veclcain-casa-fraccionamiento-la-cima-149946836.html,149946836,EHO7882655,sale,Casa - Fraccionamiento La Cima,"Casa en venta en Fracc La Cima en Guedalupe, Zacatecas 126 m terreno 143 m construcción 3 recámaras con clóset, la principal con baño y vestidor Cuarto de lavado Patio de servicio Cochera con portón automático Cisterna Calentador solar Tanque de gas estacionario Cocina equipada con cubierta de granito $3,100,000",3100000,"MN 3,100,000",MXN,venta,Casa,"Guadalupe, Zacatecas",Fraccionamiento La Cima,Guadalupe,Zacatecas,22.774632,-102.5322387,3.0,3.0,231,138.0,2.0,0.0,A estrenar,Publicado hace 96 días,,https://img10.naventcdn.com/avisos/18/01/49/94/68/36/1200x1200/1608168771.jpg?isFirstImage=true|https://img10.naventcdn.com/avisos/18/01/49/94/68/36/1200x1200/1608168838.jpg|https://img10.naventcdn.com/avisos/18/01/49/94/68/36/1200x1200/1608168887.jpg|https://img10.naventcdn.com/avisos/18/01/49/94/68/36/1200x1200/1608168789.jpg|https://img10.naventcdn.com/avisos/18/01/49/94/68/36/1200x1200/1608168822.jpg|https://img10.naventcdn.com/avisos/18/01/49/94/68/36/1200x1200/1608168853.jpg|https://img10.naventcdn.com/avisos/18/01/49/94/68/36/1200x1200/1608168805.jpg|https://img10.naventcdn.com/avisos/18/01/49/94/68/36/1200x1200/1608168844.jpg|https://img10.naventcdn.com/avisos/18/01/49/94/68/36/1200x1200/1608168867.jpg|https://img10.naventcdn.com/avisos/18/01/49/94/68/36/1200x1200/1608168858.jpg|https://img10.naventcdn.com/avisos/18/01/49/94/68/36/1200x1200/1608168890.jpg|https://img10.naventcdn.com/avisos/18/01/49/94/68/36/1200x1200/1608168779.jpg|https://img10.naventcdn.com/avisos/18/01/49/94/68/36/1200x1200/1608168871.jpg|https://img10.naventcdn.com/avisos/18/01/49/94/68/36/1200x1200/1608168830.jpg|https://img10.naventcdn.com/avisos/18/01/49/94/68/36/1200x1200/1608168743.jpg|https://img10.naventcdn.com/avisos/18/01/49/94/68/36/1200x1200/1608168877.jpg|https://img10.naventcdn.com/avisos/18/01/49/94/68/36/1200x1200/1608168881.jpg|https://img10.naventcdn.com/avisos/18/01/49/94/68/36/1200x1200/1608168812.jpg,,4921387605,Argelia Valverde,51090565,https://www.inmuebles24.com/inmobiliarias/argelia-valverde_51090565-inmuebles.html,2026-05-21T15:46:18Z,2026-08-25T22:35:55.167318+00:00,https://www.inmuebles24.com/casas-o-casa-en-condominio-o-departamentos-en-venta-en-zacatecas-provincia-ordenado-por-fechaonline-descendente.html.html
https://www.inmuebles24.com/propiedades/clasificado/veclcain-casa-guadalupe-150083433.html,150083433,Aretha,sale,Casa - Guadalupe,Casa nueva con terreno excedente. En privada en Guadalupe. 196 m de terreno y 72 m de construcción. 2 niveles 2 recámaras y un baño Alacena Patio Jardín con Pasto Artificial Cochera para 4 Vehículos En una Privada con barda perimetral y portones al acceso. La privada está a 50 metros de la carretera que va a la UTEZ.,1550000,"MN 1,550,000",MXN,venta,Casa,"Privada Aretha,guadalupe, Zacatecas",,Guadalupe,Zacatecas,22.739412,-102.515946,2.0,1.0,72,196.0,4.0,0.0,A estrenar,Publicado hace 83 días,,https://img10.naventcdn.com/avisos/18/01/50/08/34/33/1200x1200/1610846554.jpg?isFirstImage=true|https://img10.naventcdn.com/avisos/18/01/50/08/34/33/1200x1200/1610846544.jpg|https://img10.naventcdn.com/avisos/18/01/50/08/34/33/1200x1200/1610846569.jpg|https://img10.naventcdn.com/avisos/18/01/50/08/34/33/1200x1200/1610846573.jpg|https://img10.naventcdn.com/avisos/18/01/50/08/34/33/1200x1200/1610846562.jpg|https://img10.naventcdn.com/avisos/18/01/50/08/34/33/1200x1200/1610846574.jpg|https://img10.naventcdn.com/avisos/18/01/50/08/34/33/1200x1200/1610846566.jpg|https://img10.naventcdn.com/avisos/18/01/50/08/34/33/1200x1200/1610846549.jpg|https://img10.naventcdn.com/avisos/18/01/50/08/34/33/1200x1200/1610846571.jpg|https://img10.naventcdn.com/avisos/18/01/50/08/34/33/1200x1200/1610846557.jpg|https://img10.naventcdn.com/avisos/18/01/50/08/34/33/1200x1200/1610846560.jpg,,4921387605,Argelia Valverde,51090565,https://www.inmuebles24.com/inmobiliarias/argelia-valverde_51090565-inmuebles.html,2026-06-03T05:22:45Z,2026-08-25T22:35:55.167318+00:00,https://www.inmuebles24.com/casas-o-casa-en-condominio-o-departamentos-en-venta-en-zacatecas-provincia-ordenado-por-fechaonline-descendente.html.html
https://www.inmuebles24.com/propiedades/clasificado/veclcain-casa-nueva-en-venta-en-el-fracc.-san-miguel-del-150844993.html,150844993,V-SnMiguel,sale,"Casa Nueva en Venta en El Fracc. San Miguel del Cortijo, Guadalupe, Zacatecas.","Casa nueva EN VENTA en el Fracc. San Miguel del Cortijo, Guadalupe, Zacatecas. * En Fracc. Privado, cerca de la Nissan de Guadalupe. PLANTA BAJA: * Sala comedor. * Cocina integral. * Medio baño. * Patio. * Cochera para 2 autos. PLANTA ALTA: * Recámara principal con clóset y baño privado. * 2 Recámaras con clóset. * Baño. * Cisterna, calentador solar. * Terreno: 105 m2. * Construcción: 145 m2. * A un costado del área de juegos infantiles y canchas, del fraccionamiento.",2460000,"MN 2,460,000",MXN,venta,Casa,Torrecillas 22,Fraccionamiento San Miguel del Cortijo,Guadalupe,Zacatecas,22.7572781,-102.5154792,3.0,2.0,145,105.0,2.0,,A estrenar,Publicado hace 6 días,,https://img10.naventcdn.com/avisos/18/01/50/84/49/93/1200x1200/1626636166.jpg?isFirstImage=true|https://img10.naventcdn.com/avisos/18/01/50/84/49/93/1200x1200/1626636157.jpg|https://img10.naventcdn.com/avisos/18/01/50/84/49/93/1200x1200/1626636158.jpg|https://img10.naventcdn.com/avisos/18/01/50/84/49/93/1200x1200/1626636161.jpg|https://img10.naventcdn.com/avisos/18/01/50/84/49/93/1200x1200/1626636151.jpg|https://img10.naventcdn.com/avisos/18/01/50/84/49/93/1200x1200/1626636165.jpg|https://img10.naventcdn.com/avisos/18/01/50/84/49/93/1200x1200/1626636162.jpg|https://img10.naventcdn.com/avisos/18/01/50/84/49/93/1200x1200/1626636155.jpg|https://img10.naventcdn.com/avisos/18/01/50/84/49/93/1200x1200/1626636156.jpg|https://img10.naventcdn.com/avisos/18/01/50/84/49/93/1200x1200/1626636159.jpg|https://img10.naventcdn.com/avisos/18/01/50/84/49/93/1200x1200/1626636154.jpg|https://img10.naventcdn.com/avisos/18/01/50/84/49/93/1200x1200/1626636163.jpg|https://img10.naventcdn.com/avisos/18/01/50/84/49/93/1200x1200/1626636152.jpg|https://img10.naventcdn.com/avisos/18/01/50/84/49/93/1200x1200/1626636160.jpg|https://img10.naventcdn.com/avisos/18/01/50/84/49/93/1200x1200/1626636153.jpg|https://img10.naventcdn.com/avisos/18/01/50/84/49/93/1200x1200/1626636164.jpg,,52 4921165467,Sandra Ruiz,664408,https://www.inmuebles24.com/inmobiliarias/sandra-ruiz_664408-inmuebles.html,2026-08-19T07:19:41Z,2026-08-25T22:35:55.167318+00:00,https://www.inmuebles24.com/casas-o-casa-en-condominio-o-departamentos-en-venta-en-zacatecas-provincia-ordenado-por-fechaonline-descendente.html.html
https://www.inmuebles24.com/propiedades/clasificado/veclcain-casa-nueva-en-venta-en-el-fracc.-stuaz-guadalupe-150777213.html,150777213,V-Stuaz,sale,"Casa Nueva en Venta en El Fracc. Stuaz, Guadalupe, Zacatecas.","Casa nueva EN VENTA en el Fracc. STUAZ, Guadalupe, Zacatecas. PLANTA BAJA: * Sala y comedor. * Cocina. * Medio baño. * Patio. * Cochera para 1 auto y área para jardín. PLANTA ALTA: * Recámara principal con clóset y baño. * 2 recámaras con clóset. * Baño. * Cisterna y calentador solar. * Terreno: 105 m2. * Construcción: 145 m2",2400000,"MN 2,400,000",MXN,venta,Casa,Facultad de Economía 70,Fraccionamiento Stuaz,Guadalupe,Zacatecas,22.7564802,-102.4966239,3.0,2.0,145,105.0,1.0,0.0,A estrenar,Publicado hace 13 días,,https://img10.naventcdn.com/avisos/18/01/50/77/72/13/1200x1200/1625234812.jpg?isFirstImage=true|https://img10.naventcdn.com/avisos/18/01/50/77/72/13/1200x1200/1625234819.jpg|https://img10.naventcdn.com/avisos/18/01/50/77/72/13/1200x1200/1625234809.jpg|https://img10.naventcdn.com/avisos/18/01/50/77/72/13/1200x1200/1625234806.jpg|https://img10.naventcdn.com/avisos/18/01/50/77/72/13/1200x1200/1625234808.jpg|https://img10.naventcdn.com/avisos/18/01/50/77/72/13/1200x1200/1625234807.jpg|https://img10.naventcdn.com/avisos/18/01/50/77/72/13/1200x1200/1625234814.jpg|https://img10.naventcdn.com/avisos/18/01/50/77/72/13/1200x1200/1625234813.jpg|https://img10.naventcdn.com/avisos/18/01/50/77/72/13/1200x1200/1625234816.jpg|https://img10.naventcdn.com/avisos/18/01/50/77/72/13/1200x1200/1625234811.jpg|https://img10.naventcdn.com/avisos/18/01/50/77/72/13/1200x1200/1625234817.jpg|https://img10.naventcdn.com/avisos/18/01/50/77/72/13/1200x1200/1625234820.jpg|https://img10.naventcdn.com/avisos/18/01/50/77/72/13/1200x1200/1625234818.jpg|https://img10.naventcdn.com/avisos/18/01/50/77/72/13/1200x1200/1625234815.jpg|https://img10.naventcdn.com/avisos/18/01/50/77/72/13/1200x1200/1625234810.jpg,,52 4921165467,Sandra Ruiz,664408,https://www.inmuebles24.com/inmobiliarias/sandra-ruiz_664408-inmuebles.html,2026-08-12T06:39:39Z,2026-08-25T22:35:55.167318+00:00,https://www.inmuebles24.com/casas-o-casa-en-condominio-o-departamentos-en-venta-en-zacatecas-provincia-ordenado-por-fechaonline-descendente.html.html
https://www.inmuebles24.com/propiedades/clasificado/veclcain-casa-nueva-en-venta-en-la-col.-huerta-vieja-150312683.html,150312683,V-HVieja,sale,"Casa Nueva en Venta en La Col. Huerta Vieja, Zacatecas.","Casa nueva EN VENTA en la Col. Huerta Vieja, Zacatecas. PLANTA BAJA: * Sala comedor. * Cocina. * Recámara. * Baño. * Cuarto de lavado. * Patio con área para asador. * Cochera para 1 auto. PLANTA ALTA: * 2 recámaras. * Baño. * Cuarto de almacén. * Terraza. * Terreno: 112 m2. * Construcción: 125 m2. * Precio de oferta: $1,400,000 (Avalúo de $1,454,000). Se entrega terminada.",1400000,"MN 1,400,000",MXN,venta,Casa,Moral 317,Huerta Vieja,Zacatecas,Zacatecas,22.7525472,-102.6048045,3.0,2.0,125,112.0,1.0,0.0,A estrenar,Publicado hace 62 días,,https://img10.naventcdn.com/avisos/18/01/50/31/26/83/1200x1200/1615483816.jpg?isFirstImage=true|https://img10.naventcdn.com/avisos/18/01/50/31/26/83/1200x1200/1615483804.jpg|https://img10.naventcdn.com/avisos/18/01/50/31/26/83/1200x1200/1615483798.jpg|https://img10.naventcdn.com/avisos/18/01/50/31/26/83/1200x1200/1615483807.jpg|https://img10.naventcdn.com/avisos/18/01/50/31/26/83/1200x1200/1615483800.jpg|https://img10.naventcdn.com/avisos/18/01/50/31/26/83/1200x1200/1615483803.jpg|https://img10.naventcdn.com/avisos/18/01/50/31/26/83/1200x1200/1615483806.jpg|https://img10.naventcdn.com/avisos/18/01/50/31/26/83/1200x1200/1615483799.jpg|https://img10.naventcdn.com/avisos/18/01/50/31/26/83/1200x1200/1615483801.jpg|https://img10.naventcdn.com/avisos/18/01/50/31/26/83/1200x1200/1615483805.jpg|https://img10.naventcdn.com/avisos/18/01/50/31/26/83/1200x1200/1615483802.jpg|https://img10.naventcdn.com/avisos/18/01/50/31/26/83/1200x1200/1615483797.jpg|https://img10.naventcdn.com/avisos/18/01/50/31/26/83/1200x1200/1615483814.jpg|https://img10.naventcdn.com/avisos/18/01/50/31/26/83/1200x1200/1615483809.jpg|https://img10.naventcdn.com/avisos/18/01/50/31/26/83/1200x1200/1615483811.jpg|https://img10.naventcdn.com/avisos/18/01/50/31/26/83/1200x1200/1615483810.jpg|https://img10.naventcdn.com/avisos/18/01/50/31/26/83/1200x1200/1615483808.jpg|https://img10.naventcdn.com/avisos/18/01/50/31/26/83/1200x1200/1615483813.jpg|https://img10.naventcdn.com/avisos/18/01/50/31/26/83/1200x1200/1615483815.jpg|https://img10.naventcdn.com/avisos/18/01/50/31/26/83/1200x1200/1615483812.jpg,,52 4921165467,Sandra Ruiz,664408,https://www.inmuebles24.com/inmobiliarias/sandra-ruiz_664408-inmuebles.html,2026-06-24T07:38:36Z,2026-08-25T22:35:55.167318+00:00,https://www.inmuebles24.com/casas-o-casa-en-condominio-o-departamentos-en-venta-en-zacatecas-provincia-ordenado-por-fechaonline-descendente.html.html
https://www.inmuebles24.com/propiedades/clasificado/veclcain-casa-nueva-en-venta-en-la-col.-la-condesa-guadalupe-150564414.html,150564414,V-Condesa,sale,"Casa Nueva en Venta en La Col. La Condesa, Guadalupe, Zacatecas.","Casa nueva EN VENTA en la Col. La Condesa, Guadalupe, Zacatecas. PLANTA BAJA: * Sala y comedor. * Cocina. * Medio baño. * Patios de servicio y en la entrada. * Cochera para 2 autos (uno techado). PLANTA ALTA: * Recámara principal con clóset y baño. * Sala de tv. * 2 Recámaras con clóset. * Baño. * Calentador solar, cisterna. * Terreno: 108 m2 (10x10.80). * Construcción: 154.30 m2.",2470000,"MN 2,470,000",MXN,venta,Casa,Real del Eden 28,La Condesa,Guadalupe,Zacatecas,22.75522324798682,-102.50532518656922,3.0,2.0,154,108.0,2.0,0.0,A estrenar,Publicado hace 38 días,,https://img10.naventcdn.com/avisos/18/01/50/56/44/14/1200x1200/1620899711.jpg?isFirstImage=true|https://img10.naventcdn.com/avisos/18/01/50/56/44/14/1200x1200/1620899713.jpg|https://img10.naventcdn.com/avisos/18/01/50/56/44/14/1200x1200/1620899714.jpg|https://img10.naventcdn.com/avisos/18/01/50/56/44/14/1200x1200/1620899717.jpg|https://img10.naventcdn.com/avisos/18/01/50/56/44/14/1200x1200/1620899712.jpg|https://img10.naventcdn.com/avisos/18/01/50/56/44/14/1200x1200/1620899721.jpg|https://img10.naventcdn.com/avisos/18/01/50/56/44/14/1200x1200/1620899720.jpg|https://img10.naventcdn.com/avisos/18/01/50/56/44/14/1200x1200/1620899724.jpg|https://img10.naventcdn.com/avisos/18/01/50/56/44/14/1200x1200/1620899707.jpg|https://img10.naventcdn.com/avisos/18/01/50/56/44/14/1200x1200/1620899718.jpg|https://img10.naventcdn.com/avisos/18/01/50/56/44/14/1200x1200/1620899719.jpg|https://img10.naventcdn.com/avisos/18/01/50/56/44/14/1200x1200/1620899710.jpg|https://img10.naventcdn.com/avisos/18/01/50/56/44/14/1200x1200/1620899716.jpg|https://img10.naventcdn.com/avisos/18/01/50/56/44/14/1200x1200/1620899709.jpg|https://img10.naventcdn.com/avisos/18/01/50/56/44/14/1200x1200/1620899715.jpg|https://img10.naventcdn.com/avisos/18/01/50/56/44/14/1200x1200/1620899723.jpg|https://img10.naventcdn.com/avisos/18/01/50/56/44/14/1200x1200/1620899722.jpg|https://img10.naventcdn.com/avisos/18/01/50/56/44/14/1200x1200/1620899706.jpg|https://img10.naventcdn.com/avisos/18/01/50/56/44/14/1200x1200/1620899725.jpg|https://img10.naventcdn.com/avisos/18/01/50/56/44/14/1200x1200/1620899708.jpg,,52 4921165467,Sandra Ruiz,664408,https://www.inmuebles24.com/inmobiliarias/sandra-ruiz_664408-inmuebles.html,2026-07-18T09:09:28Z,2026-08-25T22:35:55.167318+00:00,https://www.inmuebles24.com/casas-o-casa-en-condominio-o-departamentos-en-venta-en-zacatecas-provincia-ordenado-por-fechaonline-descendente.html.html
https://www.inmuebles24.com/propiedades/clasificado/veclcain-casa-para-remodelar-en-venta-en-la-col.-lazaro-150777265.html,150777265,V-LázaroC,sale,"Casa Para Remodelar en Venta en La Col. Lázaro Cárdenas, Zacatecas.","Casa para remodelar EN VENTA en la Col. Lázaro Cárdenas, Zacatecas. PLANTA BAJA: * Recibidor. * Medio baño. 2o. PISO. * Sala. * Comedor. * Cocina. * Baño completo. * Patio. TERCER NIVEL: * Sala de tv. * 3 recámaras. * Baño completo. * Patio. * Terreno: 101 m2. * Construcción: 128 m2. * Precio de oferta: $999,000 (avalúo de $1,130,000). ** NO APLICAN CRÉDITOS.",999000,"MN 999,000",MXN,venta,Casa,Ciudad Madero 113,Lázaro Cárdenas,Zacatecas,Zacatecas,22.7782268762968,-102.58313205211486,3.0,2.0,128,101.0,,0.0,30,Publicado hace 13 días,,https://img10.naventcdn.com/avisos/18/01/50/77/72/65/1200x1200/1625235836.jpg?isFirstImage=true|https://img10.naventcdn.com/avisos/18/01/50/77/72/65/1200x1200/1625235843.jpg|https://img10.naventcdn.com/avisos/18/01/50/77/72/65/1200x1200/1625235852.jpg|https://img10.naventcdn.com/avisos/18/01/50/77/72/65/1200x1200/1625235831.jpg|https://img10.naventcdn.com/avisos/18/01/50/77/72/65/1200x1200/1625235832.jpg|https://img10.naventcdn.com/avisos/18/01/50/77/72/65/1200x1200/1625235834.jpg|https://img10.naventcdn.com/avisos/18/01/50/77/72/65/1200x1200/1625235837.jpg|https://img10.naventcdn.com/avisos/18/01/50/77/72/65/1200x1200/1625235841.jpg|https://img10.naventcdn.com/avisos/18/01/50/77/72/65/1200x1200/1625235848.jpg|https://img10.naventcdn.com/avisos/18/01/50/77/72/65/1200x1200/1625235849.jpg|https://img10.naventcdn.com/avisos/18/01/50/77/72/65/1200x1200/1625235844.jpg|https://img10.naventcdn.com/avisos/18/01/50/77/72/65/1200x1200/1625235838.jpg|https://img10.naventcdn.com/avisos/18/01/50/77/72/65/1200x1200/1625235842.jpg|https://img10.naventcdn.com/avisos/18/01/50/77/72/65/1200x1200/1625235846.jpg|https://img10.naventcdn.com/avisos/18/01/50/77/72/65/1200x1200/1625235851.jpg|https://img10.naventcdn.com/avisos/18/01/50/77/72/65/1200x1200/1625235840.jpg|https://img10.naventcdn.com/avisos/18/01/50/77/72/65/1200x1200/1625235845.jpg|https://img10.naventcdn.com/avisos/18/01/50/77/72/65/1200x1200/1625235833.jpg|https://img10.naventcdn.com/avisos/18/01/50/77/72/65/1200x1200/1625235835.jpg|https://img10.naventcdn.com/avisos/18/01/50/77/72/65/1200x1200/1625235850.jpg|https://img10.naventcdn.com/avisos/18/01/50/77/72/65/1200x1200/1625235839.jpg|https://img10.naventcdn.com/avisos/18/01/50/77/72/65/1200x1200/1625235847.jpg|https://img10.naventcdn.com/avisos/18/01/50/77/72/65/1200x1200/1625235853.jpg,,52 4921165467,Sandra Ruiz,664408,https://www.inmuebles24.com/inmobiliarias/sandra-ruiz_664408-inmuebles.html,2026-08-12T07:22:49Z,2026-08-25T22:37:00.570139+00:00,https://www.inmuebles24.com/casas-o-casa-en-condominio-o-departamentos-en-venta-en-zacatecas-provincia-ordenado-por-fechaonline-descendente.html.html
https://www.inmuebles24.com/propiedades/clasificado/veclcain-casa-rustica-campestre-en-venta-en-teul-de-gonzalez-150892681.html,150892681,EB-WT4144,sale,Casa Rústica Campestre en Venta en Téul de González Ortega Zacatecas |,"Casa Campestre en Venta con Caballerizas | 781 m² en Centro de Téul de González Ortega, Zacatecas Aprovecha el enorme potencial de esta propiedad rústica/campestre de 781 m² de terreno en pleno Centro de Téul de González Ortega, Pueblo Mágico reconocido por su riqueza histórica y tranquilidad. Diseñada en una sola planta, es la opción ideal tanto para casa de descanso familiar como para rancho urbano o proyecto turístico/recreativo. Distribución e Infraestructura Campestre: - Área habitable en 1 solo nivel: 3 recámaras y 2 baños completos - Sala, comedor y cocina integral equipada/amueblada - Terraza techada y amplias áreas de jardín - Caballerizas estructuradas con capacidad para 3 caballos - Corral exterior con bebedero para animales - Terreno total de 781 m² con gran margen de expansión o remodelación - Propiedad 100% libre de gravamen Ubicación y Conectividad Estratégica: - Vialidades principales: Carretera Federal 23 (rápida conexión hacia Guadalajara y Zacatecas capital) y accesos directos al primer cuadro del municipio. - Comercio y servicios: A pocos pasos de la plaza principal, mercados, tiendas tradicionales, boticas y bancos. - Escuelas: Oferta de educación básica y media superior a corta distancia dentro de la cabecera municipal. - Hospitales: Centro de Salud municipal y módulos de atención médica continua. - Entorno y plusvalía: Entorno residencial-campestre tradicional de alta seguridad, riqueza cultural y cercanía a la Zona Arqueológica Cerro del Teúl. Inmueble con gran potencial y documentación en regla. Agenda tu visita hoy mismo y conoce tu próxima inversión campestre en Téul de González Ortega. (D) ---------------------------------------------- La disponibilidad y precios quedan sujeto a cambios sin previo aviso Contamos con políticas de no discriminación *Para cualquier aclaración y/o quejas, por favor mandar mensaje al siguiente correo:@gmail.com * *Av., Santa Margarita #4099 Int. A-15 Plaza D-Lucca, Col. Santa Margarita, Zapopan, Jalisco. CP: Ver datos * *Tel: Ver datos 00 Horario de atención: Lunes a Viernes de 9:00 am a 6:00 pm, Sábados de 9:00 am a 1:00 pm.* Aviso de privacidad: **PIZARRO RESTREPO Y ASOCIADOS INMOBILIARIA S.A DE C.V de nombre comercial PRYA Grupo Inmobiliario, es responsable del uso y protección de sus datos personales, en este sentido y atendiendo las obligaciones legales establecidas en la Ley Federal de Protección de Datos Personales en Posesión de los Particulares, a través de este instrumento se informa a los titulares de los datos, la información que de ellos se recaba y los fines que se le darán a dicha información...** Folio de registro Ver datos Consulta nuestro aviso de privacidad en nuestra página:",3500000,"MN 3,500,000",MXN,venta,Casa,El Agave Agencia de Viajes,El Agave,Teúl de González Ortega,Zacatecas,21.4585139,-103.4606369,3.0,2.0,185,781.0,,,30,Publicado hoy,,https://img10.naventcdn.com/avisos/18/01/50/89/26/81/1200x1200/1627611478.jpg?isFirstImage=true|https://img10.naventcdn.com/avisos/18/01/50/89/26/81/1200x1200/1627611469.jpg|https://img10.naventcdn.com/avisos/18/01/50/89/26/81/1200x1200/1627611465.jpg|https://img10.naventcdn.com/avisos/18/01/50/89/26/81/1200x1200/1627611483.jpg|https://img10.naventcdn.com/avisos/18/01/50/89/26/81/1200x1200/1627611484.jpg|https://img10.naventcdn.com/avisos/18/01/50/89/26/81/1200x1200/1627611475.jpg|https://img10.naventcdn.com/avisos/18/01/50/89/26/81/1200x1200/1627611472.jpg|https://img10.naventcdn.com/avisos/18/01/50/89/26/81/1200x1200/1627611467.jpg|https://img10.naventcdn.com/avisos/18/01/50/89/26/81/1200x1200/1627611464.jpg|https://img10.naventcdn.com/avisos/18/01/50/89/26/81/1200x1200/1627611471.jpg|https://img10.naventcdn.com/avisos/18/01/50/89/26/81/1200x1200/1627611476.jpg|https://img10.naventcdn.com/avisos/18/01/50/89/26/81/1200x1200/1627611477.jpg|https://img10.naventcdn.com/avisos/18/01/50/89/26/81/1200x1200/1627611473.jpg|https://img10.naventcdn.com/avisos/18/01/50/89/26/81/1200x1200/1627611470.jpg|https://img10.naventcdn.com/avisos/18/01/50/89/26/81/1200x1200/1627611480.jpg|https://img10.naventcdn.com/avisos/18/01/50/89/26/81/1200x1200/1627611474.jpg|https://img10.naventcdn.com/avisos/18/01/50/89/26/81/1200x1200/1627611479.jpg|https://img10.naventcdn.com/avisos/18/01/50/89/26/81/1200x1200/1627611481.jpg|https://img10.naventcdn.com/avisos/18/01/50/89/26/81/1200x1200/1627611466.jpg|https://img10.naventcdn.com/avisos/18/01/50/89/26/81/1200x1200/1627611482.jpg|https://img10.naventcdn.com/avisos/18/01/50/89/26/81/1200x1200/1627611468.jpg,,52 3326804873,PRYA grupo inmobiliario,50161159,https://www.inmuebles24.com/inmobiliarias/prya-grupo-inmobiliario_50161159-inmuebles.html,2026-08-25T18:50:03Z,2026-08-25T22:37:00.570139+00:00,https://www.inmuebles24.com/casas-o-casa-en-condominio-o-departamentos-en-venta-en-zacatecas-provincia-ordenado-por-fechaonline-descendente.html.html
https://www.inmuebles24.com/propiedades/clasificado/veclcain-casa-totalmente-remodelada-en-el-centro-de-zacatecas-150391918.html,150391918,65K23S,sale,Casa Totalmente Remodelada en El Centro de Zacatecas con Comodidades de Casa Modernidad y Confort,"Casa en venta ubicada en el Centro Histórico de Zacatecas. Esta propiedad está totalmente remodelada en planta baja se encuentra un espacio muy amplio para sala y comedor , la cocina integral está equipada con parrilla de gas asi como la carpinteria combina modernidad y practicidad tambien medio baño para servicio de este espacio en PRIMERA PLANTA encontraras una área pequeña confortable de acceso a las dos recámaras con closet , la recámara principal cuenta con dos balcones para la plazuela , el acceso a la SEGUNDA PLANTA es por una escalera de madera con diseño moderno alli encontraras una amplia área propia para area recreativa con medio baño , ventanal de acceso a la terraza de aluminio la TERRAZA esta semi techada con piso ceramico con una hermosa vista panorámica de la ciudad , además de contar con todos los servicios básicos de agua y luz. El inmueble se encuentra listo para habitar. La zona es mixta y muy dinámica, con acceso inmediato a comercios locales, museos, plazas, transporte público, restaurantes y escuelas, manteniendo un estilo de vida colonial con excelente conectividad.",2250000,"MN 2,250,000",MXN,venta,Casa,Ledezma,Zacatecas Centro,Zacatecas,Zacatecas,22.7723717471552,-102.57024985700836,2.0,1.0,149,63.0,,0.0,1,Publicado hace 55 días,,https://img10.naventcdn.com/avisos/18/01/50/39/19/18/1200x1200/1617179238.jpg?isFirstImage=true|https://img10.naventcdn.com/avisos/18/01/50/39/19/18/1200x1200/1617179237.jpg|https://img10.naventcdn.com/avisos/18/01/50/39/19/18/1200x1200/1617179231.jpg|https://img10.naventcdn.com/avisos/18/01/50/39/19/18/1200x1200/1617179216.jpg|https://img10.naventcdn.com/avisos/18/01/50/39/19/18/1200x1200/1617179239.jpg|https://img10.naventcdn.com/avisos/18/01/50/39/19/18/1200x1200/1617179218.jpg|https://img10.naventcdn.com/avisos/18/01/50/39/19/18/1200x1200/1617179223.jpg|https://img10.naventcdn.com/avisos/18/01/50/39/19/18/1200x1200/1617179232.jpg|https://img10.naventcdn.com/avisos/18/01/50/39/19/18/1200x1200/1617179235.jpg|https://img10.naventcdn.com/avisos/18/01/50/39/19/18/1200x1200/1617179220.jpg|https://img10.naventcdn.com/avisos/18/01/50/39/19/18/1200x1200/1617179226.jpg|https://img10.naventcdn.com/avisos/18/01/50/39/19/18/1200x1200/1617179233.jpg|https://img10.naventcdn.com/avisos/18/01/50/39/19/18/1200x1200/1617179217.jpg|https://img10.naventcdn.com/avisos/18/01/50/39/19/18/1200x1200/1617179227.jpg|https://img10.naventcdn.com/avisos/18/01/50/39/19/18/1200x1200/1617179222.jpg|https://img10.naventcdn.com/avisos/18/01/50/39/19/18/1200x1200/1617179234.jpg|https://img10.naventcdn.com/avisos/18/01/50/39/19/18/1200x1200/1617179225.jpg|https://img10.naventcdn.com/avisos/18/01/50/39/19/18/1200x1200/1617179230.jpg|https://img10.naventcdn.com/avisos/18/01/50/39/19/18/1200x1200/1617179224.jpg|https://img10.naventcdn.com/avisos/18/01/50/39/19/18/1200x1200/1617179219.jpg|https://img10.naventcdn.com/avisos/18/01/50/39/19/18/1200x1200/1617179229.jpg|https://img10.naventcdn.com/avisos/18/01/50/39/19/18/1200x1200/1617179240.jpg|https://img10.naventcdn.com/avisos/18/01/50/39/19/18/1200x1200/1617179241.jpg|https://img10.naventcdn.com/avisos/18/01/50/39/19/18/1200x1200/1617179242.jpg|https://img10.naventcdn.com/avisos/18/01/50/39/19/18/1200x1200/1617179228.jpg|https://img10.naventcdn.com/avisos/18/01/50/39/19/18/1200x1200/1617179236.jpg|https://img10.naventcdn.com/avisos/18/01/50/39/19/18/1200x1200/1617179221.jpg,,52 4921033222,Calli bienes raices,102957848,https://www.inmuebles24.com/inmobiliarias/calli-bienes-raices_102957848-inmuebles.html,2026-07-01T03:40:09Z,2026-08-25T22:37:00.570139+00:00,https://www.inmuebles24.com/casas-o-casa-en-condominio-o-departamentos-en-venta-en-zacatecas-provincia-ordenado-por-fechaonline-descendente.html.html
https://www.inmuebles24.com/propiedades/clasificado/veclcain-propiedad-en-venta-calle-la-pina-111-huertas-150150834.html,150150834,1072-11568,sale,"Propiedad en Venta - Calle La Piña 111, Huertas Grandes, 99104 Sombrerete, Zac, México","Casa en Venta Ideal para Contratistas y Empresas Mineras Sombrerete, ZacatecasBienvenido a su futura inversión residencial en Sombrerete, Zacatecas. Presentamos esta magnífica casa en venta, recién llegada al mercado, una excelente oportunidad para empresas mineras, contratistas y supervisores que buscan instalar oficinas, campamentos de trabajo o alojamiento para personal lo más cerca posible de la zona minera. Sombrerete destaca por su ubicación estratégica, rodeado de importantes operaciones mineras que impulsan la economía regional. Esta casa permite tener una base operativa cómoda y funcional, reduciendo tiempos de traslado y mejorando la logística de trabajo. Características ideales para uso empresarial o de campamentoEspacios amplios fácilmente adaptables como oficinas, dormitorios o bodegas. Ubicación accesible y cercana a rutas hacia distintas minas de la región. Entorno tranquilo y seguro para el personal. Infraestructura lista para adecuaciones especiales según las necesidades del proyecto. Ventajas para el sector mineroReduce costos de renta en múltiples ubicaciones dispersas. Facilita la instalación de equipos administrativos y operativos. Crea un punto fijo para reuniones, almacenamiento y hospedaje temporal. Excelente opción para contratistas que buscan permanencia y cercanía a sus obras. No se pierda la oportunidad de adquirir esta joya en el corazón de Sombrerete. Contáctenos hoy para más información o para programar una visita. Esta es su oportunidad de asegurar su próxima gran inversión inmobiliaria en México",3500000,"MN 3,500,000",MXN,venta,Casa,"Calle La Piña 111, Huertas Grandes, 99104 Sombrerete, Zac, México",Huertas Grandes,Sombrerete,Zacatecas,23.63253,-103.645019,3.0,,307,307.0,,,,Publicado hace 77 días,,https://img10.naventcdn.com/avisos/18/01/50/15/08/34/1200x1200/1612211350.jpg?isFirstImage=true|https://img10.naventcdn.com/avisos/18/01/50/15/08/34/1200x1200/1612211562.jpg|https://img10.naventcdn.com/avisos/18/01/50/15/08/34/1200x1200/1612211255.jpg|https://img10.naventcdn.com/avisos/18/01/50/15/08/34/1200x1200/1612211300.jpg|https://img10.naventcdn.com/avisos/18/01/50/15/08/34/1200x1200/1612211536.jpg|https://img10.naventcdn.com/avisos/18/01/50/15/08/34/1200x1200/1612211418.jpg|https://img10.naventcdn.com/avisos/18/01/50/15/08/34/1200x1200/1612211463.jpg|https://img10.naventcdn.com/avisos/18/01/50/15/08/34/1200x1200/1612211494.jpg,,52 4441674000,KW POTOSI,664322,https://www.inmuebles24.com/inmobiliarias/kw-potosi_664322-inmuebles.html,2026-06-09T22:30:12Z,2026-08-25T22:37:00.570139+00:00,https://www.inmuebles24.com/casas-o-casa-en-condominio-o-departamentos-en-venta-en-zacatecas-provincia-ordenado-por-fechaonline-descendente.html.html
https://www.inmuebles24.com/propiedades/clasificado/veclcain-venta-de-casa-en-privada-los-encinos-234-m-sup2--de-4-149618556.html,149618556,64LCP6,sale,Venta de Casa en Privada Los Encinos 234 m&sup2; de 4 Años de Antiguedad,CASA EN PRIVADA CASETA DE SEGURIDAD UN SOLO PISO TRES HABITACIONES TRES BAÑOS COMPLETOS TODAS LAS HABITACIONES CON CLOSET LA RECAMARA PRINCIPAL CON VESTIDOR Y DOS LAVABOS JARDIN-ESPACIO INTERIOR CON TECHO RETRACTIL ALGIBER,300100000,"MN 300,100,000",MXN,venta,Casa,Calle Encino Mocho,Colinas Del Padre,Zacatecas,Zacatecas,22.7447436,-102.6017464,3.0,3.0,150,234.0,2.0,450.0,4,Publicado hace 125 días,,https://img10.naventcdn.com/avisos/18/01/49/61/85/56/1200x1200/1601402107.jpg?isFirstImage=true|https://img10.naventcdn.com/avisos/18/01/49/61/85/56/1200x1200/1601402098.jpg|https://img10.naventcdn.com/avisos/18/01/49/61/85/56/1200x1200/1601402114.jpg|https://img10.naventcdn.com/avisos/18/01/49/61/85/56/1200x1200/1601402097.jpg|https://img10.naventcdn.com/avisos/18/01/49/61/85/56/1200x1200/1601402113.jpg|https://img10.naventcdn.com/avisos/18/01/49/61/85/56/1200x1200/1601402093.jpg|https://img10.naventcdn.com/avisos/18/01/49/61/85/56/1200x1200/1601402104.jpg|https://img10.naventcdn.com/avisos/18/01/49/61/85/56/1200x1200/1601402111.jpg|https://img10.naventcdn.com/avisos/18/01/49/61/85/56/1200x1200/1601402108.jpg|https://img10.naventcdn.com/avisos/18/01/49/61/85/56/1200x1200/1601402101.jpg|https://img10.naventcdn.com/avisos/18/01/49/61/85/56/1200x1200/1601402092.jpg|https://img10.naventcdn.com/avisos/18/01/49/61/85/56/1200x1200/1601402106.jpg|https://img10.naventcdn.com/avisos/18/01/49/61/85/56/1200x1200/1601402110.jpg|https://img10.naventcdn.com/avisos/18/01/49/61/85/56/1200x1200/1601402115.jpg|https://img10.naventcdn.com/avisos/18/01/49/61/85/56/1200x1200/1601402094.jpg|https://img10.naventcdn.com/avisos/18/01/49/61/85/56/1200x1200/1601402095.jpg|https://img10.naventcdn.com/avisos/18/01/49/61/85/56/1200x1200/1601402100.jpg|https://img10.naventcdn.com/avisos/18/01/49/61/85/56/1200x1200/1601402102.jpg|https://img10.naventcdn.com/avisos/18/01/49/61/85/56/1200x1200/1601402099.jpg|https://img10.naventcdn.com/avisos/18/01/49/61/85/56/1200x1200/1601402109.jpg|https://img10.naventcdn.com/avisos/18/01/49/61/85/56/1200x1200/1601402103.jpg|https://img10.naventcdn.com/avisos/18/01/49/61/85/56/1200x1200/1601402105.jpg|https://img10.naventcdn.com/avisos/18/01/49/61/85/56/1200x1200/1601402112.jpg|https://img10.naventcdn.com/avisos/18/01/49/61/85/56/1200x1200/1601402096.jpg,,52 4921033222,Calli bienes raices,102957848,https://www.inmuebles24.com/inmobiliarias/calli-bienes-raices_102957848-inmuebles.html,2026-04-22T18:37:51Z,2026-08-25T22:37:00.570139+00:00,https://www.inmuebles24.com/casas-o-casa-en-condominio-o-departamentos-en-venta-en-zacatecas-provincia-ordenado-por-fechaonline-descendente.html.html
https://www.inmuebles24.com/propiedades/clasificado/veclcapa-casa-en-guadalupe-zacatecas-a-tratar-150502163.html,150502163,65O4IN,sale,"Casa en Guadalupe, Zacatecas a Tratar","SALA , COCINA CON COCINA INTEGRAL, COMEDOR, COCHERA TECHADA PARA DOS CARROS, EN MUY BUENAS CONDICIONES, Y PUERTA ELECTRICA, PRECIO A TRATAR, URGE, ESTAMOS A SUS ORDENES. Ver datos MARY MARTINEZ",1750000,"MN 1,750,000",MXN,venta,Casa,CALLE PRESA DE TRUJILLO 1,Fraccionamiento Hidráulica 13 de Octubre,Guadalupe,Zacatecas,22.7541699,-102.5137437,2.0,1.0,147,160.0,,0.0,10,Publicado hace 45 días,,https://img10.naventcdn.com/avisos/18/01/50/50/21/63/1200x1200/1619686696.jpg?isFirstImage=true|https://img10.naventcdn.com/avisos/18/01/50/50/21/63/1200x1200/1619686700.jpg|https://img10.naventcdn.com/avisos/18/01/50/50/21/63/1200x1200/1619686698.jpg|https://img10.naventcdn.com/avisos/18/01/50/50/21/63/1200x1200/1619686699.jpg|https://img10.naventcdn.com/avisos/18/01/50/50/21/63/1200x1200/1619686697.jpg,,,maria del refugio,102173459,https://www.inmuebles24.com/inmobiliarias/maria-del-refugio_102173459-inmuebles.html,2026-07-12T00:29:35Z,2026-08-25T22:37:00.570139+00:00,https://www.inmuebles24.com/casas-o-casa-en-condominio-o-departamentos-en-venta-en-zacatecas-provincia-ordenado-por-fechaonline-descendente.html.html
https://www.inmuebles24.com/propiedades/clasificado/veclcapa-casa-en-venta-ubicada-en-privada-lomas-ii-guadalupe-150699023.html,150699023,661DAN,sale,"Casa en Venta Ubicada en Privada Lomas II, Guadalupe, Zac.","Ubicada en Privada Lomas II, esta propiedad combina amplitud, diseño moderno y espacios ideales para disfrutar en familia. Características principales: 4 habitaciones Sala de TV y área de recreación 2 baños completos + 2 medios baños Cochera para 3 vehículos Cocina integral Sala y comedor con espacios amplios Patio ideal para reuniones familiares Cisterna de 5,000 litros 200 m² de terreno 229.60 m² de construcción $3,650,000 MXN",3650000,"MN 3,650,000",MXN,venta,Casa,Cerro Calvo 85,Fraccionamiento La Cañada,Guadalupe,Zacatecas,22.773741,-102.5132565,4.0,2.0,200,229.0,3.0,,A estrenar,Publicado hace 22 días,,https://img10.naventcdn.com/avisos/18/01/50/69/90/23/1200x1200/1623635052.jpg?isFirstImage=true|https://img10.naventcdn.com/avisos/18/01/50/69/90/23/1200x1200/1623635053.jpg|https://img10.naventcdn.com/avisos/18/01/50/69/90/23/1200x1200/1623635056.jpg|https://img10.naventcdn.com/avisos/18/01/50/69/90/23/1200x1200/1623635055.jpg|https://img10.naventcdn.com/avisos/18/01/50/69/90/23/1200x1200/1623635060.jpg|https://img10.naventcdn.com/avisos/18/01/50/69/90/23/1200x1200/1623635058.jpg|https://img10.naventcdn.com/avisos/18/01/50/69/90/23/1200x1200/1623635059.jpg|https://img10.naventcdn.com/avisos/18/01/50/69/90/23/1200x1200/1623635057.jpg|https://img10.naventcdn.com/avisos/18/01/50/69/90/23/1200x1200/1623635054.jpg,,,Jose Antonio Cuevas Feliz,103119453,https://www.inmuebles24.com/inmobiliarias/jose-antonio-cuevas-feliz_103119453-inmuebles.html,2026-08-03T18:05:39Z,2026-08-25T22:37:00.570139+00:00,https://www.inmuebles24.com/casas-o-casa-en-condominio-o-departamentos-en-venta-en-zacatecas-provincia-ordenado-por-fechaonline-descendente.html.html
https://www.inmuebles24.com/propiedades/clasificado/veclcapa-casa-habitacion-privada-valle-alto-150359788.html,150359788,65IQCS,sale,Casa - Habitación - Privada Valle Alto,"Ubicación: Privada Valle Alto #154, Colinas del Padre, Zacatecas, Zacatecas. 1er nivel Sala - Comedor Cocina integral 1/2 baño Cuarto de lavado Patio de servicio Cochera p/ 2 autos. 2do Nivel Sala de Tv. 2 recamaras 1 baño completo compartido Recamara Principal Vestidor recamara prinicipal Baño completo - recamara principal 2 Tinaco de 1100 lts Tanque estacionario 100 lts Costo Equipada $2,700,000.00 Sin equipar $2,600,000.00",2700000,"MN 2,700,000",MXN,venta,Casa,Cerro del Quemado 154,Colinas Del Padre,Zacatecas,Zacatecas,22.7404324,-102.5965597,3.0,2.0,140,102.0,2.0,0.0,A estrenar,Publicado hace 59 días,,https://img10.naventcdn.com/avisos/18/01/50/35/97/88/1200x1200/1616547173.jpg?isFirstImage=true|https://img10.naventcdn.com/avisos/18/01/50/35/97/88/1200x1200/1616547187.jpg|https://img10.naventcdn.com/avisos/18/01/50/35/97/88/1200x1200/1616547172.jpg|https://img10.naventcdn.com/avisos/18/01/50/35/97/88/1200x1200/1616547185.jpg|https://img10.naventcdn.com/avisos/18/01/50/35/97/88/1200x1200/1616547191.jpg|https://img10.naventcdn.com/avisos/18/01/50/35/97/88/1200x1200/1616547186.jpg|https://img10.naventcdn.com/avisos/18/01/50/35/97/88/1200x1200/1616547184.jpg|https://img10.naventcdn.com/avisos/18/01/50/35/97/88/1200x1200/1616547188.jpg|https://img10.naventcdn.com/avisos/18/01/50/35/97/88/1200x1200/1616547189.jpg|https://img10.naventcdn.com/avisos/18/01/50/35/97/88/1200x1200/1616547190.jpg,,,Ricardo De la Torre,51072547,https://www.inmuebles24.com/inmobiliarias/ricardo-de-la-torre_51072547-inmuebles.html,2026-06-27T20:17:50Z,2026-08-25T22:37:00.570139+00:00,https://www.inmuebles24.com/casas-o-casa-en-condominio-o-departamentos-en-venta-en-zacatecas-provincia-ordenado-por-fechaonline-descendente.html.html
https://www.inmuebles24.com/propiedades/clasificado/veclcapa-venta-de-casa-en-privada-puerta-engracia-colinas-del-150714533.html,150714533,6620HN,sale,"Venta de Casa en Privada Puerta Engracia, Colinas del Padre","Casa en Venta Privada Puerta Engracia, colinas del padre. 198 m2 construidos. 3 recámaras, 2 1/2 baños, cocina integral, cochera techada 2 vehículos, cuarto de tiliches, área techada de lavado, espacio preparado para roof garden, closet y puertas en madera sólida, tanque estacionario. La privada cuenta con caseta de vigilancia, areas verdes, cancha, juegos infantiles, palapa para eventos, excelente urbanización con calles de concreto hidráulico. Ubicada frente a parque con circuito para correr. Precio $3'050,000. Mas informes al WhatsApp Ver datos",3050000,"MN 3,050,000",MXN,venta,Casa,PRIVADA PUERTA ENGRACIA,Colinas Del Padre,Zacatecas,Zacatecas,22.738274543294377,-102.59810301691896,3.0,2.0,198,,2.0,350.0,A estrenar,Publicado hace 21 días,,https://img10.naventcdn.com/avisos/18/01/50/71/45/33/1200x1200/1623935651.jpg?isFirstImage=true|https://img10.naventcdn.com/avisos/18/01/50/71/45/33/1200x1200/1623935655.jpg|https://img10.naventcdn.com/avisos/18/01/50/71/45/33/1200x1200/1623935652.jpg|https://img10.naventcdn.com/avisos/18/01/50/71/45/33/1200x1200/1623935654.jpg|https://img10.naventcdn.com/avisos/18/01/50/71/45/33/1200x1200/1623935647.jpg|https://img10.naventcdn.com/avisos/18/01/50/71/45/33/1200x1200/1623935649.jpg|https://img10.naventcdn.com/avisos/18/01/50/71/45/33/1200x1200/1623935646.jpg|https://img10.naventcdn.com/avisos/18/01/50/71/45/33/1200x1200/1623935650.jpg|https://img10.naventcdn.com/avisos/18/01/50/71/45/33/1200x1200/1623935648.jpg,,52 4921298763,Jesus Acosta,102950211,https://www.inmuebles24.com/inmobiliarias/jesus-acosta_102950211-inmuebles.html,2026-08-05T00:02:02Z,2026-08-25T22:37:00.570139+00:00,https://www.inmuebles24.com/casas-o-casa-en-condominio-o-departamentos-en-venta-en-zacatecas-provincia-ordenado-por-fechaonline-descendente.html.html
https://www.inmuebles24.com/propiedades/clasificado/veclccin-casa-en-venta-en-fracc-staiujat-150617013.html,150617013,65SC73,sale,Casa en Venta en Fracc Staiujat,"Casa en venta en Fraccionamiento STAIUJAT – Villahermosa, Tabasco Descubre esta amplia y funcional casa ubicada en una zona tranquila y de fácil acceso. Con una excelente distribución y espacios bien aprovechados, es ideal para familias que buscan comodidad y seguridad. Características principales: Precio de venta: $2,500,000 MXN Terreno: 127 m² Construcción: 220 m² 3 recámaras (2 con clóset) 2 baños completos Garage para 3 autos con portón eléctrico Sala y comedor amplios Cocina integral equipada con estufa y campana Área de servicio independiente Estancia y balcón 3 climas minisplit instalados Decoración con lámparas y persianas incluidas Tanque estacionario Estado de conservación: bueno Año de construcción: 2004 Esta propiedad ofrece un ambiente acogedor y familiar, con acabados que aportan calidez y funcionalidad. Su ubicación dentro del Fraccionamiento STAIUJAT la convierte en una excelente opción para quienes buscan vivir cerca de servicios, escuelas y vías principales, sin sacrificar la tranquilidad.",2500000,"MN 2,500,000",MXN,venta,Casa en condominio,Andador C,Miguel Hidalgo,Zacatecas,Zacatecas,17.9759468,-92.9719381,3.0,2.0,220,127.0,,,22,Publicado hace 33 días,,https://img10.naventcdn.com/avisos/resize/18/01/50/61/70/13/1200x1200/1621934923.jpg?isFirstImage=true|https://img10.naventcdn.com/avisos/resize/18/01/50/61/70/13/1200x1200/1621934856.jpg|https://img10.naventcdn.com/avisos/resize/18/01/50/61/70/13/1200x1200/1621934910.jpg|https://img10.naventcdn.com/avisos/resize/18/01/50/61/70/13/1200x1200/1621934979.jpg|https://img10.naventcdn.com/avisos/resize/18/01/50/61/70/13/1200x1200/1621934982.jpg|https://img10.naventcdn.com/avisos/resize/18/01/50/61/70/13/1200x1200/1621934859.jpg|https://img10.naventcdn.com/avisos/resize/18/01/50/61/70/13/1200x1200/1621934929.jpg|https://img10.naventcdn.com/avisos/resize/18/01/50/61/70/13/1200x1200/1621934875.jpg|https://img10.naventcdn.com/avisos/resize/18/01/50/61/70/13/1200x1200/1621934870.jpg|https://img10.naventcdn.com/avisos/resize/18/01/50/61/70/13/1200x1200/1621934916.jpg|https://img10.naventcdn.com/avisos/resize/18/01/50/61/70/13/1200x1200/1621934934.jpg|https://img10.naventcdn.com/avisos/resize/18/01/50/61/70/13/1200x1200/1621934943.jpg|https://img10.naventcdn.com/avisos/resize/18/01/50/61/70/13/1200x1200/1621934955.jpg|https://img10.naventcdn.com/avisos/resize/18/01/50/61/70/13/1200x1200/1621934987.jpg|https://img10.naventcdn.com/avisos/resize/18/01/50/61/70/13/1200x1200/1621934880.jpg|https://img10.naventcdn.com/avisos/resize/18/01/50/61/70/13/1200x1200/1621934959.jpg|https://img10.naventcdn.com/avisos/resize/18/01/50/61/70/13/1200x1200/1621934862.jpg|https://img10.naventcdn.com/avisos/resize/18/01/50/61/70/13/1200x1200/1621934949.jpg|https://img10.naventcdn.com/avisos/resize/18/01/50/61/70/13/1200x1200/1621934866.jpg|https://img10.naventcdn.com/avisos/resize/18/01/50/61/70/13/1200x1200/1621934892.jpg|https://img10.naventcdn.com/avisos/resize/18/01/50/61/70/13/1200x1200/1621934975.jpg|https://img10.naventcdn.com/avisos/resize/18/01/50/61/70/13/1200x1200/1621934964.jpg|https://img10.naventcdn.com/avisos/resize/18/01/50/61/70/13/1200x1200/1621934886.jpg,,52 9935951111,Alfa Inmobiliaria Center VH,51185055,https://www.inmuebles24.com/inmobiliarias/alfa-inmobiliaria-center-vh_51185055-inmuebles.html,2026-07-24T01:50:28Z,2026-08-25T22:37:00.570139+00:00,https://www.inmuebles24.com/casas-o-casa-en-condominio-o-departamentos-en-venta-en-zacatecas-provincia-ordenado-por-fechaonline-descendente.html.html
https://www.inmuebles24.com/propiedades/clasificado/veclapin-apartment-diagonal-85-sur-101-playa-del-carmen-141720520.html,141720520,CR-222,sale,"Apartment, Diagonal 85 Sur 101, Playa del Carmen","Exclusivo departamento ubicado en la mejor zona de Playa del Carmen La fachada de las torres Starlight está inspirada en la forma de los corales. De la misma manera, propone un diseño con formas orgánicas y geometrías irregulares para dar forma a un desarrollo moderno e inteligente. Este diseño permite que cada departamento tenga 3 fachadas expuestas, permitiendo tener ventanas en todas las direcciones logrando ventilación cruzada, así como un mayor ingreso de luz natural. Departamento de 145 m2 2 dormitorios 3 baños sala comedor cocina patio interior / terraza 107 m2 interior 23 m2 balcones / terrazas 15 m2 de estacionamiento La mejor Inversión Inmobiliaria y tu Nuevo Estilo de Vida.",129572,"USD 129,572",USD,venta,Apartamento,"Apartment, Diagonal 85 Sur 101, Playa del Carmen",,Guadalupe,Zacatecas,20.6295586,-87.0738851,2.0,3.0,44,44.0,1.0,0.0,A estrenar,Publicado hace más de 1 año,,https://img10.naventcdn.com/avisos/18/01/41/72/05/20/1200x1200/1128999644.jpg?isFirstImage=true|https://img10.naventcdn.com/avisos/18/01/41/72/05/20/1200x1200/1128999619.jpg|https://img10.naventcdn.com/avisos/18/01/41/72/05/20/1200x1200/1128999623.jpg|https://img10.naventcdn.com/avisos/18/01/41/72/05/20/1200x1200/1128999618.jpg|https://img10.naventcdn.com/avisos/18/01/41/72/05/20/1200x1200/1128999678.jpg,,,Home Playa Real Estate,102423166,https://www.inmuebles24.com/inmobiliarias/home-playa-real-estate_102423166-inmuebles.html,2023-10-26T00:04:53Z,2026-08-25T22:37:58.103119+00:00,https://www.inmuebles24.com/casas-o-casa-en-condominio-o-departamentos-en-venta-en-zacatecas-provincia-ordenado-por-fechaonline-descendente.html-pagina-2.html
https://www.inmuebles24.com/propiedades/clasificado/veclcain-casa-con-126-m-sup2--superficie-de-terreno-y-2-149161257.html,149161257,227,sale,"Casa con 126 m&sup2; Superficie de Terreno y 2 Recámaras en Venta, Huerta Vieja","Casa en venta ubicada en Huerta Vieja. Cuenta con 117 m² de superficie construida distribuidos en 2 niveles. Dispone de sala, comedor, cocina y 2 recámaras, ademas de 1 baño completo. En el exterior, la propiedad ofrece un patio perfecto para disfrutar al aire libre. Cuenta con servicios básicos de agua y luz. El estado de conservación es bueno. La zona de Huerta Vieja es principalmente residencial, con un ambiente tranquilo",1220000,"MN 1,220,000",MXN,venta,Casa,Piña 227,Huerta Vieja,Zacatecas,Zacatecas,22.7530243,-102.6059742,2.0,1.0,117,126.0,,,17,Publicado hace 174 días,,https://img10.naventcdn.com/avisos/18/01/49/16/12/57/1200x1200/1591720859.jpg?isFirstImage=true|https://img10.naventcdn.com/avisos/18/01/49/16/12/57/1200x1200/1591720856.jpg|https://img10.naventcdn.com/avisos/18/01/49/16/12/57/1200x1200/1591720858.jpg|https://img10.naventcdn.com/avisos/18/01/49/16/12/57/1200x1200/1591720857.jpg|https://img10.naventcdn.com/avisos/18/01/49/16/12/57/1200x1200/1591720860.jpg|https://img10.naventcdn.com/avisos/18/01/49/16/12/57/1200x1200/1591720855.jpg|https://img10.naventcdn.com/avisos/18/01/49/16/12/57/1200x1200/1591720854.jpg,,52 4921033222,Calli bienes raices,102957848,https://www.inmuebles24.com/inmobiliarias/calli-bienes-raices_102957848-inmuebles.html,2026-03-05T01:00:35Z,2026-08-25T22:37:58.103119+00:00,https://www.inmuebles24.com/casas-o-casa-en-condominio-o-departamentos-en-venta-en-zacatecas-provincia-ordenado-por-fechaonline-descendente.html-pagina-2.html
https://www.inmuebles24.com/propiedades/clasificado/veclcain-casa-con-50-m-sup2--de-superficie-de-terreno-y-3-149208421.html,149208421,98600,sale,Casa con 50 m&sup2; de Superficie de Terreno y 3 Recámaras en Venta en Fraccionamiento Francisco Villa,"Casa en venta ubicada en Fraccionamiento Francisco Villa, ideal para familias. Cuenta con 3 recámaras 1 de ellas con closet y 2 baños, perfecta para la comodidad de sus habitantes. La propiedad tiene una superficie construida de 90 m2, distribuidos de manera funcional. Además, cuenta con patio de servicio. cuenta con dos plantas. Precio $960,000 Pago Efectivo a tratar",960000,"MN 960,000",MXN,venta,Casa,Calle Felipe Ángeles,Fraccionamiento Francisco Villa,Guadalupe,Zacatecas,22.7602432,-102.5199905,3.0,2.0,90,50.0,,0.0,15,Publicado hace 167 días,,https://img10.naventcdn.com/avisos/18/01/49/20/84/21/1200x1200/1592653092.jpg?isFirstImage=true|https://img10.naventcdn.com/avisos/18/01/49/20/84/21/1200x1200/1592653096.jpg|https://img10.naventcdn.com/avisos/18/01/49/20/84/21/1200x1200/1592653091.jpg|https://img10.naventcdn.com/avisos/18/01/49/20/84/21/1200x1200/1592653094.jpg|https://img10.naventcdn.com/avisos/18/01/49/20/84/21/1200x1200/1592653095.jpg|https://img10.naventcdn.com/avisos/18/01/49/20/84/21/1200x1200/1592653090.jpg|https://img10.naventcdn.com/avisos/18/01/49/20/84/21/1200x1200/1592653093.jpg,,52 4921033222,Calli bienes raices,102957848,https://www.inmuebles24.com/inmobiliarias/calli-bienes-raices_102957848-inmuebles.html,2026-03-10T00:36:14Z,2026-08-25T22:37:58.103119+00:00,https://www.inmuebles24.com/casas-o-casa-en-condominio-o-departamentos-en-venta-en-zacatecas-provincia-ordenado-por-fechaonline-descendente.html-pagina-2.html
https://www.inmuebles24.com/propiedades/clasificado/veclcain-casa-de-3-recamaras-en-venta-colonia-arboledas-144186916.html,144186916,5S07KG,sale,Casa de 3 Recamaras en Venta Colonia Arboledas Fresnillo Zacatecas,"Excelente oportunidad de vivienda en Venta en colonia Arboledas Ubicada en calle de los Tules #404 A, con las siguientes características * 3 recamaras, la principal muy amplia * Sala comedor * Cocina * Patio de servicio * Cochera techada y con portón automático * 1 1/2 baño * Aljibe para el agua * Terreno de 90m2 * 100.20 m2 de construcción Precio de venta $1,450,000",1450000,"MN 1,450,000",MXN,venta,Casa,Calle tules 404 colonia arboledas,Arboledas,Fresnillo,Zacatecas,23.190667,-102.8574968,3.0,1.0,90,100.0,1.0,0.0,13,Publicado hace más de 1 año,,https://img10.naventcdn.com/avisos/resize/18/01/44/18/69/16/1200x1200/1487982659.jpg?isFirstImage=true|https://img10.naventcdn.com/avisos/resize/18/01/44/18/69/16/1200x1200/1487982660.jpg|https://img10.naventcdn.com/avisos/resize/18/01/44/18/69/16/1200x1200/1487982651.jpg|https://img10.naventcdn.com/avisos/resize/18/01/44/18/69/16/1200x1200/1487982649.jpg|https://img10.naventcdn.com/avisos/resize/18/01/44/18/69/16/1200x1200/1487982663.jpg|https://img10.naventcdn.com/avisos/resize/18/01/44/18/69/16/1200x1200/1487982652.jpg|https://img10.naventcdn.com/avisos/resize/18/01/44/18/69/16/1200x1200/1487982656.jpg|https://img10.naventcdn.com/avisos/resize/18/01/44/18/69/16/1200x1200/1487982662.jpg|https://img10.naventcdn.com/avisos/resize/18/01/44/18/69/16/1200x1200/1487982655.jpg|https://img10.naventcdn.com/avisos/resize/18/01/44/18/69/16/1200x1200/1487982653.jpg|https://img10.naventcdn.com/avisos/resize/18/01/44/18/69/16/1200x1200/1487982650.jpg|https://img10.naventcdn.com/avisos/resize/18/01/44/18/69/16/1200x1200/1487982654.jpg|https://img10.naventcdn.com/avisos/resize/18/01/44/18/69/16/1200x1200/1487982658.jpg,,52 4931067152,GARZA INMOBILIARIA,717172,https://www.inmuebles24.com/inmobiliarias/garza-inmobiliaria_717172-inmuebles.html,2024-07-29T18:25:40Z,2026-08-25T22:37:58.103119+00:00,https://www.inmuebles24.com/casas-o-casa-en-condominio-o-departamentos-en-venta-en-zacatecas-provincia-ordenado-por-fechaonline-descendente.html-pagina-2.html
https://www.inmuebles24.com/propiedades/clasificado/veclcain-casa-de-descanso-terreno-1363-m-hacienda-trancoso-149241827.html,149241827,98640,sale,"Casa de Descanso, Terreno 1363 m, Hacienda Trancoso","Terreno en venta ubicado en Hacienda Trancoso, ideal para construir la casa de tus sueños. Con una superficie de terreno de 1363 m², este lote ofrece amplias posibilidades para diseñar un hogar a tu medida. Casa de descanso, cuenta con 120 mts², 60 mts² de construcción, ofreciendo una forma regular que facilita la construcción. Sala, comedor, cocina con tarja, baño completo 1 recamara, al exterior Palapa 2 baños H- M, cocina, bodega para bebidas ,oficina y estacionamiento.",2250000,"MN 2,250,000",MXN,venta,Casa,Babilonia 72,Hacienda Trancoso,Trancoso,Zacatecas,22.7361648,-102.3592698,1.0,3.0,60,1363.0,1.0,,20,Publicado hace 167 días,,https://img10.naventcdn.com/avisos/18/01/49/24/18/27/1200x1200/1593315203.jpg?isFirstImage=true|https://img10.naventcdn.com/avisos/18/01/49/24/18/27/1200x1200/1593315207.jpg|https://img10.naventcdn.com/avisos/18/01/49/24/18/27/1200x1200/1593315204.jpg|https://img10.naventcdn.com/avisos/18/01/49/24/18/27/1200x1200/1593315206.jpg|https://img10.naventcdn.com/avisos/18/01/49/24/18/27/1200x1200/1593315205.jpg,,52 4921033222,Calli bienes raices,102957848,https://www.inmuebles24.com/inmobiliarias/calli-bienes-raices_102957848-inmuebles.html,2026-03-12T02:08:40Z,2026-08-25T22:37:58.103119+00:00,https://www.inmuebles24.com/casas-o-casa-en-condominio-o-departamentos-en-venta-en-zacatecas-provincia-ordenado-por-fechaonline-descendente.html-pagina-2.html
https://www.inmuebles24.com/propiedades/clasificado/veclcain-casa-en-venta-de-166-m-sup2--en-privada-148846300.html,148846300,EYX022026,sale,Casa en Venta de 166 m&sup2; en Privada,CASA EN PRIVADA LOMAS II Cochera para dos autos compactos con portón eléctrico Sala comedor Cocina integral moderna con parrilla espacio para alacena patio de servicio barda con púas de seguridad medio baño jardín interno como cubo de luz segunda planta: sala de t.v. tres habitaciones con closet la recámara principal con baño Azotea con piso cerámico bodega pequeña cisterna 5000 lts dos tinacos calentador solar sistema de camaras de seguridad,2100000,"MN 2,100,000",MXN,venta,Casa,Guadalupe - Zacatecas,,Guadalupe,Zacatecas,22.77444851141851,-102.51003041524964,3.0,3.0,166,97.0,2.0,350.0,10,Publicado hace 202 días,,https://img10.naventcdn.com/avisos/18/01/48/84/63/00/1200x1200/1585584172.jpg?isFirstImage=true|https://img10.naventcdn.com/avisos/18/01/48/84/63/00/1200x1200/1585584173.jpg|https://img10.naventcdn.com/avisos/18/01/48/84/63/00/1200x1200/1585584170.jpg|https://img10.naventcdn.com/avisos/18/01/48/84/63/00/1200x1200/1585584178.jpg|https://img10.naventcdn.com/avisos/18/01/48/84/63/00/1200x1200/1585584174.jpg|https://img10.naventcdn.com/avisos/18/01/48/84/63/00/1200x1200/1585584169.jpg|https://img10.naventcdn.com/avisos/18/01/48/84/63/00/1200x1200/1585584157.jpg|https://img10.naventcdn.com/avisos/18/01/48/84/63/00/1200x1200/1585584161.jpg|https://img10.naventcdn.com/avisos/18/01/48/84/63/00/1200x1200/1585584171.jpg|https://img10.naventcdn.com/avisos/18/01/48/84/63/00/1200x1200/1585584167.jpg|https://img10.naventcdn.com/avisos/18/01/48/84/63/00/1200x1200/1585584154.jpg|https://img10.naventcdn.com/avisos/18/01/48/84/63/00/1200x1200/1585584152.jpg|https://img10.naventcdn.com/avisos/18/01/48/84/63/00/1200x1200/1585584159.jpg|https://img10.naventcdn.com/avisos/18/01/48/84/63/00/1200x1200/1585584148.jpg|https://img10.naventcdn.com/avisos/18/01/48/84/63/00/1200x1200/1585584149.jpg|https://img10.naventcdn.com/avisos/18/01/48/84/63/00/1200x1200/1585584150.jpg|https://img10.naventcdn.com/avisos/18/01/48/84/63/00/1200x1200/1585584177.jpg|https://img10.naventcdn.com/avisos/18/01/48/84/63/00/1200x1200/1585584155.jpg|https://img10.naventcdn.com/avisos/18/01/48/84/63/00/1200x1200/1585584156.jpg|https://img10.naventcdn.com/avisos/18/01/48/84/63/00/1200x1200/1585584168.jpg|https://img10.naventcdn.com/avisos/18/01/48/84/63/00/1200x1200/1585584165.jpg|https://img10.naventcdn.com/avisos/18/01/48/84/63/00/1200x1200/1585584176.jpg|https://img10.naventcdn.com/avisos/18/01/48/84/63/00/1200x1200/1585584162.jpg|https://img10.naventcdn.com/avisos/18/01/48/84/63/00/1200x1200/1585584166.jpg|https://img10.naventcdn.com/avisos/18/01/48/84/63/00/1200x1200/1585584151.jpg|https://img10.naventcdn.com/avisos/18/01/48/84/63/00/1200x1200/1585584153.jpg|https://img10.naventcdn.com/avisos/18/01/48/84/63/00/1200x1200/1585584160.jpg|https://img10.naventcdn.com/avisos/18/01/48/84/63/00/1200x1200/1585584158.jpg|https://img10.naventcdn.com/avisos/18/01/48/84/63/00/1200x1200/1585584163.jpg,,52 4921033222,Calli bienes raices,102957848,https://www.inmuebles24.com/inmobiliarias/calli-bienes-raices_102957848-inmuebles.html,2026-02-03T20:06:43Z,2026-08-25T22:37:58.103119+00:00,https://www.inmuebles24.com/casas-o-casa-en-condominio-o-departamentos-en-venta-en-zacatecas-provincia-ordenado-por-fechaonline-descendente.html-pagina-2.html
https://www.inmuebles24.com/propiedades/clasificado/veclcain-casa-en-venta-en-el-orito-colonia-estrella-de-oro-209-148777796.html,148777796,DAF0126,sale,Casa en Venta en El Orito Colonia Estrella de Oro 209 m&sup2; Tercer Piso en Obra Negra,casa en venta en avenida constelaciones en colonia estrella de oro zona de crecimiento en area del orito zacatecas planta baja con cochera descubierta para dos autos porton y protecciones sala comedor cocina integral con estufa y campana medio baño 2 patios de servicio 2 baños completos 4 recamaras una recamara con alcoba la recamara principal con baño cuarto de lavado boiler solar boiler de paso terraza en obra negra camaras de seguridad doble barda de seguridad,2525000,"MN 2,525,000",MXN,venta,Casa,Zacatecas 120,Estrella de Oro,Zacatecas,Zacatecas,22.75388018237928,-102.60068160677643,4.0,2.0,209,209.0,2.0,0.0,24,Publicado hace 210 días,,https://img10.naventcdn.com/avisos/18/01/48/77/77/96/1200x1200/1584265306.jpg?isFirstImage=true|https://img10.naventcdn.com/avisos/18/01/48/77/77/96/1200x1200/1584265301.jpg|https://img10.naventcdn.com/avisos/18/01/48/77/77/96/1200x1200/1584265299.jpg|https://img10.naventcdn.com/avisos/18/01/48/77/77/96/1200x1200/1584265305.jpg|https://img10.naventcdn.com/avisos/18/01/48/77/77/96/1200x1200/1584265292.jpg|https://img10.naventcdn.com/avisos/18/01/48/77/77/96/1200x1200/1584265293.jpg|https://img10.naventcdn.com/avisos/18/01/48/77/77/96/1200x1200/1584265302.jpg|https://img10.naventcdn.com/avisos/18/01/48/77/77/96/1200x1200/1584265298.jpg|https://img10.naventcdn.com/avisos/18/01/48/77/77/96/1200x1200/1584265295.jpg|https://img10.naventcdn.com/avisos/18/01/48/77/77/96/1200x1200/1584265300.jpg|https://img10.naventcdn.com/avisos/18/01/48/77/77/96/1200x1200/1584265303.jpg|https://img10.naventcdn.com/avisos/18/01/48/77/77/96/1200x1200/1584265304.jpg|https://img10.naventcdn.com/avisos/18/01/48/77/77/96/1200x1200/1584265297.jpg|https://img10.naventcdn.com/avisos/18/01/48/77/77/96/1200x1200/1584265294.jpg|https://img10.naventcdn.com/avisos/18/01/48/77/77/96/1200x1200/1584265296.jpg,,52 4921033222,Calli bienes raices,102957848,https://www.inmuebles24.com/inmobiliarias/calli-bienes-raices_102957848-inmuebles.html,2026-01-27T21:11:02Z,2026-08-25T22:37:58.103119+00:00,https://www.inmuebles24.com/casas-o-casa-en-condominio-o-departamentos-en-venta-en-zacatecas-provincia-ordenado-por-fechaonline-descendente.html-pagina-2.html
https://www.inmuebles24.com/propiedades/clasificado/veclcain-casa-en-venta-en-fraccionamiento-valle-del-conde-143512935.html,143512935,EHO6107065,sale,"Casa en Venta en Fraccionamiento Valle del Conde, Guadalupe, Zacatecas","Casa en venta en fraccionamiento Valle del Conde (cerca de la iglesia de la condesa). Son 105m de terreno y 155m de construcción, 3 recámaras, la principal con baño y jacuzzi, en total son 2 baños y medio, cochera, sala comedor, cocina, patio, incluye protecciónes y reja. Bonitos acabados.Precio 1,880,000",1880000,"MN 1,880,000",MXN,venta,Casa,"Fraccionamiento Valle del Conde, Guadalupe, Zacatecas",La Condesa,Guadalupe,Zacatecas,22.7517314,-102.538405,3.0,2.0,155,105.0,,0.0,A estrenar,Publicado hace más de 1 año,,https://img10.naventcdn.com/avisos/18/01/43/51/29/35/1200x1200/1460912589.jpg?isFirstImage=true|https://img10.naventcdn.com/avisos/18/01/43/51/29/35/1200x1200/1460912590.jpg|https://img10.naventcdn.com/avisos/18/01/43/51/29/35/1200x1200/1460912587.jpg|https://img10.naventcdn.com/avisos/18/01/43/51/29/35/1200x1200/1460912583.jpg|https://img10.naventcdn.com/avisos/18/01/43/51/29/35/1200x1200/1460912584.jpg|https://img10.naventcdn.com/avisos/18/01/43/51/29/35/1200x1200/1460912582.jpg|https://img10.naventcdn.com/avisos/18/01/43/51/29/35/1200x1200/1460912588.jpg|https://img10.naventcdn.com/avisos/18/01/43/51/29/35/1200x1200/1460912585.jpg|https://img10.naventcdn.com/avisos/18/01/43/51/29/35/1200x1200/1460912581.jpg|https://img10.naventcdn.com/avisos/18/01/43/51/29/35/1200x1200/1460912586.jpg,,4921387605,Argelia Valverde,51090565,https://www.inmuebles24.com/inmobiliarias/argelia-valverde_51090565-inmuebles.html,2024-05-13T16:32:42Z,2026-08-25T22:37:58.103119+00:00,https://www.inmuebles24.com/casas-o-casa-en-condominio-o-departamentos-en-venta-en-zacatecas-provincia-ordenado-por-fechaonline-descendente.html-pagina-2.html
https://www.inmuebles24.com/propiedades/clasificado/veclcain-casa-en-venta-en-fraccionamiento-villas-universidad-en-143551041.html,143551041,EHO6118325,sale,"Casa en Venta en Fraccionamiento Villas Universidad en Zacatecas, Zacatecas","Casa en venta en privada con doble filtro de seguridad en Fracc villas universidad en Zacatecas, ZacatecasCaracterísticas 167 m de construcción 120 m terreno 3 recámaras 1 estudio 1 baño y medio Cocina es de parota con crean y puertas de madera de vanak con ocume Calentador solar Cristal templado Iluminación led Patio cochera La privada cuenta con cancha de fútbol soccer Precio 2,800,000",2900000,"MN 2,900,000",MXN,venta,Casa,"Calle Escuela del Valle de Mexico 108, Fraccionamiento Villas Universidad, Zacatecas",,Zacatecas,Zacatecas,22.7651017,-102.6332045,3.0,1.0,167,120.0,,0.0,A estrenar,Publicado hace más de 1 año,,https://img10.naventcdn.com/avisos/18/01/43/55/10/41/1200x1200/1461896479.jpg?isFirstImage=true|https://img10.naventcdn.com/avisos/18/01/43/55/10/41/1200x1200/1461896478.jpg|https://img10.naventcdn.com/avisos/18/01/43/55/10/41/1200x1200/1461896486.jpg|https://img10.naventcdn.com/avisos/18/01/43/55/10/41/1200x1200/1461896498.jpg|https://img10.naventcdn.com/avisos/18/01/43/55/10/41/1200x1200/1461896480.jpg|https://img10.naventcdn.com/avisos/18/01/43/55/10/41/1200x1200/1461896500.jpg|https://img10.naventcdn.com/avisos/18/01/43/55/10/41/1200x1200/1461896499.jpg|https://img10.naventcdn.com/avisos/18/01/43/55/10/41/1200x1200/1461896485.jpg|https://img10.naventcdn.com/avisos/18/01/43/55/10/41/1200x1200/1461896489.jpg|https://img10.naventcdn.com/avisos/18/01/43/55/10/41/1200x1200/1461896477.jpg,,4921387605,Argelia Valverde,51090565,https://www.inmuebles24.com/inmobiliarias/argelia-valverde_51090565-inmuebles.html,2024-05-16T20:10:26Z,2026-08-25T22:37:58.103119+00:00,https://www.inmuebles24.com/casas-o-casa-en-condominio-o-departamentos-en-venta-en-zacatecas-provincia-ordenado-por-fechaonline-descendente.html-pagina-2.html
https://www.inmuebles24.com/propiedades/clasificado/veclcain-casa-en-venta-en-privada-conde-santiago-de-la-laguna-146130356.html,146130356,EHO6893372,sale,"Casa en Venta en Privada Conde Santiago de La Laguna en Guadalupe, Zacatecas","Casa en venta en privada Conde Santiago de la laguna en Gpe, Zac.Precio: $2,705,000 Características: 105 m terreno 140 m construcción 3 recàmaras con clóset La Principal con baño 2 baños y medio Cocina integral, incluye lavavajillas Sala TV Cisterna Calentador solar Tanque de gas estacionario Dos tinacos Cochera techada con automático",2705000,"MN 2,705,000",MXN,venta,Casa,"Privada Conde Santiago de la Laguna en Guadalupe, Zacatecas",Fraccionamiento Conde Santiago de La Laguna,Guadalupe,Zacatecas,22.7661986,-102.5288637,3.0,2.0,140,105.0,,0.0,A estrenar,Publicado hace más de 1 año,,https://img10.naventcdn.com/avisos/18/01/46/13/03/56/1200x1200/1524270895.jpg?isFirstImage=true|https://img10.naventcdn.com/avisos/18/01/46/13/03/56/1200x1200/1524270902.jpg|https://img10.naventcdn.com/avisos/18/01/46/13/03/56/1200x1200/1524270899.jpg|https://img10.naventcdn.com/avisos/18/01/46/13/03/56/1200x1200/1524270890.jpg|https://img10.naventcdn.com/avisos/18/01/46/13/03/56/1200x1200/1524270900.jpg|https://img10.naventcdn.com/avisos/18/01/46/13/03/56/1200x1200/1524270897.jpg|https://img10.naventcdn.com/avisos/18/01/46/13/03/56/1200x1200/1524270896.jpg|https://img10.naventcdn.com/avisos/18/01/46/13/03/56/1200x1200/1524270887.jpg|https://img10.naventcdn.com/avisos/18/01/46/13/03/56/1200x1200/1524270893.jpg|https://img10.naventcdn.com/avisos/18/01/46/13/03/56/1200x1200/1524270891.jpg|https://img10.naventcdn.com/avisos/18/01/46/13/03/56/1200x1200/1524270888.jpg|https://img10.naventcdn.com/avisos/18/01/46/13/03/56/1200x1200/1524270889.jpg|https://img10.naventcdn.com/avisos/18/01/46/13/03/56/1200x1200/1524270894.jpg|https://img10.naventcdn.com/avisos/18/01/46/13/03/56/1200x1200/1524270892.jpg|https://img10.naventcdn.com/avisos/18/01/46/13/03/56/1200x1200/1524270898.jpg,,4921387605,Argelia Valverde,51090565,https://www.inmuebles24.com/inmobiliarias/argelia-valverde_51090565-inmuebles.html,2025-04-04T02:37:48Z,2026-08-25T22:37:58.103119+00:00,https://www.inmuebles24.com/casas-o-casa-en-condominio-o-departamentos-en-venta-en-zacatecas-provincia-ordenado-por-fechaonline-descendente.html-pagina-2.html
https://www.inmuebles24.com/propiedades/clasificado/veclcain-casa-en-venta-en-privada-conde-santiago-de-la-laguna-146130409.html,146130409,EHO6893372,sale,"Casa en Venta en Privada Conde Santiago de La Laguna en Guadalupe, Zacatecas","Casa en venta en privada Conde Santiago de la laguna en Gpe, Zac.Precio: $2,705,000 Características: 105 m terreno 140 m construcción 3 recàmaras con clóset La Principal con baño 2 baños y medio Cocina integral, incluye lavavajillas Sala TV Cisterna Calentador solar Tanque de gas estacionario Dos tinacos Cochera techada con automático",2705000,"MN 2,705,000",MXN,venta,Casa,"Privada Conde Santiago de la Laguna en Guadalupe, Zacatecas",Fraccionamiento Conde Santiago de La Laguna,Guadalupe,Zacatecas,22.7661986,-102.5288637,3.0,2.0,140,105.0,,0.0,A estrenar,Publicado hace más de 1 año,,https://img10.naventcdn.com/avisos/18/01/46/13/04/09/1200x1200/1524271840.jpg?isFirstImage=true|https://img10.naventcdn.com/avisos/18/01/46/13/04/09/1200x1200/1524271835.jpg|https://img10.naventcdn.com/avisos/18/01/46/13/04/09/1200x1200/1524271831.jpg|https://img10.naventcdn.com/avisos/18/01/46/13/04/09/1200x1200/1524271833.jpg|https://img10.naventcdn.com/avisos/18/01/46/13/04/09/1200x1200/1524271843.jpg|https://img10.naventcdn.com/avisos/18/01/46/13/04/09/1200x1200/1524271834.jpg|https://img10.naventcdn.com/avisos/18/01/46/13/04/09/1200x1200/1524271837.jpg|https://img10.naventcdn.com/avisos/18/01/46/13/04/09/1200x1200/1524271830.jpg|https://img10.naventcdn.com/avisos/18/01/46/13/04/09/1200x1200/1524271842.jpg|https://img10.naventcdn.com/avisos/18/01/46/13/04/09/1200x1200/1524271836.jpg|https://img10.naventcdn.com/avisos/18/01/46/13/04/09/1200x1200/1524271841.jpg|https://img10.naventcdn.com/avisos/18/01/46/13/04/09/1200x1200/1524271829.jpg|https://img10.naventcdn.com/avisos/18/01/46/13/04/09/1200x1200/1524271839.jpg|https://img10.naventcdn.com/avisos/18/01/46/13/04/09/1200x1200/1524271832.jpg|https://img10.naventcdn.com/avisos/18/01/46/13/04/09/1200x1200/1524271838.jpg,,4921387605,Argelia Valverde,51090565,https://www.inmuebles24.com/inmobiliarias/argelia-valverde_51090565-inmuebles.html,2025-04-04T02:43:40Z,2026-08-25T22:38:53.460699+00:00,https://www.inmuebles24.com/casas-o-casa-en-condominio-o-departamentos-en-venta-en-zacatecas-provincia-ordenado-por-fechaonline-descendente.html-pagina-2.html
https://www.inmuebles24.com/propiedades/clasificado/veclcain-casa-en-venta-paseo-real-guadalupe-zacatecas-148392428.html,148392428,EHO5681483,sale,"Casa en Venta Paseo Real, Guadalupe, Zacatecas","3 recámaras y un baño y medio, incluye cocina integral, cochera, patio",1630000,"MN 1,630,000",MXN,venta,Casa,"Paseo Real en Guadalupe, Zacatecas",,Guadalupe,Zacatecas,22.7399733,-102.4900376,3.0,1.0,130,90.0,1.0,0.0,A estrenar,Publicado hace 260 días,,https://img10.naventcdn.com/avisos/18/01/48/39/24/28/1200x1200/1576194488.jpg?isFirstImage=true|https://img10.naventcdn.com/avisos/18/01/48/39/24/28/1200x1200/1576194482.jpg|https://img10.naventcdn.com/avisos/18/01/48/39/24/28/1200x1200/1576194485.jpg|https://img10.naventcdn.com/avisos/18/01/48/39/24/28/1200x1200/1576194481.jpg|https://img10.naventcdn.com/avisos/18/01/48/39/24/28/1200x1200/1576194486.jpg|https://img10.naventcdn.com/avisos/18/01/48/39/24/28/1200x1200/1576194484.jpg|https://img10.naventcdn.com/avisos/18/01/48/39/24/28/1200x1200/1576194489.jpg|https://img10.naventcdn.com/avisos/18/01/48/39/24/28/1200x1200/1576194487.jpg|https://img10.naventcdn.com/avisos/18/01/48/39/24/28/1200x1200/1576194483.jpg|https://img10.naventcdn.com/avisos/18/01/48/39/24/28/1200x1200/1576194480.jpg,,4921387605,Argelia Valverde,51090565,https://www.inmuebles24.com/inmobiliarias/argelia-valverde_51090565-inmuebles.html,2025-12-08T18:26:19Z,2026-08-25T22:38:53.460699+00:00,https://www.inmuebles24.com/casas-o-casa-en-condominio-o-departamentos-en-venta-en-zacatecas-provincia-ordenado-por-fechaonline-descendente.html-pagina-2.html
https://www.inmuebles24.com/propiedades/clasificado/veclcain-casa-guadalupe-147359281.html,147359281,EHO7266924,sale,Casa - Guadalupe,"???? ¡Gran oportunidad en Guadalupe, Zacatecas! ???? Ubicación: Calle Finlandia, Col. Progresistas ???? Precio especial: $1,350,000 (Valuada en $1,750,000) ? Características: • Cochera techada con portón automático • Cocina integral • 3 recámaras con clóset • 2 baños completos • 2 tinacos y calentador solar Una casa lista para habitar, en zona tranquila y bien comunicada. ¡Aprovecha esta oferta única y estrena hogar con un precio muy por abajo del valor avalúo ! ???? Contáctanos hoy mismo y agenda tu visita.",1350000,"MN 1,350,000",MXN,venta,Casa,Guadalupe Zacatecas,,Guadalupe,Zacatecas,22.774669,-102.5062429,3.0,2.0,165,105.0,1.0,0.0,4,Publicado hace más de 1 año,,https://img10.naventcdn.com/avisos/18/01/47/35/92/81/1200x1200/1554395985.jpg?isFirstImage=true|https://img10.naventcdn.com/avisos/18/01/47/35/92/81/1200x1200/1554395970.jpg|https://img10.naventcdn.com/avisos/18/01/47/35/92/81/1200x1200/1554395972.jpg|https://img10.naventcdn.com/avisos/18/01/47/35/92/81/1200x1200/1554395969.jpg|https://img10.naventcdn.com/avisos/18/01/47/35/92/81/1200x1200/1554395967.jpg|https://img10.naventcdn.com/avisos/18/01/47/35/92/81/1200x1200/1554395973.jpg|https://img10.naventcdn.com/avisos/18/01/47/35/92/81/1200x1200/1554395968.jpg|https://img10.naventcdn.com/avisos/18/01/47/35/92/81/1200x1200/1554395974.jpg|https://img10.naventcdn.com/avisos/18/01/47/35/92/81/1200x1200/1554395971.jpg,,4921387605,Argelia Valverde,51090565,https://www.inmuebles24.com/inmobiliarias/argelia-valverde_51090565-inmuebles.html,2025-08-20T19:03:53Z,2026-08-25T22:38:53.460699+00:00,https://www.inmuebles24.com/casas-o-casa-en-condominio-o-departamentos-en-venta-en-zacatecas-provincia-ordenado-por-fechaonline-descendente.html-pagina-2.html
https://www.inmuebles24.com/propiedades/clasificado/veclcain-casa-nueva-de-3-recamaras-con-terraza-y-cuarto-de-147918031.html,147918031,62IDB1,sale,Casa Nueva de 3 Recamaras con Terraza y Cuarto de Servicio en Azotea,"Casa en venta en colonia Mesoamerica, ideal para familias. Cuenta con 3 recámaras y cuarto de servicio. La propiedad tiene 175 m2 de superficie construida distribuidos en 3 niveles. En la planta baja, encontrarás una amplia sala y comedor, perfectos para recibir visitas. La cocina es amplia y cuenta espacio amplio para alacena En el exterior, disfruta de un jardín privado con asador, ideal para reuniones al aire libre. Además, cuenta con 2 estacionamientos y un balcón. Tiene 2 baños completos y 2 medios baños. La propiedad se encuentra en excelente estado de conservación y estará disponible a partir de Marzo 2026. Colonia Mesoamerica es una zona habitacional tranquila, con fácil acceso a servicios y comercios. Encontrarás escuelas cercanas. Las principales vialidades facilitan la conexión con otras zonas de la ciudad.",2390000,"MN 2,390,000",MXN,venta,Casa,Zapotecas 103 colonia mesoamerica,Mesoamerica,Fresnillo,Zacatecas,23.17088588618455,-102.83828045494668,3.0,2.0,175,100.0,2.0,,A estrenar,Publicado hace 313 días,,https://img10.naventcdn.com/avisos/18/01/47/91/80/31/1200x1200/1603598273.jpg?isFirstImage=true|https://img10.naventcdn.com/avisos/18/01/47/91/80/31/1200x1200/1603598272.jpg|https://img10.naventcdn.com/avisos/18/01/47/91/80/31/1200x1200/1603598278.jpg|https://img10.naventcdn.com/avisos/18/01/47/91/80/31/1200x1200/1603598271.jpg|https://img10.naventcdn.com/avisos/18/01/47/91/80/31/1200x1200/1603598275.jpg|https://img10.naventcdn.com/avisos/18/01/47/91/80/31/1200x1200/1603598267.jpg|https://img10.naventcdn.com/avisos/18/01/47/91/80/31/1200x1200/1603598264.jpg|https://img10.naventcdn.com/avisos/18/01/47/91/80/31/1200x1200/1603598266.jpg|https://img10.naventcdn.com/avisos/18/01/47/91/80/31/1200x1200/1603598280.jpg|https://img10.naventcdn.com/avisos/18/01/47/91/80/31/1200x1200/1603598268.jpg|https://img10.naventcdn.com/avisos/18/01/47/91/80/31/1200x1200/1603598270.jpg|https://img10.naventcdn.com/avisos/18/01/47/91/80/31/1200x1200/1603598283.jpg|https://img10.naventcdn.com/avisos/18/01/47/91/80/31/1200x1200/1603598265.jpg|https://img10.naventcdn.com/avisos/18/01/47/91/80/31/1200x1200/1603598277.jpg|https://img10.naventcdn.com/avisos/18/01/47/91/80/31/1200x1200/1603598282.jpg|https://img10.naventcdn.com/avisos/18/01/47/91/80/31/1200x1200/1603598284.jpg|https://img10.naventcdn.com/avisos/18/01/47/91/80/31/1200x1200/1603598269.jpg|https://img10.naventcdn.com/avisos/18/01/47/91/80/31/1200x1200/1603598276.jpg,,52 4931067152,GARZA INMOBILIARIA,717172,https://www.inmuebles24.com/inmobiliarias/garza-inmobiliaria_717172-inmuebles.html,2025-10-16T20:54:15Z,2026-08-25T22:38:53.460699+00:00,https://www.inmuebles24.com/casas-o-casa-en-condominio-o-departamentos-en-venta-en-zacatecas-provincia-ordenado-por-fechaonline-descendente.html-pagina-2.html
https://www.inmuebles24.com/propiedades/clasificado/veclcain-casa-nueva-en-venta-3-recamaras-en-colonia-francisco-144449850.html,144449850,5S9TP0,sale,Casa Nueva en Venta 3 Recamaras en Colonia Francisco Villa Fresnillo Zacatecas,"Excelente Casa Nueva en Venta Oportunidad de vivienda nueva en la colonia Francisco Villa, sobre la calle Roberto Fierro, muy cerca de unidad deportiva, con las siguientes características Características * 3 recamaras, la principal con baño completo, vestidor y balcón * Sala comedor * Cocina * Patio de servicio * Cochera para 2 vehículos con portón * 2 y 1/2 baño * Cisterna para el agua * Iluminación Led en toda la casa Precio de venta $1,780,000",1780000,"MN 1,780,000",MXN,venta,Casa,Calle Roberto Fierro Colonia Francisco Villa,Francisco Villa,Fresnillo,Zacatecas,23.173620816534054,-102.8516656899353,3.0,2.0,1,,2.0,,A estrenar,Publicado hace más de 1 año,,https://img10.naventcdn.com/avisos/resize/18/01/44/44/98/50/1200x1200/1483484002.jpg?isFirstImage=true|https://img10.naventcdn.com/avisos/resize/18/01/44/44/98/50/1200x1200/1483484004.jpg|https://img10.naventcdn.com/avisos/resize/18/01/44/44/98/50/1200x1200/1483484003.jpg|https://img10.naventcdn.com/avisos/resize/18/01/44/44/98/50/1200x1200/1483483999.jpg|https://img10.naventcdn.com/avisos/resize/18/01/44/44/98/50/1200x1200/1483484001.jpg|https://img10.naventcdn.com/avisos/resize/18/01/44/44/98/50/1200x1200/1483484000.jpg|https://img10.naventcdn.com/avisos/resize/18/01/44/44/98/50/1200x1200/1483483998.jpg|https://img10.naventcdn.com/avisos/resize/18/01/44/44/98/50/1200x1200/1483483995.jpg|https://img10.naventcdn.com/avisos/resize/18/01/44/44/98/50/1200x1200/1483483996.jpg|https://img10.naventcdn.com/avisos/resize/18/01/44/44/98/50/1200x1200/1483483997.jpg,,52 4931067152,GARZA INMOBILIARIA,717172,https://www.inmuebles24.com/inmobiliarias/garza-inmobiliaria_717172-inmuebles.html,2024-08-29T16:24:24Z,2026-08-25T22:38:53.460699+00:00,https://www.inmuebles24.com/casas-o-casa-en-condominio-o-departamentos-en-venta-en-zacatecas-provincia-ordenado-por-fechaonline-descendente.html-pagina-2.html
https://www.inmuebles24.com/propiedades/clasificado/veclcain-casa-tipo-residencial-con-3-habitaciones-en-venta-y-149089014.html,149089014,641ODO,sale,Casa Tipo Residencial con 3 Habitaciones en Venta y 517 m&sup2; Construidos en Fresnillo Zacatecas,"Casa en venta ubicada en Venustiano Carranza, ideal para familias. Cuenta con 3 habitaciones y 4 baños, perfecta para la comodidad de todos. Dispone de sala, comedor y cocina integral, además de un estudio y cuarto de TV para el entretenimiento. En el exterior, disfruta de un patio, terraza y jardín privado, ideal para reuniones. Además, cuenta con 4 lugares de cochera y 2 bodegas para almacenamiento. Esta propiedad ofrece 2 balcones y 2 niveles construidos. El cuarto de servicio y el cuarto de juegos brindan espacios adicionales para diversas actividades. También cuenta con oficina y clósets. El estado de conservación es bueno y se incluye línea blanca. La zona ofrece fácil acceso a servicios educativos, supermercados y transporte público. Es una zona tranquila, ideal para familias que buscan un hogar cómodo y bien ubicado.",9315000,"MN 9,315,000",MXN,venta,Casa,Del Naranjo,Venustiano Carranza,Fresnillo,Zacatecas,23.1677303,-102.857951,3.0,4.0,517,383.0,4.0,0.0,12,Publicado hace 181 días,,https://img10.naventcdn.com/avisos/18/01/49/08/90/14/1200x1200/1590275273.jpg?isFirstImage=true|https://img10.naventcdn.com/avisos/18/01/49/08/90/14/1200x1200/1590275276.jpg|https://img10.naventcdn.com/avisos/18/01/49/08/90/14/1200x1200/1590275277.jpg|https://img10.naventcdn.com/avisos/18/01/49/08/90/14/1200x1200/1590275278.jpg|https://img10.naventcdn.com/avisos/18/01/49/08/90/14/1200x1200/1590275279.jpg|https://img10.naventcdn.com/avisos/18/01/49/08/90/14/1200x1200/1590275280.jpg|https://img10.naventcdn.com/avisos/18/01/49/08/90/14/1200x1200/1590275272.jpg|https://img10.naventcdn.com/avisos/18/01/49/08/90/14/1200x1200/1590275271.jpg|https://img10.naventcdn.com/avisos/18/01/49/08/90/14/1200x1200/1590275262.jpg|https://img10.naventcdn.com/avisos/18/01/49/08/90/14/1200x1200/1590275261.jpg|https://img10.naventcdn.com/avisos/18/01/49/08/90/14/1200x1200/1590275269.jpg|https://img10.naventcdn.com/avisos/18/01/49/08/90/14/1200x1200/1590275268.jpg|https://img10.naventcdn.com/avisos/18/01/49/08/90/14/1200x1200/1590275264.jpg|https://img10.naventcdn.com/avisos/18/01/49/08/90/14/1200x1200/1590275265.jpg|https://img10.naventcdn.com/avisos/18/01/49/08/90/14/1200x1200/1590275267.jpg|https://img10.naventcdn.com/avisos/18/01/49/08/90/14/1200x1200/1590275266.jpg|https://img10.naventcdn.com/avisos/18/01/49/08/90/14/1200x1200/1590275270.jpg|https://img10.naventcdn.com/avisos/18/01/49/08/90/14/1200x1200/1590275274.jpg|https://img10.naventcdn.com/avisos/18/01/49/08/90/14/1200x1200/1590275263.jpg|https://img10.naventcdn.com/avisos/18/01/49/08/90/14/1200x1200/1590275275.jpg,,52 4931067152,GARZA INMOBILIARIA,717172,https://www.inmuebles24.com/inmobiliarias/garza-inmobiliaria_717172-inmuebles.html,2026-02-25T23:34:21Z,2026-08-25T22:38:53.460699+00:00,https://www.inmuebles24.com/casas-o-casa-en-condominio-o-departamentos-en-venta-en-zacatecas-provincia-ordenado-por-fechaonline-descendente.html-pagina-2.html
https://www.inmuebles24.com/propiedades/clasificado/veclcain-exp.-403-la-martinica-guadalupe-zacatecas-63625623.html,63625623,403,sale,"Exp. 403 La Martinica, Guadalupe, Zacatecas",Inmueble propiedad de Banjercito con documentación completa y todo listo para escriturar. Cuenta con: * 2 nivel de construcción * Área para sala-comedor * Área para Cocina * 3 recámaras * 1 1/2 baño completo * Estacionamiento * Patio de servicio. ¡Haz crecer tu patrimonio con Banjercito! Visita nuestra página oficial para ver mas inmuebles como este: “Bienes inmuebles Banjercito”,542700,"MN 542,700",MXN,venta,Casa,"Fraccionamiento La Martinica, Guadalupe, Zacatecas.",Fraccionamiento La Martinica,Guadalupe,Zacatecas,22.7383081,-102.5272932,3.0,1.0,84,112.0,1.0,,8,Publicado hace más de 1 año,,https://img10.naventcdn.com/avisos/18/00/63/62/56/23/1200x1200/1593248379.jpg?isFirstImage=true|https://img10.naventcdn.com/avisos/resize/18/00/63/62/56/23/1200x1200/1096527258.jpg|https://img10.naventcdn.com/avisos/resize/18/00/63/62/56/23/1200x1200/1096527252.jpg|https://img10.naventcdn.com/avisos/resize/18/00/63/62/56/23/1200x1200/1096527253.jpg|https://img10.naventcdn.com/avisos/18/00/63/62/56/23/1200x1200/1593248378.jpg|https://img10.naventcdn.com/avisos/18/00/63/62/56/23/1200x1200/1547543924.jpg|https://img10.naventcdn.com/avisos/18/00/63/62/56/23/1200x1200/1547543927.jpg|https://img10.naventcdn.com/avisos/18/00/63/62/56/23/1200x1200/1547543929.jpg|https://img10.naventcdn.com/avisos/18/00/63/62/56/23/1200x1200/1547543926.jpg|https://img10.naventcdn.com/avisos/18/00/63/62/56/23/1200x1200/1593248381.jpg|https://img10.naventcdn.com/avisos/18/00/63/62/56/23/1200x1200/1593248376.jpg|https://img10.naventcdn.com/avisos/18/00/63/62/56/23/1200x1200/1547543930.jpg|https://img10.naventcdn.com/avisos/18/00/63/62/56/23/1200x1200/1593248375.jpg|https://img10.naventcdn.com/avisos/18/00/63/62/56/23/1200x1200/1547543928.jpg|https://img10.naventcdn.com/avisos/resize/18/00/63/62/56/23/1200x1200/1096527255.jpg|https://img10.naventcdn.com/avisos/18/00/63/62/56/23/1200x1200/1593248380.jpg|https://img10.naventcdn.com/avisos/18/00/63/62/56/23/1200x1200/1593248374.jpg|https://img10.naventcdn.com/avisos/18/00/63/62/56/23/1200x1200/1593248377.jpg|https://img10.naventcdn.com/avisos/resize/18/00/63/62/56/23/1200x1200/1096527569.jpg,55398.0,52 1 5539885820,BANJERCITO,51245444,https://www.inmuebles24.com/inmobiliarias/banjercito_51245444-inmuebles.html,2022-03-22T16:37:15Z,2026-08-25T22:38:53.460699+00:00,https://www.inmuebles24.com/casas-o-casa-en-condominio-o-departamentos-en-venta-en-zacatecas-provincia-ordenado-por-fechaonline-descendente.html-pagina-2.html
https://www.inmuebles24.com/propiedades/clasificado/veclcain-finca-en-venta-en-el-centro-de-zacatecas-144281176.html,144281176,EHO6333153,sale,Finca en Venta en El Centro de Zacatecas,"Finca en venta en el centro de ZacatecasPrecio 3,500,000 Características 164m de terreno 317m de construcción Con una increíble vista desde la terraza",2500000,"MN 2,500,000",MXN,venta,Casa,"Calle del Tepozan, Zacatecas",,Zacatecas,Zacatecas,22.7705359,-102.5685297,,,317,164.0,,0.0,A estrenar,Publicado hace más de 1 año,,https://img10.naventcdn.com/avisos/18/01/44/28/11/76/1200x1200/1479467826.jpg?isFirstImage=true|https://img10.naventcdn.com/avisos/18/01/44/28/11/76/1200x1200/1479467828.jpg|https://img10.naventcdn.com/avisos/18/01/44/28/11/76/1200x1200/1479467827.jpg|https://img10.naventcdn.com/avisos/18/01/44/28/11/76/1200x1200/1479467825.jpg|https://img10.naventcdn.com/avisos/18/01/44/28/11/76/1200x1200/1479467819.jpg|https://img10.naventcdn.com/avisos/18/01/44/28/11/76/1200x1200/1479467822.jpg|https://img10.naventcdn.com/avisos/18/01/44/28/11/76/1200x1200/1479467823.jpg|https://img10.naventcdn.com/avisos/18/01/44/28/11/76/1200x1200/1479467821.jpg|https://img10.naventcdn.com/avisos/18/01/44/28/11/76/1200x1200/1479467820.jpg|https://img10.naventcdn.com/avisos/18/01/44/28/11/76/1200x1200/1479467824.jpg,,4921387605,Argelia Valverde,51090565,https://www.inmuebles24.com/inmobiliarias/argelia-valverde_51090565-inmuebles.html,2024-08-09T16:27:23Z,2026-08-25T22:38:53.460699+00:00,https://www.inmuebles24.com/casas-o-casa-en-condominio-o-departamentos-en-venta-en-zacatecas-provincia-ordenado-por-fechaonline-descendente.html-pagina-2.html
https://www.inmuebles24.com/propiedades/clasificado/veclcain-hacienda-valle-dorado-casa-en-venta-en-guadalupe-zac.-149543978.html,149543978,64IJT8,sale,"Hacienda Valle Dorado Casa en Venta en Guadalupe, Zac.","HACIENDA VALLE DORADO, CASA DE 2 PLANTAS EN VENTA, CONSTA DE COCHERA PARA UN AUTO, SALA COMEDOR, COCINA, 2 RECÁMARAS, UN BAÑO Y UN AMPLIO PATIO TRASERO. TIENE 48 METROS CONSTRUIDOS Y 86 METROS DE TERRENO. $721,000 SOLO CONTADO PRECIO NEGOCIABLE. MAYORES INFORMES LLAME O MANDE WHATSAPP AL Ver datos",721000,"MN 721,000",MXN,venta,Casa,Guadalupe - Zacatecas,,Guadalupe,Zacatecas,22.7541699,-102.5137437,2.0,1.0,48,86.0,1.0,,5,Publicado hace 132 días,,https://img10.naventcdn.com/avisos/18/01/49/54/39/78/1200x1200/1599694063.jpg?isFirstImage=true|https://img10.naventcdn.com/avisos/18/01/49/54/39/78/1200x1200/1599694065.jpg|https://img10.naventcdn.com/avisos/18/01/49/54/39/78/1200x1200/1599694058.jpg|https://img10.naventcdn.com/avisos/18/01/49/54/39/78/1200x1200/1599694056.jpg|https://img10.naventcdn.com/avisos/18/01/49/54/39/78/1200x1200/1599694057.jpg|https://img10.naventcdn.com/avisos/18/01/49/54/39/78/1200x1200/1599694055.jpg|https://img10.naventcdn.com/avisos/18/01/49/54/39/78/1200x1200/1599694064.jpg|https://img10.naventcdn.com/avisos/18/01/49/54/39/78/1200x1200/1599694059.jpg|https://img10.naventcdn.com/avisos/18/01/49/54/39/78/1200x1200/1599694062.jpg|https://img10.naventcdn.com/avisos/18/01/49/54/39/78/1200x1200/1599694061.jpg|https://img10.naventcdn.com/avisos/18/01/49/54/39/78/1200x1200/1599694060.jpg,,52 4494961011,"Valuación y Promoción Inmobiliaria, S.A. de C.V. (VPI)",50004635,https://www.inmuebles24.com/inmobiliarias/valuacion-y-promocion-inmobiliaria-s.a.-de-c.v.-vpi_50004635-inmuebles.html,2026-04-15T17:08:53Z,2026-08-25T22:38:53.460699+00:00,https://www.inmuebles24.com/casas-o-casa-en-condominio-o-departamentos-en-venta-en-zacatecas-provincia-ordenado-por-fechaonline-descendente.html-pagina-2.html
https://www.inmuebles24.com/propiedades/clasificado/veclcain-venta-de-casa-habitacion-en-el-centro-historico-de-149446391.html,149446391,NX-294315,sale,"Venta de Casa - Habitación en El Centro Histórico de Zacatecas, Zac.","Ref: 2 9 4 3 1 5 Esta espaciosa casa en venta se encuentra ubicada dentro del Centro Histórico de Zacatecas, Zac. en Colonia la Primavera, Zacatecas, Zacatecas. Con una construcción de 156 m2, esta propiedad cuenta con 5 recamaras, 2 baños completos y 1 medio baño, y un local comercial, ideal para una familia numerosa o para aquellos que desean contar con espacios amplios y cómodos. Con uso de suelo residencial, esta casa es perfecta para quienes buscan un hogar en una zona segura y residencial. Además de sus cómodas características, esta propiedad se encuentra cerca de varias zonas de interés, como el Centro Comercial Plaza Galerías, ideal para aquellos que disfrutan de hacer compras o de probar la variada oferta gastronómica de la zona. Asimismo, se encuentra cercana de Parques, hospitales, escuelas, universidades, escuelas, una gran variedad de comercios y restaurantes. En cuanto a vías de acceso contando con transporte publico la casa en venta en Primavera cuenta con fácil acceso a importantes avenidas como la Avenida Universidad , Bulevar López Mateos, Av. López Velarde y la . principal del Centro Av. Hidalgo y la Avenida Juárez, lo que permite una fácil movilidad en la zona. Con todos estos beneficios y comodidades, esta casa representa una excelente oportunidad para aquellos que buscan un hogar espacioso y bien ubicado en Zacatecas. ¡No pierdas la oportunidad de conocerla!",2200000,"MN 2,200,000",MXN,venta,Casa,De La VICTORIA 471,Primavera,Zacatecas,Zacatecas,22.771998698327124,-102.56934874475596,4.0,2.0,156,100.0,,0.0,20,Publicado hace 144 días,,https://img10.naventcdn.com/avisos/18/01/49/44/63/91/1200x1200/1597556965.jpg?isFirstImage=true|https://img10.naventcdn.com/avisos/18/01/49/44/63/91/1200x1200/1597556968.jpg|https://img10.naventcdn.com/avisos/18/01/49/44/63/91/1200x1200/1597556957.jpg|https://img10.naventcdn.com/avisos/18/01/49/44/63/91/1200x1200/1597556967.jpg|https://img10.naventcdn.com/avisos/18/01/49/44/63/91/1200x1200/1597556964.jpg|https://img10.naventcdn.com/avisos/18/01/49/44/63/91/1200x1200/1597556958.jpg|https://img10.naventcdn.com/avisos/18/01/49/44/63/91/1200x1200/1597556966.jpg|https://img10.naventcdn.com/avisos/18/01/49/44/63/91/1200x1200/1597556959.jpg|https://img10.naventcdn.com/avisos/18/01/49/44/63/91/1200x1200/1597556963.jpg|https://img10.naventcdn.com/avisos/18/01/49/44/63/91/1200x1200/1597556962.jpg|https://img10.naventcdn.com/avisos/18/01/49/44/63/91/1200x1200/1597556961.jpg|https://img10.naventcdn.com/avisos/18/01/49/44/63/91/1200x1200/1597556960.jpg,,52 5574117755,iad Inmobiliaria,50956067,https://www.inmuebles24.com/inmobiliarias/iad-inmobiliaria_50956067-inmuebles.html,2026-04-03T15:17:23Z,2026-08-25T22:38:53.460699+00:00,https://www.inmuebles24.com/casas-o-casa-en-condominio-o-departamentos-en-venta-en-zacatecas-provincia-ordenado-por-fechaonline-descendente.html-pagina-2.html
https://www.inmuebles24.com/propiedades/clasificado/veclcain-venta-de-casa-y-terreno-de-media-hectarea-en-la-149616866.html,149616866,64LASQ,sale,Venta de Casa y Terreno de Media Hectárea en La Comunidad Dela Laborcilla Concha del Oro,"Casa en venta ubicada en La LABORCILLA , ideal para quienes buscan tranquilidad y espacio. Cuenta con 2 dormitorios y 1 baño,. La superficie construida es de 62 m² y se complementa con un extenso terreno de 5000m², ofreciendo múltiples posibilidades para expandir o crear áreas de recreación al aire libre. Dispone de 4 estacionamientos, facilitando el acceso y la comodidad. La propiedad cuenta con patio y servicios básicos como agua y luz. en buen estado de conservación, esta casa se presenta como una excelente oportunidad en la zona.",800000,"MN 800,000",MXN,venta,Casa,La Laborcilla,Las Lajas,Concepción del Oro,Zacatecas,24.5689193,-101.3682829,2,1,189,5161,4,,13,Publicado hace 125 días,,https://img10.naventcdn.com/avisos/18/01/49/61/68/66/1200x1200/1601369362.jpg?isFirstImage=true|https://img10.naventcdn.com/avisos/18/01/49/61/68/66/1200x1200/1601369361.jpg|https://img10.naventcdn.com/avisos/18/01/49/61/68/66/1200x1200/1601372637.jpg|https://img10.naventcdn.com/avisos/18/01/49/61/68/66/1200x1200/1601369364.jpg|https://img10.naventcdn.com/avisos/18/01/49/61/68/66/1200x1200/1601372638.jpg|https://img10.naventcdn.com/avisos/18/01/49/61/68/66/1200x1200/1601369363.jpg|https://img10.naventcdn.com/avisos/18/01/49/61/68/66/1200x1200/1601369360.jpg|https://img10.naventcdn.com/avisos/18/01/49/61/68/66/1200x1200/1601372636.jpg,,52 4921033222,Calli bienes raices,102957848,https://www.inmuebles24.com/inmobiliarias/calli-bienes-raices_102957848-inmuebles.html,2026-04-22T17:32:50Z,2026-08-25T22:39:25.860437+00:00,https://www.inmuebles24.com/casas-o-casa-en-condominio-o-departamentos-en-venta-en-zacatecas-provincia-ordenado-por-fechaonline-descendente.html-pagina-2.html
https://www.inmuebles24.com/propiedades/clasificado/veclcapa-casa-en-colinas-del-padre-cerca-de-central-camionera-145299466.html,145299466,5TBDPG,sale,"Casa en Colinas del Padre, Cerca de Central Camionera","Casa desarrollada en dos niveles con estacionamiento para un auto techado con malla sombra, estancia/comedor, cocina, 3 recamaras 1.5 baños y un sótano. WhatsApp Ver datos",1400000,"MN 1,400,000",MXN,venta,Casa,Colinas del Padre,Colinas Del Padre,Zacatecas,Zacatecas,22.749575,-102.5835937,3,1,114,120,1,,20,Publicado hace más de 1 año,,https://img10.naventcdn.com/avisos/18/01/45/29/94/66/1200x1200/1518988534.jpg?isFirstImage=true|https://img10.naventcdn.com/avisos/18/01/45/29/94/66/1200x1200/1500934711.jpg|https://img10.naventcdn.com/avisos/18/01/45/29/94/66/1200x1200/1500934705.jpg|https://img10.naventcdn.com/avisos/18/01/45/29/94/66/1200x1200/1500934710.jpg|https://img10.naventcdn.com/avisos/18/01/45/29/94/66/1200x1200/1500934712.jpg|https://img10.naventcdn.com/avisos/18/01/45/29/94/66/1200x1200/1500934704.jpg|https://img10.naventcdn.com/avisos/18/01/45/29/94/66/1200x1200/1500934713.jpg|https://img10.naventcdn.com/avisos/18/01/45/29/94/66/1200x1200/1500934715.jpg|https://img10.naventcdn.com/avisos/18/01/45/29/94/66/1200x1200/1500934718.jpg|https://img10.naventcdn.com/avisos/18/01/45/29/94/66/1200x1200/1500934717.jpg|https://img10.naventcdn.com/avisos/18/01/45/29/94/66/1200x1200/1500934708.jpg|https://img10.naventcdn.com/avisos/18/01/45/29/94/66/1200x1200/1500934709.jpg|https://img10.naventcdn.com/avisos/18/01/45/29/94/66/1200x1200/1500934706.jpg,,,JUAN MUÑOZ,102747169,https://www.inmuebles24.com/inmobiliarias/juan-munoz_102747169-inmuebles.html,2024-12-15T14:38:18Z,2026-08-25T22:39:25.860437+00:00,https://www.inmuebles24.com/casas-o-casa-en-condominio-o-departamentos-en-venta-en-zacatecas-provincia-ordenado-por-fechaonline-descendente.html-pagina-2.html
https://www.inmuebles24.com/propiedades/clasificado/veclcapa-casa-en-privada-conde-santiago-de-la-laguna-abajo-146405012.html,146405012,60MC72,sale,"Casa en Privada Conde Santiago de La Laguna (Abajo), Guadalupe, Zac. Cp 98610","Casa en Privada Conde Santiago de la Laguna (abajo), Guadalupe, Zac., CP Ver datos Precio: $4,650,000.00 Terreno: 150m2 Construcción: 225.45m2 Primer nivel -\tCochera para dos autos techada y con portón eléctrico -\tSala -\tComedor -\tCocina integral con desayunador -\tJardín -\tCuarto de lavado Segundo nivel -\t3 habitaciones, la principal con baño completo y dos clósets -\tBaño completo compartido -\tSala de TV/Estudio Información adicional -\t1 tinacos de 1,100 lts. -\tBoiler de paso -\tDepósito de agua de 2,800 lts. -\tTanque estacionario de 300 lts.b -\tÁreas verdes -\tZona de juegos infantiles Zonas de interés cercanas -\tSupermercados -\tCentros comerciales -\tGimnasios -\tClubes deportivos -\tEscuelas y universidades -\tHospitales -\tAcceso a las principales vías de comunicación en Zacatecas y Guadalupe Vive en una de las privadas más exclusivas y de mayor plusvalía en Guadalupe. Posibilidad de renta con opción a venta. Visítala previa cita. Buscamos opciones de financiamiento hipotecario adecuados a tus necesidades y presupuesto, sin costo adicional por trámite y gestión.",4650000,"MN 4,650,000",MXN,venta,Casa,Calle de los Molinos,Fraccionamiento Conde Santiago de La Laguna,Guadalupe,Zacatecas,23.634501,-102.552784,3,2,251,150,2,,13,Publicado hace más de 1 año,,https://img10.naventcdn.com/avisos/18/01/46/40/50/12/1200x1200/1615024696.jpg?isFirstImage=true|https://img10.naventcdn.com/avisos/18/01/46/40/50/12/1200x1200/1615024709.jpg|https://img10.naventcdn.com/avisos/18/01/46/40/50/12/1200x1200/1615024714.jpg|https://img10.naventcdn.com/avisos/18/01/46/40/50/12/1200x1200/1615024711.jpg|https://img10.naventcdn.com/avisos/18/01/46/40/50/12/1200x1200/1615024706.jpg|https://img10.naventcdn.com/avisos/18/01/46/40/50/12/1200x1200/1615024700.jpg|https://img10.naventcdn.com/avisos/18/01/46/40/50/12/1200x1200/1615024710.jpg|https://img10.naventcdn.com/avisos/18/01/46/40/50/12/1200x1200/1615024708.jpg|https://img10.naventcdn.com/avisos/18/01/46/40/50/12/1200x1200/1615024705.jpg|https://img10.naventcdn.com/avisos/18/01/46/40/50/12/1200x1200/1615024713.jpg|https://img10.naventcdn.com/avisos/18/01/46/40/50/12/1200x1200/1615024701.jpg|https://img10.naventcdn.com/avisos/18/01/46/40/50/12/1200x1200/1615024707.jpg|https://img10.naventcdn.com/avisos/18/01/46/40/50/12/1200x1200/1615024704.jpg|https://img10.naventcdn.com/avisos/18/01/46/40/50/12/1200x1200/1615024703.jpg|https://img10.naventcdn.com/avisos/18/01/46/40/50/12/1200x1200/1615024715.jpg|https://img10.naventcdn.com/avisos/18/01/46/40/50/12/1200x1200/1615024712.jpg|https://img10.naventcdn.com/avisos/18/01/46/40/50/12/1200x1200/1615024702.jpg|https://img10.naventcdn.com/avisos/18/01/46/40/50/12/1200x1200/1615024699.jpg|https://img10.naventcdn.com/avisos/18/01/46/40/50/12/1200x1200/1615024697.jpg|https://img10.naventcdn.com/avisos/18/01/46/40/50/12/1200x1200/1615024698.jpg|https://img10.naventcdn.com/avisos/18/01/46/40/50/12/1200x1200/1615024716.jpg,,52 1 4921178173,RUBEN CARLOS DIEZ,102490919,https://www.inmuebles24.com/inmobiliarias/ruben-carlos-diez_102490919-inmuebles.html,2025-05-10T19:27:53Z,2026-08-25T22:39:25.860437+00:00,https://www.inmuebles24.com/casas-o-casa-en-condominio-o-departamentos-en-venta-en-zacatecas-provincia-ordenado-por-fechaonline-descendente.html-pagina-2.html
https://www.inmuebles24.com/propiedades/clasificado/veclccin-residencial-acqua-estupenda-casa-en-venta-en-guadalupe-147537698.html,147537698,624AN8,sale,Residencial Acqua Estupenda Casa en Venta en Guadalupe Zacatecas Precio Negociable,"RESIDENCIAL ACQUA EN GUADALUPE, ZACATECAS. ESTUPENDA CASA EN VENTA, CUENTA CON COCHERA PARA 2 AUTOS, SALA COMEDOR, COCINA EQUIPADA, 3.5 BAÑOS, 3 RECÁMARAS, SALA FAMILIAR, ETC. TIENE 150 METROS DE TERRENO Y 253 METROS CONSTRUIDOS. $5,075,000 PRECIO NEGOCIABLE. MAYORES INFORMES LLAME O MANDE WHATSAPP AL Ver datos",5075000,"MN 5,075,000",MXN,venta,Casa en condominio,PRIVADA ACQUA,La Cañada 2A Etapa,Guadalupe,Zacatecas,22.7749424,-102.5300459,3,3,253,150,2,1500,3,Publicado hace 351 días,,https://img10.naventcdn.com/avisos/18/01/47/53/76/98/1200x1200/1558926142.jpg?isFirstImage=true|https://img10.naventcdn.com/avisos/18/01/47/53/76/98/1200x1200/1558926146.jpg|https://img10.naventcdn.com/avisos/18/01/47/53/76/98/1200x1200/1558926149.jpg|https://img10.naventcdn.com/avisos/18/01/47/53/76/98/1200x1200/1558926151.jpg|https://img10.naventcdn.com/avisos/18/01/47/53/76/98/1200x1200/1558926148.jpg|https://img10.naventcdn.com/avisos/18/01/47/53/76/98/1200x1200/1558926147.jpg|https://img10.naventcdn.com/avisos/18/01/47/53/76/98/1200x1200/1558926153.jpg|https://img10.naventcdn.com/avisos/18/01/47/53/76/98/1200x1200/1558926154.jpg|https://img10.naventcdn.com/avisos/18/01/47/53/76/98/1200x1200/1558926145.jpg|https://img10.naventcdn.com/avisos/18/01/47/53/76/98/1200x1200/1558926150.jpg|https://img10.naventcdn.com/avisos/18/01/47/53/76/98/1200x1200/1558926143.jpg|https://img10.naventcdn.com/avisos/18/01/47/53/76/98/1200x1200/1558926144.jpg|https://img10.naventcdn.com/avisos/18/01/47/53/76/98/1200x1200/1558926152.jpg,,52 4494961011,"Valuación y Promoción Inmobiliaria, S.A. de C.V. (VPI)",50004635,https://www.inmuebles24.com/inmobiliarias/valuacion-y-promocion-inmobiliaria-s.a.-de-c.v.-vpi_50004635-inmuebles.html,2025-09-08T16:52:30Z,2026-08-25T22:39:25.860437+00:00,https://www.inmuebles24.com/casas-o-casa-en-condominio-o-departamentos-en-venta-en-zacatecas-provincia-ordenado-por-fechaonline-descendente.html-pagina-2.html
https://www.inmuebles24.com/propiedades/clasificado/veclccin-residencial-zima-142846148.html,142846148,5QAHS8,sale,Residencial Zima,"VENTA DE CASAS EN ZACATECAS VEN A CONOCER HERMOSAS CASAS EN RESIDENCIAL ZIMA Amplia casa de dos plantas Desde $1,390,000.00 MXN 3 recámaras 1 y 1/2 baño 2 estacionamientos 90 m terreno 103m construcción *AMENIDADES * Áreas verdes Juegos para niños Estamos a 8 min de plaza Galerías ***Vigencia del precio y anuncio del 01 al 31 de marzo del 2024. Precio y disponibilidad sujetos a cambios sin previo aviso. El precio no incluye gastos de escrituración, avalúos u otros relacionados con el trámite de un crédito hipotecario. Se aceptan pagos con créditos hipotecarios, crédito fovissste o pago de contado. **La fotografías son ilustrativas, la casa no incluye los muebles o artículos decorativos.",1472000,"MN 1,472,000",MXN,venta,Casa en condominio,San Isidro 101,Lázaro Cárdenas,Zacatecas,Zacatecas,22.761999191964044,-102.62302088715515,3,1,103,90,2,,A estrenar,Publicado hace más de 1 año,,https://img10.naventcdn.com/avisos/resize/18/01/42/84/61/48/1200x1200/1443443297.jpg?isFirstImage=true|https://img10.naventcdn.com/avisos/resize/18/01/42/84/61/48/1200x1200/1443443295.jpg|https://img10.naventcdn.com/avisos/resize/18/01/42/84/61/48/1200x1200/1443443296.jpg|https://img10.naventcdn.com/avisos/resize/18/01/42/84/61/48/1200x1200/1443443293.jpg|https://img10.naventcdn.com/avisos/resize/18/01/42/84/61/48/1200x1200/1443443288.jpg|https://img10.naventcdn.com/avisos/18/01/42/84/61/48/1200x1200/1443443269.jpg|https://img10.naventcdn.com/avisos/18/01/42/84/61/48/1200x1200/1443443266.jpg|https://img10.naventcdn.com/avisos/resize/18/01/42/84/61/48/1200x1200/1443443294.jpg|https://img10.naventcdn.com/avisos/resize/18/01/42/84/61/48/1200x1200/1443443287.jpg|https://img10.naventcdn.com/avisos/resize/18/01/42/84/61/48/1200x1200/1443443284.jpg|https://img10.naventcdn.com/avisos/resize/18/01/42/84/61/48/1200x1200/1443443290.jpg|https://img10.naventcdn.com/avisos/resize/18/01/42/84/61/48/1200x1200/1443443291.jpg|https://img10.naventcdn.com/avisos/resize/18/01/42/84/61/48/1200x1200/1443443283.jpg|https://img10.naventcdn.com/avisos/18/01/42/84/61/48/1200x1200/1443443268.jpg|https://img10.naventcdn.com/avisos/18/01/42/84/61/48/1200x1200/1443443264.jpg|https://img10.naventcdn.com/avisos/18/01/42/84/61/48/1200x1200/1443443270.jpg|https://img10.naventcdn.com/avisos/18/01/42/84/61/48/1200x1200/1443443265.jpg|https://img10.naventcdn.com/avisos/18/01/42/84/61/48/1200x1200/1443443263.jpg,,,Affare Bienes Raíces 2,683915,https://www.inmuebles24.com/inmobiliarias/affare-bienes-raices-2_683915-inmuebles.html,2024-02-27T21:30:48Z,2026-08-25T22:39:25.860437+00:00,https://www.inmuebles24.com/casas-o-casa-en-condominio-o-departamentos-en-venta-en-zacatecas-provincia-ordenado-por-fechaonline-descendente.html-pagina-2.html
