url,listing_id,listing_code,listing_type,title,description,price,price_text,currency,operation,property_type,location,neighborhood,city,state,latitude,longitude,bedrooms,bathrooms,built_m2,land_m2,parking,maintenance_expenses,antiquity_years,publication_age,views_count,image_urls,phone_partial,whatsapp,advertiser_name,advertiser_id,advertiser_url,published_date,scraped_at,source_page
https://www.inmuebles24.com/propiedades/clasificado/veclapin-departamento-de-70-m-sup2--con-1-recamara-en-venta-en-150850428.html,150850428,6671HI,sale,Departamento de 70 m&sup2; con 1 Recámara en Venta en Val Quirico,"Departamento en venta ubicado en el exclusivo desarrollo de Val Quirico, Estado de Tlaxcala. La propiedad cuenta con 70 m² de superficie construida esta en el segundo nivel y la torre cuenta con elevador.Al interior dispone de estancia para sala y comedor, cocina integral equipada, 1 recámara con clóset y 1 baño completo. El inmueble ofrece 1 cajón de estacionamiento con pension parkimovil y acceso a servicios básicos como agua, luz e internet de alta velocidad. La seguridad está garantizada mediante caseta de guardia y vigilancia privada las 24 horas del día. La zona se caracteriza por su ambiente seguro de estilo medieval, calles empedradas y una amplia oferta gastronómica, tiendas de diseño y galerías de arte a pocos pasos.",4317750,"MN 4,317,750",MXN,venta,Apartamento,Val'Quirico,Val'Quirico,Tetlatlahuca,Tlaxcala,19.191372,-98.2894149,1.0,1.0,70.0,70.0,1.0,,A estrenar,Publicado hace 6 días,,https://img10.naventcdn.com/avisos/18/01/50/85/04/28/1200x1200/1626744967.jpg?isFirstImage=true|https://img10.naventcdn.com/avisos/18/01/50/85/04/28/1200x1200/1626744961.jpg|https://img10.naventcdn.com/avisos/18/01/50/85/04/28/1200x1200/1626744963.jpg|https://img10.naventcdn.com/avisos/18/01/50/85/04/28/1200x1200/1626744962.jpg|https://img10.naventcdn.com/avisos/18/01/50/85/04/28/1200x1200/1626744964.jpg|https://img10.naventcdn.com/avisos/18/01/50/85/04/28/1200x1200/1626744966.jpg|https://img10.naventcdn.com/avisos/18/01/50/85/04/28/1200x1200/1626744965.jpg|https://img10.naventcdn.com/avisos/18/01/50/85/04/28/1200x1200/1626744968.jpg|https://img10.naventcdn.com/avisos/18/01/50/85/04/28/1200x1200/1626744960.jpg,,52 2224366668,IVANIA ORNELAS,51166848,https://www.inmuebles24.com/inmobiliarias/ivania-ornelas_51166848-inmuebles.html,2026-08-19T21:22:35Z,2026-08-25T09:43:14.067469+00:00,https://www.inmuebles24.com/casas-o-casa-en-condominio-o-departamentos-en-venta-en-tlaxcala-provincia-ordenado-por-fechaonline-descendente.html.html
https://www.inmuebles24.com/propiedades/clasificado/veclapin-departamento-en-preventa-en-val-quirico-3-recamaras-y-150798515.html,150798515,UAP7594340,sale,"Departamento en Preventa en val'Quirico, 3 Recamaras y Amenidades Tlaxcala - Puebla.","**Departamento de 3 Recámaras en Venta en EQUIAH Villa Sustentable, junto a Val’Quirico | $8,830,000** Descubre **Sauce Blanco**, un exclusivo departamento de 3 recámaras en EQUIAH Villa Sustentable, un proyecto residencial de baja densidad ubicado a un costado de Val’Quirico, donde arquitectura, naturaleza y privacidad se integran para ofrecer un estilo de vida diferente. Con **244.6 m² de construcción**, este departamento destaca por sus espacios generosos, family room y una distribución pensada para disfrutar tanto las áreas privadas como las sociales. Además, cuenta con terraza techada, cocina integral con isla y dos cajones de estacionamiento con pérgola. ### Características * Precio: $8,830,000 MXN * Modelo: Sauce * 244.6 m² de construcción * 3 recámaras * 3.5 baños * Family room * Sala-comedor * Cocina integral con isla * Cubierta de granito o similar * Despensa * Cuarto de lavado * Habitación de servicio con baño completo * Terraza techada * Bodega * 2 cajones de estacionamiento con pérgola * Entrega: junio de 2027 ### Incluye * Cocina integral con isla equipada y cubierta de granito o similar * Clósets y vestidores en las recámaras * Canceles de baño de vidrio templado en regaderas de recámara principal y secundarias * Repisas en la despensa * 2 cajones de estacionamiento con pérgola * 4 paneles solares * Piso vinílico imitación madera en cocina, medio baño, recámaras y estancia * Piso cerámico en terraza y baños completos * Apagadores inteligentes * Cerradura inteligente ### Amenidades de EQUIAH * Alberca techada con carriles de nado * Gimnasio equipado * Sala de yoga * Cancha de tenis * Cancha de futbolito y voleibol * Hípico EQUIAH * Terraza panorámica * Salón de eventos * Lobby * Elevador EQUIAH se desarrolla dentro de un entorno sustentable de aproximadamente **35,000 m²**, junto a Val’Quirico y con conexión hacia Cholula, Angelópolis y el Aeropuerto Internacional de Puebla. Una propiedad ideal para quienes buscan amplitud, tranquilidad y un concepto residencial exclusivo rodeado de naturaleza. **Informes y citas: Ver datos ** *Precio y disponibilidad sujetos a cambio sin previo aviso.*",8830000,"MN 8,830,000",MXN,venta,Apartamento,"Equiah, Villas Sustentables, Val'quirico, Tlaxcala Puebla. Sauce Blanco",Fraccionamiento Santa Agueda,Tlaxcala,Tlaxcala,19.1865272,-98.2903442,3.0,3.0,244.0,244.0,,0.0,A estrenar,Publicado hace 12 días,,https://img10.naventcdn.com/avisos/18/01/50/79/85/15/1200x1200/1625693887.jpg?isFirstImage=true|https://img10.naventcdn.com/avisos/18/01/50/79/85/15/1200x1200/1625693894.jpg|https://img10.naventcdn.com/avisos/18/01/50/79/85/15/1200x1200/1625693905.jpg|https://img10.naventcdn.com/avisos/18/01/50/79/85/15/1200x1200/1625693890.jpg|https://img10.naventcdn.com/avisos/18/01/50/79/85/15/1200x1200/1625693902.jpg|https://img10.naventcdn.com/avisos/18/01/50/79/85/15/1200x1200/1625693857.jpg|https://img10.naventcdn.com/avisos/18/01/50/79/85/15/1200x1200/1625693882.jpg|https://img10.naventcdn.com/avisos/18/01/50/79/85/15/1200x1200/1625693859.jpg|https://img10.naventcdn.com/avisos/18/01/50/79/85/15/1200x1200/1625693908.jpg|https://img10.naventcdn.com/avisos/18/01/50/79/85/15/1200x1200/1625693898.jpg|https://img10.naventcdn.com/avisos/18/01/50/79/85/15/1200x1200/1625693900.jpg|https://img10.naventcdn.com/avisos/18/01/50/79/85/15/1200x1200/1625693854.jpg|https://img10.naventcdn.com/avisos/18/01/50/79/85/15/1200x1200/1625693922.jpg|https://img10.naventcdn.com/avisos/18/01/50/79/85/15/1200x1200/1625693913.jpg|https://img10.naventcdn.com/avisos/18/01/50/79/85/15/1200x1200/1625693880.jpg|https://img10.naventcdn.com/avisos/18/01/50/79/85/15/1200x1200/1625693911.jpg|https://img10.naventcdn.com/avisos/18/01/50/79/85/15/1200x1200/1625693930.jpg|https://img10.naventcdn.com/avisos/18/01/50/79/85/15/1200x1200/1625693926.jpg|https://img10.naventcdn.com/avisos/18/01/50/79/85/15/1200x1200/1625693892.jpg|https://img10.naventcdn.com/avisos/18/01/50/79/85/15/1200x1200/1625693896.jpg|https://img10.naventcdn.com/avisos/18/01/50/79/85/15/1200x1200/1625693918.jpg|https://img10.naventcdn.com/avisos/18/01/50/79/85/15/1200x1200/1625693885.jpg,,52 2228415760,Urban,102413210,https://www.inmuebles24.com/inmobiliarias/urban_102413210-inmuebles.html,2026-08-14T00:26:20Z,2026-08-25T09:43:14.067469+00:00,https://www.inmuebles24.com/casas-o-casa-en-condominio-o-departamentos-en-venta-en-tlaxcala-provincia-ordenado-por-fechaonline-descendente.html.html
https://www.inmuebles24.com/propiedades/clasificado/veclapin-departamento-en-venta-en-valquirico-150819070.html,150819070,DepasVillaAlessandra,sale,Departamento en Venta en Valquirico,"Conoce un espacio de ensueño Villa Alessandra tu nuevo hogar. Hermoso departamento en primer nivel desarrollado en 86m2, con un diseño único y con acabados de exquisito gusto y calidad. Estancia, cocina integral, dos habitaciones confortables, un baño. Villa Alessandra se ubica en la Plazuela Hidalgo, ubicación inigualable que te conecta con la plazuela principal, cada espacio está lleno de magia, versatilidad y originalidad. Desarrollada en 4 niveles te ofrece 38 unidades, donde encontraras departamentos de una recamara hasta penthouse con 4 habitaciones. Primer desarrollo en Valqui que te ofrece elevador. Aprovecha atractivos descuentos con enganche del 30% y financiamiento de 6 meses durante el mes de agosto. Plusvalía garantizada.",5273210,"MN 5,273,210",MXN,venta,Apartamento,Val'Quirico,Val'Quirico,Tetlatlahuca,Tlaxcala,19.191372,-98.2894149,2.0,1.0,86.0,86.0,,,A estrenar,Publicado hace 9 días,,https://img10.naventcdn.com/avisos/18/01/50/81/90/70/1200x1200/1626107883.jpg?isFirstImage=true|https://img10.naventcdn.com/avisos/18/01/50/81/90/70/1200x1200/1626107880.jpg|https://img10.naventcdn.com/avisos/18/01/50/81/90/70/1200x1200/1626107864.jpg|https://img10.naventcdn.com/avisos/18/01/50/81/90/70/1200x1200/1626107882.jpg|https://img10.naventcdn.com/avisos/18/01/50/81/90/70/1200x1200/1626107863.jpg|https://img10.naventcdn.com/avisos/18/01/50/81/90/70/1200x1200/1626107876.jpg|https://img10.naventcdn.com/avisos/18/01/50/81/90/70/1200x1200/1626107862.jpg|https://img10.naventcdn.com/avisos/18/01/50/81/90/70/1200x1200/1626107855.jpg|https://img10.naventcdn.com/avisos/18/01/50/81/90/70/1200x1200/1626107851.jpg|https://img10.naventcdn.com/avisos/18/01/50/81/90/70/1200x1200/1626107868.jpg|https://img10.naventcdn.com/avisos/18/01/50/81/90/70/1200x1200/1626107856.jpg|https://img10.naventcdn.com/avisos/18/01/50/81/90/70/1200x1200/1626107854.jpg|https://img10.naventcdn.com/avisos/18/01/50/81/90/70/1200x1200/1626107869.jpg|https://img10.naventcdn.com/avisos/18/01/50/81/90/70/1200x1200/1626107860.jpg|https://img10.naventcdn.com/avisos/18/01/50/81/90/70/1200x1200/1626107888.jpg|https://img10.naventcdn.com/avisos/18/01/50/81/90/70/1200x1200/1626107879.jpg|https://img10.naventcdn.com/avisos/18/01/50/81/90/70/1200x1200/1626107874.jpg|https://img10.naventcdn.com/avisos/18/01/50/81/90/70/1200x1200/1626107884.jpg|https://img10.naventcdn.com/avisos/18/01/50/81/90/70/1200x1200/1626107877.jpg|https://img10.naventcdn.com/avisos/18/01/50/81/90/70/1200x1200/1626107881.jpg|https://img10.naventcdn.com/avisos/18/01/50/81/90/70/1200x1200/1626107886.jpg|https://img10.naventcdn.com/avisos/18/01/50/81/90/70/1200x1200/1626107887.jpg|https://img10.naventcdn.com/avisos/18/01/50/81/90/70/1200x1200/1626107885.jpg|https://img10.naventcdn.com/avisos/18/01/50/81/90/70/1200x1200/1626107871.jpg|https://img10.naventcdn.com/avisos/18/01/50/81/90/70/1200x1200/1626107866.jpg|https://img10.naventcdn.com/avisos/18/01/50/81/90/70/1200x1200/1626107873.jpg|https://img10.naventcdn.com/avisos/18/01/50/81/90/70/1200x1200/1626107878.jpg|https://img10.naventcdn.com/avisos/18/01/50/81/90/70/1200x1200/1626107857.jpg|https://img10.naventcdn.com/avisos/18/01/50/81/90/70/1200x1200/1626107875.jpg|https://img10.naventcdn.com/avisos/18/01/50/81/90/70/1200x1200/1626107850.jpg|https://img10.naventcdn.com/avisos/18/01/50/81/90/70/1200x1200/1626107865.jpg|https://img10.naventcdn.com/avisos/18/01/50/81/90/70/1200x1200/1626107867.jpg|https://img10.naventcdn.com/avisos/18/01/50/81/90/70/1200x1200/1626107859.jpg|https://img10.naventcdn.com/avisos/18/01/50/81/90/70/1200x1200/1626107870.jpg|https://img10.naventcdn.com/avisos/18/01/50/81/90/70/1200x1200/1626107853.jpg|https://img10.naventcdn.com/avisos/18/01/50/81/90/70/1200x1200/1626107861.jpg|https://img10.naventcdn.com/avisos/18/01/50/81/90/70/1200x1200/1626107872.jpg|https://img10.naventcdn.com/avisos/18/01/50/81/90/70/1200x1200/1626107852.jpg|https://img10.naventcdn.com/avisos/18/01/50/81/90/70/1200x1200/1626107858.jpg,22248.0,52 2224818305,Claudia Muñoz Aguirre,50858266,https://www.inmuebles24.com/inmobiliarias/claudia-munoz-aguirre_50858266-inmuebles.html,2026-08-17T02:29:02Z,2026-08-25T09:43:14.067469+00:00,https://www.inmuebles24.com/casas-o-casa-en-condominio-o-departamentos-en-venta-en-tlaxcala-provincia-ordenado-por-fechaonline-descendente.html.html
https://www.inmuebles24.com/propiedades/clasificado/veclapin-departamentoen-venta-en-coloniamexico-nuevo-147480024.html,147480024,ALTHEMATMNFR153BV1V1CA9210542185,sale,Departamentoen Venta en Coloniaméxico Nuevo,"Departamento en venta de 96.9 m2 de construcción, con vista interior, ubicado en 3er piso, Torre B Depto. 3, acceso por escaleras , 1 cajón de estacionamiento independiente techado. Consta de 2 habitaciones, 2 baños, sala comedor, cocina y área de lavabo. Tiene piso cerámico en habitaciones, zona social, baños y cocina. Cercano a Plaza Crystal Atizapán, Mega Multiplaza Alameda, Plaza Condesa, Galerías Atizapán, Museo Lic. Adolfo López Mateos, Parque Adolfo López Mateos, Deportivo México Nuevo, Chedraui, Walmart, Mega Soriana, , y accesible a transporte público de autobús, camión, combi; Vía de acceso por FRATERNIDAD. *VALOR DE ADMINISTRACION POR CONFIRMAR"""" Empresa de intermediacion inmobiliaria. compraventa,renta, remodelacion, construcción y administración de inmuebles. La información aquí proporcionada puede ser sujeta a cambio sin previo aviso y muestran únicamente una propuesta y de ninguna forma puede ser considerada vinculante, contractual o de forma alguna obligación de cumplir con cierto ofrecimiento. Las imágenes y contenido pueden estar sujetas a derechos de autor, por lo que no se autoriza de ninguna forma su uso fuera de este sitio ni para fines distintos a los que fue publicado. Para mayor información se recomienda contactar con un asesor que le brinde atención personalizada.",2317000,"MN 2,317,000",MXN,venta,Apartamento,Fraternidad15,Nuevo México,Santa Ana Nopalucan,Tlaxcala,19.307781,-98.34307,2.0,2.0,,,,0.0,6,Publicado desde ayer,,,,,A Más Patrimonio,22557,https://www.inmuebles24.com/inmobiliarias/a-mas-patrimonio_22557-inmuebles.html,2025-09-02T03:11:58Z,2026-08-25T09:43:14.067469+00:00,https://www.inmuebles24.com/casas-o-casa-en-condominio-o-departamentos-en-venta-en-tlaxcala-provincia-ordenado-por-fechaonline-descendente.html.html
https://www.inmuebles24.com/propiedades/clasificado/veclapin-departamentos-en-preventa-en-ocotlan-tlaxcala-150818119.html,150818119,EAP8654718,sale,"Departamentos en Preventa en Ocotlán, Tlaxcala","PREVENTA DE DEPARTAMENTOS EN BOSQUES OCOTLÁN Bosques Ocotlán se ubica a unas cuadras de Boulevard Gasoducto, a 3 minutos del Soriana Ocotlán en Ocotlán, Tlaxcala En ésta primera etapa de preventa, contamos con 8 departamentos disponibles, 2 departamentos por piso en 4 niveles, todos de 68 m2 que se distribuyen de la siguiente manera: - Sala - Comedor - Cocina Integral con estufa - Amplio cuarto de lavado - 2 recámaras - 2 baños completos - Recámara principal con baño completo y closet, pared de lambrin - Recámara secundaria con baño afuera y closet - 1 cajón de estacionamiento AMENIDADES - Gym - Salón - Pádel PRECIOS: - 3er Nivel $1,209,600 mxn - 2o Nivel $ 1,265,600 mxn - 1er Nivel $ 1,293,600 mxn - Planta Baja $1,327,600 mxn PRECIOS DESDE $1,209,600 MXN NOTA: - Caseta de vigilancia 24 horas - 1er año gratis costo de mantenimiento - Se aceptan créditos ¡ P E R S I A N A S E L É C T R I C A S D E R E G A L O P A R A P A G O S D E C O N T A D O ! ¡Llama para agendar una cita y conocerlos!",1209600,"MN 1,209,600",MXN,venta,Apartamento,"Ocotlán, Tlaxcala",Tlaxcala Centro,Tlaxcala,Tlaxcala,19.3167248,-98.2233613,2.0,1.0,68.0,68.0,1.0,0.0,A estrenar,Publicado hace 9 días,,https://img10.naventcdn.com/avisos/18/01/50/81/81/19/1200x1200/1626088014.jpg?isFirstImage=true|https://img10.naventcdn.com/avisos/18/01/50/81/81/19/1200x1200/1626088013.jpg|https://img10.naventcdn.com/avisos/18/01/50/81/81/19/1200x1200/1626088026.jpg|https://img10.naventcdn.com/avisos/18/01/50/81/81/19/1200x1200/1626088028.jpg|https://img10.naventcdn.com/avisos/18/01/50/81/81/19/1200x1200/1626088016.jpg|https://img10.naventcdn.com/avisos/18/01/50/81/81/19/1200x1200/1626088025.jpg|https://img10.naventcdn.com/avisos/18/01/50/81/81/19/1200x1200/1626088019.jpg|https://img10.naventcdn.com/avisos/18/01/50/81/81/19/1200x1200/1626088021.jpg|https://img10.naventcdn.com/avisos/18/01/50/81/81/19/1200x1200/1626088023.jpg|https://img10.naventcdn.com/avisos/18/01/50/81/81/19/1200x1200/1626088011.jpg|https://img10.naventcdn.com/avisos/18/01/50/81/81/19/1200x1200/1626088010.jpg|https://img10.naventcdn.com/avisos/18/01/50/81/81/19/1200x1200/1626088018.jpg|https://img10.naventcdn.com/avisos/18/01/50/81/81/19/1200x1200/1626088017.jpg|https://img10.naventcdn.com/avisos/18/01/50/81/81/19/1200x1200/1626088027.jpg|https://img10.naventcdn.com/avisos/18/01/50/81/81/19/1200x1200/1626088015.jpg|https://img10.naventcdn.com/avisos/18/01/50/81/81/19/1200x1200/1626088012.jpg|https://img10.naventcdn.com/avisos/18/01/50/81/81/19/1200x1200/1626088022.jpg|https://img10.naventcdn.com/avisos/18/01/50/81/81/19/1200x1200/1626088020.jpg|https://img10.naventcdn.com/avisos/18/01/50/81/81/19/1200x1200/1626088024.jpg|https://img10.naventcdn.com/avisos/18/01/50/81/81/19/1200x1200/1626088029.jpg,,,Eguiarte Grupo Inmobiliario,102329020,https://www.inmuebles24.com/inmobiliarias/eguiarte-grupo-inmobiliario_102329020-inmuebles.html,2026-08-16T19:10:41Z,2026-08-25T09:43:14.067469+00:00,https://www.inmuebles24.com/casas-o-casa-en-condominio-o-departamentos-en-venta-en-tlaxcala-provincia-ordenado-por-fechaonline-descendente.html.html
https://www.inmuebles24.com/propiedades/clasificado/veclapin-la-magia-de-val-quirico:-invierte-en-la-cuna-del-150863712.html,150863712,667GAC,sale,La Magia de Val’quirico: Invierte en La Cuna del Encanto y La Plusvalía,"LA MAGIA DE VAL’QUIRICO: Invierte en la Cuna del Encanto y la Plusvalía \""El arte de vivir bien al estilo europeo, sin salir de México.\"" DEPARTAMENTO VQ Ver datos - 86.51M2 : $5,273,210 MN: DESCUENTO 5% = ´ PRECIO DE OPORTNIDAD $5,009,549.50MN APARTADO $ 50,000MN ENGANCHE 30% FINANCIAMIENTO 70% A 6 MESES IN INTERESES. 2 HABITACIONES 1BAÑO – ELEVADOR. MANTENIMIENTO $3,488MN \""Val’Quirico no es solo un destino, es un activo extraordinario donde el encanto de la Toscana se transforma en rentabilidad pura y plusvalía garantizada.\""",5273210,"MN 5,273,210",MXN,venta,Apartamento,Val'Quirico,Val'Quirico,Tetlatlahuca,Tlaxcala,19.1898967,-98.2917371,2.0,1.0,86.0,86.0,,3480.0,A estrenar,Publicado hace 4 días,,https://img10.naventcdn.com/avisos/18/01/50/86/37/12/1200x1200/1627011686.jpg?isFirstImage=true|https://img10.naventcdn.com/avisos/18/01/50/86/37/12/1200x1200/1627011689.jpg|https://img10.naventcdn.com/avisos/18/01/50/86/37/12/1200x1200/1627011691.jpg|https://img10.naventcdn.com/avisos/18/01/50/86/37/12/1200x1200/1627011692.jpg|https://img10.naventcdn.com/avisos/18/01/50/86/37/12/1200x1200/1627011687.jpg|https://img10.naventcdn.com/avisos/18/01/50/86/37/12/1200x1200/1627011693.jpg|https://img10.naventcdn.com/avisos/18/01/50/86/37/12/1200x1200/1627011695.jpg|https://img10.naventcdn.com/avisos/18/01/50/86/37/12/1200x1200/1627011694.jpg|https://img10.naventcdn.com/avisos/18/01/50/86/37/12/1200x1200/1627011690.jpg|https://img10.naventcdn.com/avisos/18/01/50/86/37/12/1200x1200/1627011688.jpg,,52 2215187576,RENE AVILA GONZALEZ,102335210,https://www.inmuebles24.com/inmobiliarias/rene-avila-gonzalez_102335210-inmuebles.html,2026-08-21T05:15:12Z,2026-08-25T09:43:14.067469+00:00,https://www.inmuebles24.com/casas-o-casa-en-condominio-o-departamentos-en-venta-en-tlaxcala-provincia-ordenado-por-fechaonline-descendente.html.html
https://www.inmuebles24.com/propiedades/clasificado/veclapin-val-quirico-departamento-en-venta-villa-alessandra-150847524.html,150847524,NX-305562,sale,"Val`quirico Departamento en Venta, Villa Alessandra","Ref: 3 0 5 5 6 2 El departamento ubicado en Villa Alessandra (VQ 107) es un espacio residencial de 86 m2, ubicado en el primer nivel del desarrollo, ideal para quienes buscan comodidad, seguridad y una atmosfera al estilo de la Toscana en una zona peatonal. Distribución del espacio: primer nivel con acceso inmediato y muy cómodo con elevador. Cuenta con una recamara amplia con diseño optimizado para el descanso. Zona común, espacio integrado de sala y comedor en concepto abierto, conectado directamente con su cocina funcional y equipada. Dispone de 1 baño completo muy amplio. Cuenta con pensión administrado por parkimobil, una ventaja indispensable ya que el Centro histórico de Val` Quirico es 100% peatonal. A 5 min. De la autopista México-Puebla, sobre la carretera Puebla-Tlaxcala.",5273210,"MN 5,273,210",MXN,venta,Apartamento,"VILLA  ALESSANDRA SN  , Val Quirico , 90733 Tetlatlahuca, Tlaxcala, México",Val'Quirico,Tetlatlahuca,Tlaxcala,19.18989669999999,-98.2917371,2.0,1.0,86.0,1.0,,0.0,A estrenar,Publicado hace 6 días,,https://img10.naventcdn.com/avisos/18/01/50/84/75/24/1200x1200/1626684529.jpg?isFirstImage=true|https://img10.naventcdn.com/avisos/18/01/50/84/75/24/1200x1200/1626684497.jpg|https://img10.naventcdn.com/avisos/18/01/50/84/75/24/1200x1200/1626684526.jpg|https://img10.naventcdn.com/avisos/18/01/50/84/75/24/1200x1200/1626684518.jpg|https://img10.naventcdn.com/avisos/18/01/50/84/75/24/1200x1200/1626684525.jpg|https://img10.naventcdn.com/avisos/18/01/50/84/75/24/1200x1200/1626684537.jpg|https://img10.naventcdn.com/avisos/18/01/50/84/75/24/1200x1200/1626684489.jpg|https://img10.naventcdn.com/avisos/18/01/50/84/75/24/1200x1200/1626684496.jpg|https://img10.naventcdn.com/avisos/resize/18/01/50/84/75/24/1200x1200/1626684519.jpg|https://img10.naventcdn.com/avisos/resize/18/01/50/84/75/24/1200x1200/1626684495.jpg|https://img10.naventcdn.com/avisos/resize/18/01/50/84/75/24/1200x1200/1626684527.jpg|https://img10.naventcdn.com/avisos/resize/18/01/50/84/75/24/1200x1200/1626684512.jpg|https://img10.naventcdn.com/avisos/resize/18/01/50/84/75/24/1200x1200/1626684493.jpg|https://img10.naventcdn.com/avisos/resize/18/01/50/84/75/24/1200x1200/1626684533.jpg,,52 5574117755,iad Inmobiliaria,50956067,https://www.inmuebles24.com/inmobiliarias/iad-inmobiliaria_50956067-inmuebles.html,2026-08-19T17:52:56Z,2026-08-25T09:43:14.067469+00:00,https://www.inmuebles24.com/casas-o-casa-en-condominio-o-departamentos-en-venta-en-tlaxcala-provincia-ordenado-por-fechaonline-descendente.html.html
https://www.inmuebles24.com/propiedades/clasificado/veclapin-venta-val-quirico-penthouse-la-casona-villa-150840636.html,150840636,NX-305560,sale,"Venta Val’ Quirico, Penthouse, \""La Casona \"" Villa Alessandra Dentro de Val’ Quirico (Tlaxcala).","Ref: 3 0 5 5 6 0 En Val Quirico, Tetlatlahuca, Tlaxcala, se encuentra este espectacular departamento en venta con una superficie de construcción de 395 m2. elevadore y seguridad privada las 24 horas, brindando comodidad y tranquilidad a sus residentes. Cuadro de SuperficiesÁrea Habitable (Construcción): 395.2 m² asignados para vivienda y esparcimiento.Cochera Privativa: 50.1 m² con capacidad techada para 2 autos.Superficie Total: 445.3 m² de propiedad privada utilizable. 3. Distribución Arquitectónica Área Social: Amplia sala de estar y comedor principal con diseño rústico de alta gama. Cocina: Cocina integral premium equipada con barra de preparación y desayunador. 4 recamaras Servicios Sanitarios: 4.5 baños en total (4 baños completos estratégicamente distribuidos y 1 medio baño para visitas). Entretenimiento y Recreación: Espaciosa sala de juegos y una terraza idónea para convivencias con vistas al entorno toscano. Ubicado en una zona residencial exclusiva, este departamento en Val Quirico ofrece una excelente calidad de vida. El acceso a esta propiedad es muy conveniente, ya que se encuentra cerca de importantes vías de comunicación como la Autopista Mexico / Puebla, Carretera Federal México-Puebla , facilitando los desplazamientos hacia otras zonas de la ciudad. Con todo lo que este departamento en Val Quirico tiene para ofrecer, es sin duda una excelente oportunidad de inversión en el mercado inmobiliario de Tlaxcala.",23950000,"MN 23,950,000",MXN,venta,Apartamento,"villa alessandra  sn  , Val Quirico , 90733 Tetlatlahuca, Tlaxcala, México",Val'Quirico,Tetlatlahuca,Tlaxcala,19.1898967,-98.2917371,4.0,4.0,395.0,1.0,2.0,0.0,A estrenar,Publicado hace 7 días,,https://img10.naventcdn.com/avisos/18/01/50/84/06/36/1200x1200/1626547902.jpg?isFirstImage=true|https://img10.naventcdn.com/avisos/18/01/50/84/06/36/1200x1200/1626547900.jpg|https://img10.naventcdn.com/avisos/18/01/50/84/06/36/1200x1200/1626547906.jpg|https://img10.naventcdn.com/avisos/18/01/50/84/06/36/1200x1200/1626547904.jpg|https://img10.naventcdn.com/avisos/18/01/50/84/06/36/1200x1200/1626547898.jpg|https://img10.naventcdn.com/avisos/18/01/50/84/06/36/1200x1200/1626547949.jpg|https://img10.naventcdn.com/avisos/18/01/50/84/06/36/1200x1200/1626547903.jpg|https://img10.naventcdn.com/avisos/18/01/50/84/06/36/1200x1200/1626547909.jpg|https://img10.naventcdn.com/avisos/18/01/50/84/06/36/1200x1200/1626547947.jpg|https://img10.naventcdn.com/avisos/18/01/50/84/06/36/1200x1200/1626547946.jpg|https://img10.naventcdn.com/avisos/18/01/50/84/06/36/1200x1200/1626547896.jpg|https://img10.naventcdn.com/avisos/18/01/50/84/06/36/1200x1200/1626547897.jpg|https://img10.naventcdn.com/avisos/18/01/50/84/06/36/1200x1200/1626547908.jpg|https://img10.naventcdn.com/avisos/18/01/50/84/06/36/1200x1200/1626547905.jpg|https://img10.naventcdn.com/avisos/18/01/50/84/06/36/1200x1200/1626547895.jpg|https://img10.naventcdn.com/avisos/18/01/50/84/06/36/1200x1200/1626547948.jpg|https://img10.naventcdn.com/avisos/18/01/50/84/06/36/1200x1200/1626547907.jpg|https://img10.naventcdn.com/avisos/18/01/50/84/06/36/1200x1200/1626547899.jpg|https://img10.naventcdn.com/avisos/18/01/50/84/06/36/1200x1200/1626547901.jpg|https://img10.naventcdn.com/avisos/18/01/50/84/06/36/1200x1200/1626547950.jpg,,52 5574117755,iad Inmobiliaria,50956067,https://www.inmuebles24.com/inmobiliarias/iad-inmobiliaria_50956067-inmuebles.html,2026-08-18T23:14:57Z,2026-08-25T09:43:14.067469+00:00,https://www.inmuebles24.com/casas-o-casa-en-condominio-o-departamentos-en-venta-en-tlaxcala-provincia-ordenado-por-fechaonline-descendente.html.html
https://www.inmuebles24.com/propiedades/clasificado/veclappa-departametos-de-2-recamaras-150880330.html,150880330,6684OA,sale,Departametos de 2 Recamaras,"¡Tu nuevo hogar te espera! No dejes pasar la oportunidad de adquirir uno de estos 3 departamentos completamente nuevos. Cuentan con 2 recámaras, sala/comedor, 1 baño completo, cocina integral con barra ideal para tus reuniones y patio de servicio. Uno de ellos incluye un hermoso balcón con vista única. Perfectos para vivir o como inversión de alta plusvalía en Tlaxcala. ¡Contáctanos ya!",1350000,"MN 1,350,000",MXN,venta,Apartamento,Calle 20 de Enero #1,San Sebastián,San Pablo del Monte,Tlaxcala,19.13077785552534,-98.19304603667308,2.0,1.0,62.0,,,0.0,A estrenar,Publicado desde ayer,,https://img10.naventcdn.com/avisos/18/01/50/88/03/30/1200x1200/1627365479.jpg?isFirstImage=true|https://img10.naventcdn.com/avisos/18/01/50/88/03/30/1200x1200/1627365481.jpg|https://img10.naventcdn.com/avisos/18/01/50/88/03/30/1200x1200/1627365482.jpg|https://img10.naventcdn.com/avisos/18/01/50/88/03/30/1200x1200/1627365480.jpg|https://img10.naventcdn.com/avisos/18/01/50/88/03/30/1200x1200/1627369428.jpg|https://img10.naventcdn.com/avisos/18/01/50/88/03/30/1200x1200/1627376585.jpg|https://img10.naventcdn.com/avisos/18/01/50/88/03/30/1200x1200/1627376586.jpg|https://img10.naventcdn.com/avisos/18/01/50/88/03/30/1200x1200/1627469185.jpg|https://img10.naventcdn.com/avisos/18/01/50/88/03/30/1200x1200/1627469186.jpg|https://img10.naventcdn.com/avisos/18/01/50/88/03/30/1200x1200/1627469183.jpg,,,Candelario Paez Mora,103130274,https://www.inmuebles24.com/inmobiliarias/candelario-paez-mora_103130274-inmuebles.html,2026-08-24T16:15:23Z,2026-08-25T09:43:14.067469+00:00,https://www.inmuebles24.com/casas-o-casa-en-condominio-o-departamentos-en-venta-en-tlaxcala-provincia-ordenado-por-fechaonline-descendente.html.html
https://www.inmuebles24.com/propiedades/clasificado/veclcain-bellisima-casa-con-jardin-ubicada-en-rincon-de-los-150841396.html,150841396,SCG,sale,"Bellisima Casa con Jardin Ubicada en Rincon de Los Tulipanes 4, Tlaxcala","¡Tu próximo gran paso comienza aquí! Esta propiedad representa la combinación perfecta entre inversión inteligente y estilo de vida. Con una plusvalía garantizada gracias al constante desarrollo y alta demanda de la zona, esta casa asegura el crecimiento de tu patrimonio desde el primer día. Su ubicación estratégica te conecta de inmediato con las principales avenidas y servicios esenciales, facilitando tu día a día y ahorandote tiempo valioso. ¡¡¡ ULTIMA OPORTUNIDAD DE INVERSIÓN, JAMAS IGUALADA!!! INVIERTE EN PROPIEDADES DE RECUPERACIÓN BANCARIA CON PRECIOS DE HASTA 50% POR DEBAJO DE SU VALOR COMERCIAL Y COMIENZA A VER TU GANANCIA EN MESES, CON PROCESOS AVANZADOS, RESPALDO LEGAL Y GARANTÍAS POR CONTRATO. LA SEGURIDAD DE TU DINERO Y EL CRECIMIENTO DE TU PATRIMONIO SON NUESTRA PRIORIDAD. CONTACTA A SEBASTIAN CASTRO– ESPECIALISTA EN GESTION DE RECUPERACION DE INMUEBLES Ver datos -71 ASESORÍA SIN COSTO POR MENSAJE, LLAMADA , VIDEOLLAMADA O PRESENCIAL .",520000,"MN 520,000",MXN,venta,Casa,Rincón de Los Tulipanes ,Fraccionamiento El Refugio,Calpulalpan,Tlaxcala,19.5941872,-98.5726517,4.0,2.0,262.0,190.0,2.0,0.0,15,Publicado hace 7 días,,https://img10.naventcdn.com/avisos/18/01/50/84/13/96/1200x1200/1626565537.jpg?isFirstImage=true|https://img10.naventcdn.com/avisos/18/01/50/84/13/96/1200x1200/1626565534.jpg|https://img10.naventcdn.com/avisos/18/01/50/84/13/96/1200x1200/1626565543.jpg|https://img10.naventcdn.com/avisos/18/01/50/84/13/96/1200x1200/1626565535.jpg|https://img10.naventcdn.com/avisos/18/01/50/84/13/96/1200x1200/1626565541.jpg|https://img10.naventcdn.com/avisos/18/01/50/84/13/96/1200x1200/1626565542.jpg|https://img10.naventcdn.com/avisos/18/01/50/84/13/96/1200x1200/1626565540.jpg|https://img10.naventcdn.com/avisos/18/01/50/84/13/96/1200x1200/1626565538.jpg|https://img10.naventcdn.com/avisos/18/01/50/84/13/96/1200x1200/1626565544.jpg|https://img10.naventcdn.com/avisos/18/01/50/84/13/96/1200x1200/1626565536.jpg|https://img10.naventcdn.com/avisos/18/01/50/84/13/96/1200x1200/1626565539.jpg|https://img10.naventcdn.com/avisos/18/01/50/84/13/96/1200x1200/1626565533.jpg,,,JAMAGOZ CONSTRUCTORA II,103074686,https://www.inmuebles24.com/inmobiliarias/jamagoz-constructora-ii_103074686-inmuebles.html,2026-08-19T00:30:24Z,2026-08-25T09:43:14.067469+00:00,https://www.inmuebles24.com/casas-o-casa-en-condominio-o-departamentos-en-venta-en-tlaxcala-provincia-ordenado-por-fechaonline-descendente.html.html
https://www.inmuebles24.com/propiedades/clasificado/veclcain-casa-a-5-min.-del-centro-de-tlaxcala-capital-en-150859465.html,150859465,667BIP,sale,Casa a 5 Min. del Centro de Tlaxcala Capital en Fraccionamiento.,"Preventa hermosa casa a 05 min. del centro de Tlaxcala capital, ubicada en Tepehitec Tlaxcala. Excelente ubicación y vías de comunicación. Lista en Noviembre 2026. Exclusivo fraccionamiento de solo 05 casas. Portón automático. Acabados de primera. Superficie de Terreno: 144 m2 Superficie construida: 110 m2 Distribución: Planta baja; Cochera amplia para 02 autos, cisterna de 10,000 l. Sala, comedor, cocina, medio baño, patio de servicio. Planta alta; 03 recamaras (principal con balcón). 01 baño completo. Aceptamos y tramitamos todos los créditos, pago de contado. Trato directo. Apartala con $10,000.00 (solo créditos autorizados). Agenda tu visita a los teléfonos: Ver datos Ver datos Ver datos",1870000,"MN 1,870,000",MXN,venta,Casa,union del ocotal tepehitec tlaxcala,,Tlaxcala,Tlaxcala,19.312622,-98.2509288,3.0,1.0,110.0,144.0,2.0,,A estrenar,Publicado hace 5 días,,https://img10.naventcdn.com/avisos/18/01/50/85/94/65/1200x1200/1626930317.jpg?isFirstImage=true|https://img10.naventcdn.com/avisos/18/01/50/85/94/65/1200x1200/1626930318.jpg|https://img10.naventcdn.com/avisos/18/01/50/85/94/65/1200x1200/1626930323.jpg|https://img10.naventcdn.com/avisos/18/01/50/85/94/65/1200x1200/1626930316.jpg|https://img10.naventcdn.com/avisos/18/01/50/85/94/65/1200x1200/1626930319.jpg|https://img10.naventcdn.com/avisos/18/01/50/85/94/65/1200x1200/1626930320.jpg|https://img10.naventcdn.com/avisos/18/01/50/85/94/65/1200x1200/1626930322.jpg|https://img10.naventcdn.com/avisos/18/01/50/85/94/65/1200x1200/1626930314.jpg|https://img10.naventcdn.com/avisos/18/01/50/85/94/65/1200x1200/1626930315.jpg|https://img10.naventcdn.com/avisos/18/01/50/85/94/65/1200x1200/1626930321.jpg|https://img10.naventcdn.com/avisos/18/01/50/85/94/65/1200x1200/1626930313.jpg,22128.0,52 2461266157,ULISES,51367647,https://www.inmuebles24.com/inmobiliarias/ulises_51367647-inmuebles.html,2026-08-20T19:58:19Z,2026-08-25T09:44:12.327839+00:00,https://www.inmuebles24.com/casas-o-casa-en-condominio-o-departamentos-en-venta-en-tlaxcala-provincia-ordenado-por-fechaonline-descendente.html.html
https://www.inmuebles24.com/propiedades/clasificado/veclcain-casa-en-venta-con-tres-recamaras-y-roof-garden-en-la-150857998.html,150857998,NHO8592390,sale,"Casa en Venta con Tres Recamaras y Roof Garden en La Magdalena, Tlaxcala","Casa en venta en un exclusivo fraccionamiento cerrado de solo 7 casas, ubicado en La Magdalena Tlaltelulco, Tlaxcala. Este conjunto residencial ofrece seguridad y tranquilidad con una caseta de vigilancia. La propiedad se encuentra estratégicamente situada a pocos metros de la vía corta Santa Ana-Puebla, brindando fácil acceso al transporte público y cercanía a tiendas de conveniencia. La casa cuenta con un diseño arquitectónico que aprovecha al máximo sus espacios. Al ingresar, se encuentra un área de sala con doble altura, proporcionando una sensación de amplitud y luminosidad. La cocina es integral y está equipada, ideal para los amantes de la cocina. El comedor es espacioso y perfecto para recibir invitados. La planta baja también incluye un medio baño y un área de servicio, además de una cochera cubierta con capacidad para dos autos. En el primer nivel, la recámara principal cuenta con clóset , balcón y baño completo, garantizando comodidad y privacidad. Baño completo para compartir y dos recamaras secundarias, ideales para familiares o visitas. El segundo nivel ofrece un atractivo roof garden, perfecto para disfrutar de reuniones al aire libre. La propiedad es apta para crédito y ofrece características adicionales como área social con asador, apto para mascotas, área recreativa y juegos para niños. Su ubicación privilegiada y diseño funcional la convierten en una excelente opción para quienes buscan un hogar cómodo y seguro. *Se aceptan todos los créditos, a excepción de Infonavit tradicional e Infonavit corresidencial. *Precio sujeto a cambios sin previo aviso. *Los gastos de escrituración, impuestos etc. No están incluidos en el precio En Nazarit Bienes Raíces te ofrecemos las mejores opciones que se adecuen a tus necesidades, te apoyamos en todo el tramite y asesoría sin costo extra. ¡Contáctanos!",2320000,"MN 2,320,000",MXN,venta,Casa,"Magdalena, Tlaxcala",,La Magdalena Tlaltelulco,Tlaxcala,19.3003524,-98.2039272,3.0,2.0,187.0,187.0,2.0,0.0,A estrenar,Publicado hace 5 días,,https://img10.naventcdn.com/avisos/18/01/50/85/79/98/1200x1200/1626901187.jpg?isFirstImage=true|https://img10.naventcdn.com/avisos/18/01/50/85/79/98/1200x1200/1626901198.jpg|https://img10.naventcdn.com/avisos/18/01/50/85/79/98/1200x1200/1626901196.jpg|https://img10.naventcdn.com/avisos/18/01/50/85/79/98/1200x1200/1626901194.jpg|https://img10.naventcdn.com/avisos/18/01/50/85/79/98/1200x1200/1626901215.jpg|https://img10.naventcdn.com/avisos/18/01/50/85/79/98/1200x1200/1626901212.jpg|https://img10.naventcdn.com/avisos/18/01/50/85/79/98/1200x1200/1626901217.jpg|https://img10.naventcdn.com/avisos/18/01/50/85/79/98/1200x1200/1626901190.jpg|https://img10.naventcdn.com/avisos/18/01/50/85/79/98/1200x1200/1626901188.jpg|https://img10.naventcdn.com/avisos/18/01/50/85/79/98/1200x1200/1626901210.jpg|https://img10.naventcdn.com/avisos/18/01/50/85/79/98/1200x1200/1626901202.jpg|https://img10.naventcdn.com/avisos/18/01/50/85/79/98/1200x1200/1626901230.jpg|https://img10.naventcdn.com/avisos/18/01/50/85/79/98/1200x1200/1626901216.jpg|https://img10.naventcdn.com/avisos/18/01/50/85/79/98/1200x1200/1626901240.jpg|https://img10.naventcdn.com/avisos/18/01/50/85/79/98/1200x1200/1626901208.jpg|https://img10.naventcdn.com/avisos/18/01/50/85/79/98/1200x1200/1626901242.jpg|https://img10.naventcdn.com/avisos/18/01/50/85/79/98/1200x1200/1626901213.jpg|https://img10.naventcdn.com/avisos/18/01/50/85/79/98/1200x1200/1626901192.jpg|https://img10.naventcdn.com/avisos/18/01/50/85/79/98/1200x1200/1626901220.jpg|https://img10.naventcdn.com/avisos/18/01/50/85/79/98/1200x1200/1626901214.jpg|https://img10.naventcdn.com/avisos/18/01/50/85/79/98/1200x1200/1626901200.jpg|https://img10.naventcdn.com/avisos/18/01/50/85/79/98/1200x1200/1626901206.jpg|https://img10.naventcdn.com/avisos/18/01/50/85/79/98/1200x1200/1626901204.jpg|https://img10.naventcdn.com/avisos/18/01/50/85/79/98/1200x1200/1626901185.jpg|https://img10.naventcdn.com/avisos/18/01/50/85/79/98/1200x1200/1626901183.jpg,,52 2461390017,Nazarit Bienes Raíces,51357399,https://www.inmuebles24.com/inmobiliarias/nazarit-bienes-raices_51357399-inmuebles.html,2026-08-20T18:12:38Z,2026-08-25T09:44:12.327839+00:00,https://www.inmuebles24.com/casas-o-casa-en-condominio-o-departamentos-en-venta-en-tlaxcala-provincia-ordenado-por-fechaonline-descendente.html.html
https://www.inmuebles24.com/propiedades/clasificado/veclcain-casa-en-venta-en-acuitlapilco-tlaxcala-3-recamaras-150781543.html,150781543,664F1D,sale,"Casa en Venta en Acuitlapilco, Tlaxcala | 3 Recámaras con Baño y Terraza","¡ESPECTACULAR CASA EN VENTA CON DOBLE ALTURA, 3 RECÁMARAS CON BAÑO Y TERRAZA EN ACUITLAPILCO! PRECIO DE VENTA: $2,950,000 MXN ¡240 M² DE CONSTRUCCIÓN, DOBLE ALTURA Y UNA TERRAZA CON ASADOR PARA DISFRUTAR EN FAMILIA! Espectacular casa en venta ubicada en Privada Tlamao s/n, Colonia Los Ángeles Acuitlapilco, Tlaxcala. Construida sobre un terreno de 150 m² y con 240 m² de construcción, esta propiedad destaca por su amplitud, distribución en 3 niveles y espacios pensados para combinar comodidad, privacidad y convivencia familiar. Uno de sus principales diferenciadores es que cuenta con 3 recámaras y CADA UNA TIENE SU PROPIO BAÑO COMPLETO, además de estancia familiar, sala con doble altura y una agradable terraza con asador y tarja. CARACTERÍSTICAS GENERALES - 150 m² de terreno - 240 m² de construcción - 3 niveles - 3 recámaras - 3 baños completos en las recámaras - 2 medios baños - Sala con doble altura - Estancia familiar o sala de TV - Terraza - Asador - Tarja - Patio de servicio - Cuarto de lavado - Cisterna de 10,500 litros - Entrada de servicio - Cochera para 2 automóviles - Excelente iluminación natural - Amplios espacios - Diseño contemporáneo PLANTA BAJA ¡UNA ESPECTACULAR SALA A DOBLE ALTURA QUE LE DA AMPLITUD Y PERSONALIDAD A LA CASA! - Cochera para 2 automóviles - Sala con doble altura - Comedor - Cocina - Medio baño para visitas - Cuarto de lavado - Remates visuales arquitectónicos - Entrada de servicio - Cisterna de 10,500 litros La doble altura aporta mayor sensación de amplitud y luminosidad al área social, convirtiéndose en uno de los elementos arquitectónicos más atractivos de la propiedad. PRIMER NIVEL ¡3 RECÁMARAS Y CADA UNA CON SU PROPIO BAÑO! - 3 amplias recámaras - Baño completo integrado en cada recámara - Estancia familiar o sala de TV Esta distribución brinda mayor privacidad a cada integrante de la familia y evita depender de un baño compartido entre las habitaciones. SEGUNDO NIVEL ¡TERRAZA CON ASADOR Y ÁREA SOCIAL! - Terraza - Área social - Asador - Tarja - Medio baño - Patio de servicio Un espacio adicional pensado para disfrutar reuniones, comidas familiares y momentos al aire libre sin salir de casa. UBICACIÓN Privada Tlamao s/n Colonia Los Ángeles Acuitlapilco C.P. Ver datos Tlaxcala, Tlaxcala La propiedad cuenta con conexión hacia diferentes puntos de Tlaxcala y cercanía con vialidades, comercios y servicios de la zona. Con acceso hacia: - Centro de Tlaxcala - Periférico - Galerías Tlaxcala - Escuelas - Hospitales - Supermercados - Comercios - Principales vialidades LO QUE HACE ESPECTACULAR ESTA CASA La combinación de 240 m² de construcción, sala a doble altura, 3 recámaras con baño propio, estancia familiar y terraza con asador permite disfrutar diferentes ambientes dentro de una misma propiedad. Además cuenta con: - 2 estacionamientos - Cisterna de 10,500 litros - Entrada de servicio - Cuarto de lavado - Patio de servicio - Excelente iluminación natural - Amplios espacios PRECIO DE VENTA: $2,950,000 MXN ¡Una excelente opción para quienes buscan una casa amplia, con espacios independientes para cada integrante de la familia y una terraza para disfrutar reuniones y convivencia! ¡Agenda tu visita y ven a conocerla! CASALVARIO INMOBILIARIA El precio y disponibilidad del inmueble pueden cambiar sin previo aviso. Los gastos notariales, impuestos, derechos y demás gastos derivados de la compraventa no se encuentran incluidos en el precio publicado, salvo que expresamente se indique lo contrario.",2950000,"MN 2,950,000",MXN,venta,Casa,Privada Tlamao s/n,Santa María Acuitlapilco,Tlaxcala,Tlaxcala,19.2800238936886,-98.241525328128,3.0,3.0,240.0,150.0,2.0,0.0,A estrenar,Publicado hace 13 días,,https://img10.naventcdn.com/avisos/18/01/50/78/15/43/1200x1200/1625326275.jpg?isFirstImage=true|https://img10.naventcdn.com/avisos/18/01/50/78/15/43/1200x1200/1625326268.jpg|https://img10.naventcdn.com/avisos/18/01/50/78/15/43/1200x1200/1625326271.jpg|https://img10.naventcdn.com/avisos/18/01/50/78/15/43/1200x1200/1625326270.jpg|https://img10.naventcdn.com/avisos/18/01/50/78/15/43/1200x1200/1625326273.jpg|https://img10.naventcdn.com/avisos/18/01/50/78/15/43/1200x1200/1625326274.jpg|https://img10.naventcdn.com/avisos/18/01/50/78/15/43/1200x1200/1625326272.jpg|https://img10.naventcdn.com/avisos/18/01/50/78/15/43/1200x1200/1625326266.jpg|https://img10.naventcdn.com/avisos/18/01/50/78/15/43/1200x1200/1625326264.jpg|https://img10.naventcdn.com/avisos/18/01/50/78/15/43/1200x1200/1625326263.jpg|https://img10.naventcdn.com/avisos/18/01/50/78/15/43/1200x1200/1625326269.jpg|https://img10.naventcdn.com/avisos/18/01/50/78/15/43/1200x1200/1625326267.jpg|https://img10.naventcdn.com/avisos/18/01/50/78/15/43/1200x1200/1625326265.jpg|https://img10.naventcdn.com/avisos/18/01/50/78/15/43/1200x1200/1625326262.jpg,,52 5564482560,Casalvario Inmobiliaria Tlaxcala,103070647,https://www.inmuebles24.com/inmobiliarias/casalvario-inmobiliaria-tlaxcala_103070647-inmuebles.html,2026-08-12T18:55:15Z,2026-08-25T09:44:12.327839+00:00,https://www.inmuebles24.com/casas-o-casa-en-condominio-o-departamentos-en-venta-en-tlaxcala-provincia-ordenado-por-fechaonline-descendente.html.html
https://www.inmuebles24.com/propiedades/clasificado/veclcain-casa-en-venta-en-covadonga-apizaco-3-recamaras-150809325.html,150809325,665FRF,sale,"Casa en Venta en Covadonga, Apizaco | 3 Recámaras, Jardín y Roof Garden","¡ESPECTACULAR CASA CON ROOF GARDEN, JARDÍN Y ACABADOS DE LUJO EN COVADONGA, APIZACO! PRECIO DE VENTA: $2,900,000 MXN Espectacular casa ubicada en Priv. Aurelio Zamora No. 1514, Covadonga, Apizaco, Tlaxcala. Cuenta con 189 m² de construcción sobre 131.72 m² de terreno, distribuida en 3 niveles, con excelentes espacios interiores y exteriores. CARACTERÍSTICAS DE LA CASA - 131.72 m² de terreno - 189 m² de construcción - 3 niveles - 3 recámaras - Recámara principal con baño completo, vestidor y balcón - Estudio - 3 baños completos - Amplia estancia para sala y comedor - Cocina integral - Jardín - Patio de servicio - Roof Garden privado - 2 lugares de estacionamiento - Acabados de lujo - Excelente iluminación natural - Muy buena distribución PLANTA BAJA - Cochera para 2 automóviles - Estudio - Baño completo - Sala - Comedor - Cocina integral - Jardín - Patio de servicio SEGUNDO NIVEL - 3 recámaras - Recámara principal con baño completo - Amplio vestidor - Balcón privado - 2 recámaras secundarias - Baño completo adicional TERCER NIVEL - Roof Garden privado UBICACIÓN Priv. Aurelio Zamora No. 1514 Covadonga Apizaco, Tlaxcala A unas calles de Boulevard La Libertad y La Gran Bodega Apizaco, y aproximadamente a 5 minutos del centro de la ciudad. PRECIO DE VENTA: $2,900,000 MXN ¡Ven a visitarla!",2900000,"MN 2,900,000",MXN,venta,Casa,Priv. Aurelio Zamora 1514,Covadonga de Bravo,Apizaco,Tlaxcala,19.403928969096576,-98.1546151285582,3.0,3.0,189.0,132.0,2.0,0.0,A estrenar,Publicado hace 10 días,,https://img10.naventcdn.com/avisos/18/01/50/80/93/25/1200x1200/1625924256.jpg?isFirstImage=true|https://img10.naventcdn.com/avisos/18/01/50/80/93/25/1200x1200/1625924236.jpg|https://img10.naventcdn.com/avisos/18/01/50/80/93/25/1200x1200/1625924239.jpg|https://img10.naventcdn.com/avisos/18/01/50/80/93/25/1200x1200/1625924251.jpg|https://img10.naventcdn.com/avisos/18/01/50/80/93/25/1200x1200/1625924254.jpg|https://img10.naventcdn.com/avisos/18/01/50/80/93/25/1200x1200/1625924258.jpg|https://img10.naventcdn.com/avisos/18/01/50/80/93/25/1200x1200/1625924234.jpg|https://img10.naventcdn.com/avisos/18/01/50/80/93/25/1200x1200/1625924255.jpg|https://img10.naventcdn.com/avisos/18/01/50/80/93/25/1200x1200/1625924260.jpg|https://img10.naventcdn.com/avisos/18/01/50/80/93/25/1200x1200/1625924252.jpg|https://img10.naventcdn.com/avisos/18/01/50/80/93/25/1200x1200/1625924222.jpg|https://img10.naventcdn.com/avisos/18/01/50/80/93/25/1200x1200/1625924238.jpg|https://img10.naventcdn.com/avisos/18/01/50/80/93/25/1200x1200/1625924233.jpg|https://img10.naventcdn.com/avisos/18/01/50/80/93/25/1200x1200/1625924263.jpg|https://img10.naventcdn.com/avisos/18/01/50/80/93/25/1200x1200/1625924249.jpg|https://img10.naventcdn.com/avisos/18/01/50/80/93/25/1200x1200/1625924253.jpg|https://img10.naventcdn.com/avisos/18/01/50/80/93/25/1200x1200/1625924244.jpg|https://img10.naventcdn.com/avisos/18/01/50/80/93/25/1200x1200/1625924224.jpg|https://img10.naventcdn.com/avisos/18/01/50/80/93/25/1200x1200/1625924245.jpg|https://img10.naventcdn.com/avisos/18/01/50/80/93/25/1200x1200/1625924230.jpg|https://img10.naventcdn.com/avisos/18/01/50/80/93/25/1200x1200/1625924261.jpg|https://img10.naventcdn.com/avisos/18/01/50/80/93/25/1200x1200/1625924243.jpg|https://img10.naventcdn.com/avisos/18/01/50/80/93/25/1200x1200/1625924237.jpg|https://img10.naventcdn.com/avisos/18/01/50/80/93/25/1200x1200/1625924241.jpg|https://img10.naventcdn.com/avisos/18/01/50/80/93/25/1200x1200/1625924217.jpg|https://img10.naventcdn.com/avisos/18/01/50/80/93/25/1200x1200/1625924240.jpg|https://img10.naventcdn.com/avisos/18/01/50/80/93/25/1200x1200/1625924250.jpg|https://img10.naventcdn.com/avisos/18/01/50/80/93/25/1200x1200/1625924231.jpg|https://img10.naventcdn.com/avisos/18/01/50/80/93/25/1200x1200/1625924257.jpg|https://img10.naventcdn.com/avisos/18/01/50/80/93/25/1200x1200/1625924218.jpg|https://img10.naventcdn.com/avisos/18/01/50/80/93/25/1200x1200/1625924262.jpg|https://img10.naventcdn.com/avisos/18/01/50/80/93/25/1200x1200/1625924242.jpg|https://img10.naventcdn.com/avisos/18/01/50/80/93/25/1200x1200/1625924219.jpg|https://img10.naventcdn.com/avisos/18/01/50/80/93/25/1200x1200/1625924246.jpg|https://img10.naventcdn.com/avisos/18/01/50/80/93/25/1200x1200/1625924223.jpg|https://img10.naventcdn.com/avisos/18/01/50/80/93/25/1200x1200/1625924229.jpg|https://img10.naventcdn.com/avisos/18/01/50/80/93/25/1200x1200/1625924221.jpg|https://img10.naventcdn.com/avisos/18/01/50/80/93/25/1200x1200/1625924232.jpg|https://img10.naventcdn.com/avisos/18/01/50/80/93/25/1200x1200/1625924247.jpg|https://img10.naventcdn.com/avisos/18/01/50/80/93/25/1200x1200/1625924259.jpg|https://img10.naventcdn.com/avisos/18/01/50/80/93/25/1200x1200/1625924220.jpg|https://img10.naventcdn.com/avisos/18/01/50/80/93/25/1200x1200/1625924226.jpg|https://img10.naventcdn.com/avisos/18/01/50/80/93/25/1200x1200/1625924235.jpg|https://img10.naventcdn.com/avisos/18/01/50/80/93/25/1200x1200/1625924228.jpg|https://img10.naventcdn.com/avisos/18/01/50/80/93/25/1200x1200/1625924225.jpg|https://img10.naventcdn.com/avisos/18/01/50/80/93/25/1200x1200/1625924248.jpg|https://img10.naventcdn.com/avisos/18/01/50/80/93/25/1200x1200/1625924227.jpg,,52 5564482560,Casalvario Inmobiliaria Tlaxcala,103070647,https://www.inmuebles24.com/inmobiliarias/casalvario-inmobiliaria-tlaxcala_103070647-inmuebles.html,2026-08-15T01:31:34Z,2026-08-25T09:44:12.327839+00:00,https://www.inmuebles24.com/casas-o-casa-en-condominio-o-departamentos-en-venta-en-tlaxcala-provincia-ordenado-por-fechaonline-descendente.html.html
https://www.inmuebles24.com/propiedades/clasificado/veclcain-casa-en-venta-en-la-magdalena-tlaxcala-150803355.html,150803355,NX-304903,sale,Casa en Venta en La Magdalena Tlaxcala,"Ref: 3 0 4 9 0 3 Encantadora casa en venta en Yoalcoatl, La Magdalena Tlaltelulco, Tlaxcala. Esta propiedad cuenta con 2 recámaras, 1 baño completo, 1 medio baño ,sala comedor ,cocina funcional y cochera para 2 autos ,área de lavado y 211 m2 de construcción y 270 m2 de terreno. Con un uso de suelo residencial, es ideal para quienes buscan un ambiente tranquilo y familiar. La cocina está completamente equipada, la sala y comedor son espaciosos y acogedores, el piso de cerámica brinda un toque moderno y fácil de mantener, y el jardín es perfecto para disfrutar de agradables momentos al aire libre. Ubicada en una zona privilegiada, esta casa se encuentra cerca de varias zonas de interés. A pocos minutos de distancia se encuentran el centro comercial Plaza Tlaxcala, el parque El Pochote para disfrutar de una tarde al aire libre, y el Hospital General de Tlaxcala para contar con atención médica cercana. Además, la propiedad está rodeada de escuelas, restaurantes y tiendas de conveniencia, lo que la convierte en una excelente opción para vivir. A 1 min de la vía corta Puebla Santa Ana. A 15 min de Santa Ana Chiautempan. A 20 min del centro de Tlaxcala. A 40 min de Puebla. Las principales vías de acceso a esta propiedad incluyen la Avenida Juárez, la Calle Real de Yoalcoatl y la Carretera Federal Tlaxcala-Puebla. Además, la zona cuenta con servicio de transporte público y ciclovías para facilitar la movilidad de sus residentes. No pierdas la oportunidad de adquirir esta encantadora casa en una de las zonas más buscadas de Tlaxcala. ¡Contáctanos para agendar una visita!",2100000,"MN 2,100,000",MXN,venta,Casa,2 de Abril 87,Barrio Yoalcoatl,La Magdalena Tlaltelulco,Tlaxcala,19.27562340213297,-98.2003752424147,2.0,1.0,211.0,270.0,2.0,0.0,A estrenar,Publicado hace 11 días,,https://img10.naventcdn.com/avisos/18/01/50/80/33/55/1200x1200/1625797659.jpg?isFirstImage=true|https://img10.naventcdn.com/avisos/18/01/50/80/33/55/1200x1200/1625797709.jpg|https://img10.naventcdn.com/avisos/18/01/50/80/33/55/1200x1200/1625797728.jpg|https://img10.naventcdn.com/avisos/18/01/50/80/33/55/1200x1200/1625797616.jpg|https://img10.naventcdn.com/avisos/18/01/50/80/33/55/1200x1200/1625797737.jpg|https://img10.naventcdn.com/avisos/18/01/50/80/33/55/1200x1200/1625797619.jpg|https://img10.naventcdn.com/avisos/18/01/50/80/33/55/1200x1200/1625797660.jpg|https://img10.naventcdn.com/avisos/18/01/50/80/33/55/1200x1200/1625797644.jpg|https://img10.naventcdn.com/avisos/18/01/50/80/33/55/1200x1200/1625797739.jpg|https://img10.naventcdn.com/avisos/18/01/50/80/33/55/1200x1200/1625797617.jpg|https://img10.naventcdn.com/avisos/18/01/50/80/33/55/1200x1200/1625797707.jpg|https://img10.naventcdn.com/avisos/18/01/50/80/33/55/1200x1200/1625797738.jpg,,52 5574117755,iad Inmobiliaria,50956067,https://www.inmuebles24.com/inmobiliarias/iad-inmobiliaria_50956067-inmuebles.html,2026-08-14T16:15:59Z,2026-08-25T09:44:12.327839+00:00,https://www.inmuebles24.com/casas-o-casa-en-condominio-o-departamentos-en-venta-en-tlaxcala-provincia-ordenado-por-fechaonline-descendente.html.html
https://www.inmuebles24.com/propiedades/clasificado/veclcain-casa-en-venta-ideal-para-inversionistas-a-unas-cuadras-150857905.html,150857905,NHO8685744,sale,Casa en Venta Ideal Para Inversionistas a Unas Cuadras del Centro de Tlaxcala,"Ubicada en la encantadora localidad de San Gabriel Cuauhtla, Tlaxcala, esta propiedad es una excelente oportunidad para inversionistas que buscan una casa bien situada a pocas cuadras del centro de la ciudad. Con acceso directo desde el Boulevard Ocotlan, la propiedad se encuentra en una zona de fácil acceso y bien comunicada, con calles pavimentadas y servicios urbanos completos, incluyendo electricidad, agua potable, alcantarillado, y conexiones de internet y telefonía, garantizando una vida cómoda y conectada. La casa, de un solo nivel, cuenta con un amplio terreno de 267 metros cuadrados, ofreciendo un diseño funcional y cómodo. Dispone de tres recámaras, un baño completo y un medio baño, ideal para familias o proyectos de inversión. La cocina, sala y comedor están diseñados para ofrecer un espacio acogedor y práctico para el día a día. El exterior de la propiedad incluye un patio, perfecto para actividades al aire libre, y una cochera con capacidad para tres autos, proporcionando seguridad y conveniencia. Además, la proximidad a escuelas, restaurantes y áreas recreativas, junto con la aceptación de mascotas, añade un valor adicional a esta propiedad. Con una antigüedad de 40 años, la casa mantiene una estructura sólida y ofrece la posibilidad de personalización según las necesidades del comprador. No es elegible para crédito, pero representa una inversión valiosa para quienes buscan un hogar con potencial de crecimiento en una ubicación estratégica dentro de Tlaxcala. *Solo recursos propios. No apta para créditos. *Precio sujeto a cambios sin previo aviso. *Los gastos de escrituración, impuestos etc. No están incluidos en el precio En Nazarit Bienes Raíces te ofrecemos las mejores opciones que se adecuen a tus necesidades, te apoyamos en todo el tramite y asesoría sin costo extra. ¡Contáctanos!",1550000,"MN 1,550,000",MXN,venta,Casa,"Blvrd San Miguel, San Gabriel Tlaxcala",San Gabriel Cuauhtla,Tlaxcala,Tlaxcala,19.3079981,-98.2357512,3.0,1.0,267.0,267.0,3.0,0.0,40,Publicado hace 5 días,,https://img10.naventcdn.com/avisos/18/01/50/85/79/05/1200x1200/1626898814.jpg?isFirstImage=true|https://img10.naventcdn.com/avisos/18/01/50/85/79/05/1200x1200/1626898893.jpg|https://img10.naventcdn.com/avisos/18/01/50/85/79/05/1200x1200/1626898860.jpg|https://img10.naventcdn.com/avisos/18/01/50/85/79/05/1200x1200/1626898812.jpg|https://img10.naventcdn.com/avisos/18/01/50/85/79/05/1200x1200/1626898904.jpg|https://img10.naventcdn.com/avisos/18/01/50/85/79/05/1200x1200/1626898930.jpg|https://img10.naventcdn.com/avisos/18/01/50/85/79/05/1200x1200/1626898944.jpg|https://img10.naventcdn.com/avisos/18/01/50/85/79/05/1200x1200/1626898871.jpg|https://img10.naventcdn.com/avisos/18/01/50/85/79/05/1200x1200/1626898894.jpg|https://img10.naventcdn.com/avisos/18/01/50/85/79/05/1200x1200/1626898957.jpg|https://img10.naventcdn.com/avisos/18/01/50/85/79/05/1200x1200/1626898875.jpg|https://img10.naventcdn.com/avisos/18/01/50/85/79/05/1200x1200/1626898815.jpg|https://img10.naventcdn.com/avisos/18/01/50/85/79/05/1200x1200/1626898961.jpg|https://img10.naventcdn.com/avisos/18/01/50/85/79/05/1200x1200/1626898907.jpg|https://img10.naventcdn.com/avisos/18/01/50/85/79/05/1200x1200/1626898810.jpg|https://img10.naventcdn.com/avisos/18/01/50/85/79/05/1200x1200/1626898808.jpg,,52 2461390017,Nazarit Bienes Raíces,51357399,https://www.inmuebles24.com/inmobiliarias/nazarit-bienes-raices_51357399-inmuebles.html,2026-08-20T18:06:02Z,2026-08-25T09:44:12.327839+00:00,https://www.inmuebles24.com/casas-o-casa-en-condominio-o-departamentos-en-venta-en-tlaxcala-provincia-ordenado-por-fechaonline-descendente.html.html
https://www.inmuebles24.com/propiedades/clasificado/veclcain-casa-nueva-en-venta-en-apizaco-3-recamaras-jardin-150781224.html,150781224,664EKO,sale,"Casa Nueva en Venta en Apizaco | 3 Recámaras, Jardín, Vestidor y Balcón","¡ESPECTACULAR CASA NUEVA CON JARDÍN, 3 RECÁMARAS, VESTIDOR Y BALCÓN EN APIZACO! PRECIO DE VENTA: $2,650,000 MXN Estrena CASA TICIOS en Cluster 7-7, Apizaco, Tlaxcala. Casa nueva de 161.80 m² de construcción sobre 132.50 m² de terreno, con jardín, 3 recámaras y estacionamiento para 2 automóviles. CARACTERÍSTICAS DE LA CASA - 132.50 m² de terreno - 161.80 m² de construcción - Casa nueva - 2 niveles - 3 recámaras - 2 baños completos - 1 medio baño - Recámara principal con baño completo - Vestidor - Balcón privado - Estancia para sala y comedor - Cocina equipada - Barra desayunadora - Jardín - Área de servicio - 2 lugares de estacionamiento - Excelente iluminación natural - Acabados modernos PLANTA BAJA - Cochera para 2 automóviles - Sala y comedor - Cocina equipada - Barra desayunadora - Jardín - Área de servicio - Medio baño para visitas PLANTA ALTA - Recámara principal con baño completo, vestidor y balcón - 2 recámaras secundarias - 1 baño completo compartido CRÉDITOS ACEPTADOS - Infonavit - FOVISSSTE - Crédito bancario UBICACIÓN Cluster 7-7 Apizaco, Tlaxcala PRECIO DE VENTA: $2,650,000 MXN ¡Ven a visitarla!",2650000,"MN 2,650,000",MXN,venta,Casa,CLUSTER 7-7,Fraccionamiento Zaragoza,Apizaco,Tlaxcala,19.4023502,-98.1543499,3.0,2.0,133.0,162.0,2.0,0.0,A estrenar,Publicado hace 13 días,,https://img10.naventcdn.com/avisos/18/01/50/78/12/24/1200x1200/1625320081.jpg?isFirstImage=true|https://img10.naventcdn.com/avisos/18/01/50/78/12/24/1200x1200/1625320093.jpg|https://img10.naventcdn.com/avisos/18/01/50/78/12/24/1200x1200/1625320089.jpg|https://img10.naventcdn.com/avisos/18/01/50/78/12/24/1200x1200/1625320095.jpg|https://img10.naventcdn.com/avisos/18/01/50/78/12/24/1200x1200/1625320090.jpg|https://img10.naventcdn.com/avisos/18/01/50/78/12/24/1200x1200/1625320082.jpg|https://img10.naventcdn.com/avisos/18/01/50/78/12/24/1200x1200/1625320096.jpg|https://img10.naventcdn.com/avisos/18/01/50/78/12/24/1200x1200/1625320094.jpg|https://img10.naventcdn.com/avisos/18/01/50/78/12/24/1200x1200/1625320084.jpg|https://img10.naventcdn.com/avisos/18/01/50/78/12/24/1200x1200/1625320088.jpg|https://img10.naventcdn.com/avisos/18/01/50/78/12/24/1200x1200/1625320085.jpg|https://img10.naventcdn.com/avisos/18/01/50/78/12/24/1200x1200/1625320080.jpg|https://img10.naventcdn.com/avisos/18/01/50/78/12/24/1200x1200/1625320078.jpg|https://img10.naventcdn.com/avisos/18/01/50/78/12/24/1200x1200/1625320086.jpg|https://img10.naventcdn.com/avisos/18/01/50/78/12/24/1200x1200/1625320092.jpg|https://img10.naventcdn.com/avisos/18/01/50/78/12/24/1200x1200/1625320083.jpg|https://img10.naventcdn.com/avisos/18/01/50/78/12/24/1200x1200/1625320091.jpg|https://img10.naventcdn.com/avisos/18/01/50/78/12/24/1200x1200/1625320079.jpg|https://img10.naventcdn.com/avisos/18/01/50/78/12/24/1200x1200/1625320087.jpg,,52 5564482560,Casalvario Inmobiliaria Tlaxcala,103070647,https://www.inmuebles24.com/inmobiliarias/casalvario-inmobiliaria-tlaxcala_103070647-inmuebles.html,2026-08-12T18:41:27Z,2026-08-25T09:44:12.327839+00:00,https://www.inmuebles24.com/casas-o-casa-en-condominio-o-departamentos-en-venta-en-tlaxcala-provincia-ordenado-por-fechaonline-descendente.html.html
https://www.inmuebles24.com/propiedades/clasificado/veclcain-casa-nueva-en-venta-en-apizaco-tlaxcala-3-150781030.html,150781030,664EEA,sale,"Casa Nueva en Venta en Apizaco, Tlaxcala | 3 Recámaras, Jardín y Balcón","¡ESPECTACULAR CASA NUEVA EN VENTA CON 3 RECÁMARAS, JARDÍN Y BALCÓN EN APIZACO, TLAXCALA! PRECIO DE VENTA: $2,350,000 MXN Estrena casa en Cluster 7-7, Apizaco. RAMNES cuenta con 152.10 m² de construcción distribuidos en 2 niveles, 3 recámaras, jardín, cocina con barra desayunadora y estacionamiento para 2 automóviles. La recámara principal cuenta con baño completo, vestidor y balcón privado. CARACTERÍSTICAS DE LA CASA - 84 m² de terreno - 152.10 m² de construcción - Casa nueva - 2 niveles - 3 recámaras - 2 baños completos - 1 medio baño - Recámara principal con baño completo - Vestidor - Balcón privado - Estancia para sala y comedor - Cocina con barra desayunadora - Jardín - Área de servicio - Estacionamiento para 2 automóviles - Diseño moderno - Excelentes acabados PLANTA BAJA - Cochera para 2 automóviles - Sala y comedor - Cocina con barra desayunadora - Jardín - Área de servicio - Medio baño para visitas PLANTA ALTA - Recámara principal con baño completo - Vestidor - Balcón privado - 2 recámaras secundarias - Baño completo compartido CRÉDITOS ACEPTADOS - Infonavit - FOVISSSTE - Créditos bancarios UBICACIÓN Cluster 7-7 Apizaco, Tlaxcala PRECIO DE VENTA: $2,350,000 MXN ¡Ven a visitarla!",2350000,"MN 2,350,000",MXN,venta,Casa,CLUSTER 7-7,Fraccionamiento Zaragoza,Apizaco,Tlaxcala,19.40223312308374,-98.1543316111506,3.0,2.0,152.0,84.0,2.0,0.0,A estrenar,Publicado hace 13 días,,https://img10.naventcdn.com/avisos/18/01/50/78/10/30/1200x1200/1625316525.jpg?isFirstImage=true|https://img10.naventcdn.com/avisos/18/01/50/78/10/30/1200x1200/1625316527.jpg|https://img10.naventcdn.com/avisos/18/01/50/78/10/30/1200x1200/1625316517.jpg|https://img10.naventcdn.com/avisos/18/01/50/78/10/30/1200x1200/1625316521.jpg|https://img10.naventcdn.com/avisos/18/01/50/78/10/30/1200x1200/1625316523.jpg|https://img10.naventcdn.com/avisos/18/01/50/78/10/30/1200x1200/1625316512.jpg|https://img10.naventcdn.com/avisos/18/01/50/78/10/30/1200x1200/1625316520.jpg|https://img10.naventcdn.com/avisos/18/01/50/78/10/30/1200x1200/1625316518.jpg|https://img10.naventcdn.com/avisos/18/01/50/78/10/30/1200x1200/1625316522.jpg|https://img10.naventcdn.com/avisos/18/01/50/78/10/30/1200x1200/1625316515.jpg|https://img10.naventcdn.com/avisos/18/01/50/78/10/30/1200x1200/1625316519.jpg|https://img10.naventcdn.com/avisos/18/01/50/78/10/30/1200x1200/1625316524.jpg|https://img10.naventcdn.com/avisos/18/01/50/78/10/30/1200x1200/1625316526.jpg|https://img10.naventcdn.com/avisos/18/01/50/78/10/30/1200x1200/1625316516.jpg|https://img10.naventcdn.com/avisos/18/01/50/78/10/30/1200x1200/1625316513.jpg|https://img10.naventcdn.com/avisos/18/01/50/78/10/30/1200x1200/1625316514.jpg,,52 5564482560,Casalvario Inmobiliaria Tlaxcala,103070647,https://www.inmuebles24.com/inmobiliarias/casalvario-inmobiliaria-tlaxcala_103070647-inmuebles.html,2026-08-12T18:30:33Z,2026-08-25T09:44:12.327839+00:00,https://www.inmuebles24.com/casas-o-casa-en-condominio-o-departamentos-en-venta-en-tlaxcala-provincia-ordenado-por-fechaonline-descendente.html.html
https://www.inmuebles24.com/propiedades/clasificado/veclcain-casa-pueblo-santa-anita-huiloac-150842013.html,150842013,AHO8673596,sale,Casa - Pueblo Santa Anita Huiloac,"CASA EN VENTA | SANTA ANITA HUILOAC, APIZACO, TLAXCALA Disfruta de privacidad, seguridad y tranquilidad en una casa ubicada dentro de un exclusivo complejo de solo 2 viviendas, ideal para quienes buscan un ambiente familiar y privado. ? Características: • 3 recámaras • Recámara principal con baño completo privado • ½ baño para visitas • Sala • Comedor • Cocina integral • Jardín ???? • Espacios cómodos y funcionales • Complejo privado de únicamente 2 casas • Zona segura y con alta privacidad ???? Santa Anita Huiloac, Apizaco, Tlaxcala Una excelente opción para vivir en una zona tranquila, con la comodidad de estar cerca de Apizaco. ???? Agenda tu visita y conoce esta propiedad.",2699000,"MN 2,699,000",MXN,venta,Casa,Santa Anita Huiloac 1,Pueblo Santa Anita Huiloac,Apizaco,Tlaxcala,19.3840417,-98.1444799,3.0,3.0,150.0,150.0,2.0,0.0,A estrenar,Publicado hace 7 días,,https://img10.naventcdn.com/avisos/18/01/50/84/20/13/1200x1200/1626577918.jpg?isFirstImage=true|https://img10.naventcdn.com/avisos/resize/18/01/50/84/20/13/1200x1200/1626577941.jpg|https://img10.naventcdn.com/avisos/resize/18/01/50/84/20/13/1200x1200/1626577944.jpg|https://img10.naventcdn.com/avisos/resize/18/01/50/84/20/13/1200x1200/1626577925.jpg|https://img10.naventcdn.com/avisos/resize/18/01/50/84/20/13/1200x1200/1626577927.jpg|https://img10.naventcdn.com/avisos/resize/18/01/50/84/20/13/1200x1200/1626577923.jpg|https://img10.naventcdn.com/avisos/resize/18/01/50/84/20/13/1200x1200/1626577919.jpg|https://img10.naventcdn.com/avisos/18/01/50/84/20/13/1200x1200/1626577939.jpg|https://img10.naventcdn.com/avisos/resize/18/01/50/84/20/13/1200x1200/1626577932.jpg|https://img10.naventcdn.com/avisos/18/01/50/84/20/13/1200x1200/1626577922.jpg|https://img10.naventcdn.com/avisos/resize/18/01/50/84/20/13/1200x1200/1626577926.jpg|https://img10.naventcdn.com/avisos/resize/18/01/50/84/20/13/1200x1200/1626577924.jpg|https://img10.naventcdn.com/avisos/resize/18/01/50/84/20/13/1200x1200/1626577917.jpg|https://img10.naventcdn.com/avisos/resize/18/01/50/84/20/13/1200x1200/1626577936.jpg|https://img10.naventcdn.com/avisos/18/01/50/84/20/13/1200x1200/1626577921.jpg|https://img10.naventcdn.com/avisos/resize/18/01/50/84/20/13/1200x1200/1626577930.jpg|https://img10.naventcdn.com/avisos/resize/18/01/50/84/20/13/1200x1200/1626577920.jpg,,52 2411308406,Alex Sanchez Real Estate,102884403,https://www.inmuebles24.com/inmobiliarias/alex-sanchez-real-estate_102884403-inmuebles.html,2026-08-19T01:59:39Z,2026-08-25T09:44:12.327839+00:00,https://www.inmuebles24.com/casas-o-casa-en-condominio-o-departamentos-en-venta-en-tlaxcala-provincia-ordenado-por-fechaonline-descendente.html.html
https://www.inmuebles24.com/propiedades/clasificado/veclcain-estrena-residencia-en-conjunto-privado-con-roof-150870313.html,150870313,NX-305447,sale,"Estrena Residencia en Conjunto Privado con Roof Garden, La Magdalena Tlaltelulco","Ref: 3 0 5 4 4 7 ¡Estrena casa y disfruta la tranquilidad de vivir en un conjunto privado de únicamente 12 residencias! Casa nueva en venta en La Magdalena Tlaltelulco, Tlaxcala, dentro de un conjunto residencial privado de solo 12 casas con acceso mediante portón eléctrico, una excelente alternativa para quienes buscan mayor privacidad, tranquilidad y un ambiente residencial, sin alejarse de las principales vías de comunicación. La propiedad destaca por su diseño contemporáneo, espacios amplios, excelente entrada de luz natural y roof garden, ideal para disfrutar reuniones, crear una terraza o simplemente tener un espacio adicional al aire libre. Cuenta con 114.92 m² de terreno y 176.93 m² de construcción, distribuidos en 3 niveles. En su interior encontrarás espacios abiertos para sala y comedor, cocina con barra, 3 recámaras, 2 baños completos y 2 medios baños, además de 1 cajón de estacionamiento. Uno de sus principales atractivos es el roof garden, un espacio amplio que brinda posibilidades para acondicionar una terraza, área social o zona de descanso. La casa cuenta además con gas mediante cilindro. Su ubicación en La Magdalena Tlaltelulco permite mantener buena conectividad hacia Santa Ana Chiautempan, Tlaxcala capital, Apizaco y Puebla, con acceso a comercios, supermercados, escuelas y servicios de la zona. Características principales: Casa nueva Conjunto privado de únicamente 12 casas Portón eléctrico 114.92 m² de terreno 176.93 m² de construcción 3 niveles 3 recámaras 2 baños completos 2 medios baños Sala y comedor con espacios amplios Cocina con barra Roof garden / terraza 1 cajón de estacionamiento Excelente iluminación natural Diseño moderno Gas con cilindro Precio de venta: $2,400,000 M.N. Una propiedad ideal para quienes buscan estrenar, tener espacios amplios y vivir en un conjunto pequeño y privado, con la ventaja de contar con acceso controlado y excelente conexión hacia los principales puntos de Tlaxcala y Puebla. Agenda tu visita y conoce personalmente todo el espacio y potencial que ofrece esta propiedad. Precio y disponibilidad sujetos a cambio sin previo aviso. Gastos notariales, impuestos y demás gastos derivados de la operación no están incluidos en el precio de venta.",2400000,"MN 2,400,000",MXN,venta,Casa,20 DE NOVIEMBRE S/N,Barrio Teotlalpan,La Magdalena Tlaltelulco,Tlaxcala,19.27817735131756,-98.20285867980036,3.0,2.0,176.0,114.0,1.0,0.0,A estrenar,Publicado hace 4 días,,https://img10.naventcdn.com/avisos/18/01/50/87/03/13/1200x1200/1627140565.jpg?isFirstImage=true|https://img10.naventcdn.com/avisos/18/01/50/87/03/13/1200x1200/1627140588.jpg|https://img10.naventcdn.com/avisos/18/01/50/87/03/13/1200x1200/1627140572.jpg|https://img10.naventcdn.com/avisos/18/01/50/87/03/13/1200x1200/1627140534.jpg|https://img10.naventcdn.com/avisos/18/01/50/87/03/13/1200x1200/1627140604.jpg|https://img10.naventcdn.com/avisos/18/01/50/87/03/13/1200x1200/1627140546.jpg|https://img10.naventcdn.com/avisos/18/01/50/87/03/13/1200x1200/1627140538.jpg|https://img10.naventcdn.com/avisos/18/01/50/87/03/13/1200x1200/1627140615.jpg|https://img10.naventcdn.com/avisos/18/01/50/87/03/13/1200x1200/1627140609.jpg|https://img10.naventcdn.com/avisos/18/01/50/87/03/13/1200x1200/1627140632.jpg|https://img10.naventcdn.com/avisos/18/01/50/87/03/13/1200x1200/1627140569.jpg|https://img10.naventcdn.com/avisos/18/01/50/87/03/13/1200x1200/1627140618.jpg|https://img10.naventcdn.com/avisos/18/01/50/87/03/13/1200x1200/1627140544.jpg|https://img10.naventcdn.com/avisos/18/01/50/87/03/13/1200x1200/1627140633.jpg|https://img10.naventcdn.com/avisos/18/01/50/87/03/13/1200x1200/1627140634.jpg|https://img10.naventcdn.com/avisos/18/01/50/87/03/13/1200x1200/1627140584.jpg|https://img10.naventcdn.com/avisos/18/01/50/87/03/13/1200x1200/1627140542.jpg|https://img10.naventcdn.com/avisos/18/01/50/87/03/13/1200x1200/1627140577.jpg|https://img10.naventcdn.com/avisos/18/01/50/87/03/13/1200x1200/1627140562.jpg|https://img10.naventcdn.com/avisos/18/01/50/87/03/13/1200x1200/1627140597.jpg|https://img10.naventcdn.com/avisos/18/01/50/87/03/13/1200x1200/1627140582.jpg,,52 5574117755,iad Inmobiliaria,50956067,https://www.inmuebles24.com/inmobiliarias/iad-inmobiliaria_50956067-inmuebles.html,2026-08-21T23:07:48Z,2026-08-25T09:44:12.327839+00:00,https://www.inmuebles24.com/casas-o-casa-en-condominio-o-departamentos-en-venta-en-tlaxcala-provincia-ordenado-por-fechaonline-descendente.html.html
https://www.inmuebles24.com/propiedades/clasificado/veclcain-excelente-propiedad-ubicada-en-turquesa-17-tlaxcala-150841225.html,150841225,SCG,sale,"Excelente Propiedad Ubicada en Turquesa 17, Tlaxcala","HERMOSA CASA EN VENTA UBICADA EN LA JOYA , TLAXCALA .TIENE TRES RECÁMARAS AMPLIAS, DOS BAÑOS COMPLETOS Y UN MEDIO BAÑO PARA VISITAS, A DEMÁS DE SU ÁREA DE LAVADO, GARAGE Y BALCÓN. UBICADA CERCA DE SERVICIOS COMO ESCUELAS, HOSPITALES, TIENDAS DE CONVENIENCIA , SUPERMERCADOS Y PLAZAS. ¡¡¡ ULTIMA OPORTUNIDAD DE INVERSIÓN, JAMAS IGUALADA!!! INVIERTE EN PROPIEDADES DE RECUPERACIÓN BANCARIA CON PRECIOS DE HASTA 50% POR DEBAJO DE SU VALOR COMERCIAL Y COMIENZA A VER TU GANANCIA EN MESES, CON PROCESOS AVANZADOS, RESPALDO LEGAL Y GARANTÍAS POR CONTRATO. LA SEGURIDAD DE TU DINERO Y EL CRECIMIENTO DE TU PATRIMONIO SON NUESTRA PRIORIDAD. CONTACTA A SEBASTIAN CASTRO– ESPECIALISTA EN GESTION DE RECUPERACION DE INMUEBLES Ver datos -71 ASESORÍA SIN COSTO POR MENSAJE, LLAMADA , VIDEOLLAMADA O PRESENCIAL .",510000,"MN 510,000",MXN,venta,Casa,Turqueza ,Ocotlán,Tlaxcala,Tlaxcala,19.3090161,-98.2324938,3.0,2.0,140.0,140.0,1.0,0.0,16,Publicado hace 7 días,,https://img10.naventcdn.com/avisos/18/01/50/84/12/25/1200x1200/1626562194.jpg?isFirstImage=true|https://img10.naventcdn.com/avisos/18/01/50/84/12/25/1200x1200/1626562185.jpg|https://img10.naventcdn.com/avisos/18/01/50/84/12/25/1200x1200/1626562191.jpg|https://img10.naventcdn.com/avisos/18/01/50/84/12/25/1200x1200/1626562183.jpg|https://img10.naventcdn.com/avisos/18/01/50/84/12/25/1200x1200/1626562190.jpg|https://img10.naventcdn.com/avisos/18/01/50/84/12/25/1200x1200/1626562187.jpg|https://img10.naventcdn.com/avisos/18/01/50/84/12/25/1200x1200/1626562186.jpg|https://img10.naventcdn.com/avisos/18/01/50/84/12/25/1200x1200/1626562192.jpg|https://img10.naventcdn.com/avisos/18/01/50/84/12/25/1200x1200/1626562193.jpg|https://img10.naventcdn.com/avisos/18/01/50/84/12/25/1200x1200/1626562188.jpg|https://img10.naventcdn.com/avisos/18/01/50/84/12/25/1200x1200/1626562189.jpg|https://img10.naventcdn.com/avisos/18/01/50/84/12/25/1200x1200/1626562184.jpg,,,JAMAGOZ CONSTRUCTORA II,103074686,https://www.inmuebles24.com/inmobiliarias/jamagoz-constructora-ii_103074686-inmuebles.html,2026-08-19T00:09:34Z,2026-08-25T09:45:19.089667+00:00,https://www.inmuebles24.com/casas-o-casa-en-condominio-o-departamentos-en-venta-en-tlaxcala-provincia-ordenado-por-fechaonline-descendente.html.html
https://www.inmuebles24.com/propiedades/clasificado/veclcain-hacienda-ixtafiayuca-en-tlaxcala-una-joya-historica-150823758.html,150823758,EB-WS3170,sale,Hacienda Ixtafiayuca en Tlaxcala | Una Joya Histórica de Finales del Siglo Xix | 25.7 Hectáreas,"PRECIOSA HACIENDA DE FINALES DEL SIGLO XIX, UBICADA EN EL NOROESTE DEL ESTADO DE TLAXCALA, DONDE TERMINAN LOS LLANOS DE APAN Y PRINCIPIA LA SIERRA DE PUEBLA, UNOS 15 KM AL SURESTE DE LA CIUDAD DE CALPULALPAN Y 100 KM DE LA CIUDAD DE MÉXICO. MUNICIPIO DE MARIANA ARISTA, NANANCAMILPA (EN GOOGLE MAPS, TECLEAR “HACIENDA IXTAFIAYUCA”). LA SUPERFICIE TOTAL DE LA PROPIEDAD ACTUAL ES DE 25.7 HECTÁREAS, 14 DE LAS CUALES SON DE CULTIVO DE TEMPORAL (MAÍZ, TRIGO Y CEBADA), 7.5 HECTÁREAS DE UNA ALAMEDA CON JAGÜEY Y BOSQUE, 3.5 OCUPADAS POR EL CASCO (ENTERAMENTE BARDEADO), Y EL RESTO DE LOS CAMINOS. TODO EL TERRENO SE ENCUENTRA DELIMITADO POR MOJONERAS DE CONCRETO, COLOCADAS EN LOS AÑOS 50’ DEL SIGLO PASADO CON LOS LINDEROS BORDEADOS DE MAGUEY. A MEDIADOS DE 1990, SE HIZO UN LEVANTAMIENTO TOPOGRÁFICO COMO PARTE DE LOS TRABAJOS DE LA SECRETARÍA DE LA REFORMA AGRARIA PARA REFORMAR EL ARTÍCULO 27. SE REDACTARON ACTAS OFICIALES POR PARTE DE LAS AUTORIDADES EJIDALES, REFRENDANDO LOS LÍMITES DE LA PROPIEDAD, QUE CONSTAN EN LA ESCRITURA ACTUAL. EL AGUA PROVIENE DE UNA CAJA DE RECOLECCIÓN DE VENEROS, SITUADA A 1.5 KM AL NOROESTE DE LA PROPIEDAD Y ES DE USO EXCLUSIVO DE IXTAFIAYUCA Y SOMO NOSOTROS QUIENES OPERAMOS Y MANTENEMOS LA INFRAESTRUCTURA DE BOMBEO, ASÍ COMO LA TUBERÍA. LA “CAJITA” TIENE UNA CAPACIDAD DE ALMACENAMIENTO CERCANA A LOS 70,000 LITROS Y LOS VENEROS LA LLENAN EN APROXIMADAMENTE 48 HORAS. EL AGUA ES POTABLE, NO NECESITA DE NINGÚN PROCESO DE PURIFICACIÓN. ADICIONALMENTE, EXISTE UNA TOMA DE AGUA POTABLE A LA RED QUE SURTE AL PUEBLO DE FANCISCO I. MADERO, UBICADA EN LA TORRE SUR- OESTE; ACTUALMENTE NO SE UTILIZA, DADO QUE EL AGUA DE LA “CAJITA” ES SUFICIENTE PARA EL CONSUMO DE LA HACIENDA. DENTRO DEL CASCO, EXISTE UNA CISTERNA DE 60,000 LITROS. LA CASA TIENE UNA INSTALACIÓN ELÉCTRICA RENOVADA EN SU TOTALIDAD HACE MENOS DE 10 AÑOS. EL TRANSFORMADOR DE LUZ, DE 45KVA SE ENCUENTRA DENTRO DEL CASCO Y ES PROPIEDAD DE IXTAFIAYUCA. CUENTA CON DRENAJE OCULTO QUE DESEMBOCA EN UNA FOSA SÉPTICA (BIODIGESTOR) CUYO FLUJO TERMINA EN DOS FOSAS DE AERACIÓN/ABSORCIÓN, PARA LUEGO SER VERTIDO A UNA ZANJA QUE CONDUCE AL AGUA HACIA UNA BARRANCA. LAS MAYORÍA DE LAS AGUAS PLUVIALES SON RECOLECTADAS EN DRENAJES INDEPENDIENTES Y CONDUCIDAS AL JAGÜEY. EN CUANTO A LAS ÁREAS DENTRO DEL CASCO DE LA HACIENDA, PODEMOS DIVIDIRLA DE LA SIGUIENTE MANERA: CASA GRANDE – HABITACIONES (3,000 M2 DE CONSTRUCCIÓN): 26 HABITACIONES 27.5 BAÑOS 3 ESTANCIAS, CON CHIMENEA 2 COCINAS PATIO PRINCIPAL TERRAZA EN EL 2º PISO IGLESIA 1 COCHERA FRONTÓN MÚLTIPLES BODEGAS CASA GRANDE – AREAS COMUNES / INSTALACIONES (2,500 M2 DE CONSTRUCCIÓN): 2 PATIOS CISTERNA LAVANDERÍA BODEGAS / GRANEROS TALLERES CABALLERIZAS PICADERO GRANJA PUERCOS ASOLEADEROS GRANOS 5 CASAS INDEPENDIENTES SOBRE LA FACHADA (1,000 M2 DE CONSTRUCCIÓN): 15 HABITACIONES 11 BAÑOS 5 COCINAS 4 DE ELLAS CUENTAN CON ESTANCIA CHIMENEA 1 DE ELLAS CUENTA CON COCHERA CALPANERÍA / VILLAS (500 M2 DE CONSTRUCCIÓN): 21 HABITACIONES 16 BAÑOS CANCHA PÁDEL PATIOS / JARDÍN FUENTE: 1.5 HECTÁREAS CULTIVABLES DE TEMPORAL DENTRO DEL CASCO ÁREA DE PROTECCIÓN DEL CASCO 13 HECTARÉAS CULTIVABLES DE TEMPORAL 7.5 HECTÁREAS (INCLUYENDO EL JAGÜEY) RESERVA ECOLÓGICA. (RCV5853N)(EB-WS3170)",5000000,"USD 5,000,000",USD,venta,Casa,Hacienda Ixtafiayuca,Rancho o rancheria Nanacamilpa,Nanacamilpa de Mariano Arista,Tlaxcala,19.5234794,-98.5001525,50.0,50.0,7000.0,250000.0,10.0,0.0,196,Publicado hace 8 días,,https://img10.naventcdn.com/avisos/18/01/50/82/37/58/1200x1200/1626216968.jpg?isFirstImage=true|https://img10.naventcdn.com/avisos/18/01/50/82/37/58/1200x1200/1626216975.jpg|https://img10.naventcdn.com/avisos/18/01/50/82/37/58/1200x1200/1626216964.jpg|https://img10.naventcdn.com/avisos/18/01/50/82/37/58/1200x1200/1626216960.jpg|https://img10.naventcdn.com/avisos/18/01/50/82/37/58/1200x1200/1626216959.jpg|https://img10.naventcdn.com/avisos/18/01/50/82/37/58/1200x1200/1626216962.jpg|https://img10.naventcdn.com/avisos/18/01/50/82/37/58/1200x1200/1626216952.jpg|https://img10.naventcdn.com/avisos/18/01/50/82/37/58/1200x1200/1626216951.jpg|https://img10.naventcdn.com/avisos/18/01/50/82/37/58/1200x1200/1626216963.jpg|https://img10.naventcdn.com/avisos/18/01/50/82/37/58/1200x1200/1626216953.jpg|https://img10.naventcdn.com/avisos/18/01/50/82/37/58/1200x1200/1626216971.jpg|https://img10.naventcdn.com/avisos/18/01/50/82/37/58/1200x1200/1626216967.jpg|https://img10.naventcdn.com/avisos/18/01/50/82/37/58/1200x1200/1626216957.jpg|https://img10.naventcdn.com/avisos/18/01/50/82/37/58/1200x1200/1626216976.jpg|https://img10.naventcdn.com/avisos/18/01/50/82/37/58/1200x1200/1626216981.jpg|https://img10.naventcdn.com/avisos/18/01/50/82/37/58/1200x1200/1626216958.jpg|https://img10.naventcdn.com/avisos/18/01/50/82/37/58/1200x1200/1626216954.jpg|https://img10.naventcdn.com/avisos/18/01/50/82/37/58/1200x1200/1626216970.jpg|https://img10.naventcdn.com/avisos/18/01/50/82/37/58/1200x1200/1626216969.jpg|https://img10.naventcdn.com/avisos/18/01/50/82/37/58/1200x1200/1626216974.jpg|https://img10.naventcdn.com/avisos/18/01/50/82/37/58/1200x1200/1626216961.jpg|https://img10.naventcdn.com/avisos/18/01/50/82/37/58/1200x1200/1626216978.jpg|https://img10.naventcdn.com/avisos/18/01/50/82/37/58/1200x1200/1626216972.jpg|https://img10.naventcdn.com/avisos/18/01/50/82/37/58/1200x1200/1626216979.jpg|https://img10.naventcdn.com/avisos/18/01/50/82/37/58/1200x1200/1626216973.jpg|https://img10.naventcdn.com/avisos/18/01/50/82/37/58/1200x1200/1626216966.jpg|https://img10.naventcdn.com/avisos/18/01/50/82/37/58/1200x1200/1626216977.jpg|https://img10.naventcdn.com/avisos/18/01/50/82/37/58/1200x1200/1626216980.jpg|https://img10.naventcdn.com/avisos/18/01/50/82/37/58/1200x1200/1626216965.jpg|https://img10.naventcdn.com/avisos/18/01/50/82/37/58/1200x1200/1626216955.jpg|https://img10.naventcdn.com/avisos/18/01/50/82/37/58/1200x1200/1626216956.jpg,55528.0,52 5528564144,Remax Plus.,19858,https://www.inmuebles24.com/inmobiliarias/remax-plus._19858-inmuebles.html,2026-08-17T18:43:49Z,2026-08-25T09:45:19.089667+00:00,https://www.inmuebles24.com/casas-o-casa-en-condominio-o-departamentos-en-venta-en-tlaxcala-provincia-ordenado-por-fechaonline-descendente.html.html
https://www.inmuebles24.com/propiedades/clasificado/veclcain-preciosa-casa-con-jardin-150816626.html,150816626,665O0Q,sale,Preciosa Casa con Jardín,"R9747 CASA EN VENTA EN XICOHTZINCO, TLAXCALA VENTA $1 Ver datos .00 Una excelente oportunidad para adquirir tu casa en una zona con buena conectividad hacia Puebla, a aproximadamente 20 minutos de Galerías Serdán. Terreno: 124 m² Construcción: 84 m² Características 3 recámaras 1.5 baños Cocina integral Cisterna de 8,000 litros Estacionamiento para 1 o 2 autos Jardín trasero Forma de pago $1,000,000 MXN mediante crédito INFONAVIT El monto restante puede cubrirse mediante crédito bancario o recurso propio. Xicohtzinco, Tlaxcala A aproximadamente 20 minutos de Galerías Serdán, Puebla. Agenda tu cita y conoce esta oportunidad de inversión. ️ Precio y disponibilidad sujetos a cambio sin previo aviso.",1600000,"MN 1,600,000",MXN,venta,Casa,H. Ayuntamiento de Xicohtzinco Tlaxcala,,Tlaxcala,Tlaxcala,19.1749963,-98.2336954,2.0,1.0,84.0,124.0,2.0,,8,Publicado hace 10 días,,https://img10.naventcdn.com/avisos/18/01/50/81/66/26/1200x1200/1626056613.jpg?isFirstImage=true|https://img10.naventcdn.com/avisos/18/01/50/81/66/26/1200x1200/1626056609.jpg|https://img10.naventcdn.com/avisos/18/01/50/81/66/26/1200x1200/1626056607.jpg|https://img10.naventcdn.com/avisos/18/01/50/81/66/26/1200x1200/1626056605.jpg|https://img10.naventcdn.com/avisos/18/01/50/81/66/26/1200x1200/1626056604.jpg|https://img10.naventcdn.com/avisos/18/01/50/81/66/26/1200x1200/1626056606.jpg|https://img10.naventcdn.com/avisos/18/01/50/81/66/26/1200x1200/1626056619.jpg|https://img10.naventcdn.com/avisos/18/01/50/81/66/26/1200x1200/1626056608.jpg|https://img10.naventcdn.com/avisos/18/01/50/81/66/26/1200x1200/1626056621.jpg|https://img10.naventcdn.com/avisos/18/01/50/81/66/26/1200x1200/1626056612.jpg|https://img10.naventcdn.com/avisos/18/01/50/81/66/26/1200x1200/1626056614.jpg|https://img10.naventcdn.com/avisos/18/01/50/81/66/26/1200x1200/1626056618.jpg|https://img10.naventcdn.com/avisos/18/01/50/81/66/26/1200x1200/1626056620.jpg|https://img10.naventcdn.com/avisos/18/01/50/81/66/26/1200x1200/1626056615.jpg|https://img10.naventcdn.com/avisos/18/01/50/81/66/26/1200x1200/1626056616.jpg|https://img10.naventcdn.com/avisos/18/01/50/81/66/26/1200x1200/1626056610.jpg|https://img10.naventcdn.com/avisos/18/01/50/81/66/26/1200x1200/1626056617.jpg|https://img10.naventcdn.com/avisos/18/01/50/81/66/26/1200x1200/1626056611.jpg,,52 2225201202,Inmobiliaria DCO,51205475,https://www.inmuebles24.com/inmobiliarias/inmobiliaria-dco_51205475-inmuebles.html,2026-08-16T00:17:09Z,2026-08-25T09:45:19.089667+00:00,https://www.inmuebles24.com/casas-o-casa-en-condominio-o-departamentos-en-venta-en-tlaxcala-provincia-ordenado-por-fechaonline-descendente.html.html
https://www.inmuebles24.com/propiedades/clasificado/veclcain-propiedad-con-potencial-comercial-en-el-centro-de-150808482.html,150808482,NX-305366,sale,Propiedad con Potencial Comercial en El Centro de Tlaxcala,"Ref: 3 0 5 3 6 6 Descubre esta amplia y luminosa Casa en Venta en Tlaxcala Centro, Tlaxcala. Con una construcción de 250 m2, esta propiedad cuenta con 6 recámaras, 1 baño completo y 2 medios baños, ideal para familias numerosas o para inversión en un negocio comercial. Su uso de suelo comercial aumenta las posibilidades de aprovechamiento de este inmueble, convirtiéndolo en una excelente oportunidad en una ubicación privilegiada. Ubicada en una zona céntrica de Tlaxcala, esta casa se encuentra cerca de importantes zonas de interés, como el Parque Juárez, el Teatro Xicoténcatl y la Escuela Secundaria General \""Vicente Guerrero\"", a 200 de la plaza de Toros Tlaxcala, a 50 metros de las escalinatas, a 200 central camionera de Tlaxcala, a 800 metros del Recinto Ferial y centro de convenciones de Tlaxcala, ofreciendo una amplia variedad de servicios y entretenimiento a pocos minutos de distancia. Con accesibilidad a vías principales como la Avenida Juárez y la carretera federal Tlaxcala-Puebla, conectada a la carretera Tlaxcala San Martin, esta propiedad garantiza una excelente conectividad con el resto de la ciudad y sus alrededores, facilitando el desplazamiento y la movilidad de sus residentes. No pierdas la oportunidad de adquirir esta casa en una ubicación inmejorable, ¡contáctanos para más información!",8500000,"MN 8,500,000",MXN,venta,Casa,VICENTE GUERRERO 201,Tlaxcala Centro,Tlaxcala,Tlaxcala,19.31843120228972,-98.23713968355104,6.0,1.0,250.0,700.0,1.0,0.0,10,Publicado hace 11 días,,https://img10.naventcdn.com/avisos/18/01/50/80/84/82/1200x1200/1625905576.jpg?isFirstImage=true|https://img10.naventcdn.com/avisos/18/01/50/80/84/82/1200x1200/1625905600.jpg|https://img10.naventcdn.com/avisos/18/01/50/80/84/82/1200x1200/1625905624.jpg|https://img10.naventcdn.com/avisos/18/01/50/80/84/82/1200x1200/1625905639.jpg|https://img10.naventcdn.com/avisos/18/01/50/80/84/82/1200x1200/1625905612.jpg|https://img10.naventcdn.com/avisos/18/01/50/80/84/82/1200x1200/1625905609.jpg|https://img10.naventcdn.com/avisos/18/01/50/80/84/82/1200x1200/1625905614.jpg|https://img10.naventcdn.com/avisos/18/01/50/80/84/82/1200x1200/1625905617.jpg|https://img10.naventcdn.com/avisos/18/01/50/80/84/82/1200x1200/1625905605.jpg|https://img10.naventcdn.com/avisos/18/01/50/80/84/82/1200x1200/1625905650.jpg|https://img10.naventcdn.com/avisos/18/01/50/80/84/82/1200x1200/1625905630.jpg|https://img10.naventcdn.com/avisos/18/01/50/80/84/82/1200x1200/1625905637.jpg|https://img10.naventcdn.com/avisos/18/01/50/80/84/82/1200x1200/1625905603.jpg|https://img10.naventcdn.com/avisos/18/01/50/80/84/82/1200x1200/1625905611.jpg|https://img10.naventcdn.com/avisos/18/01/50/80/84/82/1200x1200/1625905633.jpg|https://img10.naventcdn.com/avisos/18/01/50/80/84/82/1200x1200/1625905587.jpg|https://img10.naventcdn.com/avisos/18/01/50/80/84/82/1200x1200/1625905628.jpg|https://img10.naventcdn.com/avisos/18/01/50/80/84/82/1200x1200/1625905621.jpg|https://img10.naventcdn.com/avisos/18/01/50/80/84/82/1200x1200/1625905618.jpg|https://img10.naventcdn.com/avisos/18/01/50/80/84/82/1200x1200/1625905635.jpg|https://img10.naventcdn.com/avisos/18/01/50/80/84/82/1200x1200/1625905619.jpg|https://img10.naventcdn.com/avisos/18/01/50/80/84/82/1200x1200/1625905610.jpg|https://img10.naventcdn.com/avisos/18/01/50/80/84/82/1200x1200/1625905607.jpg|https://img10.naventcdn.com/avisos/18/01/50/80/84/82/1200x1200/1625905615.jpg|https://img10.naventcdn.com/avisos/18/01/50/80/84/82/1200x1200/1625905589.jpg,,52 5574117755,iad Inmobiliaria,50956067,https://www.inmuebles24.com/inmobiliarias/iad-inmobiliaria_50956067-inmuebles.html,2026-08-14T23:06:42Z,2026-08-25T09:45:19.089667+00:00,https://www.inmuebles24.com/casas-o-casa-en-condominio-o-departamentos-en-venta-en-tlaxcala-provincia-ordenado-por-fechaonline-descendente.html.html
https://www.inmuebles24.com/propiedades/clasificado/veclcapa-casa-colonial-en-venta-150869571.html,150869571,667MPL,sale,Casa Colonial en Venta,"Casa colonial en venta en el Centro de Tlaxcala Amplia y encantadora casa de estilo colonial, con hermosas bóvedas catalanas, ubicada en pleno Centro de Tlaxcala. Una propiedad que combina el carácter y la arquitectura tradicional con amplios espacios, ideal para quienes buscan una residencia con personalidad y gran potencial. La propiedad cuenta con 4 recámaras, estudio, 4 baños, amplia sala con chimenea, comedor, cocina equipada, despensa, patio de servicio, terraza y estacionamiento. Sus espacios, detalles arquitectónicos y esencia colonial la convierten en una excelente opción para vivir, disfrutar en familia o incluso desarrollar un proyecto con gran atractivo en una ubicación privilegiada. Una propiedad única en el corazón de Tlaxcala, donde tradición, amplitud y ubicación se conjugan para ofrecer una oportunidad excepcional.",4750000,"MN 4,750,000",MXN,venta,Casa,Privada Porfirio Díaz,Tlaxcala Centro,Tlaxcala,Tlaxcala,19.313548868902,-98.24027123051918,4.0,4.0,250.0,256.0,2.0,,16,Publicado hace 4 días,,https://img10.naventcdn.com/avisos/18/01/50/86/95/71/1200x1200/1627126490.jpg?isFirstImage=true|https://img10.naventcdn.com/avisos/18/01/50/86/95/71/1200x1200/1627126480.jpg|https://img10.naventcdn.com/avisos/18/01/50/86/95/71/1200x1200/1627126493.jpg|https://img10.naventcdn.com/avisos/18/01/50/86/95/71/1200x1200/1627126499.jpg|https://img10.naventcdn.com/avisos/18/01/50/86/95/71/1200x1200/1627126476.jpg|https://img10.naventcdn.com/avisos/18/01/50/86/95/71/1200x1200/1627126484.jpg|https://img10.naventcdn.com/avisos/18/01/50/86/95/71/1200x1200/1627126488.jpg|https://img10.naventcdn.com/avisos/18/01/50/86/95/71/1200x1200/1627126478.jpg|https://img10.naventcdn.com/avisos/18/01/50/86/95/71/1200x1200/1627126489.jpg|https://img10.naventcdn.com/avisos/18/01/50/86/95/71/1200x1200/1627126492.jpg|https://img10.naventcdn.com/avisos/18/01/50/86/95/71/1200x1200/1627126494.jpg|https://img10.naventcdn.com/avisos/18/01/50/86/95/71/1200x1200/1627126483.jpg|https://img10.naventcdn.com/avisos/18/01/50/86/95/71/1200x1200/1627126485.jpg|https://img10.naventcdn.com/avisos/18/01/50/86/95/71/1200x1200/1627126486.jpg|https://img10.naventcdn.com/avisos/18/01/50/86/95/71/1200x1200/1627126479.jpg|https://img10.naventcdn.com/avisos/18/01/50/86/95/71/1200x1200/1627126491.jpg|https://img10.naventcdn.com/avisos/18/01/50/86/95/71/1200x1200/1627126477.jpg|https://img10.naventcdn.com/avisos/18/01/50/86/95/71/1200x1200/1627126487.jpg|https://img10.naventcdn.com/avisos/18/01/50/86/95/71/1200x1200/1627126482.jpg|https://img10.naventcdn.com/avisos/18/01/50/86/95/71/1200x1200/1627126481.jpg,,,Rocío Sánchez,103129338,https://www.inmuebles24.com/inmobiliarias/rocio-sanchez_103129338-inmuebles.html,2026-08-21T22:33:30Z,2026-08-25T09:45:19.089667+00:00,https://www.inmuebles24.com/casas-o-casa-en-condominio-o-departamentos-en-venta-en-tlaxcala-provincia-ordenado-por-fechaonline-descendente.html.html
https://www.inmuebles24.com/propiedades/clasificado/veclcapa-casa-en-venta-150873434.html,150873434,667R4E,sale,Casa en Venta,"Casa de 2 niveles que cuenta con cochera para 2 auto, estancia, comedor, cocina, cuarto de lavado, jardín, medio baño, estudio, recamara principal con baño completo, 1 recamara con baño completo, 2 recamaras adicionales, sala de tv y 1 baño completo compartido.",5780000,"MN 5,780,000",MXN,venta,Casa,5 de Abril,Pueblo Santa Anita Huiloac,Apizaco,Tlaxcala,19.3906106,-98.1492039,4.0,3.0,327.0,300.0,2.0,0.0,15,Publicado hace 3 días,,https://img10.naventcdn.com/avisos/18/01/50/87/34/34/1200x1200/1627211217.jpg?isFirstImage=true|https://img10.naventcdn.com/avisos/18/01/50/87/34/34/1200x1200/1627211222.jpg|https://img10.naventcdn.com/avisos/18/01/50/87/34/34/1200x1200/1627211221.jpg|https://img10.naventcdn.com/avisos/18/01/50/87/34/34/1200x1200/1627211220.jpg|https://img10.naventcdn.com/avisos/18/01/50/87/34/34/1200x1200/1627211219.jpg|https://img10.naventcdn.com/avisos/18/01/50/87/34/34/1200x1200/1627211218.jpg,,,Juan Carlos Perez,103129582,https://www.inmuebles24.com/inmobiliarias/juan-carlos-perez_103129582-inmuebles.html,2026-08-22T16:30:45Z,2026-08-25T09:45:19.089667+00:00,https://www.inmuebles24.com/casas-o-casa-en-condominio-o-departamentos-en-venta-en-tlaxcala-provincia-ordenado-por-fechaonline-descendente.html.html
https://www.inmuebles24.com/propiedades/clasificado/veclcapa-casa-nueva-en-venta-150856117.html,150856117,6677R7,sale,Casa Nueva en Venta,"Casa de 2 niveles que cuenta con Cochera para 2 autos, sala, comedor, cocina, cuarto de lavado, medio baño, recamara principal con vestidor y baño completo, 2 recamaras adicionales y 1 baño completo compartido.",2100000,"MN 2,100,000",MXN,venta,Casa,Jazminez,Pueblo San José Tetel,Yauhquemehcan,Tlaxcala,19.42340885591056,-98.16347790160522,3.0,2.0,165.0,100.0,2.0,0.0,A estrenar,Publicado hace 5 días,,https://img10.naventcdn.com/avisos/18/01/50/85/61/17/1200x1200/1626864131.jpg?isFirstImage=true|https://img10.naventcdn.com/avisos/18/01/50/85/61/17/1200x1200/1626864129.jpg|https://img10.naventcdn.com/avisos/18/01/50/85/61/17/1200x1200/1626864132.jpg|https://img10.naventcdn.com/avisos/18/01/50/85/61/17/1200x1200/1626864128.jpg|https://img10.naventcdn.com/avisos/18/01/50/85/61/17/1200x1200/1626864130.jpg,,,Juan Morales,103128518,https://www.inmuebles24.com/inmobiliarias/juan-morales_103128518-inmuebles.html,2026-08-20T16:21:28Z,2026-08-25T09:45:19.089667+00:00,https://www.inmuebles24.com/casas-o-casa-en-condominio-o-departamentos-en-venta-en-tlaxcala-provincia-ordenado-por-fechaonline-descendente.html.html
https://www.inmuebles24.com/propiedades/clasificado/veclcapa-casa-residencial-150873385.html,150873385,667R2P,sale,Casa Residencial,"Casa en venta en fraccionamiento, cuenta con estacionamiento para 2 autos, estancia, comedor, cocina, cuarto de lavado, patio de servicio, medio baño, recamara principal con baño completo, 2 recamaras adicionales y 1 baño completo compartido.",6000000,"MN 6,000,000",MXN,venta,Casa,Sauces,Fraccionamiento Los Sauces,Apizaco,Tlaxcala,19.400945123026204,-98.14028349524536,3.0,2.0,320.0,300.0,2.0,,12,Publicado hace 3 días,,https://img10.naventcdn.com/avisos/18/01/50/87/33/85/1200x1200/1627210140.jpg?isFirstImage=true|https://img10.naventcdn.com/avisos/18/01/50/87/33/85/1200x1200/1627210141.jpg|https://img10.naventcdn.com/avisos/18/01/50/87/33/85/1200x1200/1627210142.jpg|https://img10.naventcdn.com/avisos/18/01/50/87/33/85/1200x1200/1627210143.jpg|https://img10.naventcdn.com/avisos/18/01/50/87/33/85/1200x1200/1627210144.jpg,,,Ramon Hernandez,103129580,https://www.inmuebles24.com/inmobiliarias/ramon-hernandez_103129580-inmuebles.html,2026-08-22T16:16:41Z,2026-08-25T09:45:19.089667+00:00,https://www.inmuebles24.com/casas-o-casa-en-condominio-o-departamentos-en-venta-en-tlaxcala-provincia-ordenado-por-fechaonline-descendente.html.html
https://www.inmuebles24.com/propiedades/clasificado/veclcapa-hermosa-casa-nueva-en-fraccionamiento-privado-150825104.html,150825104,6663DE,sale,Hermosa Casa Nueva en Fraccionamiento Privado | Acabados de Lujo y Roof Garden,"Estrena casa en fraccionamiento privado! Una propiedad que destaca por su amplitud, diseño moderno, excelente distribución y acabados de lujo, con espacios pensados para disfrutar al máximo. En la planta baja, una amplia sala y comedor crean un agradable espacio para la convivencia, acompañados de una cocina equipada con diseño moderno y varios espacios de almacenamientos. Este nivel cuenta además con medio baño para visitas, patio y cuarto de servicio independiente con medio baño, así como estacionamiento para dos autos. En el primer nivel se encuentran tres amplias recámaras, cada una con baño completo, todos equipados con canceles de vidrio templado que complementan los acabados modernos de la casa. La recámara principal destaca por sus dimensiones y sus dos vestidores, ofreciendo mayor comodidad y espacio de almacenamiento. El roof garden brinda un amplio espacio al aire libre, ideal para crear una terraza, instalar un asador y disfrutar reuniones con familia y amigos. Además, cuenta con medio baño, haciendo de este nivel un espacio cómodo y funcional para cualquier ocasión. La propiedad cuenta con cisterna, tinaco y calentador, y se encuentra dentro de un fraccionamiento con seguridad y áreas verdes, ofreciendo un entorno tranquilo y agradable. Características principales Planta baja Estacionamiento para 2 autos Amplia sala y comedor Cocina equipada Medio baño para visitas Patio Cuarto de servicio con medio baño Primer nivel 3 amplias recámaras Baño completo en cada recámara Canceles de vidrio templado en baños Recámara principal con 2 vestidores Roof Garden Amplia área social al aire libre Espacio para terraza y asador Medio baño Equipamiento y acabados Cisterna Tinaco Calentador Acabados modernos de lujo Fraccionamiento Seguridad Áreas verdes Una casa nueva, amplia y con detalles que marcan la diferencia, lista para convertirse en tu próximo hogar.",3900000,"MN 3,900,000",MXN,venta,Casa,Fraccionamiento Residencial Parque Ingles,Fraccionamiento Apetlahuaya,Apizaco,Tlaxcala,19.3960751,-98.1366326,3.0,3.0,255.0,150.0,2.0,650.0,A estrenar,Publicado hace 8 días,,https://img10.naventcdn.com/avisos/18/01/50/82/51/04/1200x1200/1626272623.jpg?isFirstImage=true|https://img10.naventcdn.com/avisos/18/01/50/82/51/04/1200x1200/1626272630.jpg|https://img10.naventcdn.com/avisos/18/01/50/82/51/04/1200x1200/1626272625.jpg|https://img10.naventcdn.com/avisos/18/01/50/82/51/04/1200x1200/1626272628.jpg|https://img10.naventcdn.com/avisos/18/01/50/82/51/04/1200x1200/1626272627.jpg|https://img10.naventcdn.com/avisos/18/01/50/82/51/04/1200x1200/1626272631.jpg|https://img10.naventcdn.com/avisos/18/01/50/82/51/04/1200x1200/1626272624.jpg|https://img10.naventcdn.com/avisos/18/01/50/82/51/04/1200x1200/1626272626.jpg|https://img10.naventcdn.com/avisos/18/01/50/82/51/04/1200x1200/1626272622.jpg|https://img10.naventcdn.com/avisos/18/01/50/82/51/04/1200x1200/1626272629.jpg|https://img10.naventcdn.com/avisos/18/01/50/82/51/04/1200x1200/1626272632.jpg,,52 2411155030,Alejandro Canela,102394591,https://www.inmuebles24.com/inmobiliarias/alejandro-canela_102394591-inmuebles.html,2026-08-17T20:15:31Z,2026-08-25T09:45:19.089667+00:00,https://www.inmuebles24.com/casas-o-casa-en-condominio-o-departamentos-en-venta-en-tlaxcala-provincia-ordenado-por-fechaonline-descendente.html.html
https://www.inmuebles24.com/propiedades/clasificado/veclccin-casa-en-condominio-en-venta-en-fraccionamiento-150850892.html,150850892,CYZ-056,sale,Casa en Condominio en Venta en Fraccionamiento Jardines de Santa Úrsula,"[CYZ-056] Se vende una propiedad construida en el año 2013, en excelente estado, ubicada en el Fraccionamiento Villas Toscana. La casa cuenta con 3 recamaras, 3 baños completos, 1 medio baño y 2 lugares de estacionamiento techados. La superficie total es de 124m2, con una superficie cubierta de 153m2. Entre los servicios que ofrece se encuentran seguridad privada, cuarto de lavado y jardín privado. La dirección exacta es Villas Toscana. La propiedad se encuentra en el primer piso, cuenta con una ubicación frontal y se encuentra a la venta por un precio de 2,450,000 Mxn.",2450000,"MN 2,450,000",MXN,venta,Casa en condominio,Privada Reforma 22-manzana 2 lote 11,Fraccionamiento Jardines de Santa Úrsula,Yauhquemehcan,Tlaxcala,19.4254032,-98.1544069,3.0,3.0,124.0,124.0,2.0,850.0,13,Publicado hace 6 días,,https://img10.naventcdn.com/avisos/resize/18/01/50/85/08/92/1200x1200/1626751632.jpg?isFirstImage=true|https://img10.naventcdn.com/avisos/resize/18/01/50/85/08/92/1200x1200/1626751615.jpg|https://img10.naventcdn.com/avisos/resize/18/01/50/85/08/92/1200x1200/1626751709.jpg|https://img10.naventcdn.com/avisos/resize/18/01/50/85/08/92/1200x1200/1626751702.jpg|https://img10.naventcdn.com/avisos/resize/18/01/50/85/08/92/1200x1200/1626751726.jpg|https://img10.naventcdn.com/avisos/resize/18/01/50/85/08/92/1200x1200/1626751725.jpg|https://img10.naventcdn.com/avisos/resize/18/01/50/85/08/92/1200x1200/1626751864.jpg|https://img10.naventcdn.com/avisos/resize/18/01/50/85/08/92/1200x1200/1626751722.jpg|https://img10.naventcdn.com/avisos/resize/18/01/50/85/08/92/1200x1200/1626751724.jpg|https://img10.naventcdn.com/avisos/resize/18/01/50/85/08/92/1200x1200/1626751610.jpg|https://img10.naventcdn.com/avisos/resize/18/01/50/85/08/92/1200x1200/1626751636.jpg|https://img10.naventcdn.com/avisos/resize/18/01/50/85/08/92/1200x1200/1626751720.jpg|https://img10.naventcdn.com/avisos/resize/18/01/50/85/08/92/1200x1200/1626751712.jpg|https://img10.naventcdn.com/avisos/resize/18/01/50/85/08/92/1200x1200/1626751641.jpg|https://img10.naventcdn.com/avisos/resize/18/01/50/85/08/92/1200x1200/1626751605.jpg|https://img10.naventcdn.com/avisos/resize/18/01/50/85/08/92/1200x1200/1626751848.jpg|https://img10.naventcdn.com/avisos/resize/18/01/50/85/08/92/1200x1200/1626751620.jpg|https://img10.naventcdn.com/avisos/resize/18/01/50/85/08/92/1200x1200/1626751639.jpg|https://img10.naventcdn.com/avisos/resize/18/01/50/85/08/92/1200x1200/1626751699.jpg|https://img10.naventcdn.com/avisos/resize/18/01/50/85/08/92/1200x1200/1626751715.jpg|https://img10.naventcdn.com/avisos/18/01/50/85/08/92/1200x1200/1626751627.jpg|https://img10.naventcdn.com/avisos/resize/18/01/50/85/08/92/1200x1200/1626751697.jpg|https://img10.naventcdn.com/avisos/resize/18/01/50/85/08/92/1200x1200/1626751704.jpg|https://img10.naventcdn.com/avisos/resize/18/01/50/85/08/92/1200x1200/1626751643.jpg|https://img10.naventcdn.com/avisos/18/01/50/85/08/92/1200x1200/1626751597.jpg|https://img10.naventcdn.com/avisos/resize/18/01/50/85/08/92/1200x1200/1626751623.jpg|https://img10.naventcdn.com/avisos/resize/18/01/50/85/08/92/1200x1200/1626751707.jpg|https://img10.naventcdn.com/avisos/resize/18/01/50/85/08/92/1200x1200/1626751718.jpg|https://img10.naventcdn.com/avisos/resize/18/01/50/85/08/92/1200x1200/1626751694.jpg,,52 5570055225,Pulppo,50827089,https://www.inmuebles24.com/inmobiliarias/pulppo_50827089-inmuebles.html,2026-08-19T21:59:20Z,2026-08-25T09:45:19.089667+00:00,https://www.inmuebles24.com/casas-o-casa-en-condominio-o-departamentos-en-venta-en-tlaxcala-provincia-ordenado-por-fechaonline-descendente.html.html
https://www.inmuebles24.com/propiedades/clasificado/veclapin-increible-loft-3-recamaras-en-valquirico-tlaxcala-150756662.html,150756662,LAP8609104,sale,"Increible Loft 3 Recamaras en Valquirico, Tlaxcala","INCREIBLE LOFT DE ITERIORISMO, ESTLO INCANTO CAMPIÑA, FRENTE A UNA DE LAS PLAZAS MAS ICONICAS DE VALQUIRICO,EN VALQUIRICO, TLAXCALA. La plaza cuenta: Esculturas en replica, tunel que comunica con el zocalo principal, locales comerciales y restaurantes, musica y ambiente de experiencia unica. Amplia sala comedor 3 recámaras 3 baños Cochera 219 m2 de construcción Eevador y servicio de lavanderia (con costo) Edificio totalmente Electrico. EL SERVICIO ES EL VALOR PRIORITARIO, EXPERIENCIA POR CASI DOS DECADAS EN EL SECTOR INMOBILIARIO CAPACITANDONOS CONSTANTEMENTE A CAMBIOS Y ESQUEMAS FINANCIEROS PARA OFRECER A NUESTROS CLIENTES.",12653274,"MN 12,653,274",MXN,venta,Apartamento,"Loft A LA Venta,  3 Recamaras EN Valquirico, Tlaxcala",Val'Quirico,Tetlatlahuca,Tlaxcala,19.191372,-98.2894149,3.0,3.0,219.0,219.0,,0.0,A estrenar,Publicado hace 15 días,,https://img10.naventcdn.com/avisos/18/01/50/75/66/62/1200x1200/1624800871.jpg?isFirstImage=true|https://img10.naventcdn.com/avisos/18/01/50/75/66/62/1200x1200/1624800872.jpg,,52 7772610190,Lutimo Promotora,50166571,https://www.inmuebles24.com/inmobiliarias/lutimo-promotora_50166571-inmuebles.html,2026-08-10T04:57:13Z,2026-08-25T09:46:19.187483+00:00,https://www.inmuebles24.com/casas-o-casa-en-condominio-o-departamentos-en-venta-en-tlaxcala-provincia-ordenado-por-fechaonline-descendente.html-pagina-2.html
https://www.inmuebles24.com/propiedades/clasificado/veclapin-increible-loft-3-recamaras-en-valquirico-tlaxcala-150756668.html,150756668,LAP8609107,sale,"Increible Loft 3 Recamaras en Valquirico, Tlaxcala","INCREIBLE LOFT 4 RECAMARAS EN VALQUIRICO, TLAXCALA4 recámaras 4.5 baños Cocina con barra 2 salas Cochera para 1 auto Terraza 395.92 m2 de construcción EL SERVICIO ES EL VALOR PRIORITARIO, EXPERIENCIA POR CASI DOS DECADAS EN EL SECTOR INMOBILIARIO CAPACITANDONOS CONSTANTEMENTE A CAMBIOS Y ESQUEMAS FINANCIEROS PARA OFRECER A NUESTROS CLIENTES.",23950000,"MN 23,950,000",MXN,venta,Apartamento,"Increible Loft 3 Recamaras EN Valquirico, Tlaxcala",Val'Quirico,Tetlatlahuca,Tlaxcala,19.191372,-98.2894149,4.0,4.0,395.0,395.0,,0.0,A estrenar,Publicado hace 15 días,,https://img10.naventcdn.com/avisos/18/01/50/75/66/68/1200x1200/1624800949.jpg?isFirstImage=true|https://img10.naventcdn.com/avisos/18/01/50/75/66/68/1200x1200/1624800950.jpg,,52 7772610190,Lutimo Promotora,50166571,https://www.inmuebles24.com/inmobiliarias/lutimo-promotora_50166571-inmuebles.html,2026-08-10T04:59:34Z,2026-08-25T09:46:19.187483+00:00,https://www.inmuebles24.com/casas-o-casa-en-condominio-o-departamentos-en-venta-en-tlaxcala-provincia-ordenado-por-fechaonline-descendente.html-pagina-2.html
https://www.inmuebles24.com/propiedades/clasificado/veclapin-increible-loft-3-recamaras-en-valquirico-tlaxcala-150756681.html,150756681,LAP8609108,sale,"Increible Loft 3 Recamaras en Valquirico, Tlaxcala","INCREIBLE LOFT 2 RECAMARAS EN VALQUIRICO, TLAXCALA2 recámaras 1 baño Cocina con barra 2 salas Cochera para 1 auto Terraza 86.50 m2 de construcción EL SERVICIO ES EL VALOR PRIORITARIO, EXPERIENCIA POR CASI DOS DECADAS EN EL SECTOR INMOBILIARIO CAPACITANDONOS CONSTANTEMENTE A CAMBIOS Y ESQUEMAS FINANCIEROS PARA OFRECER A NUESTROS CLIENTES.",5273210,"MN 5,273,210",MXN,venta,Apartamento,"Increible Loft 3 Recamaras EN Valquirico, Tlaxcala",Val'Quirico,Tetlatlahuca,Tlaxcala,19.191372,-98.2894149,2.0,1.0,86.0,86.0,,0.0,A estrenar,Publicado hace 15 días,,https://img10.naventcdn.com/avisos/18/01/50/75/66/81/1200x1200/1624801045.jpg?isFirstImage=true|https://img10.naventcdn.com/avisos/18/01/50/75/66/81/1200x1200/1624801039.jpg,,52 7772610190,Lutimo Promotora,50166571,https://www.inmuebles24.com/inmobiliarias/lutimo-promotora_50166571-inmuebles.html,2026-08-10T05:05:12Z,2026-08-25T09:46:19.187483+00:00,https://www.inmuebles24.com/casas-o-casa-en-condominio-o-departamentos-en-venta-en-tlaxcala-provincia-ordenado-por-fechaonline-descendente.html-pagina-2.html
https://www.inmuebles24.com/propiedades/clasificado/veclapin-increible-loft-3-recamaras-en-valquirico-tlaxcala-150756685.html,150756685,LAP8609110,sale,"Increible Loft 3 Recamaras en Valquirico, Tlaxcala","INCREIBLE LOFT 1 RECAMARA EN VALQUIRICO, TLAXCALA1 recámara 1 baño Cocina con barra 2 salas Cochera para 1 auto Terraza 70.834 m2 de construcción EL SERVICIO ES EL VALOR PRIORITARIO, EXPERIENCIA POR CASI DOS DECADAS EN EL SECTOR INMOBILIARIO CAPACITANDONOS CONSTANTEMENTE A CAMBIOS Y ESQUEMAS FINANCIEROS PARA OFRECER A NUESTROS CLIENTES.",4317750,"MN 4,317,750",MXN,venta,Apartamento,"Increible Loft 3 Recamaras EN Valquirico, Tlaxcala",Val'Quirico,Tetlatlahuca,Tlaxcala,19.191372,-98.2894149,1.0,1.0,71.0,71.0,,0.0,A estrenar,Publicado hace 15 días,,https://img10.naventcdn.com/avisos/18/01/50/75/66/85/1200x1200/1624801093.jpg?isFirstImage=true|https://img10.naventcdn.com/avisos/18/01/50/75/66/85/1200x1200/1624801094.jpg,,52 7772610190,Lutimo Promotora,50166571,https://www.inmuebles24.com/inmobiliarias/lutimo-promotora_50166571-inmuebles.html,2026-08-10T05:06:56Z,2026-08-25T09:46:19.187483+00:00,https://www.inmuebles24.com/casas-o-casa-en-condominio-o-departamentos-en-venta-en-tlaxcala-provincia-ordenado-por-fechaonline-descendente.html-pagina-2.html
https://www.inmuebles24.com/propiedades/clasificado/veclappa-departamento-en-primer-nivel-150764256.html,150764256,663PP6,sale,Departamento en Primer Nivel,"DEPARTAMENTO UBICADO EN PRIMER NIVEL QUE CUENTA CON ESTANCIA-COMEDOR, COCINA, PATIO DE SERVICIO, 2 RECAMARAS Y 1 BAÑO COMPLETO COMPARTIDO. SIN CAJÓN DE ESTACIONAMIENTO.",575000,"MN 575,000",MXN,venta,Apartamento,El Salvador,Fraccionamiento Tierra y Libertad,Huamantla,Tlaxcala,19.32412335879631,-97.9259360629822,2.0,1.0,58.0,58.0,,0.0,16,Publicado hace 15 días,,https://img10.naventcdn.com/avisos/18/01/50/76/42/56/1200x1200/1624973323.jpg?isFirstImage=true|https://img10.naventcdn.com/avisos/18/01/50/76/42/56/1200x1200/1624973324.jpg|https://img10.naventcdn.com/avisos/18/01/50/76/42/56/1200x1200/1624973326.jpg|https://img10.naventcdn.com/avisos/18/01/50/76/42/56/1200x1200/1624973327.jpg|https://img10.naventcdn.com/avisos/18/01/50/76/42/56/1200x1200/1624973325.jpg,,,Eduardo Gomez,103123254,https://www.inmuebles24.com/inmobiliarias/eduardo-gomez_103123254-inmuebles.html,2026-08-11T01:26:24Z,2026-08-25T09:46:19.187483+00:00,https://www.inmuebles24.com/casas-o-casa-en-condominio-o-departamentos-en-venta-en-tlaxcala-provincia-ordenado-por-fechaonline-descendente.html-pagina-2.html
https://www.inmuebles24.com/propiedades/clasificado/veclappa-departamento-en-venta-150733532.html,150733532,662LL2,sale,Departamento en Venta,"Departamento en excelente ubicación en venta, ubicado en Tlaxcala, en primer nivel, consta de estancia-comedor, cocina, patio de servicio, 3 recamaras y 1 baño completo compartido.",680000,"MN 680,000",MXN,venta,Apartamento,Privada Domingo Arenas,Fraccionamiento San Fernando,Tlaxcala,Tlaxcala,19.32305932057054,-98.24334877969528,3.0,1.0,58.0,58.0,,0.0,24,Publicado hace 19 días,,https://img10.naventcdn.com/avisos/18/01/50/73/35/32/1200x1200/1624324877.jpg?isFirstImage=true|https://img10.naventcdn.com/avisos/18/01/50/73/35/32/1200x1200/1624324879.jpg|https://img10.naventcdn.com/avisos/18/01/50/73/35/32/1200x1200/1624324875.jpg|https://img10.naventcdn.com/avisos/18/01/50/73/35/32/1200x1200/1624324876.jpg|https://img10.naventcdn.com/avisos/18/01/50/73/35/32/1200x1200/1624324878.jpg,,,Diego Fernandez,103121269,https://www.inmuebles24.com/inmobiliarias/diego-fernandez_103121269-inmuebles.html,2026-08-06T17:08:21Z,2026-08-25T09:46:19.187483+00:00,https://www.inmuebles24.com/casas-o-casa-en-condominio-o-departamentos-en-venta-en-tlaxcala-provincia-ordenado-por-fechaonline-descendente.html-pagina-2.html
https://www.inmuebles24.com/propiedades/clasificado/veclappa-departamento-en-venta-150763600.html,150763600,663P3A,sale,Departamento en Venta,"DEPARTAMENTO UBICADO EN SEGUNDO NIVEL QUE CUENTA CON ESTANCIA, COMEDOR, COCINA, PATIO DE SERVICIO, 2 RECAMARAS Y 1 BAÑO COMPLETO. SIN COCHERA PROPIA.",600000,"MN 600,000",MXN,venta,Apartamento,Corregidora,Barrio San Francisco Yancuitlalpan,Huamantla,Tlaxcala,19.3086304,-97.9482195,2.0,1.0,58.0,58.0,,0.0,16,Publicado hace 15 días,,https://img10.naventcdn.com/avisos/18/01/50/76/36/00/1200x1200/1624961221.jpg?isFirstImage=true|https://img10.naventcdn.com/avisos/18/01/50/76/36/00/1200x1200/1624961220.jpg|https://img10.naventcdn.com/avisos/18/01/50/76/36/00/1200x1200/1624961218.jpg|https://img10.naventcdn.com/avisos/18/01/50/76/36/00/1200x1200/1624961217.jpg|https://img10.naventcdn.com/avisos/18/01/50/76/36/00/1200x1200/1624961219.jpg,,,Adriana Ruiz,103123222,https://www.inmuebles24.com/inmobiliarias/adriana-ruiz_103123222-inmuebles.html,2026-08-11T00:17:35Z,2026-08-25T09:46:19.187483+00:00,https://www.inmuebles24.com/casas-o-casa-en-condominio-o-departamentos-en-venta-en-tlaxcala-provincia-ordenado-por-fechaonline-descendente.html-pagina-2.html
https://www.inmuebles24.com/propiedades/clasificado/veclappa-departamento-en-venta-150763841.html,150763841,663PBB,sale,Departamento en Venta,"DEPARTAMENTO UBICADO EN SEGUNDO NIVEL QUE CUENTA CON ESTANCIA, COMEDOR, COCINA, PATIO DE SERVICIO, 2 RECAMARAS Y 1 BAÑO COMPLETO. SIN COCHERA PROPIA.",600000,"MN 600,000",MXN,venta,Apartamento,Corregidora,Barrio San Francisco Yancuitlalpan,Huamantla,Tlaxcala,19.3086304,-97.9482195,2.0,1.0,58.0,58.0,,0.0,16,Publicado hace 15 días,,https://img10.naventcdn.com/avisos/18/01/50/76/38/41/1200x1200/1624971700.jpg?isFirstImage=true|https://img10.naventcdn.com/avisos/18/01/50/76/38/41/1200x1200/1624971698.jpg|https://img10.naventcdn.com/avisos/18/01/50/76/38/41/1200x1200/1624971702.jpg|https://img10.naventcdn.com/avisos/18/01/50/76/38/41/1200x1200/1624971701.jpg|https://img10.naventcdn.com/avisos/18/01/50/76/38/41/1200x1200/1624971699.jpg,,,Adriana Ruiz,103123226,https://www.inmuebles24.com/inmobiliarias/adriana-ruiz_103123226-inmuebles.html,2026-08-11T00:30:11Z,2026-08-25T09:46:19.187483+00:00,https://www.inmuebles24.com/casas-o-casa-en-condominio-o-departamentos-en-venta-en-tlaxcala-provincia-ordenado-por-fechaonline-descendente.html-pagina-2.html
https://www.inmuebles24.com/propiedades/clasificado/veclappa-departamento-en-venta-150764292.html,150764292,663PQC,sale,Departamento en Venta,"DEPARTAMENTO UBICADO EN PRIMER NIVEL QUE CUENTA CON ESTANCIA-COMEDOR, COCINA, PATIO DE SERVICIO, 2 RECAMARAS Y 1 BAÑO COMPLETO. SIN COCHERA.",430000,"MN 430,000",MXN,venta,Apartamento,San Jose,Barrio San Antonio,Huamantla,Tlaxcala,19.32060003246757,-97.9333604175354,2.0,1.0,45.0,45.0,,0.0,15,Publicado hace 15 días,,https://img10.naventcdn.com/avisos/18/01/50/76/42/92/1200x1200/1624974172.jpg?isFirstImage=true|https://img10.naventcdn.com/avisos/18/01/50/76/42/92/1200x1200/1624974168.jpg|https://img10.naventcdn.com/avisos/18/01/50/76/42/92/1200x1200/1624974169.jpg|https://img10.naventcdn.com/avisos/18/01/50/76/42/92/1200x1200/1624974171.jpg|https://img10.naventcdn.com/avisos/18/01/50/76/42/92/1200x1200/1624974170.jpg,,,Josue Ramirez,103123260,https://www.inmuebles24.com/inmobiliarias/josue-ramirez_103123260-inmuebles.html,2026-08-11T01:34:33Z,2026-08-25T09:46:19.187483+00:00,https://www.inmuebles24.com/casas-o-casa-en-condominio-o-departamentos-en-venta-en-tlaxcala-provincia-ordenado-por-fechaonline-descendente.html-pagina-2.html
https://www.inmuebles24.com/propiedades/clasificado/veclappa-venta-de-departamento-150733302.html,150733302,662LDC,sale,Venta de Departamento,"Se vende departamento ubicado en primer nivel dentro de fraccionamiento, el departamento cuenta con estancia-comedor, cocina, patio de servicio, 2 recamaras y 1 baño completo compartido.",594000,"MN 594,000",MXN,venta,Apartamento,Vista Real,Pueblo San Nicolás Panotla,Panotla,Tlaxcala,19.32742692914432,-98.26290444763816,2.0,1.0,54.0,54.0,,0.0,22,Publicado hace 19 días,,https://img10.naventcdn.com/avisos/18/01/50/73/33/02/1200x1200/1624320886.jpg?isFirstImage=true|https://img10.naventcdn.com/avisos/18/01/50/73/33/02/1200x1200/1624320884.jpg|https://img10.naventcdn.com/avisos/18/01/50/73/33/02/1200x1200/1624320885.jpg|https://img10.naventcdn.com/avisos/18/01/50/73/33/02/1200x1200/1624320883.jpg|https://img10.naventcdn.com/avisos/18/01/50/73/33/02/1200x1200/1624320887.jpg,,,Valeria Hernandez,103121253,https://www.inmuebles24.com/inmobiliarias/valeria-hernandez_103121253-inmuebles.html,2026-08-06T16:55:31Z,2026-08-25T09:46:19.187483+00:00,https://www.inmuebles24.com/casas-o-casa-en-condominio-o-departamentos-en-venta-en-tlaxcala-provincia-ordenado-por-fechaonline-descendente.html-pagina-2.html
https://www.inmuebles24.com/propiedades/clasificado/veclcain-casa-en-barrio-el-alto-150682986.html,150682986,NHO8569205,sale,Casa en Barrio El Alto,"Casa en Preventa - El Alto, Santa cruz Tlaxcala Vive la experiencia de un hogar diseñado para disfrutar cada momento el, cómodo y bien ubicado, perfecto para crecer y crear momentos en familia con tranquilidad. Distribución +Planta baja: Espacio para un auto, sala, comedor con excelente iluminación, cocina, medio baño para visitas y área de servicio. +Primer nivel: Tres recámaras con buena iluminación y baño completo compartido. *Proyecto en preventa *Se aceptan todos los créditos *Precio sujeto a cambios sin previo aviso. *Los gastos de escrituración, impuestos, etc. No están incluidos en el precio. En Nazarit Bienes Raíces te ofrecemos las mejores opciones que se adecuen a tus necesidades, te apoyamos en todo tramite y asesoría sin costo extra. ¡Contáctanos!",1200000,"MN 1,200,000",MXN,venta,Casa,"Casa en Preventa - El Alto, Santa Cruz Tlaxcala",Barrio El Alto,Santa Cruz Tlaxcala,Tlaxcala,19.3493994,-98.1406835,3.0,1.0,71.0,71.0,1.0,0.0,A estrenar,Publicado hace 25 días,,https://img10.naventcdn.com/avisos/18/01/50/68/29/86/1200x1200/1623315096.jpg?isFirstImage=true|https://img10.naventcdn.com/avisos/18/01/50/68/29/86/1200x1200/1623315097.jpg|https://img10.naventcdn.com/avisos/18/01/50/68/29/86/1200x1200/1623315139.jpg|https://img10.naventcdn.com/avisos/18/01/50/68/29/86/1200x1200/1623315101.jpg|https://img10.naventcdn.com/avisos/18/01/50/68/29/86/1200x1200/1623315115.jpg|https://img10.naventcdn.com/avisos/18/01/50/68/29/86/1200x1200/1623315143.jpg|https://img10.naventcdn.com/avisos/18/01/50/68/29/86/1200x1200/1623315141.jpg|https://img10.naventcdn.com/avisos/18/01/50/68/29/86/1200x1200/1623315142.jpg|https://img10.naventcdn.com/avisos/18/01/50/68/29/86/1200x1200/1623315140.jpg|https://img10.naventcdn.com/avisos/18/01/50/68/29/86/1200x1200/1623315144.jpg|https://img10.naventcdn.com/avisos/18/01/50/68/29/86/1200x1200/1623315100.jpg|https://img10.naventcdn.com/avisos/18/01/50/68/29/86/1200x1200/1623315099.jpg|https://img10.naventcdn.com/avisos/18/01/50/68/29/86/1200x1200/1623315098.jpg,,52 2461390017,Nazarit Bienes Raíces,51357399,https://www.inmuebles24.com/inmobiliarias/nazarit-bienes-raices_51357399-inmuebles.html,2026-07-31T19:17:39Z,2026-08-25T09:47:17.594528+00:00,https://www.inmuebles24.com/casas-o-casa-en-condominio-o-departamentos-en-venta-en-tlaxcala-provincia-ordenado-por-fechaonline-descendente.html-pagina-2.html
https://www.inmuebles24.com/propiedades/clasificado/veclcain-casa-en-residencial-en-santa-lucia-en-huacaltzingo-150712230.html,150712230,661S10,sale,"Casa en Residencial en \""Santa Lucia\"" en Huacaltzingo, Yauhquemecan Tlaxcala","Hermosa casa residencial en Fraccionamiento privado \""Santa Lucia\"" ubicado en Huacaltzingo Yauhquemecan Tlaxcala, a escasos 5 minutos de Apizaco Tlaxcala. Con todos los servicios disponibles. Planta baja: Estacionamiento para dos autos, sala, comedor, cocina, medio baño, jardín, Planta alta: recamara principal con baño completo 2 recamaras mas con terraza, que comparten baño completo. Terreno: 150.00 m2 Construcción: 156.47 m2",3500000,"MN 3,500,000",MXN,venta,Casa,Fraccionamiento Santa Lucia,Rancho o rancheria Hualcaltzinco,Yauhquemehcan,Tlaxcala,19.4010161,-98.1560619,3.0,2.0,156.0,150.0,2.0,,A estrenar,Publicado hace 21 días,,https://img10.naventcdn.com/avisos/18/01/50/71/22/30/1200x1200/1623887801.jpg?isFirstImage=true|https://img10.naventcdn.com/avisos/18/01/50/71/22/30/1200x1200/1623887809.jpg|https://img10.naventcdn.com/avisos/18/01/50/71/22/30/1200x1200/1623887803.jpg|https://img10.naventcdn.com/avisos/18/01/50/71/22/30/1200x1200/1623887808.jpg|https://img10.naventcdn.com/avisos/18/01/50/71/22/30/1200x1200/1623887807.jpg|https://img10.naventcdn.com/avisos/18/01/50/71/22/30/1200x1200/1623887804.jpg|https://img10.naventcdn.com/avisos/18/01/50/71/22/30/1200x1200/1623887810.jpg|https://img10.naventcdn.com/avisos/18/01/50/71/22/30/1200x1200/1623887806.jpg|https://img10.naventcdn.com/avisos/18/01/50/71/22/30/1200x1200/1623887799.jpg|https://img10.naventcdn.com/avisos/18/01/50/71/22/30/1200x1200/1623887798.jpg|https://img10.naventcdn.com/avisos/18/01/50/71/22/30/1200x1200/1623887805.jpg|https://img10.naventcdn.com/avisos/18/01/50/71/22/30/1200x1200/1623887811.jpg|https://img10.naventcdn.com/avisos/18/01/50/71/22/30/1200x1200/1623887802.jpg|https://img10.naventcdn.com/avisos/18/01/50/71/22/30/1200x1200/1623887800.jpg|https://img10.naventcdn.com/avisos/18/01/50/71/22/30/1200x1200/1623887812.jpg,,52 2411152416,KALI INMOBILIARIA,653778,https://www.inmuebles24.com/inmobiliarias/kali-inmobiliaria_653778-inmuebles.html,2026-08-04T20:36:13Z,2026-08-25T09:47:17.594528+00:00,https://www.inmuebles24.com/casas-o-casa-en-condominio-o-departamentos-en-venta-en-tlaxcala-provincia-ordenado-por-fechaonline-descendente.html-pagina-2.html
https://www.inmuebles24.com/propiedades/clasificado/veclcain-casa-en-venta-con-3-recamaras-3-banos-completos-y-150764572.html,150764572,NHO8628418,sale,"Casa en Venta con 3 Recamaras, 3 Baños Completos y Roof Garden en Acuitlapilco, Tlaxcala.","Descubre esta magnífica casa ubicada en el encantador Pueblo Santa María Acuitlapilco, Tlaxcala. Situada a tan solo 2 minutos del libramiento y a 3 de Plaza Galerías, esta propiedad ofrece la combinación perfecta de comodidad y accesibilidad. Al ingresar, te recibe una sala de estar con doble altura que aporta una sensación de amplitud y luminosidad. El comedor adyacente y la cocina integral están diseñados para el confort diario y el entretenimiento. La casa cuenta con una cochera para dos autos con portón automático, ideal para la seguridad y conveniencia. Además, dispone de una cisterna con hidroneumático para asegurar un suministro de agua constante. En el primer nivel, encontrarás tres recámaras, cada una con su baño completo, ofreciendo privacidad y confort a todos los miembros de la familia. El segundo nivel te sorprenderá con un patio de servicio, un medio baño, y un espectacular roof garden con asador y tarja, perfecto para disfrutar de reuniones al aire libre. La propiedad está equipada con servicios esenciales como alcantarillado, internet, electricidad, agua potable, y más. Además, es apta para crédito, lo que facilita su adquisición. No pierdas la oportunidad de vivir en un entorno que combina modernidad y tranquilidad. Visítala y descubre el hogar de tus sueños en Tlaxcala. *Se aceptan todos los créditos, a excepcion de Infonavit tradicional e Infonavit corresidencial. *Precio sujeto a cambios sin previo aviso. *Los gastos de escrituración, impuestos etc. No están incluidos en el precio En Nazarit Bienes Raíces te ofrecemos las mejores opciones que se adecuen a tus necesidades, te apoyamos en todo el tramite y asesoría sin costo extra. ¡Contáctanos!",2950000,"MN 2,950,000",MXN,venta,Casa,"Acuitlapilco, Tlaxcala",Pueblo Santa Maria Acuitlapilco,Tlaxcala,Tlaxcala,19.2843514,-98.2393375,3.0,3.0,150.0,150.0,2.0,0.0,A estrenar,Publicado hace 15 días,,https://img10.naventcdn.com/avisos/18/01/50/76/45/72/1200x1200/1624980542.jpg?isFirstImage=true|https://img10.naventcdn.com/avisos/18/01/50/76/45/72/1200x1200/1624980737.jpg|https://img10.naventcdn.com/avisos/18/01/50/76/45/72/1200x1200/1624980543.jpg|https://img10.naventcdn.com/avisos/18/01/50/76/45/72/1200x1200/1624980547.jpg|https://img10.naventcdn.com/avisos/18/01/50/76/45/72/1200x1200/1624980552.jpg|https://img10.naventcdn.com/avisos/18/01/50/76/45/72/1200x1200/1624980719.jpg|https://img10.naventcdn.com/avisos/18/01/50/76/45/72/1200x1200/1624980544.jpg|https://img10.naventcdn.com/avisos/18/01/50/76/45/72/1200x1200/1624980664.jpg|https://img10.naventcdn.com/avisos/18/01/50/76/45/72/1200x1200/1624980592.jpg|https://img10.naventcdn.com/avisos/18/01/50/76/45/72/1200x1200/1624980550.jpg|https://img10.naventcdn.com/avisos/18/01/50/76/45/72/1200x1200/1624980740.jpg|https://img10.naventcdn.com/avisos/18/01/50/76/45/72/1200x1200/1624980687.jpg|https://img10.naventcdn.com/avisos/18/01/50/76/45/72/1200x1200/1624980736.jpg|https://img10.naventcdn.com/avisos/18/01/50/76/45/72/1200x1200/1624980541.jpg|https://img10.naventcdn.com/avisos/18/01/50/76/45/72/1200x1200/1624980720.jpg|https://img10.naventcdn.com/avisos/18/01/50/76/45/72/1200x1200/1624980555.jpg|https://img10.naventcdn.com/avisos/18/01/50/76/45/72/1200x1200/1624980553.jpg|https://img10.naventcdn.com/avisos/18/01/50/76/45/72/1200x1200/1624980742.jpg|https://img10.naventcdn.com/avisos/18/01/50/76/45/72/1200x1200/1624980741.jpg|https://img10.naventcdn.com/avisos/18/01/50/76/45/72/1200x1200/1624980548.jpg|https://img10.naventcdn.com/avisos/18/01/50/76/45/72/1200x1200/1624980549.jpg|https://img10.naventcdn.com/avisos/18/01/50/76/45/72/1200x1200/1624980545.jpg|https://img10.naventcdn.com/avisos/18/01/50/76/45/72/1200x1200/1624980739.jpg|https://img10.naventcdn.com/avisos/18/01/50/76/45/72/1200x1200/1624980540.jpg|https://img10.naventcdn.com/avisos/18/01/50/76/45/72/1200x1200/1624980554.jpg|https://img10.naventcdn.com/avisos/18/01/50/76/45/72/1200x1200/1624980551.jpg|https://img10.naventcdn.com/avisos/18/01/50/76/45/72/1200x1200/1624980718.jpg|https://img10.naventcdn.com/avisos/18/01/50/76/45/72/1200x1200/1624980546.jpg|https://img10.naventcdn.com/avisos/18/01/50/76/45/72/1200x1200/1624980717.jpg|https://img10.naventcdn.com/avisos/18/01/50/76/45/72/1200x1200/1624980665.jpg|https://img10.naventcdn.com/avisos/18/01/50/76/45/72/1200x1200/1624980686.jpg,,52 2461390017,Nazarit Bienes Raíces,51357399,https://www.inmuebles24.com/inmobiliarias/nazarit-bienes-raices_51357399-inmuebles.html,2026-08-11T02:29:44Z,2026-08-25T09:47:17.594528+00:00,https://www.inmuebles24.com/casas-o-casa-en-condominio-o-departamentos-en-venta-en-tlaxcala-provincia-ordenado-por-fechaonline-descendente.html-pagina-2.html
https://www.inmuebles24.com/propiedades/clasificado/veclcain-casa-en-venta-con-tres-habitaciones-y-terraza-en-150705038.html,150705038,IHO4254749,sale,"Casa en Venta con Tres Habitaciones y Terraza en Miraflores, Tlaxcala","Casa en Venta en Miraflores, Tlaxcala A 4 minutos de Soriana A 5 minutos del libramiento A 10 minutos de Plaza Galerías Casa usada en venta ubicada en una privada, cerca de escuelas, tiendas de conveniencia, parques, soriana, etc Cuenta con la siguiente distribución: Planta baja; sala, comedor, cocina integral, cochera para dos autos, cisterna, medio baño, area de servicio y bodega. Primer nivel; dos recamaras secundarias con closets y baño completo para compartir, recamara principal con closet y baño completo. Segundo nivel; roof garden y area de asador. *Se aceptan todos los créditos. *Precio sujeto a cambios sin previo aviso. *Los gastos de escrituración, impuestos etc. No están incluidos en el precio En Nazarit Bienes Raíces te ofrecemos las mejores opciones que se adecuen a tus necesidades, te apoyamos en todo el tramite y asesoría sin costo extra. ¡Contáctanos!",2200000,"MN 2,200,000",MXN,venta,Casa,"Casa en Venta - Miraflores, Tlaxcala",Barrio Miraflores,Tlaxcala,Tlaxcala,19.3072290172,-98.2258224264,3.0,2.0,116.0,102.0,2.0,0.0,A estrenar,Publicado hace 22 días,,https://img10.naventcdn.com/avisos/18/01/50/70/50/38/1200x1200/1623741218.jpg?isFirstImage=true|https://img10.naventcdn.com/avisos/18/01/50/70/50/38/1200x1200/1623741227.jpg|https://img10.naventcdn.com/avisos/18/01/50/70/50/38/1200x1200/1623741212.jpg|https://img10.naventcdn.com/avisos/18/01/50/70/50/38/1200x1200/1623741211.jpg|https://img10.naventcdn.com/avisos/18/01/50/70/50/38/1200x1200/1623741204.jpg|https://img10.naventcdn.com/avisos/18/01/50/70/50/38/1200x1200/1623741205.jpg|https://img10.naventcdn.com/avisos/18/01/50/70/50/38/1200x1200/1623741216.jpg|https://img10.naventcdn.com/avisos/18/01/50/70/50/38/1200x1200/1623741222.jpg|https://img10.naventcdn.com/avisos/18/01/50/70/50/38/1200x1200/1623741206.jpg|https://img10.naventcdn.com/avisos/18/01/50/70/50/38/1200x1200/1623741221.jpg|https://img10.naventcdn.com/avisos/18/01/50/70/50/38/1200x1200/1623741208.jpg|https://img10.naventcdn.com/avisos/18/01/50/70/50/38/1200x1200/1623741224.jpg|https://img10.naventcdn.com/avisos/18/01/50/70/50/38/1200x1200/1623741201.jpg|https://img10.naventcdn.com/avisos/18/01/50/70/50/38/1200x1200/1623741200.jpg|https://img10.naventcdn.com/avisos/18/01/50/70/50/38/1200x1200/1623741203.jpg|https://img10.naventcdn.com/avisos/18/01/50/70/50/38/1200x1200/1623741209.jpg|https://img10.naventcdn.com/avisos/18/01/50/70/50/38/1200x1200/1623741202.jpg|https://img10.naventcdn.com/avisos/18/01/50/70/50/38/1200x1200/1623741229.jpg|https://img10.naventcdn.com/avisos/18/01/50/70/50/38/1200x1200/1623741225.jpg|https://img10.naventcdn.com/avisos/18/01/50/70/50/38/1200x1200/1623741199.jpg|https://img10.naventcdn.com/avisos/18/01/50/70/50/38/1200x1200/1623741198.jpg|https://img10.naventcdn.com/avisos/18/01/50/70/50/38/1200x1200/1623741214.jpg,,52 2461390017,Nazarit Bienes Raíces,51357399,https://www.inmuebles24.com/inmobiliarias/nazarit-bienes-raices_51357399-inmuebles.html,2026-08-04T00:52:49Z,2026-08-25T09:47:17.594528+00:00,https://www.inmuebles24.com/casas-o-casa-en-condominio-o-departamentos-en-venta-en-tlaxcala-provincia-ordenado-por-fechaonline-descendente.html-pagina-2.html
https://www.inmuebles24.com/propiedades/clasificado/veclcain-casa-en-venta-con-tres-recamaras-y-roof-garden-en-la-150734101.html,150734101,NHO8590333,sale,"Casa en Venta con Tres Recamaras y Roof Garden en La Magdalena, Tlaxcala","Casa en venta en un exclusivo fraccionamiento cerrado de solo 7 casas, ubicado en La Magdalena Tlaltelulco, Tlaxcala. Este conjunto residencial ofrece seguridad y tranquilidad con una caseta de vigilancia. La propiedad se encuentra estratégicamente situada a pocos metros de la vía corta Santa Ana-Puebla, brindando fácil acceso al transporte público y cercanía a tiendas de conveniencia. La casa cuenta con un diseño arquitectónico que aprovecha al máximo sus espacios. Al ingresar, se encuentra un área de sala con doble altura, proporcionando una sensación de amplitud y luminosidad. La cocina es integral y está equipada, ideal para los amantes de la cocina. El comedor es espacioso y perfecto para recibir invitados. La planta baja también incluye un medio baño y un área de servicio, además de una cochera cubierta con capacidad para dos autos. En el primer nivel, la recámara principal cuenta con clóset y baño completo, garantizando comodidad y privacidad. La segunda recámara también dispone de clóset y baño completo, ideal para familiares o visitas. El segundo nivel ofrece un atractivo roof garden, perfecto para disfrutar de reuniones al aire libre, y un baño completo. Este nivel también puede funcionar como una tercera recámara o estudio, ofreciendo versatilidad según las necesidades del propietario. La propiedad es apta para crédito y ofrece características adicionales como área social con asador, apto para mascotas, área recreativa y juegos para niños. Su ubicación privilegiada y diseño funcional la convierten en una excelente opción para quienes buscan un hogar cómodo y seguro. *Se aceptan todos los créditos, a excepción de Infonavit tradicional e Infonavit corresidencial. *Precio sujeto a cambios sin previo aviso. *Los gastos de escrituración, impuestos etc. No están incluidos en el precio En Nazarit Bienes Raíces te ofrecemos las mejores opciones que se adecuen a tus necesidades, te apoyamos en todo el tramite y asesoría sin costo extra. ¡Contáctanos!",2400000,"MN 2,400,000",MXN,venta,Casa,"Magdalena, Tlaxcala",,La Magdalena Tlaltelulco,Tlaxcala,19.2721628,-98.2022333,3.0,3.0,173.0,187.0,2.0,0.0,A estrenar,Publicado hace 19 días,,https://img10.naventcdn.com/avisos/18/01/50/73/41/01/1200x1200/1624335582.jpg?isFirstImage=true|https://img10.naventcdn.com/avisos/18/01/50/73/41/01/1200x1200/1624335573.jpg|https://img10.naventcdn.com/avisos/18/01/50/73/41/01/1200x1200/1624335587.jpg|https://img10.naventcdn.com/avisos/18/01/50/73/41/01/1200x1200/1624335558.jpg|https://img10.naventcdn.com/avisos/18/01/50/73/41/01/1200x1200/1624335552.jpg|https://img10.naventcdn.com/avisos/18/01/50/73/41/01/1200x1200/1624335598.jpg|https://img10.naventcdn.com/avisos/18/01/50/73/41/01/1200x1200/1624335556.jpg|https://img10.naventcdn.com/avisos/18/01/50/73/41/01/1200x1200/1624335606.jpg|https://img10.naventcdn.com/avisos/18/01/50/73/41/01/1200x1200/1624335565.jpg|https://img10.naventcdn.com/avisos/18/01/50/73/41/01/1200x1200/1624335602.jpg|https://img10.naventcdn.com/avisos/18/01/50/73/41/01/1200x1200/1624335561.jpg|https://img10.naventcdn.com/avisos/18/01/50/73/41/01/1200x1200/1624335608.jpg|https://img10.naventcdn.com/avisos/18/01/50/73/41/01/1200x1200/1624335549.jpg|https://img10.naventcdn.com/avisos/18/01/50/73/41/01/1200x1200/1624335590.jpg|https://img10.naventcdn.com/avisos/18/01/50/73/41/01/1200x1200/1624335577.jpg|https://img10.naventcdn.com/avisos/18/01/50/73/41/01/1200x1200/1624335544.jpg|https://img10.naventcdn.com/avisos/18/01/50/73/41/01/1200x1200/1624335610.jpg|https://img10.naventcdn.com/avisos/18/01/50/73/41/01/1200x1200/1624335547.jpg|https://img10.naventcdn.com/avisos/18/01/50/73/41/01/1200x1200/1624335541.jpg|https://img10.naventcdn.com/avisos/18/01/50/73/41/01/1200x1200/1624335554.jpg|https://img10.naventcdn.com/avisos/18/01/50/73/41/01/1200x1200/1624335542.jpg|https://img10.naventcdn.com/avisos/18/01/50/73/41/01/1200x1200/1624335594.jpg|https://img10.naventcdn.com/avisos/18/01/50/73/41/01/1200x1200/1624335612.jpg|https://img10.naventcdn.com/avisos/18/01/50/73/41/01/1200x1200/1624335569.jpg,,52 2461390017,Nazarit Bienes Raíces,51357399,https://www.inmuebles24.com/inmobiliarias/nazarit-bienes-raices_51357399-inmuebles.html,2026-08-06T17:50:02Z,2026-08-25T09:47:17.594528+00:00,https://www.inmuebles24.com/casas-o-casa-en-condominio-o-departamentos-en-venta-en-tlaxcala-provincia-ordenado-por-fechaonline-descendente.html-pagina-2.html
https://www.inmuebles24.com/propiedades/clasificado/veclcain-casa-en-venta-la-trinidad-tepehitec-tlaxcala.-150683621.html,150683621,NHO7140573,sale,"Casa en Venta - La Trinidad Tepehitec, Tlaxcala.","Casa en Venta - Tepehitec, Tlaxcala. Atrás del hospital IMSS de la Loma, a dos minutos de rectoría UAT A 3 minutos del libramiento A 7 minutos del centro de Tlaxcala Cuenta con la siguiente distribución: Planta baja: Sala, comedor, cocina integral, área de servicio, medio baño, cisterna, cochera para dos autos con portón automático. Planta alta: sala de TV, baño completo con cancel, dos recamaras secundarias con closets, recamara principal con balcón, closet y vestidor. *Se aceptan todos los créditos. *Precio sujeto a cambios sin previo aviso. *Los gastos de escrituración, impuestos etc. No están incluidos en el precio En Nazarit Bienes Raíces te ofrecemos las mejores opciones que se adecuen a tus necesidades, te apoyamos en todo el tramite y asesoría sin costo extra. ¡Contactanos!,",2800000,"MN 2,800,000",MXN,venta,Casa,"Casa en Venta - La Trinidad Tepehitec, Tlaxcala.",Pueblo La Trinidad Tepehitec,Tlaxcala,Tlaxcala,19.3085356,-98.2612459,3.0,2.0,208.0,187.0,2.0,0.0,A estrenar,Publicado hace 25 días,,https://img10.naventcdn.com/avisos/18/01/50/68/36/21/1200x1200/1623327159.jpg?isFirstImage=true|https://img10.naventcdn.com/avisos/18/01/50/68/36/21/1200x1200/1623327248.jpg|https://img10.naventcdn.com/avisos/18/01/50/68/36/21/1200x1200/1623327229.jpg|https://img10.naventcdn.com/avisos/18/01/50/68/36/21/1200x1200/1623327201.jpg|https://img10.naventcdn.com/avisos/18/01/50/68/36/21/1200x1200/1623327173.jpg|https://img10.naventcdn.com/avisos/18/01/50/68/36/21/1200x1200/1623327194.jpg|https://img10.naventcdn.com/avisos/18/01/50/68/36/21/1200x1200/1623327234.jpg|https://img10.naventcdn.com/avisos/18/01/50/68/36/21/1200x1200/1623327166.jpg|https://img10.naventcdn.com/avisos/18/01/50/68/36/21/1200x1200/1623327175.jpg|https://img10.naventcdn.com/avisos/18/01/50/68/36/21/1200x1200/1623327236.jpg|https://img10.naventcdn.com/avisos/18/01/50/68/36/21/1200x1200/1623327150.jpg|https://img10.naventcdn.com/avisos/18/01/50/68/36/21/1200x1200/1623327163.jpg|https://img10.naventcdn.com/avisos/18/01/50/68/36/21/1200x1200/1623327242.jpg|https://img10.naventcdn.com/avisos/18/01/50/68/36/21/1200x1200/1623327193.jpg|https://img10.naventcdn.com/avisos/18/01/50/68/36/21/1200x1200/1623327100.jpg|https://img10.naventcdn.com/avisos/18/01/50/68/36/21/1200x1200/1623327143.jpg|https://img10.naventcdn.com/avisos/18/01/50/68/36/21/1200x1200/1623327199.jpg|https://img10.naventcdn.com/avisos/18/01/50/68/36/21/1200x1200/1623327130.jpg|https://img10.naventcdn.com/avisos/18/01/50/68/36/21/1200x1200/1623327191.jpg|https://img10.naventcdn.com/avisos/18/01/50/68/36/21/1200x1200/1623327206.jpg|https://img10.naventcdn.com/avisos/18/01/50/68/36/21/1200x1200/1623327169.jpg|https://img10.naventcdn.com/avisos/18/01/50/68/36/21/1200x1200/1623327203.jpg|https://img10.naventcdn.com/avisos/18/01/50/68/36/21/1200x1200/1623327156.jpg|https://img10.naventcdn.com/avisos/18/01/50/68/36/21/1200x1200/1623327146.jpg|https://img10.naventcdn.com/avisos/18/01/50/68/36/21/1200x1200/1623327239.jpg|https://img10.naventcdn.com/avisos/18/01/50/68/36/21/1200x1200/1623327196.jpg|https://img10.naventcdn.com/avisos/18/01/50/68/36/21/1200x1200/1623327244.jpg|https://img10.naventcdn.com/avisos/18/01/50/68/36/21/1200x1200/1623327186.jpg|https://img10.naventcdn.com/avisos/18/01/50/68/36/21/1200x1200/1623327134.jpg|https://img10.naventcdn.com/avisos/18/01/50/68/36/21/1200x1200/1623327189.jpg|https://img10.naventcdn.com/avisos/18/01/50/68/36/21/1200x1200/1623327188.jpg|https://img10.naventcdn.com/avisos/18/01/50/68/36/21/1200x1200/1623327171.jpg|https://img10.naventcdn.com/avisos/18/01/50/68/36/21/1200x1200/1623327231.jpg|https://img10.naventcdn.com/avisos/18/01/50/68/36/21/1200x1200/1623327190.jpg|https://img10.naventcdn.com/avisos/18/01/50/68/36/21/1200x1200/1623327154.jpg|https://img10.naventcdn.com/avisos/18/01/50/68/36/21/1200x1200/1623327138.jpg,,52 2461390017,Nazarit Bienes Raíces,51357399,https://www.inmuebles24.com/inmobiliarias/nazarit-bienes-raices_51357399-inmuebles.html,2026-07-31T20:08:40Z,2026-08-25T09:47:17.594528+00:00,https://www.inmuebles24.com/casas-o-casa-en-condominio-o-departamentos-en-venta-en-tlaxcala-provincia-ordenado-por-fechaonline-descendente.html-pagina-2.html
https://www.inmuebles24.com/propiedades/clasificado/veclcapa-casa-con-dopple-nivel-150658727.html,150658727,65TSHH,sale,Casa con Dopple Nivel,Casa de 3 años nuevo 4 habitationes 3 baños y medio coisina completo jardín con asador abajo es un studio con baño y seperado entrada bonita lunination,3300000,"MN 3,300,000",MXN,venta,Casa,26 de Julio,Pueblo Santa Anita Huiloac,Apizaco,Tlaxcala,19.397149074000183,-98.1535207359985,,,220.0,200.0,2.0,0.0,A estrenar,Publicado hace 27 días,,https://img10.naventcdn.com/avisos/18/01/50/65/87/27/1200x1200/1622794860.jpg?isFirstImage=true|https://img10.naventcdn.com/avisos/18/01/50/65/87/27/1200x1200/1622794865.jpg|https://img10.naventcdn.com/avisos/18/01/50/65/87/27/1200x1200/1622794863.jpg|https://img10.naventcdn.com/avisos/18/01/50/65/87/27/1200x1200/1622794869.jpg|https://img10.naventcdn.com/avisos/18/01/50/65/87/27/1200x1200/1622794861.jpg|https://img10.naventcdn.com/avisos/18/01/50/65/87/27/1200x1200/1622794856.jpg|https://img10.naventcdn.com/avisos/18/01/50/65/87/27/1200x1200/1622794867.jpg|https://img10.naventcdn.com/avisos/18/01/50/65/87/27/1200x1200/1622794862.jpg|https://img10.naventcdn.com/avisos/18/01/50/65/87/27/1200x1200/1622794864.jpg|https://img10.naventcdn.com/avisos/18/01/50/65/87/27/1200x1200/1622794859.jpg|https://img10.naventcdn.com/avisos/18/01/50/65/87/27/1200x1200/1622794858.jpg|https://img10.naventcdn.com/avisos/18/01/50/65/87/27/1200x1200/1622794868.jpg|https://img10.naventcdn.com/avisos/18/01/50/65/87/27/1200x1200/1622794866.jpg|https://img10.naventcdn.com/avisos/18/01/50/65/87/27/1200x1200/1622794857.jpg|https://img10.naventcdn.com/avisos/18/01/50/65/87/27/1200x1200/1622794853.jpg|https://img10.naventcdn.com/avisos/18/01/50/65/87/27/1200x1200/1622794855.jpg|https://img10.naventcdn.com/avisos/18/01/50/65/87/27/1200x1200/1622794854.jpg,,,Lotte,103116871,https://www.inmuebles24.com/inmobiliarias/lotte_103116871-inmuebles.html,2026-07-29T05:39:42Z,2026-08-25T09:47:17.594528+00:00,https://www.inmuebles24.com/casas-o-casa-en-condominio-o-departamentos-en-venta-en-tlaxcala-provincia-ordenado-por-fechaonline-descendente.html-pagina-2.html
https://www.inmuebles24.com/propiedades/clasificado/veclcapa-casa-de-1-nivel-150660416.html,150660416,6600DQ,sale,Casa de 1 Nivel,"CASA DE 1 NIVEL QUE CUENTA CON COCHERA PARA 1 AUTO, ESTANCIA, COMEDOR, COCINA, PATIO DE SERVICIO, 2 RECAMARAS Y 1 BAÑO COMPLETO COMPARTIDO.",740000,"MN 740,000",MXN,venta,Casa,Baltazar Maldonado,Barrio San Miguel Buenavista,Cuaxomulco,Tlaxcala,19.3549475,-98.0738994,2.0,1.0,70.0,95.0,1.0,0.0,15,Publicado hace 27 días,,https://img10.naventcdn.com/avisos/18/01/50/66/04/16/1200x1200/1622830223.jpg?isFirstImage=true|https://img10.naventcdn.com/avisos/18/01/50/66/04/16/1200x1200/1622830222.jpg|https://img10.naventcdn.com/avisos/18/01/50/66/04/16/1200x1200/1622830221.jpg|https://img10.naventcdn.com/avisos/18/01/50/66/04/16/1200x1200/1622830224.jpg|https://img10.naventcdn.com/avisos/18/01/50/66/04/16/1200x1200/1622830220.jpg,,,MEDIOS CONSULTORIA INMOBILIARIA,103116997,https://www.inmuebles24.com/inmobiliarias/medios-consultoria-inmobiliaria_103116997-inmuebles.html,2026-07-29T17:11:10Z,2026-08-25T09:47:17.594528+00:00,https://www.inmuebles24.com/casas-o-casa-en-condominio-o-departamentos-en-venta-en-tlaxcala-provincia-ordenado-por-fechaonline-descendente.html-pagina-2.html
https://www.inmuebles24.com/propiedades/clasificado/veclcapa-casa-de-2-niveles-150653527.html,150653527,65TMO7,sale,Casa de 2 Niveles,"CASA DE 2 NIVELES QUE CUENTA CON COCHERA PARA 1 AUTO, ESTANCIA, COMEDOR, COCINA, PATIO DE SERVICIO, MEDIO BAÑO, 2 RECAMARAS Y 1 BAÑO COMPLETO COMPARTIDO.",900000,"MN 900,000",MXN,venta,Casa,Miguel Hidalgo,Doña María,Tzompantepec,Tlaxcala,19.3736709,-98.0929034,2.0,1.0,75.0,90.0,1.0,0.0,4,Publicado hace 28 días,,https://img10.naventcdn.com/avisos/18/01/50/65/35/27/1200x1200/1622693049.jpg?isFirstImage=true|https://img10.naventcdn.com/avisos/18/01/50/65/35/27/1200x1200/1622693051.jpg|https://img10.naventcdn.com/avisos/18/01/50/65/35/27/1200x1200/1622693048.jpg|https://img10.naventcdn.com/avisos/18/01/50/65/35/27/1200x1200/1622693047.jpg|https://img10.naventcdn.com/avisos/18/01/50/65/35/27/1200x1200/1622693050.jpg,,,Franco Lopez,103116523,https://www.inmuebles24.com/inmobiliarias/franco-lopez_103116523-inmuebles.html,2026-07-28T19:24:16Z,2026-08-25T09:47:17.594528+00:00,https://www.inmuebles24.com/casas-o-casa-en-condominio-o-departamentos-en-venta-en-tlaxcala-provincia-ordenado-por-fechaonline-descendente.html-pagina-2.html
https://www.inmuebles24.com/propiedades/clasificado/veclcapa-casa-de-2-niveles-150677210.html,150677210,660J3K,sale,Casa de 2 Niveles,"Casa de 2 niveles que cuenta con cochera para 1 auto, estancia-comedor, cocina, patio de servicio, medio baño, 2 recamaras y 1 baño completo compartido.",1250000,"MN 1,250,000",MXN,venta,Casa,PRIVADA BENITO JUÁREZ,Reforma,Chiautempan,Tlaxcala,19.30103854178585,-98.18988246746946,2.0,1.0,100.0,120.0,1.0,,17,Publicado hace 25 días,,https://img10.naventcdn.com/avisos/18/01/50/67/72/10/1200x1200/1623204006.jpg?isFirstImage=true|https://img10.naventcdn.com/avisos/18/01/50/67/72/10/1200x1200/1623204005.jpg|https://img10.naventcdn.com/avisos/18/01/50/67/72/10/1200x1200/1623204008.jpg|https://img10.naventcdn.com/avisos/18/01/50/67/72/10/1200x1200/1623204009.jpg|https://img10.naventcdn.com/avisos/18/01/50/67/72/10/1200x1200/1623204007.jpg,,,JOSEFINA HUERTA MOTA,103118073,https://www.inmuebles24.com/inmobiliarias/josefina-huerta-mota_103118073-inmuebles.html,2026-07-31T04:38:42Z,2026-08-25T09:47:17.594528+00:00,https://www.inmuebles24.com/casas-o-casa-en-condominio-o-departamentos-en-venta-en-tlaxcala-provincia-ordenado-por-fechaonline-descendente.html-pagina-2.html
https://www.inmuebles24.com/propiedades/clasificado/veclcapa-casa-en-condominio-150745884.html,150745884,6635CO,sale,Casa en Condominio,"Venta de casa dentro de condominio nuevo, cuenta con sala, comedor, cocina, patio posterior, 2 recamaras, 1 baño y 1 cajón de estacionamiento.",690000,"MN 690,000",MXN,venta,Casa,Frida Kahlo,Fraccionamiento Villas de San Miguel,Santa Cruz Tlaxcala,Tlaxcala,19.37352746643976,-98.13587021469723,2.0,1.0,50.0,50.0,1.0,0.0,A estrenar,Publicado hace 18 días,,https://img10.naventcdn.com/avisos/18/01/50/74/58/84/1200x1200/1624579947.jpg?isFirstImage=true|https://img10.naventcdn.com/avisos/18/01/50/74/58/84/1200x1200/1624579946.jpg|https://img10.naventcdn.com/avisos/18/01/50/74/58/84/1200x1200/1624579950.jpg|https://img10.naventcdn.com/avisos/18/01/50/74/58/84/1200x1200/1624579949.jpg|https://img10.naventcdn.com/avisos/18/01/50/74/58/84/1200x1200/1624579948.jpg,,,Daniela Sanchez,103121921,https://www.inmuebles24.com/inmobiliarias/daniela-sanchez_103121921-inmuebles.html,2026-08-07T20:14Z,2026-08-25T09:48:23.966436+00:00,https://www.inmuebles24.com/casas-o-casa-en-condominio-o-departamentos-en-venta-en-tlaxcala-provincia-ordenado-por-fechaonline-descendente.html-pagina-2.html
https://www.inmuebles24.com/propiedades/clasificado/veclcapa-casa-en-venta-150660510.html,150660510,6600H0,sale,Casa en Venta,"CASA DE 2 NIVELES QUE CUENTA CON COCHERA PARA 1 AUTO, ESTANCIA, COMEDOR, COCINA, PATIO DE SERVICIO, MEDIO BAÑO, 3 RECAMARAS Y 1 BAÑO COMPLETO COMPARTIDO.",880000,"MN 880,000",MXN,venta,Casa,Privada San Lorenzo,Barrio San Lorenzo Xaltelulco,Cuaxomulco,Tlaxcala,19.3405555,-98.1052777,3.0,1.0,80.0,95.0,1.0,0.0,10,Publicado hace 27 días,,https://img10.naventcdn.com/avisos/18/01/50/66/05/10/1200x1200/1622832452.jpg?isFirstImage=true|https://img10.naventcdn.com/avisos/18/01/50/66/05/10/1200x1200/1622832451.jpg|https://img10.naventcdn.com/avisos/18/01/50/66/05/10/1200x1200/1622832455.jpg|https://img10.naventcdn.com/avisos/18/01/50/66/05/10/1200x1200/1622832453.jpg|https://img10.naventcdn.com/avisos/18/01/50/66/05/10/1200x1200/1622832454.jpg,,,MEDIOS CONSULTORIA INMOBILIARIA,103117001,https://www.inmuebles24.com/inmobiliarias/medios-consultoria-inmobiliaria_103117001-inmuebles.html,2026-07-29T17:17:19Z,2026-08-25T09:48:23.966436+00:00,https://www.inmuebles24.com/casas-o-casa-en-condominio-o-departamentos-en-venta-en-tlaxcala-provincia-ordenado-por-fechaonline-descendente.html-pagina-2.html
https://www.inmuebles24.com/propiedades/clasificado/veclcapa-casa-en-venta-150660630.html,150660630,6600L0,sale,Casa en Venta,"CASA DE 1 NIVEL QUE CUENTA CON COCHERA PARA 1 AUTO, ESTANCIA, COMEDOR, COCINA, PATIO DE SERVICIO, 2 RECAMARAS Y 1BAÑO COMPLETO COMPARTIDO.",850000,"MN 850,000",MXN,venta,Casa,Unión y progreso,Barrio San Lorenzo Xaltelulco,Cuaxomulco,Tlaxcala,19.3405555,-98.1052777,2.0,1.0,78.0,90.0,1.0,0.0,14,Publicado hace 27 días,,https://img10.naventcdn.com/avisos/18/01/50/66/06/30/1200x1200/1622834493.jpg?isFirstImage=true|https://img10.naventcdn.com/avisos/18/01/50/66/06/30/1200x1200/1622834492.jpg|https://img10.naventcdn.com/avisos/18/01/50/66/06/30/1200x1200/1622834494.jpg|https://img10.naventcdn.com/avisos/18/01/50/66/06/30/1200x1200/1622834490.jpg|https://img10.naventcdn.com/avisos/18/01/50/66/06/30/1200x1200/1622834491.jpg,,,Roberto Fernandez,103117013,https://www.inmuebles24.com/inmobiliarias/roberto-fernandez_103117013-inmuebles.html,2026-07-29T17:25:40Z,2026-08-25T09:48:23.966436+00:00,https://www.inmuebles24.com/casas-o-casa-en-condominio-o-departamentos-en-venta-en-tlaxcala-provincia-ordenado-por-fechaonline-descendente.html-pagina-2.html
https://www.inmuebles24.com/propiedades/clasificado/veclcapa-casa-en-venta-150677198.html,150677198,660J38,sale,Casa en Venta,"CASA DE 2 NIVELES QUE CUENTA CON COCHERA PARA 1 AUTO, ESTANCIA, COMEDOR, COCINA, PATIO DE SERVICIO, MEDIO BAÑO, 3 RECAMARAS Y 1 BAÑO COMPLETO COMPARTIDO.",1300000,"MN 1,300,000",MXN,venta,Casa,Guanajuato,Barrio El Alto,Chiautempan,Tlaxcala,19.3075148,-98.2062827,3.0,1.0,100.0,115.0,1.0,0.0,14,Publicado hace 25 días,,https://img10.naventcdn.com/avisos/18/01/50/67/71/98/1200x1200/1623203497.jpg?isFirstImage=true|https://img10.naventcdn.com/avisos/18/01/50/67/71/98/1200x1200/1623203500.jpg|https://img10.naventcdn.com/avisos/18/01/50/67/71/98/1200x1200/1623203496.jpg|https://img10.naventcdn.com/avisos/18/01/50/67/71/98/1200x1200/1623203499.jpg|https://img10.naventcdn.com/avisos/18/01/50/67/71/98/1200x1200/1623203498.jpg,,,PINTOR BIENES RAÍCES,103118069,https://www.inmuebles24.com/inmobiliarias/pintor-bienes-raices_103118069-inmuebles.html,2026-07-31T04:31:45Z,2026-08-25T09:48:23.966436+00:00,https://www.inmuebles24.com/casas-o-casa-en-condominio-o-departamentos-en-venta-en-tlaxcala-provincia-ordenado-por-fechaonline-descendente.html-pagina-2.html
https://www.inmuebles24.com/propiedades/clasificado/veclcapa-casa-en-venta-150678691.html,150678691,660KN1,sale,Casa en Venta,"CASA DE 2 NIVELES QUE CUENTA CON COCHERA PARA 1 AUTO, ESTANCIA-COMEDOR, COCINA, PATIO DE SERVICIO, MEDIO BAÑO, 3 RECAMARAS Y 1 BAÑO COMPLETO COMPARTIDO.",1150000,"MN 1,150,000",MXN,venta,Casa,Río Parana,Barrio El Alto,Chiautempan,Tlaxcala,19.3152402,-98.206898,3.0,1.0,93.0,75.0,1.0,0.0,12,Publicado hace 25 días,,https://img10.naventcdn.com/avisos/18/01/50/67/86/91/1200x1200/1623232154.jpg?isFirstImage=true|https://img10.naventcdn.com/avisos/18/01/50/67/86/91/1200x1200/1623232156.jpg|https://img10.naventcdn.com/avisos/18/01/50/67/86/91/1200x1200/1623232152.jpg|https://img10.naventcdn.com/avisos/18/01/50/67/86/91/1200x1200/1623232153.jpg|https://img10.naventcdn.com/avisos/18/01/50/67/86/91/1200x1200/1623232155.jpg,,,iad Inmobiliaria,103118151,https://www.inmuebles24.com/inmobiliarias/iad-inmobiliaria_103118151-inmuebles.html,2026-07-31T15:34:21Z,2026-08-25T09:48:23.966436+00:00,https://www.inmuebles24.com/casas-o-casa-en-condominio-o-departamentos-en-venta-en-tlaxcala-provincia-ordenado-por-fechaonline-descendente.html-pagina-2.html
https://www.inmuebles24.com/propiedades/clasificado/veclcapa-casa-en-venta-150713379.html,150713379,661T99,sale,Casa en Venta,"Casa con dos recamaras,baño, cocina , comedor y una amplia sala, patio de servicio techado, cisterna que se ubica en la zona del estacionamiento ideal para todo tipo de vehículo",1150000,"MN 1,150,000",MXN,venta,Casa,Privada Orquideas 1,Pueblo San Lucas Tlacochcalco,Santa Cruz Tlaxcala,Tlaxcala,19.345594780654693,-98.15042992128332,2.0,1.0,97.0,115.0,1.0,0.0,A estrenar,Publicado hace 21 días,,https://img10.naventcdn.com/avisos/18/01/50/71/33/79/1200x1200/1623914472.jpg?isFirstImage=true|https://img10.naventcdn.com/avisos/18/01/50/71/33/79/1200x1200/1623914465.jpg|https://img10.naventcdn.com/avisos/18/01/50/71/33/79/1200x1200/1623914466.jpg|https://img10.naventcdn.com/avisos/18/01/50/71/33/79/1200x1200/1623914464.jpg|https://img10.naventcdn.com/avisos/18/01/50/71/33/79/1200x1200/1623914468.jpg|https://img10.naventcdn.com/avisos/18/01/50/71/33/79/1200x1200/1623914470.jpg|https://img10.naventcdn.com/avisos/18/01/50/71/33/79/1200x1200/1623914473.jpg|https://img10.naventcdn.com/avisos/18/01/50/71/33/79/1200x1200/1623914471.jpg|https://img10.naventcdn.com/avisos/18/01/50/71/33/79/1200x1200/1623914469.jpg|https://img10.naventcdn.com/avisos/18/01/50/71/33/79/1200x1200/1623914467.jpg,,,Antonio Galán Velazquez,103120297,https://www.inmuebles24.com/inmobiliarias/antonio-galan-velazquez_103120297-inmuebles.html,2026-08-04T22:15:07Z,2026-08-25T09:48:23.966436+00:00,https://www.inmuebles24.com/casas-o-casa-en-condominio-o-departamentos-en-venta-en-tlaxcala-provincia-ordenado-por-fechaonline-descendente.html-pagina-2.html
https://www.inmuebles24.com/propiedades/clasificado/veclcapa-casa-en-venta-150745723.html,150745723,66357D,sale,Casa en Venta,"Venta de hermosa casa de 1 nivel, dentro de fraccionamiento, cuenta con espacio para 1 auto, sala, comedor, cocina, 2 recamaras, patio posterior y 1 baño",660000,"MN 660,000",MXN,venta,Casa,Privada San Manuel,Pueblo Ex-Hacienda San Manuel,Santa Cruz Tlaxcala,Tlaxcala,19.3672476015123,-98.13258039086304,2.0,1.0,52.0,52.0,1.0,0.0,A estrenar,Publicado hace 18 días,,https://img10.naventcdn.com/avisos/18/01/50/74/57/23/1200x1200/1624575882.jpg?isFirstImage=true|https://img10.naventcdn.com/avisos/18/01/50/74/57/23/1200x1200/1624575880.jpg|https://img10.naventcdn.com/avisos/18/01/50/74/57/23/1200x1200/1624575881.jpg|https://img10.naventcdn.com/avisos/18/01/50/74/57/23/1200x1200/1624575878.jpg|https://img10.naventcdn.com/avisos/18/01/50/74/57/23/1200x1200/1624575883.jpg|https://img10.naventcdn.com/avisos/18/01/50/74/57/23/1200x1200/1624575877.jpg,,,Roberto Juarez,103121909,https://www.inmuebles24.com/inmobiliarias/roberto-juarez_103121909-inmuebles.html,2026-08-07T19:59:45Z,2026-08-25T09:48:23.966436+00:00,https://www.inmuebles24.com/casas-o-casa-en-condominio-o-departamentos-en-venta-en-tlaxcala-provincia-ordenado-por-fechaonline-descendente.html-pagina-2.html
https://www.inmuebles24.com/propiedades/clasificado/veclcapa-casa-en-venta-papalotla-tlaxcala-150755340.html,150755340,663FS0,sale,Casa en Venta Papalotla Tlaxcala,"Encantadora casa en Venta en Papalotla Tlaxcala. Esta casa encantadora cuenta con 3 Recamaras, Estancia, Sala de Tv , comedor , cocina, un baño completo y medio baño , cisterna de 5000 litros , estacionamiento para un auto 90m2 de Construcción ideal para disfrutar en Familia, ubicada en zona de uso residencial , ofrece estacionamiento para visitas, jardín para disfrutar un asado al aire libre y seguridad privada para brindar tranquilidad y comodidad a sus recientes. La Ciénega es una zona tranquila segura para aquellos que buscan ambiente pacifico para vivir a pocos minutos se encuentran zonas de interés como centro comercial Gran patio Tlaxcala , parque constitución ideal para disfrutar en familia y amigos.",1600000,"MN 1,600,000",MXN,venta,Casa,Maravillas num 6,Barrio La Ciénega,Papalotla de Xicohténcatl,Tlaxcala,19.1594985,-98.2260891,3.0,1.0,90.0,60.0,1.0,0.0,1,Publicado hace 16 días,,https://img10.naventcdn.com/avisos/18/01/50/75/53/40/1200x1200/1624775520.jpg?isFirstImage=true|https://img10.naventcdn.com/avisos/18/01/50/75/53/40/1200x1200/1624775519.jpg|https://img10.naventcdn.com/avisos/18/01/50/75/53/40/1200x1200/1624775515.jpg|https://img10.naventcdn.com/avisos/18/01/50/75/53/40/1200x1200/1624775518.jpg|https://img10.naventcdn.com/avisos/18/01/50/75/53/40/1200x1200/1624775514.jpg|https://img10.naventcdn.com/avisos/18/01/50/75/53/40/1200x1200/1624775516.jpg|https://img10.naventcdn.com/avisos/18/01/50/75/53/40/1200x1200/1624775521.jpg|https://img10.naventcdn.com/avisos/18/01/50/75/53/40/1200x1200/1624775517.jpg|https://img10.naventcdn.com/avisos/18/01/50/75/53/40/1200x1200/1624775522.jpg|https://img10.naventcdn.com/avisos/18/01/50/75/53/40/1200x1200/1624775513.jpg,,52 2481387913,jaqueline vazquez Vazquez,103122517,https://www.inmuebles24.com/inmobiliarias/jaqueline-vazquez-vazquez_103122517-inmuebles.html,2026-08-09T18:40:01Z,2026-08-25T09:48:23.966436+00:00,https://www.inmuebles24.com/casas-o-casa-en-condominio-o-departamentos-en-venta-en-tlaxcala-provincia-ordenado-por-fechaonline-descendente.html-pagina-2.html
https://www.inmuebles24.com/propiedades/clasificado/veclcapa-casa-residencial-moderna-150769362.html,150769362,6641FC,sale,Casa Residencial Moderna,"Precio con acabados personalizados: $2,200,000 Incluye terminación de detalles y acabados seleccionados de acuerdo con el estilo y preferencias del comprador. La propiedad cuenta con diseño moderno, excelente iluminación natural y amplios espacios, además de una ubicación estratégica con fácil acceso hacia Puebla. Informes y citas: 2 Ver datos ¿Te gustaría conocerla personalmente? Con gusto podemos agendar una visita.",2200000,"MN 2,200,000",MXN,venta,Casa,Priv. 18 de Marzo,Tlaltepango,San Pablo del Monte,Tlaxcala,19.1064546,-98.167939,3.0,1.0,60.0,60.0,1.0,,1,Publicado hace 14 días,,https://img10.naventcdn.com/avisos/18/01/50/76/93/62/1200x1200/1625075846.jpg?isFirstImage=true|https://img10.naventcdn.com/avisos/18/01/50/76/93/62/1200x1200/1625075852.jpg|https://img10.naventcdn.com/avisos/18/01/50/76/93/62/1200x1200/1625075847.jpg|https://img10.naventcdn.com/avisos/18/01/50/76/93/62/1200x1200/1625075854.jpg|https://img10.naventcdn.com/avisos/18/01/50/76/93/62/1200x1200/1625075853.jpg|https://img10.naventcdn.com/avisos/18/01/50/76/93/62/1200x1200/1625075848.jpg|https://img10.naventcdn.com/avisos/18/01/50/76/93/62/1200x1200/1625075850.jpg|https://img10.naventcdn.com/avisos/18/01/50/76/93/62/1200x1200/1625075849.jpg|https://img10.naventcdn.com/avisos/18/01/50/76/93/62/1200x1200/1625075855.jpg|https://img10.naventcdn.com/avisos/18/01/50/76/93/62/1200x1200/1625075856.jpg|https://img10.naventcdn.com/avisos/18/01/50/76/93/62/1200x1200/1625075845.jpg|https://img10.naventcdn.com/avisos/18/01/50/76/93/62/1200x1200/1625075851.jpg|https://img10.naventcdn.com/avisos/18/01/50/76/93/62/1200x1200/1625075857.jpg|https://img10.naventcdn.com/avisos/18/01/50/76/93/62/1200x1200/1625075858.jpg,,,Carlos Bonilla,103123524,https://www.inmuebles24.com/inmobiliarias/carlos-bonilla_103123524-inmuebles.html,2026-08-11T17:07:02Z,2026-08-25T09:48:23.966436+00:00,https://www.inmuebles24.com/casas-o-casa-en-condominio-o-departamentos-en-venta-en-tlaxcala-provincia-ordenado-por-fechaonline-descendente.html-pagina-2.html
https://www.inmuebles24.com/propiedades/clasificado/veclcapa-casas-en-venta-150748171.html,150748171,6637T1,sale,Casas en Venta,"Cómoda casa de 1 nivel, que cuenta con cochera para 1 auto, estancia, comedor, cocina, 2 recamaras, 1 baño completo y patio de servicios.",741000,"MN 741,000",MXN,venta,Casa,La Cañada,Barrio Xamistla,Santa Cruz Tlaxcala,Tlaxcala,19.36077304084104,-98.12935354458008,2.0,1.0,56.0,100.0,1.0,0.0,A estrenar,Publicado hace 18 días,,https://img10.naventcdn.com/avisos/18/01/50/74/81/71/1200x1200/1624622150.jpg?isFirstImage=true|https://img10.naventcdn.com/avisos/18/01/50/74/81/71/1200x1200/1624622152.jpg|https://img10.naventcdn.com/avisos/18/01/50/74/81/71/1200x1200/1624622155.jpg|https://img10.naventcdn.com/avisos/18/01/50/74/81/71/1200x1200/1624622149.jpg|https://img10.naventcdn.com/avisos/18/01/50/74/81/71/1200x1200/1624622151.jpg,,,Rene Garcia,103122023,https://www.inmuebles24.com/inmobiliarias/rene-garcia_103122023-inmuebles.html,2026-08-07T22:56:21Z,2026-08-25T09:48:23.966436+00:00,https://www.inmuebles24.com/casas-o-casa-en-condominio-o-departamentos-en-venta-en-tlaxcala-provincia-ordenado-por-fechaonline-descendente.html-pagina-2.html
https://www.inmuebles24.com/propiedades/clasificado/veclappa-departamento-en-venta-150611362.html,150611362,65S5SM,sale,Departamento en Venta,"DEPARTAMENTO UBICADO EN PRIMER NIVEL Y QUE CUENTA CON ESTANCIA, COMEDOR, COCINA, PATIO DE SERVICIO, 2 RECAMARAS Y 1 BAÑO COMPLETO COMPARTIDO. SIN COCHERA.",695000,"MN 695,000",MXN,venta,Apartamento,Juarez,3 Volcanes,Tlaxcala,Tlaxcala,19.3029575,-98.2303191,2.0,1.0,60.0,60.0,,,1,Publicado hace 33 días,,https://img10.naventcdn.com/avisos/18/01/50/61/13/62/1200x1200/1621826148.jpg?isFirstImage=true|https://img10.naventcdn.com/avisos/18/01/50/61/13/62/1200x1200/1621826145.jpg|https://img10.naventcdn.com/avisos/18/01/50/61/13/62/1200x1200/1621826147.jpg|https://img10.naventcdn.com/avisos/18/01/50/61/13/62/1200x1200/1621826144.jpg|https://img10.naventcdn.com/avisos/18/01/50/61/13/62/1200x1200/1621826146.jpg,,,KALI Inmobiliaria,103114233,https://www.inmuebles24.com/inmobiliarias/kali-inmobiliaria_103114233-inmuebles.html,2026-07-23T20:39:26Z,2026-08-25T09:49:23.763533+00:00,https://www.inmuebles24.com/casas-o-casa-en-condominio-o-departamentos-en-venta-en-tlaxcala-provincia-ordenado-por-fechaonline-descendente.html-pagina-3.html
https://www.inmuebles24.com/propiedades/clasificado/veclcain--casa-de-01-nivel-a-05-min.-de-apizaco-tlaxcala!-150589870.html,150589870,65RC2A,sale,¡Casa de 01 Nivel a 05 Min. de Apizaco Tlaxcala!,"Hermosa casa en 01 nivel, olvídate de las escaleras, muy amplia ubicada en San José Tetel a 05 min. de Apizaco Tlaxcala y a 20 min. de Tlaxcala capital. Superficie de terreno : 144 m2 Superficie construida: 85 m2 Distribución: Cochera para 02 autos. Cisterna de 6000 l. Sala, comedor, cocina. 03 recamaras. Principal con baño completo. Baño completo compartido. Patio de servicio con área de tendido. Aceptamos y tramitamos todos los créditos, pago de contado. Trato directo. Apártala con $10,000 créditos autorizados. Agenda tu visita a los teléfonos: Ver datos Ver datos Ver datos",1390000,"MN 1,390,000",MXN,venta,Casa,calle camino real san jose tetel,,Apizaco,Tlaxcala,19.4294464,-98.1607776,3.0,2.0,85.0,144.0,,,A estrenar,Publicado hace 35 días,,https://img10.naventcdn.com/avisos/18/01/50/58/98/70/1200x1200/1621413948.jpg?isFirstImage=true|https://img10.naventcdn.com/avisos/18/01/50/58/98/70/1200x1200/1621413962.jpg|https://img10.naventcdn.com/avisos/18/01/50/58/98/70/1200x1200/1621413952.jpg|https://img10.naventcdn.com/avisos/18/01/50/58/98/70/1200x1200/1621413957.jpg|https://img10.naventcdn.com/avisos/18/01/50/58/98/70/1200x1200/1621413954.jpg|https://img10.naventcdn.com/avisos/18/01/50/58/98/70/1200x1200/1621413955.jpg|https://img10.naventcdn.com/avisos/18/01/50/58/98/70/1200x1200/1621413959.jpg|https://img10.naventcdn.com/avisos/18/01/50/58/98/70/1200x1200/1621413950.jpg|https://img10.naventcdn.com/avisos/18/01/50/58/98/70/1200x1200/1621413953.jpg|https://img10.naventcdn.com/avisos/18/01/50/58/98/70/1200x1200/1621413956.jpg|https://img10.naventcdn.com/avisos/18/01/50/58/98/70/1200x1200/1621413951.jpg|https://img10.naventcdn.com/avisos/18/01/50/58/98/70/1200x1200/1621413949.jpg|https://img10.naventcdn.com/avisos/18/01/50/58/98/70/1200x1200/1621413961.jpg|https://img10.naventcdn.com/avisos/18/01/50/58/98/70/1200x1200/1621413960.jpg|https://img10.naventcdn.com/avisos/18/01/50/58/98/70/1200x1200/1621413958.jpg,22128.0,52 2461266157,ULISES,51367647,https://www.inmuebles24.com/inmobiliarias/ulises_51367647-inmuebles.html,2026-07-21T20:22:25Z,2026-08-25T09:49:23.763533+00:00,https://www.inmuebles24.com/casas-o-casa-en-condominio-o-departamentos-en-venta-en-tlaxcala-provincia-ordenado-por-fechaonline-descendente.html-pagina-3.html
https://www.inmuebles24.com/propiedades/clasificado/veclcain-casa-en-actipac-150491609.html,150491609,NHO8454412,sale,Casa en Actipac,"Las fotos son para mostrar acabados y diseños de las viviendas Casas en Preventa en Tetla. A 10 min de Apizaco Distribución Casa Tipo 2: Sala, Comedor, Cocina, Patio de servicio, Estacionamiento para 1 auto, 2 Recamaras y Baño completo *Se aceptan todos los créditos. *Precio sujeto a cambios sin previo aviso. *Los gastos de escrituración, impuesto, etc. No están incluidos en el precio. En Nazarit Bienes Raíces te agradecemos las mejores opciones que se adecuen a tus necesidades, te apoyamos en todo el tramite y asesoría sin costo extra. ¡Contáctanos!",735000,"MN 735,000",MXN,venta,Casa,"Casas en Preventa dos Recamaras - Tetla, Tlaxcala",Actipac,Tetla de la Solidaridad,Tlaxcala,19.4322316,-98.1038218,2.0,1.0,56.0,100.0,1.0,0.0,A estrenar,Publicado hace 35 días,,https://img10.naventcdn.com/avisos/18/01/50/49/16/09/1200x1200/1619183955.jpg?isFirstImage=true|https://img10.naventcdn.com/avisos/18/01/50/49/16/09/1200x1200/1619183958.jpg|https://img10.naventcdn.com/avisos/18/01/50/49/16/09/1200x1200/1619183954.jpg|https://img10.naventcdn.com/avisos/18/01/50/49/16/09/1200x1200/1619183960.jpg|https://img10.naventcdn.com/avisos/18/01/50/49/16/09/1200x1200/1619183963.jpg|https://img10.naventcdn.com/avisos/18/01/50/49/16/09/1200x1200/1619183957.jpg|https://img10.naventcdn.com/avisos/18/01/50/49/16/09/1200x1200/1619183961.jpg|https://img10.naventcdn.com/avisos/18/01/50/49/16/09/1200x1200/1619183962.jpg|https://img10.naventcdn.com/avisos/18/01/50/49/16/09/1200x1200/1619183956.jpg|https://img10.naventcdn.com/avisos/18/01/50/49/16/09/1200x1200/1619183959.jpg|https://img10.naventcdn.com/avisos/18/01/50/49/16/09/1200x1200/1619185724.jpg,,52 2461390017,Nazarit Bienes Raíces,51357399,https://www.inmuebles24.com/inmobiliarias/nazarit-bienes-raices_51357399-inmuebles.html,2026-07-10T16:34:46Z,2026-08-25T09:49:23.763533+00:00,https://www.inmuebles24.com/casas-o-casa-en-condominio-o-departamentos-en-venta-en-tlaxcala-provincia-ordenado-por-fechaonline-descendente.html-pagina-3.html
https://www.inmuebles24.com/propiedades/clasificado/veclcain-casa-en-actipac-150491870.html,150491870,NHO8454471,sale,Casa en Actipac,"Las fotos son para mostrar acabados y diseños de las viviendas Casas en Preventa en Tetla. A 10 min de Apizaco Distribución Casa Tipo 3: Sala, Comedor, Cocina, Patio de servicio, Estacionamiento para 1 auto, 2 Recamaras y Baño completo *Se aceptan todos los créditos. *Precio sujeto a cambios sin previo aviso. *Los gastos de escrituración, impuesto, etc. No están incluidos en el precio. En Nazarit Bienes Raices te agradecemos las mejores opciones que se adecuen a tus necesidades, te apoyamos en todo el tramite y asesoría sin costo extra. ¡Contáctanos!",808000,"MN 808,000",MXN,venta,Casa,"Casas en Preventa - Tetla, Tlaxcala",Actipac,Tetla de la Solidaridad,Tlaxcala,19.4322316,-98.1038218,2.0,1.0,61.0,104.0,1.0,0.0,A estrenar,Publicado hace 35 días,,https://img10.naventcdn.com/avisos/18/01/50/49/18/70/1200x1200/1619188555.jpg?isFirstImage=true|https://img10.naventcdn.com/avisos/18/01/50/49/18/70/1200x1200/1619188554.jpg|https://img10.naventcdn.com/avisos/18/01/50/49/18/70/1200x1200/1619188561.jpg|https://img10.naventcdn.com/avisos/18/01/50/49/18/70/1200x1200/1619188550.jpg|https://img10.naventcdn.com/avisos/18/01/50/49/18/70/1200x1200/1619188557.jpg|https://img10.naventcdn.com/avisos/18/01/50/49/18/70/1200x1200/1619188563.jpg|https://img10.naventcdn.com/avisos/18/01/50/49/18/70/1200x1200/1619188551.jpg|https://img10.naventcdn.com/avisos/18/01/50/49/18/70/1200x1200/1619188556.jpg|https://img10.naventcdn.com/avisos/18/01/50/49/18/70/1200x1200/1619188562.jpg|https://img10.naventcdn.com/avisos/18/01/50/49/18/70/1200x1200/1619188564.jpg|https://img10.naventcdn.com/avisos/18/01/50/49/18/70/1200x1200/1619188552.jpg,,52 2461390017,Nazarit Bienes Raíces,51357399,https://www.inmuebles24.com/inmobiliarias/nazarit-bienes-raices_51357399-inmuebles.html,2026-07-10T16:59:18Z,2026-08-25T09:49:23.763533+00:00,https://www.inmuebles24.com/casas-o-casa-en-condominio-o-departamentos-en-venta-en-tlaxcala-provincia-ordenado-por-fechaonline-descendente.html-pagina-3.html
https://www.inmuebles24.com/propiedades/clasificado/veclcain-casa-en-actipac-150491932.html,150491932,NHO8454508,sale,Casa en Actipac,"Las fotos son para mostrar acabados y diseños de las viviendas, Casas en Preventa en Tetla. A 10 min de Apizaco Distribución Casa Tipo 4: Sala, Comedor, Cocina, Patio de servicio, Estacionamiento para 1 auto, 3 Recamaras y Baño completo *Se aceptan todos los créditos. *Precio sujeto a cambios sin previo aviso. *Los gastos de escrituración, impuesto, etc. No están incluidos en el precio. En Nazarit Bienes Raíces te agradecemos las mejores opciones que se adecuen a tus necesidades, te apoyamos en todo el tramite y asesoría sin costo extra. ¡Contáctanos!",884000,"MN 884,000",MXN,venta,Casa,"Casas en Preventa 3 Recamaras - Tetla, Tlaxcala",Actipac,Tetla de la Solidaridad,Tlaxcala,19.4322316,-98.1038218,3.0,1.0,67.0,104.0,1.0,0.0,A estrenar,Publicado hace 35 días,,https://img10.naventcdn.com/avisos/18/01/50/49/19/32/1200x1200/1619189646.jpg?isFirstImage=true|https://img10.naventcdn.com/avisos/18/01/50/49/19/32/1200x1200/1619189661.jpg|https://img10.naventcdn.com/avisos/18/01/50/49/19/32/1200x1200/1619189653.jpg|https://img10.naventcdn.com/avisos/18/01/50/49/19/32/1200x1200/1619189662.jpg|https://img10.naventcdn.com/avisos/18/01/50/49/19/32/1200x1200/1619189600.jpg|https://img10.naventcdn.com/avisos/18/01/50/49/19/32/1200x1200/1619189657.jpg|https://img10.naventcdn.com/avisos/18/01/50/49/19/32/1200x1200/1619189664.jpg|https://img10.naventcdn.com/avisos/18/01/50/49/19/32/1200x1200/1619189667.jpg|https://img10.naventcdn.com/avisos/18/01/50/49/19/32/1200x1200/1619189603.jpg|https://img10.naventcdn.com/avisos/18/01/50/49/19/32/1200x1200/1619189598.jpg|https://img10.naventcdn.com/avisos/18/01/50/49/19/32/1200x1200/1619189666.jpg,,52 2461390017,Nazarit Bienes Raíces,51357399,https://www.inmuebles24.com/inmobiliarias/nazarit-bienes-raices_51357399-inmuebles.html,2026-07-10T17:05:25Z,2026-08-25T09:49:23.763533+00:00,https://www.inmuebles24.com/casas-o-casa-en-condominio-o-departamentos-en-venta-en-tlaxcala-provincia-ordenado-por-fechaonline-descendente.html-pagina-3.html
https://www.inmuebles24.com/propiedades/clasificado/veclcain-casa-en-barrio-la-conchita-150319918.html,150319918,NHO8384476,sale,Casa en Barrio La Conchita,"Casas en venta en Belen Atzitzimititla | Contla de Juan Cuamatzi | Barrio La Conchita, Tlaxcala. A 2 minutos de la carretera A 10 minutos de Plaza Gran Patio Casas en venta cerca de vías de comunicación, escuelas, parques, etc. Cuentan con la siguiente distribución: Planta baja: Cochera para dos autos con portón, cisterna, sala, comedor, cocina, una recamara o estudio, área de servicio y amplio patio. Planta alta: dos recamaras amplias y un baño completo. *Se aceptan todos los créditos, a excepción de Infonavit tradicional. *Precio sujeto a cambios sin previo aviso. *Los gastos de escrituración, impuestos etc. No están incluidos en el precio En Nazarit Bienes Raíces te ofrecemos las mejores opciones que se adecuen a tus necesidades, te apoyamos en todo el tramite y asesoría sin costo extra. ¡Contáctanos!",1300000,"MN 1,300,000",MXN,venta,Casa,"Casa en Venta - Belen Atzitzimititla, Tlaxcala",Barrio La Conchita,Contla de Juan Cuamatzi,Tlaxcala,19.3218377,-98.1656578,3.0,1.0,102.0,95.0,2.0,0.0,A estrenar,Publicado hace 35 días,,https://img10.naventcdn.com/avisos/18/01/50/31/99/18/1200x1200/1615622089.jpg?isFirstImage=true|https://img10.naventcdn.com/avisos/18/01/50/31/99/18/1200x1200/1615621890.jpg|https://img10.naventcdn.com/avisos/18/01/50/31/99/18/1200x1200/1615621891.jpg|https://img10.naventcdn.com/avisos/18/01/50/31/99/18/1200x1200/1615621895.jpg|https://img10.naventcdn.com/avisos/18/01/50/31/99/18/1200x1200/1615621876.jpg|https://img10.naventcdn.com/avisos/18/01/50/31/99/18/1200x1200/1615621883.jpg|https://img10.naventcdn.com/avisos/18/01/50/31/99/18/1200x1200/1615621889.jpg|https://img10.naventcdn.com/avisos/18/01/50/31/99/18/1200x1200/1615621880.jpg|https://img10.naventcdn.com/avisos/18/01/50/31/99/18/1200x1200/1615621892.jpg|https://img10.naventcdn.com/avisos/18/01/50/31/99/18/1200x1200/1615621886.jpg|https://img10.naventcdn.com/avisos/18/01/50/31/99/18/1200x1200/1615621875.jpg|https://img10.naventcdn.com/avisos/18/01/50/31/99/18/1200x1200/1615621878.jpg|https://img10.naventcdn.com/avisos/18/01/50/31/99/18/1200x1200/1615621884.jpg,,52 2461390017,Nazarit Bienes Raíces,51357399,https://www.inmuebles24.com/inmobiliarias/nazarit-bienes-raices_51357399-inmuebles.html,2026-06-24T19:39:53Z,2026-08-25T09:49:23.763533+00:00,https://www.inmuebles24.com/casas-o-casa-en-condominio-o-departamentos-en-venta-en-tlaxcala-provincia-ordenado-por-fechaonline-descendente.html-pagina-3.html
https://www.inmuebles24.com/propiedades/clasificado/veclcain-casa-en-barrio-la-conchita-150320114.html,150320114,NHO8392024,sale,Casa en Barrio La Conchita,"Casa en venta en Belén Atzitzimititla - Contla de Juan Cuamatzi - Barrio La Conchita, Tlaxcala A 2 minutos de la carretera A 10 minutos de la Plaza Gran Patio Cerca de vías de comunicación, escuelas, parques, etc. +Planta Baja: Cochera para dos autos con portón, cisterna, sala comedor, cocina integral, recamara o estudio, área de servicio y amplio patio. +Planta Alta: Dos recamaras amplias y un baño completo con canceles *Se aceptan todos los créditos a excepción de Infonavit tradicional *Precio sujeto a cambios sin previo aviso. *Los gastos de escrituración, impuestos, etc; No están incluidos en el precio. En Nazarit Bienes Raíces te ofrecemos las mejores opciones que se adecuen a tus necesidades, te apoyamos en todo el tramite y asesoría sin costo extra. ¡Contáctanos!",1360000,"MN 1,360,000",MXN,venta,Casa,"Casa en Venta - Belén Atzitzimititlán, Tlaxcala",Barrio La Conchita,Contla de Juan Cuamatzi,Tlaxcala,19.3218377,-98.1656578,3.0,1.0,102.0,95.0,2.0,0.0,A estrenar,Publicado hace 35 días,,https://img10.naventcdn.com/avisos/18/01/50/32/01/14/1200x1200/1615626021.jpg?isFirstImage=true|https://img10.naventcdn.com/avisos/18/01/50/32/01/14/1200x1200/1615626022.jpg|https://img10.naventcdn.com/avisos/18/01/50/32/01/14/1200x1200/1615625885.jpg|https://img10.naventcdn.com/avisos/18/01/50/32/01/14/1200x1200/1615626024.jpg|https://img10.naventcdn.com/avisos/18/01/50/32/01/14/1200x1200/1615625906.jpg|https://img10.naventcdn.com/avisos/18/01/50/32/01/14/1200x1200/1615625898.jpg|https://img10.naventcdn.com/avisos/18/01/50/32/01/14/1200x1200/1615625909.jpg|https://img10.naventcdn.com/avisos/18/01/50/32/01/14/1200x1200/1615625935.jpg|https://img10.naventcdn.com/avisos/18/01/50/32/01/14/1200x1200/1615625895.jpg|https://img10.naventcdn.com/avisos/18/01/50/32/01/14/1200x1200/1615625901.jpg|https://img10.naventcdn.com/avisos/18/01/50/32/01/14/1200x1200/1615625888.jpg|https://img10.naventcdn.com/avisos/18/01/50/32/01/14/1200x1200/1615626018.jpg|https://img10.naventcdn.com/avisos/18/01/50/32/01/14/1200x1200/1615625892.jpg|https://img10.naventcdn.com/avisos/18/01/50/32/01/14/1200x1200/1615625904.jpg,,52 2461390017,Nazarit Bienes Raíces,51357399,https://www.inmuebles24.com/inmobiliarias/nazarit-bienes-raices_51357399-inmuebles.html,2026-06-24T19:59:49Z,2026-08-25T09:49:23.763533+00:00,https://www.inmuebles24.com/casas-o-casa-en-condominio-o-departamentos-en-venta-en-tlaxcala-provincia-ordenado-por-fechaonline-descendente.html-pagina-3.html
https://www.inmuebles24.com/propiedades/clasificado/veclcain-casa-en-preventa-con-recamara-en-planta-baja-a-5-min-150492643.html,150492643,NHO7445133,sale,Casa en Preventa con Recámara en Planta Baja | a 5 Min de Plaza Galerías Tlaxcala | Roof Garden,"Casa en Preventa – Ubicación Estratégica y Espacios para Toda la Familia Invierte en el patrimonio de tu familia con esta casa en preventa, ubicada a solo 5 minutos de Plaza Galerías Tlaxcala y 10 minutos del centro de Tlaxcala, con fácil acceso a escuelas, transporte público, vialidades principales y todos los servicios necesarios para la vida diaria. Gracias a su distribución funcional y su ubicación estratégica, esta propiedad es ideal tanto para familias que buscan comodidad y amplitud como para inversionistas que desean una propiedad con alta proyección de plusvalía. Distribución +Planta baja: Sala y comedor, cocina, recámara con baño completo, ideal para visitas, adultos mayores o home office, medio baño para visitas, cochera para dos autos +Primer nivel: Recámara principal con área de vestidor y baño completo, dos recámaras secundarias, baño completo compartido +Segundo nivel: Terraza, perfecta para momentos de descanso o reuniones, área de servicio Una excelente oportunidad para adquirir una propiedad bien ubicada, funcional y con gran potencial de valorización en una de las zonas con mayor crecimiento de Tlaxcala. *Se aceptan todos los créditos, a excepción de Infonavit tradicional e Infonavit corresidencial. *Precio sujeto a cambios sin previo aviso. *Los gastos de escrituración, impuestos etc. No están incluidos en el precio En Nazarit Bienes Raíces te ofrecemos las mejores opciones que se adecuen a tus necesidades, te apoyamos en todo el tramite y asesoría sin costo extra. ¡Contáctanos!",1950000,"MN 1,950,000",MXN,venta,Casa,"Casa en Preventa - Barrio Miraflores, Tlaxcala",Barrio Miraflores,Tlaxcala,Tlaxcala,19.2756185,-98.2411549,4.0,3.0,145.0,101.0,2.0,0.0,A estrenar,Publicado hace 35 días,,https://img10.naventcdn.com/avisos/18/01/50/49/26/43/1200x1200/1619201507.jpg?isFirstImage=true|https://img10.naventcdn.com/avisos/18/01/50/49/26/43/1200x1200/1619201520.jpg|https://img10.naventcdn.com/avisos/18/01/50/49/26/43/1200x1200/1619201472.jpg|https://img10.naventcdn.com/avisos/18/01/50/49/26/43/1200x1200/1619201504.jpg|https://img10.naventcdn.com/avisos/18/01/50/49/26/43/1200x1200/1619201532.jpg|https://img10.naventcdn.com/avisos/18/01/50/49/26/43/1200x1200/1619201512.jpg|https://img10.naventcdn.com/avisos/18/01/50/49/26/43/1200x1200/1619201496.jpg|https://img10.naventcdn.com/avisos/18/01/50/49/26/43/1200x1200/1619201502.jpg|https://img10.naventcdn.com/avisos/18/01/50/49/26/43/1200x1200/1619201464.jpg|https://img10.naventcdn.com/avisos/18/01/50/49/26/43/1200x1200/1619201470.jpg|https://img10.naventcdn.com/avisos/18/01/50/49/26/43/1200x1200/1619201517.jpg|https://img10.naventcdn.com/avisos/18/01/50/49/26/43/1200x1200/1619201493.jpg|https://img10.naventcdn.com/avisos/18/01/50/49/26/43/1200x1200/1619201479.jpg|https://img10.naventcdn.com/avisos/18/01/50/49/26/43/1200x1200/1619201485.jpg|https://img10.naventcdn.com/avisos/18/01/50/49/26/43/1200x1200/1619201489.jpg|https://img10.naventcdn.com/avisos/18/01/50/49/26/43/1200x1200/1619201527.jpg|https://img10.naventcdn.com/avisos/18/01/50/49/26/43/1200x1200/1619201476.jpg|https://img10.naventcdn.com/avisos/18/01/50/49/26/43/1200x1200/1619201534.jpg,,52 2461390017,Nazarit Bienes Raíces,51357399,https://www.inmuebles24.com/inmobiliarias/nazarit-bienes-raices_51357399-inmuebles.html,2026-07-10T17:53:27Z,2026-08-25T09:49:23.763533+00:00,https://www.inmuebles24.com/casas-o-casa-en-condominio-o-departamentos-en-venta-en-tlaxcala-provincia-ordenado-por-fechaonline-descendente.html-pagina-3.html
https://www.inmuebles24.com/propiedades/clasificado/veclcain-casa-en-tetla-150484424.html,150484424,NHO8452896,sale,Casa en Tetla,"Las fotos son para mostrar acabados y diseños de las viviendas. Casas en Preventa en Tetla. A 10 min de Apizaco Distribución Casa Tipo 1: Sala, Comedor, Cocina, Patio de servicio, Estacionamiento para 1 auto, 2 Recamaras y Baño completo *Se aceptan todos los créditos. *Precio sujeto a cambios sin previo aviso. *Los gastos de escrituración, impuesto, etc. No están incluidos en el precio. En Nazarit Bienes Raices te agradecemos las mejores opciones que se adecuen a tus necesidades, te apoyamos en todo el tramite y asesoría sin costo extra. ¡Contáctanos!",685000,"MN 685,000",MXN,venta,Casa,"Casa en Preventa con dos Recamaras - Tetla, Tlaxcala",Actipac,Tetla de la Solidaridad,Tlaxcala,19.4322316,-98.1038218,2.0,1.0,51.0,100.0,1.0,0.0,A estrenar,Publicado hace 35 días,,https://img10.naventcdn.com/avisos/18/01/50/48/44/24/1200x1200/1619179060.jpg?isFirstImage=true|https://img10.naventcdn.com/avisos/18/01/50/48/44/24/1200x1200/1619178769.jpg|https://img10.naventcdn.com/avisos/18/01/50/48/44/24/1200x1200/1619037545.jpg|https://img10.naventcdn.com/avisos/18/01/50/48/44/24/1200x1200/1619037546.jpg|https://img10.naventcdn.com/avisos/18/01/50/48/44/24/1200x1200/1619167945.jpg|https://img10.naventcdn.com/avisos/18/01/50/48/44/24/1200x1200/1619037549.jpg|https://img10.naventcdn.com/avisos/18/01/50/48/44/24/1200x1200/1619037543.jpg|https://img10.naventcdn.com/avisos/18/01/50/48/44/24/1200x1200/1619037548.jpg|https://img10.naventcdn.com/avisos/18/01/50/48/44/24/1200x1200/1619037544.jpg|https://img10.naventcdn.com/avisos/18/01/50/48/44/24/1200x1200/1619037542.jpg|https://img10.naventcdn.com/avisos/18/01/50/48/44/24/1200x1200/1619185393.jpg,,52 2461390017,Nazarit Bienes Raíces,51357399,https://www.inmuebles24.com/inmobiliarias/nazarit-bienes-raices_51357399-inmuebles.html,2026-07-09T20:33:41Z,2026-08-25T09:49:23.763533+00:00,https://www.inmuebles24.com/casas-o-casa-en-condominio-o-departamentos-en-venta-en-tlaxcala-provincia-ordenado-por-fechaonline-descendente.html-pagina-3.html
https://www.inmuebles24.com/propiedades/clasificado/veclcain-casa-en-venta-belen-tlaxcala-150316034.html,150316034,NHO8378640,sale,"Casa en Venta - Belen, Tlaxcala","Casas en venta en Belen, Tlaxcala. A 2 minutos de la carretera A 10 minutos de Plaza Gran Patio Casas en venta cerca de vías de comunicación, escuelas, parques, etc. Cuentan con la siguiente distribución: Planta baja: Cochera para dos autos con portón, cisterna, sala, comedor, cocina, una recamara o estudio, área de servicio y amplio patio. Planta alta: dos recamaras amplias y un baño completo. *Se aceptan todos los créditos, a excepción de Infonavit tradicional. *Precio sujeto a cambios sin previo aviso. *Los gastos de escrituración, impuestos etc. No están incluidos en el precio En Nazarit Bienes Raíces te ofrecemos las mejores opciones que se adecuen a tus necesidades, te apoyamos en todo el tramite y asesoría sin costo extra. ¡Contáctanos!",1280000,"MN 1,280,000",MXN,venta,Casa,"Casa en Venta - Belen, Tlaxcala.",Pueblo Belén Atzitzimititlan,ApetatitlAn de Antonio Carvajal,Tlaxcala,19.346681,-98.1928926,3.0,1.0,104.0,105.0,1.0,0.0,A estrenar,Publicado hace 35 días,,https://img10.naventcdn.com/avisos/18/01/50/31/60/34/1200x1200/1615542048.jpg?isFirstImage=true|https://img10.naventcdn.com/avisos/18/01/50/31/60/34/1200x1200/1615542077.jpg|https://img10.naventcdn.com/avisos/18/01/50/31/60/34/1200x1200/1615542073.jpg|https://img10.naventcdn.com/avisos/18/01/50/31/60/34/1200x1200/1615542061.jpg|https://img10.naventcdn.com/avisos/18/01/50/31/60/34/1200x1200/1615542060.jpg|https://img10.naventcdn.com/avisos/18/01/50/31/60/34/1200x1200/1615542082.jpg|https://img10.naventcdn.com/avisos/18/01/50/31/60/34/1200x1200/1615542069.jpg|https://img10.naventcdn.com/avisos/18/01/50/31/60/34/1200x1200/1615542075.jpg|https://img10.naventcdn.com/avisos/18/01/50/31/60/34/1200x1200/1615542083.jpg|https://img10.naventcdn.com/avisos/18/01/50/31/60/34/1200x1200/1615542080.jpg|https://img10.naventcdn.com/avisos/18/01/50/31/60/34/1200x1200/1615542078.jpg|https://img10.naventcdn.com/avisos/18/01/50/31/60/34/1200x1200/1615542071.jpg|https://img10.naventcdn.com/avisos/18/01/50/31/60/34/1200x1200/1615541951.jpg|https://img10.naventcdn.com/avisos/18/01/50/31/60/34/1200x1200/1615541953.jpg,,52 2461390017,Nazarit Bienes Raíces,51357399,https://www.inmuebles24.com/inmobiliarias/nazarit-bienes-raices_51357399-inmuebles.html,2026-06-24T16:52:12Z,2026-08-25T09:49:23.763533+00:00,https://www.inmuebles24.com/casas-o-casa-en-condominio-o-departamentos-en-venta-en-tlaxcala-provincia-ordenado-por-fechaonline-descendente.html-pagina-3.html
https://www.inmuebles24.com/propiedades/clasificado/veclcain-casa-en-venta-con-tres-recamaras-y-jardin-en-ocotlan-150202434.html,150202434,NHO6764723,sale,"Casa en Venta con Tres Recamaras y Jardin en Ocotlán, Tlaxcala","Casa en Venta - Atempan, Ocotlan, Tlaxcala Ubicada en el tranquilo y pintoresco barrio de San Buenaventura Atempan, esta magnífica casa de dos pisos ofrece una oportunidad excepcional para quienes buscan un hogar espacioso y bien equipado. Con una superficie de 137.18 m2, la propiedad cuenta con tres amplias habitaciones y dos baños completos, proporcionando un espacio cómodo para toda la familia. La casa incluye una cocina funcional, un encantador balcón para disfrutar de las vistas locales, y un jardín que ofrece un espacio ideal para el esparcimiento al aire libre. Además, cuenta con una mini bodega para almacenamiento adicional. La propiedad está equipada con servicios esenciales como alcantarillado, electricidad, agua potable, internet, teléfono, y cable, asegurando una vida moderna y conectada. Entre las amenidades destacadas se encuentran un gimnasio, asador, áreas de juegos para niños, y zonas verdes, lo que la hace perfecta para familias. La casa se encuentra cerca de un boulevard principal y un colegio, lo que añade conveniencia y atractivo a la ubicación. Con un estacionamiento cubierto para un vehículo y espacio adicional para otro, esta propiedad es apta para crédito y está lista para recibir a sus nuevos propietarios. No pierda la oportunidad de adquirir este hogar luminoso y bien ubicado que combina comodidad, funcionalidad y un entorno privilegiado. *Se aceptan todos los créditos. *Precio sujeto a cambios sin previo aviso. *Los gastos de escrituración, impuestos etc. No están incluidos en el precio En Nazarit Bienes Raíces te ofrecemos las mejores opciones que se adecuen a tus necesidades, te apoyamos en todo el tramite y asesoría sin costo extra. ¡Contáctanos!",1900000,"MN 1,900,000",MXN,venta,Casa,"Casa en Venta - Atempan, Ocotlan, Tlaxcala",Tlaxcala Centro,Tlaxcala,Tlaxcala,19.3094507,-98.2251117,3.0,2.0,162.0,137.0,2.0,0.0,A estrenar,Publicado hace 35 días,,https://img10.naventcdn.com/avisos/18/01/50/20/24/34/1200x1200/1613255702.jpg?isFirstImage=true|https://img10.naventcdn.com/avisos/18/01/50/20/24/34/1200x1200/1613255743.jpg|https://img10.naventcdn.com/avisos/18/01/50/20/24/34/1200x1200/1613255689.jpg|https://img10.naventcdn.com/avisos/18/01/50/20/24/34/1200x1200/1613255749.jpg|https://img10.naventcdn.com/avisos/18/01/50/20/24/34/1200x1200/1613255663.jpg|https://img10.naventcdn.com/avisos/18/01/50/20/24/34/1200x1200/1613255705.jpg|https://img10.naventcdn.com/avisos/18/01/50/20/24/34/1200x1200/1613255714.jpg|https://img10.naventcdn.com/avisos/18/01/50/20/24/34/1200x1200/1613255747.jpg|https://img10.naventcdn.com/avisos/18/01/50/20/24/34/1200x1200/1613255676.jpg|https://img10.naventcdn.com/avisos/18/01/50/20/24/34/1200x1200/1613255741.jpg|https://img10.naventcdn.com/avisos/18/01/50/20/24/34/1200x1200/1613255696.jpg|https://img10.naventcdn.com/avisos/18/01/50/20/24/34/1200x1200/1613255740.jpg|https://img10.naventcdn.com/avisos/18/01/50/20/24/34/1200x1200/1613255739.jpg|https://img10.naventcdn.com/avisos/18/01/50/20/24/34/1200x1200/1613255711.jpg|https://img10.naventcdn.com/avisos/18/01/50/20/24/34/1200x1200/1613255699.jpg|https://img10.naventcdn.com/avisos/18/01/50/20/24/34/1200x1200/1613255708.jpg|https://img10.naventcdn.com/avisos/18/01/50/20/24/34/1200x1200/1613255693.jpg|https://img10.naventcdn.com/avisos/18/01/50/20/24/34/1200x1200/1613255716.jpg|https://img10.naventcdn.com/avisos/18/01/50/20/24/34/1200x1200/1613255683.jpg|https://img10.naventcdn.com/avisos/18/01/50/20/24/34/1200x1200/1613255744.jpg|https://img10.naventcdn.com/avisos/18/01/50/20/24/34/1200x1200/1613255742.jpg|https://img10.naventcdn.com/avisos/18/01/50/20/24/34/1200x1200/1613255745.jpg|https://img10.naventcdn.com/avisos/18/01/50/20/24/34/1200x1200/1613255720.jpg|https://img10.naventcdn.com/avisos/18/01/50/20/24/34/1200x1200/1613255718.jpg|https://img10.naventcdn.com/avisos/18/01/50/20/24/34/1200x1200/1613255746.jpg|https://img10.naventcdn.com/avisos/18/01/50/20/24/34/1200x1200/1613255686.jpg|https://img10.naventcdn.com/avisos/18/01/50/20/24/34/1200x1200/1613255652.jpg|https://img10.naventcdn.com/avisos/18/01/50/20/24/34/1200x1200/1613255658.jpg|https://img10.naventcdn.com/avisos/18/01/50/20/24/34/1200x1200/1613255669.jpg,,52 2461390017,Nazarit Bienes Raíces,51357399,https://www.inmuebles24.com/inmobiliarias/nazarit-bienes-raices_51357399-inmuebles.html,2026-06-15T15:50:21Z,2026-08-25T09:50:24.970818+00:00,https://www.inmuebles24.com/casas-o-casa-en-condominio-o-departamentos-en-venta-en-tlaxcala-provincia-ordenado-por-fechaonline-descendente.html-pagina-3.html
https://www.inmuebles24.com/propiedades/clasificado/veclcain-casa-en-venta-con-tres-recamaras-y-jardin-en-tlaxcala-150585034.html,150585034,NHO7227997,sale,Casa en Venta con Tres Recamaras y Jardin en Tlaxcala,"A 7 minutos de Soriana y plaza Galerias A 15 minutos de Tlaxcala centro Casa en venta en Boulevard Gasoducto Cerca de pepa Ibero, a una cuadra del transporte Público en ubicación tranquila. Cuenta con la siguiente distribución: Planta baja; estacionamiento para dos autos, sala, comedor, cocina, alacena, area de servicio, medio baño y jardín Planta alta: habitación principal con baño completo y balcón, dos habitaciones secundarias con baño completo para compartir, sala de TV y terraza *Se aceptan todos los créditos a excepción de infonavit corresidencial e infonavit tradicional *Precio sujeto a cambios sin previo aviso. *Los gastos de escrituración, impuestos etc. No están incluidos en el precio En Nazarit Bienes Raíces te ofrecemos las mejores opciones que se adecuen a tus necesidades, te apoyamos en todo el tramite y asesoria sin costo extra. ¡Contactanos!",2100000,"MN 2,100,000",MXN,venta,Casa,"Casa en Venta - San Sebastian Atlahapa, Tlaxcala",Pueblo San Sebastián Atlahapa,Tlaxcala,Tlaxcala,19.2910755,-98.2239827,3.0,2.0,160.0,151.0,2.0,0.0,A estrenar,Publicado hace 35 días,,https://img10.naventcdn.com/avisos/18/01/50/58/50/34/1200x1200/1621317936.jpg?isFirstImage=true|https://img10.naventcdn.com/avisos/18/01/50/58/50/34/1200x1200/1621318021.jpg|https://img10.naventcdn.com/avisos/18/01/50/58/50/34/1200x1200/1621318027.jpg|https://img10.naventcdn.com/avisos/18/01/50/58/50/34/1200x1200/1621318036.jpg|https://img10.naventcdn.com/avisos/18/01/50/58/50/34/1200x1200/1621318042.jpg|https://img10.naventcdn.com/avisos/18/01/50/58/50/34/1200x1200/1621317995.jpg|https://img10.naventcdn.com/avisos/18/01/50/58/50/34/1200x1200/1621318024.jpg|https://img10.naventcdn.com/avisos/18/01/50/58/50/34/1200x1200/1621317942.jpg|https://img10.naventcdn.com/avisos/18/01/50/58/50/34/1200x1200/1621317991.jpg|https://img10.naventcdn.com/avisos/18/01/50/58/50/34/1200x1200/1621318033.jpg|https://img10.naventcdn.com/avisos/18/01/50/58/50/34/1200x1200/1621317944.jpg|https://img10.naventcdn.com/avisos/18/01/50/58/50/34/1200x1200/1621317989.jpg|https://img10.naventcdn.com/avisos/18/01/50/58/50/34/1200x1200/1621317981.jpg|https://img10.naventcdn.com/avisos/18/01/50/58/50/34/1200x1200/1621317986.jpg|https://img10.naventcdn.com/avisos/18/01/50/58/50/34/1200x1200/1621318030.jpg|https://img10.naventcdn.com/avisos/18/01/50/58/50/34/1200x1200/1621317949.jpg|https://img10.naventcdn.com/avisos/18/01/50/58/50/34/1200x1200/1621317946.jpg|https://img10.naventcdn.com/avisos/18/01/50/58/50/34/1200x1200/1621317978.jpg|https://img10.naventcdn.com/avisos/18/01/50/58/50/34/1200x1200/1621317984.jpg|https://img10.naventcdn.com/avisos/18/01/50/58/50/34/1200x1200/1621317934.jpg|https://img10.naventcdn.com/avisos/18/01/50/58/50/34/1200x1200/1621317938.jpg|https://img10.naventcdn.com/avisos/18/01/50/58/50/34/1200x1200/1621318018.jpg|https://img10.naventcdn.com/avisos/18/01/50/58/50/34/1200x1200/1621318039.jpg|https://img10.naventcdn.com/avisos/18/01/50/58/50/34/1200x1200/1621317997.jpg|https://img10.naventcdn.com/avisos/18/01/50/58/50/34/1200x1200/1621317971.jpg|https://img10.naventcdn.com/avisos/18/01/50/58/50/34/1200x1200/1621318003.jpg|https://img10.naventcdn.com/avisos/18/01/50/58/50/34/1200x1200/1621317993.jpg|https://img10.naventcdn.com/avisos/18/01/50/58/50/34/1200x1200/1621317940.jpg|https://img10.naventcdn.com/avisos/18/01/50/58/50/34/1200x1200/1621317974.jpg|https://img10.naventcdn.com/avisos/18/01/50/58/50/34/1200x1200/1621318046.jpg,,52 2461390017,Nazarit Bienes Raíces,51357399,https://www.inmuebles24.com/inmobiliarias/nazarit-bienes-raices_51357399-inmuebles.html,2026-07-21T16:25:08Z,2026-08-25T09:50:24.970818+00:00,https://www.inmuebles24.com/casas-o-casa-en-condominio-o-departamentos-en-venta-en-tlaxcala-provincia-ordenado-por-fechaonline-descendente.html-pagina-3.html
https://www.inmuebles24.com/propiedades/clasificado/veclcain-casa-en-venta-con-tres-recamaras-y-roof-garden-a-un-150555851.html,150555851,NHO5432007,sale,Casa en Venta con Tres Recamaras y Roof Garden a un Costado de La Prepa Ibero en Tlaxcala,"Ubicada en el exclusivo Fraccionamiento privado de 9 casas, sobre la Av. Gasoducto y junto a la Prepa Ibero, esta casa residencial ofrece un estilo de vida sofisticado con seguridad y comodidad. Su ubicación es privilegiada, a tan solo 4 minutos de Soriana y el libramiento, y a 10 minutos del centro de Tlaxcala, permitiendo un fácil acceso a servicios y entretenimiento. La propiedad se distribuye en tres niveles. En el primer nivel, se encuentra una amplia sala y comedor, una cocina integral equipada, un jardín ideal para actividades al aire libre, un medio baño, un patio de servicio y una cisterna de 5,000 litros. La cochera tiene capacidad para dos autos, asegurando comodidad en el estacionamiento. El segundo nivel alberga la recámara principal con baño completo, clóset y balcón, además de dos recámaras adicionales que comparten un baño, cada una con su propio clóset. El tercer nivel ofrece una terraza perfecta para disfrutar de la vista y un cuarto de servicio adicional. Esta propiedad es ideal para familias que buscan un hogar con diseño contemporáneo, en un entorno seguro y con alta plusvalía. Se aceptan todos los créditos, y el precio está sujeto a cambios sin previo aviso. Los gastos de escrituración e impuestos no están incluidos en el precio. En Nazarit Bienes Raíces, estamos listos para ofrecerte asesoría gratuita en todo el proceso. ¡Contáctanos para más detalles!",2650000,"MN 2,650,000",MXN,venta,Casa,"Casa en Venta - San Sebastián Atlahapa, Tlaxcala",Pueblo San Sebastián Atlahapa,Tlaxcala,Tlaxcala,19.2929138,-98.2231289,3.0,2.0,101.0,101.0,2.0,0.0,A estrenar,Publicado hace 35 días,,https://img10.naventcdn.com/avisos/18/01/50/55/58/51/1200x1200/1625406903.jpg?isFirstImage=true|https://img10.naventcdn.com/avisos/18/01/50/55/58/51/1200x1200/1625406528.jpg|https://img10.naventcdn.com/avisos/18/01/50/55/58/51/1200x1200/1625406945.jpg|https://img10.naventcdn.com/avisos/18/01/50/55/58/51/1200x1200/1625406855.jpg|https://img10.naventcdn.com/avisos/18/01/50/55/58/51/1200x1200/1625406530.jpg|https://img10.naventcdn.com/avisos/18/01/50/55/58/51/1200x1200/1625406859.jpg|https://img10.naventcdn.com/avisos/18/01/50/55/58/51/1200x1200/1625406853.jpg|https://img10.naventcdn.com/avisos/18/01/50/55/58/51/1200x1200/1625406905.jpg|https://img10.naventcdn.com/avisos/18/01/50/55/58/51/1200x1200/1625406871.jpg|https://img10.naventcdn.com/avisos/18/01/50/55/58/51/1200x1200/1625406863.jpg|https://img10.naventcdn.com/avisos/18/01/50/55/58/51/1200x1200/1625406524.jpg|https://img10.naventcdn.com/avisos/18/01/50/55/58/51/1200x1200/1625406900.jpg|https://img10.naventcdn.com/avisos/18/01/50/55/58/51/1200x1200/1625406522.jpg|https://img10.naventcdn.com/avisos/18/01/50/55/58/51/1200x1200/1625406865.jpg|https://img10.naventcdn.com/avisos/18/01/50/55/58/51/1200x1200/1625406539.jpg|https://img10.naventcdn.com/avisos/18/01/50/55/58/51/1200x1200/1625406529.jpg|https://img10.naventcdn.com/avisos/18/01/50/55/58/51/1200x1200/1625406830.jpg|https://img10.naventcdn.com/avisos/18/01/50/55/58/51/1200x1200/1625407203.jpg,,52 2461390017,Nazarit Bienes Raíces,51357399,https://www.inmuebles24.com/inmobiliarias/nazarit-bienes-raices_51357399-inmuebles.html,2026-07-17T17:51:12Z,2026-08-25T09:50:24.970818+00:00,https://www.inmuebles24.com/casas-o-casa-en-condominio-o-departamentos-en-venta-en-tlaxcala-provincia-ordenado-por-fechaonline-descendente.html-pagina-3.html
https://www.inmuebles24.com/propiedades/clasificado/veclcain-casa-en-venta-en-san-jose-tetel-apizaco-150619466.html,150619466,NX-303965,sale,Casa en Venta en San José Tetel Apizaco,"Ref: 3 0 3 9 6 5 Con 105 m² de construcción, esta propiedad ofrece espacios funcionales y acogedores que se adaptan perfectamente a las necesidades de una familia. Cuenta con 3 amplias recámaras con clósets, ideales para brindar privacidad y comodidad a cada integrante del hogar. Su distribución incluye 1 baño completo y 1 medio baño, pensados para ofrecer practicidad en el día a día. La sala y el comedor crean el ambiente perfecto para compartir momentos inolvidables, mientras que el área de lavandería aporta funcionalidad y comodidad para las actividades cotidianas. Ubicada en una zona tranquila y segura, esta casa combina el encanto de vivir en un entorno apacible con la cercanía a los servicios esenciales. Es la oportunidad ideal para quienes buscan un patrimonio sólido, un espacio para crecer en familia o simplemente el hogar con el que siempre han soñado. Haz de esta casa el escenario de tus mejores recuerdos. ¡Agenda tu visita y conócela! En valor avalúo.",1000075,"MN 1,000,075",MXN,venta,Casa,San José Tetel S/N,Pueblo Santa Úrsula Zimatepec,Yauhquemehcan,Tlaxcala,19.42771539751353,-98.15965833216896,3.0,1.0,105.0,75.0,1.0,0.0,12,Publicado hace 32 días,,https://img10.naventcdn.com/avisos/18/01/50/61/94/66/1200x1200/1621984656.jpg?isFirstImage=true|https://img10.naventcdn.com/avisos/resize/18/01/50/61/94/66/1200x1200/1621984655.jpg|https://img10.naventcdn.com/avisos/18/01/50/61/94/66/1200x1200/1621984652.jpg|https://img10.naventcdn.com/avisos/18/01/50/61/94/66/1200x1200/1621984659.jpg|https://img10.naventcdn.com/avisos/resize/18/01/50/61/94/66/1200x1200/1621984650.jpg|https://img10.naventcdn.com/avisos/18/01/50/61/94/66/1200x1200/1621984642.jpg|https://img10.naventcdn.com/avisos/18/01/50/61/94/66/1200x1200/1621984639.jpg|https://img10.naventcdn.com/avisos/18/01/50/61/94/66/1200x1200/1621984657.jpg|https://img10.naventcdn.com/avisos/18/01/50/61/94/66/1200x1200/1621984644.jpg|https://img10.naventcdn.com/avisos/18/01/50/61/94/66/1200x1200/1621984647.jpg|https://img10.naventcdn.com/avisos/18/01/50/61/94/66/1200x1200/1621984658.jpg|https://img10.naventcdn.com/avisos/resize/18/01/50/61/94/66/1200x1200/1621984654.jpg,,52 5574117755,iad Inmobiliaria,50956067,https://www.inmuebles24.com/inmobiliarias/iad-inmobiliaria_50956067-inmuebles.html,2026-07-24T16:06:47Z,2026-08-25T09:50:24.970818+00:00,https://www.inmuebles24.com/casas-o-casa-en-condominio-o-departamentos-en-venta-en-tlaxcala-provincia-ordenado-por-fechaonline-descendente.html-pagina-3.html
https://www.inmuebles24.com/propiedades/clasificado/veclcain-casa-en-venta-ixcotla-chiautempan-tlaxcala.-150619492.html,150619492,NX-303987,sale,"Casa en Venta Ixcotla, Chiautempan, Tlaxcala.","Ref: 3 0 3 9 8 7 ¿Buscas una casa nueva lista para habitar, con excelente ubicación y en una privada tranquila? Características: 2 recámaras 1 baño completo Sala-comedor Cocina Jardín Estacionamiento para 1 auto Cisterna de 7,500 litros Vive en una zona tranquila, con todo lo que necesitas a pocos minutos: Centro de Santa Ana Chiautempan. Recinto Ferial de Chiautempan. Centro de Salud Santa Cruz Guadalupe. Escuelas, tiendas y transporte público. Rápido acceso a la carretera federal Puebla-Tlaxcala. Conectividad hacia Tlaxcala Capital, Apizaco y Puebla. Aceptamos: Crédito FOVISSSTE Crédito Bancario Recurso Propio Ubicación: Ixcotla, Chiautempan, Tlaxcala. Agenda tu visita y conoce esta excelente oportunidad.",1250000,"MN 1,250,000",MXN,venta,Casa,SAN PEDRO 284,Pueblo Santa Cruz Guadalupe,Chiautempan,Tlaxcala,19.31178418230144,-98.17578239467215,2.0,1.0,95.0,135.0,1.0,0.0,A estrenar,Publicado hace 32 días,,https://img10.naventcdn.com/avisos/18/01/50/61/94/92/1200x1200/1621985089.jpg?isFirstImage=true|https://img10.naventcdn.com/avisos/18/01/50/61/94/92/1200x1200/1621985049.jpg|https://img10.naventcdn.com/avisos/18/01/50/61/94/92/1200x1200/1621985044.jpg|https://img10.naventcdn.com/avisos/18/01/50/61/94/92/1200x1200/1621985053.jpg|https://img10.naventcdn.com/avisos/18/01/50/61/94/92/1200x1200/1621985096.jpg|https://img10.naventcdn.com/avisos/18/01/50/61/94/92/1200x1200/1621985092.jpg|https://img10.naventcdn.com/avisos/18/01/50/61/94/92/1200x1200/1621985036.jpg|https://img10.naventcdn.com/avisos/18/01/50/61/94/92/1200x1200/1621985071.jpg|https://img10.naventcdn.com/avisos/18/01/50/61/94/92/1200x1200/1621985059.jpg|https://img10.naventcdn.com/avisos/18/01/50/61/94/92/1200x1200/1621985063.jpg|https://img10.naventcdn.com/avisos/18/01/50/61/94/92/1200x1200/1621985039.jpg|https://img10.naventcdn.com/avisos/18/01/50/61/94/92/1200x1200/1621985047.jpg|https://img10.naventcdn.com/avisos/18/01/50/61/94/92/1200x1200/1621985091.jpg|https://img10.naventcdn.com/avisos/18/01/50/61/94/92/1200x1200/1621985057.jpg|https://img10.naventcdn.com/avisos/18/01/50/61/94/92/1200x1200/1621985080.jpg,,52 5574117755,iad Inmobiliaria,50956067,https://www.inmuebles24.com/inmobiliarias/iad-inmobiliaria_50956067-inmuebles.html,2026-07-24T16:08:47Z,2026-08-25T09:50:24.970818+00:00,https://www.inmuebles24.com/casas-o-casa-en-condominio-o-departamentos-en-venta-en-tlaxcala-provincia-ordenado-por-fechaonline-descendente.html-pagina-3.html
https://www.inmuebles24.com/propiedades/clasificado/veclcain-casa-en-venta-san-sebastian-atlahapa-tlaxcala-150622189.html,150622189,NHO8513255,sale,"Casa en Venta - San Sebastián Atlahapa, Tlaxcala","Casa en venta en San Sebastián Atlahapa, Tlaxcala Ubicada a solo 5 minutos de Galerías y con fácil acceso al libramiento y al Boulevard Gaseoducto, esta propiedad ofrece una combinación perfecta de comodidad y estilo. En la planta baja, disfrute de un estacionamiento para 2 autos, una acogedora sala, comedor, y un mini bar ideal para recepciones. La cocina está completamente equipada, facilitando la preparación de sus comidas favoritas. Además, cuenta con un medio baño, mini bodega, y un patio de servicio que se conecta con un hermoso jardín. La planta alta alberga la recámara principal, la cual incluye un vestidor, baño completo y un balcón privado. Dos recámaras adicionales cuentan con clósets y un balcón individual, perfectas para disfrutar de vistas al entorno. Un baño completo complementa este nivel, junto con una sala de TV que puede ser el espacio ideal para el entretenimiento familiar y un área de estudio. La propiedad también cuenta con una amplia terraza, ideal para reuniones al aire libre y disfrutar de una vista panorámica del entorno. Servicios como alcantarillado, electricidad, pavimento, cable, agua potable, y alumbrado público aseguran una vida cómoda. Adicionalmente, la casa es apta para mascotas, cuenta con cancelería, y está ubicada en una zona tranquila con acceso pavimentado. No pierda la oportunidad de vivir en una casa que combina funcionalidad y estilo, en una ubicación estratégica y tranquila. *Se aceptan todos los créditos. *Precio sujeto a cambios sin previo aviso. *Los gastos de escrituración, impuesto, etc. No están incluidos en el precio. En Nazarit Bienes Raíces te agradecemos las mejores opciones que se adecuen a tus necesidades, te apoyamos en todo el tramite y asesoría sin costo extra. ¡Contáctanos!",2880000,"MN 2,880,000",MXN,venta,Casa,"Casa en Venta - San Sebastián Atlahapa, Tlaxcala",Pueblo San Sebastián Atlahapa,Tlaxcala,Tlaxcala,19.2910568,-98.2240321,3.0,2.0,232.0,155.0,,0.0,A estrenar,Publicado hace 32 días,,https://img10.naventcdn.com/avisos/18/01/50/62/21/89/1200x1200/1622044733.jpg?isFirstImage=true|https://img10.naventcdn.com/avisos/18/01/50/62/21/89/1200x1200/1622043964.jpg|https://img10.naventcdn.com/avisos/18/01/50/62/21/89/1200x1200/1622043969.jpg|https://img10.naventcdn.com/avisos/18/01/50/62/21/89/1200x1200/1622043972.jpg|https://img10.naventcdn.com/avisos/18/01/50/62/21/89/1200x1200/1622043974.jpg|https://img10.naventcdn.com/avisos/18/01/50/62/21/89/1200x1200/1622036864.jpg|https://img10.naventcdn.com/avisos/18/01/50/62/21/89/1200x1200/1622036846.jpg|https://img10.naventcdn.com/avisos/18/01/50/62/21/89/1200x1200/1622036857.jpg|https://img10.naventcdn.com/avisos/18/01/50/62/21/89/1200x1200/1622036871.jpg|https://img10.naventcdn.com/avisos/18/01/50/62/21/89/1200x1200/1622037048.jpg|https://img10.naventcdn.com/avisos/18/01/50/62/21/89/1200x1200/1622036862.jpg|https://img10.naventcdn.com/avisos/18/01/50/62/21/89/1200x1200/1622036861.jpg|https://img10.naventcdn.com/avisos/18/01/50/62/21/89/1200x1200/1622037073.jpg|https://img10.naventcdn.com/avisos/18/01/50/62/21/89/1200x1200/1622036867.jpg|https://img10.naventcdn.com/avisos/18/01/50/62/21/89/1200x1200/1622037078.jpg|https://img10.naventcdn.com/avisos/18/01/50/62/21/89/1200x1200/1622036847.jpg|https://img10.naventcdn.com/avisos/18/01/50/62/21/89/1200x1200/1622036851.jpg|https://img10.naventcdn.com/avisos/18/01/50/62/21/89/1200x1200/1622037083.jpg|https://img10.naventcdn.com/avisos/18/01/50/62/21/89/1200x1200/1622036844.jpg|https://img10.naventcdn.com/avisos/18/01/50/62/21/89/1200x1200/1622036891.jpg|https://img10.naventcdn.com/avisos/18/01/50/62/21/89/1200x1200/1622036860.jpg|https://img10.naventcdn.com/avisos/18/01/50/62/21/89/1200x1200/1622036962.jpg|https://img10.naventcdn.com/avisos/18/01/50/62/21/89/1200x1200/1622036855.jpg|https://img10.naventcdn.com/avisos/18/01/50/62/21/89/1200x1200/1622036863.jpg|https://img10.naventcdn.com/avisos/18/01/50/62/21/89/1200x1200/1622036854.jpg|https://img10.naventcdn.com/avisos/18/01/50/62/21/89/1200x1200/1622036848.jpg|https://img10.naventcdn.com/avisos/18/01/50/62/21/89/1200x1200/1622036858.jpg|https://img10.naventcdn.com/avisos/18/01/50/62/21/89/1200x1200/1622036866.jpg|https://img10.naventcdn.com/avisos/18/01/50/62/21/89/1200x1200/1622036849.jpg|https://img10.naventcdn.com/avisos/18/01/50/62/21/89/1200x1200/1622036873.jpg|https://img10.naventcdn.com/avisos/18/01/50/62/21/89/1200x1200/1622037076.jpg|https://img10.naventcdn.com/avisos/18/01/50/62/21/89/1200x1200/1622036859.jpg|https://img10.naventcdn.com/avisos/18/01/50/62/21/89/1200x1200/1622036869.jpg|https://img10.naventcdn.com/avisos/18/01/50/62/21/89/1200x1200/1622037068.jpg|https://img10.naventcdn.com/avisos/18/01/50/62/21/89/1200x1200/1622036850.jpg|https://img10.naventcdn.com/avisos/18/01/50/62/21/89/1200x1200/1622036845.jpg|https://img10.naventcdn.com/avisos/18/01/50/62/21/89/1200x1200/1622036927.jpg|https://img10.naventcdn.com/avisos/18/01/50/62/21/89/1200x1200/1622037071.jpg|https://img10.naventcdn.com/avisos/18/01/50/62/21/89/1200x1200/1622036856.jpg|https://img10.naventcdn.com/avisos/18/01/50/62/21/89/1200x1200/1622036852.jpg|https://img10.naventcdn.com/avisos/18/01/50/62/21/89/1200x1200/1622044459.jpg|https://img10.naventcdn.com/avisos/18/01/50/62/21/89/1200x1200/1622044431.jpg,,52 2461390017,Nazarit Bienes Raíces,51357399,https://www.inmuebles24.com/inmobiliarias/nazarit-bienes-raices_51357399-inmuebles.html,2026-07-24T18:33:13Z,2026-08-25T09:50:24.970818+00:00,https://www.inmuebles24.com/casas-o-casa-en-condominio-o-departamentos-en-venta-en-tlaxcala-provincia-ordenado-por-fechaonline-descendente.html-pagina-3.html
https://www.inmuebles24.com/propiedades/clasificado/veclcain-casa-en-venta-tecpa-morales-la-magdalena-tlaxcala.-150603404.html,150603404,NX-303883,sale,"Casa en Venta Tecpa Morales, La Magdalena, Tlaxcala.","Ref: 3 0 3 8 8 3 ¿Buscas una casa nueva lista para habitar, con excelente ubicación y en una privada tranquila? Características: 2 recámaras 1 baño completo Sala-comedor Cocina Jardín Estacionamiento para 1 auto Cisterna de 7,500 litros Excelente conectividad: A pocos minutos de la carretera federal Tlaxcala-Puebla. Rápido acceso hacia Apizaco, Tlaxcala Capital y Puebla. A 8 minutos de Galerías Tlaxcala A 4 minutos de VW Tlaxcala A 4 minutos de Fabrica Porcelanite Lamosa Aceptamos: Crédito FOVISSSTE Crédito Bancario Recurso Propio Ubicación: Privada Morales No. 3, Barrio Tecpa Morales, La Magdalena Tlaltelulco, Tlaxcala. Agenda tu visita y conoce esta excelente oportunidad.",1200000,"MN 1,200,000",MXN,venta,Casa,PRIVADA MORALES 103,Barrio Tecpa Morales,La Magdalena Tlaltelulco,Tlaxcala,19.28466889344189,-98.19446889167236,2.0,1.0,95.0,135.0,,0.0,A estrenar,Publicado hace 34 días,,https://img10.naventcdn.com/avisos/18/01/50/60/34/04/1200x1200/1626849063.jpg?isFirstImage=true|https://img10.naventcdn.com/avisos/18/01/50/60/34/04/1200x1200/1626849061.jpg|https://img10.naventcdn.com/avisos/18/01/50/60/34/04/1200x1200/1621665469.jpg|https://img10.naventcdn.com/avisos/18/01/50/60/34/04/1200x1200/1621665426.jpg|https://img10.naventcdn.com/avisos/18/01/50/60/34/04/1200x1200/1621665455.jpg|https://img10.naventcdn.com/avisos/18/01/50/60/34/04/1200x1200/1621665454.jpg|https://img10.naventcdn.com/avisos/18/01/50/60/34/04/1200x1200/1621665427.jpg|https://img10.naventcdn.com/avisos/18/01/50/60/34/04/1200x1200/1621665473.jpg|https://img10.naventcdn.com/avisos/18/01/50/60/34/04/1200x1200/1621665472.jpg|https://img10.naventcdn.com/avisos/18/01/50/60/34/04/1200x1200/1621665453.jpg|https://img10.naventcdn.com/avisos/18/01/50/60/34/04/1200x1200/1621665470.jpg|https://img10.naventcdn.com/avisos/18/01/50/60/34/04/1200x1200/1621665474.jpg|https://img10.naventcdn.com/avisos/18/01/50/60/34/04/1200x1200/1626849055.jpg|https://img10.naventcdn.com/avisos/18/01/50/60/34/04/1200x1200/1626849058.jpg,,52 5574117755,iad Inmobiliaria,50956067,https://www.inmuebles24.com/inmobiliarias/iad-inmobiliaria_50956067-inmuebles.html,2026-07-23T00:00:29Z,2026-08-25T09:50:24.970818+00:00,https://www.inmuebles24.com/casas-o-casa-en-condominio-o-departamentos-en-venta-en-tlaxcala-provincia-ordenado-por-fechaonline-descendente.html-pagina-3.html
https://www.inmuebles24.com/propiedades/clasificado/veclcain-casa-en-venta-tizatlan-tlaxcala-150608695.html,150608695,NHO5074425,sale,"Casa en Venta - Tizatlan, Tlaxcala","Casa en venta lista para habitar en Tizatlan, cerca de escuelas, hospitales, farmacias, etc. A 2 minutos de la autopista A 8 minutos de plaza comercial Gran Patio A 14 minutos de Tlaxcala centro Cuenta con la siguiente distribución: Planta baja: Estacionamiento para dos autos, cisterna, sala, comedor, bodega, alacena, cocina integral con barra desayunador y sillas, área de servicio, patio trasero y medio baño. Planta alta: Recamara principal con baño completo y closet, dos recamaras secundarias con closet, escritorios de madera y baño completo para compartir. *Se aceptan todos los créditos. *Precio sujeto a cambios sin previo aviso. *Los gastos de escrituración, impuestos etc. No están incluidos en el precio En Nazarit Bienes Raíces te ofrecemos las mejores opciones que se adecuen a tus necesidades, te apoyamos en todo el tramite y asesoría sin costo extra. ¡Contáctanos!",2160000,"MN 2,160,000",MXN,venta,Casa,"Casa en Venta - Tizatlan, Tlaxcala",Pueblo San Esteban Tizatlan,Tlaxcala,Tlaxcala,19.3374763,-98.2084634,3.0,2.0,126.0,125.0,2.0,0.0,12,Publicado hace 33 días,,https://img10.naventcdn.com/avisos/18/01/50/60/86/95/1200x1200/1621772741.jpg?isFirstImage=true|https://img10.naventcdn.com/avisos/18/01/50/60/86/95/1200x1200/1621772895.jpg|https://img10.naventcdn.com/avisos/18/01/50/60/86/95/1200x1200/1621772862.jpg|https://img10.naventcdn.com/avisos/18/01/50/60/86/95/1200x1200/1621772803.jpg|https://img10.naventcdn.com/avisos/18/01/50/60/86/95/1200x1200/1621772646.jpg|https://img10.naventcdn.com/avisos/18/01/50/60/86/95/1200x1200/1621772717.jpg|https://img10.naventcdn.com/avisos/18/01/50/60/86/95/1200x1200/1621772648.jpg|https://img10.naventcdn.com/avisos/18/01/50/60/86/95/1200x1200/1621772853.jpg|https://img10.naventcdn.com/avisos/18/01/50/60/86/95/1200x1200/1621772647.jpg|https://img10.naventcdn.com/avisos/18/01/50/60/86/95/1200x1200/1621772894.jpg|https://img10.naventcdn.com/avisos/18/01/50/60/86/95/1200x1200/1621772645.jpg|https://img10.naventcdn.com/avisos/18/01/50/60/86/95/1200x1200/1621772906.jpg|https://img10.naventcdn.com/avisos/18/01/50/60/86/95/1200x1200/1621772649.jpg|https://img10.naventcdn.com/avisos/18/01/50/60/86/95/1200x1200/1621772908.jpg|https://img10.naventcdn.com/avisos/18/01/50/60/86/95/1200x1200/1621772907.jpg|https://img10.naventcdn.com/avisos/18/01/50/60/86/95/1200x1200/1621772644.jpg,,52 2461390017,Nazarit Bienes Raíces,51357399,https://www.inmuebles24.com/inmobiliarias/nazarit-bienes-raices_51357399-inmuebles.html,2026-07-23T17:55:57Z,2026-08-25T09:50:24.970818+00:00,https://www.inmuebles24.com/casas-o-casa-en-condominio-o-departamentos-en-venta-en-tlaxcala-provincia-ordenado-por-fechaonline-descendente.html-pagina-3.html
https://www.inmuebles24.com/propiedades/clasificado/veclcain-casa-venta-con-dos-recamaras-en-santa-cruz-tlaxcala-149999894.html,149999894,NHO8081165,sale,"Casa Venta con Dos Recamaras en Santa Cruz, Tlaxcala","Vive la experiencia de un hogar diseñado para disfrutar cada momento el, es cómodo y bien ubicado, perfecto para crecer y crear momentos en familia con tranquilidad. Distribución +Planta baja: Espacio para un auto, sala, comedor con excelente iluminación, cocina, medio baño para visitas y área de servicio. +Primer nivel: Dos recámaras con buena iluminación y baño completo compartido. *Se aceptan todos los créditos *Precio sujeto a cambios sin previo aviso. *Los gastos de escrituración, impuestos, etc. No están incluidos en el precio. En Nazarit Bienes Raíces te ofrecemos las mejores opciones que se adecuen a tus necesidades, te apoyamos en todo tramite y asesoría sin costo extra. ¡Contáctanos!",1130000,"MN 1,130,000",MXN,venta,Casa,Casa Venta en Santa Cruz Tlaxcala,,Santa Cruz Tlaxcala,Tlaxcala,19.344602,98.134437,2.0,1.0,70.0,70.0,1.0,0.0,A estrenar,Publicado hace 35 días,,https://img10.naventcdn.com/avisos/18/01/49/99/98/94/1200x1200/1609228298.jpg?isFirstImage=true|https://img10.naventcdn.com/avisos/18/01/49/99/98/94/1200x1200/1609228269.jpg|https://img10.naventcdn.com/avisos/18/01/49/99/98/94/1200x1200/1609228255.jpg|https://img10.naventcdn.com/avisos/18/01/49/99/98/94/1200x1200/1609228258.jpg|https://img10.naventcdn.com/avisos/18/01/49/99/98/94/1200x1200/1609228271.jpg|https://img10.naventcdn.com/avisos/18/01/49/99/98/94/1200x1200/1609228296.jpg|https://img10.naventcdn.com/avisos/18/01/49/99/98/94/1200x1200/1609228275.jpg|https://img10.naventcdn.com/avisos/18/01/49/99/98/94/1200x1200/1609228291.jpg|https://img10.naventcdn.com/avisos/18/01/49/99/98/94/1200x1200/1609228279.jpg|https://img10.naventcdn.com/avisos/18/01/49/99/98/94/1200x1200/1609228262.jpg|https://img10.naventcdn.com/avisos/18/01/49/99/98/94/1200x1200/1609228283.jpg|https://img10.naventcdn.com/avisos/18/01/49/99/98/94/1200x1200/1609228266.jpg|https://img10.naventcdn.com/avisos/18/01/49/99/98/94/1200x1200/1609228277.jpg,,52 2461390017,Nazarit Bienes Raíces,51357399,https://www.inmuebles24.com/inmobiliarias/nazarit-bienes-raices_51357399-inmuebles.html,2026-05-26T16:25:05Z,2026-08-25T09:50:24.970818+00:00,https://www.inmuebles24.com/casas-o-casa-en-condominio-o-departamentos-en-venta-en-tlaxcala-provincia-ordenado-por-fechaonline-descendente.html-pagina-3.html
https://www.inmuebles24.com/propiedades/clasificado/veclcain-propiedad-en-venta-tlaxcala-centro-150533641.html,150533641,NHO7376429,sale,Propiedad en Venta - Tlaxcala Centro,"Descubre esta excepcional propiedad en venta ubicada en el corazón de Tlaxcala Centro, ideal para inversionistas que buscan maximizar su retorno. Esta casa ofrece un espacio versátil, adecuado tanto para oficinas como para otros usos comerciales. En la planta alta, encontrarás cinco espacios amplios perfectos para oficinas, acompañados de dos medios baños. La planta baja cuenta con cuatro espacios adicionales para oficinas y tres medios baños, proporcionando flexibilidad y eficiencia para cualquier tipo de negocio. El área de estacionamiento es otro de los atractivos de esta propiedad, con capacidad para 10 autos, incluyendo una cochera techada para dos vehículos. Esto garantiza comodidad y seguridad para empleados y visitantes. Con una superficie total de 390 m² y un frente de 13 metros por una profundidad de 30 metros, la propiedad se encuentra en una ubicación estratégica con acceso a todos los servicios esenciales, como alcantarillado, internet, electricidad, pavimento, teléfono, cable, agua potable, wifi y alumbrado público. Además, cuenta con amenidades adicionales como cuarto de servicio, jardín, rutas de transporte, colegios cercanos, señal móvil y acceso pavimentado, haciendo de esta propiedad una opción integral para cualquier proyecto comercial. En Nazarit Bienes Raíces, te ofrecemos asesoría personalizada y apoyo en todo el proceso de compra, sin costo adicional. No dejes pasar esta oportunidad y contáctanos para más información. Nota: El precio está sujeto a cambios sin previo aviso y no incluye gastos de escrituración ni impuestos.",7500000,"MN 7,500,000",MXN,venta,Casa,Propiedad en Venta - Tlaxcala Centro,Tlaxcala Centro,Tlaxcala,Tlaxcala,19.3185363,-98.2363375,,,325.0,390.0,,0.0,A estrenar,Publicado hace 35 días,,https://img10.naventcdn.com/avisos/18/01/50/53/36/41/1200x1200/1620279112.jpg?isFirstImage=true|https://img10.naventcdn.com/avisos/18/01/50/53/36/41/1200x1200/1620278975.jpg|https://img10.naventcdn.com/avisos/18/01/50/53/36/41/1200x1200/1620278945.jpg|https://img10.naventcdn.com/avisos/18/01/50/53/36/41/1200x1200/1620278944.jpg|https://img10.naventcdn.com/avisos/18/01/50/53/36/41/1200x1200/1620279071.jpg|https://img10.naventcdn.com/avisos/18/01/50/53/36/41/1200x1200/1620279067.jpg|https://img10.naventcdn.com/avisos/18/01/50/53/36/41/1200x1200/1620278986.jpg|https://img10.naventcdn.com/avisos/18/01/50/53/36/41/1200x1200/1620279078.jpg|https://img10.naventcdn.com/avisos/18/01/50/53/36/41/1200x1200/1620278968.jpg|https://img10.naventcdn.com/avisos/18/01/50/53/36/41/1200x1200/1620278961.jpg|https://img10.naventcdn.com/avisos/18/01/50/53/36/41/1200x1200/1620278982.jpg|https://img10.naventcdn.com/avisos/18/01/50/53/36/41/1200x1200/1620278948.jpg|https://img10.naventcdn.com/avisos/18/01/50/53/36/41/1200x1200/1620279117.jpg|https://img10.naventcdn.com/avisos/18/01/50/53/36/41/1200x1200/1620278957.jpg|https://img10.naventcdn.com/avisos/18/01/50/53/36/41/1200x1200/1620279121.jpg|https://img10.naventcdn.com/avisos/18/01/50/53/36/41/1200x1200/1620278969.jpg|https://img10.naventcdn.com/avisos/18/01/50/53/36/41/1200x1200/1620278992.jpg|https://img10.naventcdn.com/avisos/18/01/50/53/36/41/1200x1200/1620278962.jpg|https://img10.naventcdn.com/avisos/18/01/50/53/36/41/1200x1200/1620279087.jpg|https://img10.naventcdn.com/avisos/18/01/50/53/36/41/1200x1200/1620279119.jpg|https://img10.naventcdn.com/avisos/18/01/50/53/36/41/1200x1200/1620278977.jpg|https://img10.naventcdn.com/avisos/18/01/50/53/36/41/1200x1200/1620278967.jpg|https://img10.naventcdn.com/avisos/18/01/50/53/36/41/1200x1200/1620279033.jpg|https://img10.naventcdn.com/avisos/18/01/50/53/36/41/1200x1200/1620279110.jpg|https://img10.naventcdn.com/avisos/18/01/50/53/36/41/1200x1200/1620278952.jpg|https://img10.naventcdn.com/avisos/18/01/50/53/36/41/1200x1200/1620278954.jpg|https://img10.naventcdn.com/avisos/18/01/50/53/36/41/1200x1200/1620278964.jpg|https://img10.naventcdn.com/avisos/18/01/50/53/36/41/1200x1200/1620279038.jpg|https://img10.naventcdn.com/avisos/18/01/50/53/36/41/1200x1200/1620279107.jpg|https://img10.naventcdn.com/avisos/18/01/50/53/36/41/1200x1200/1620278960.jpg|https://img10.naventcdn.com/avisos/18/01/50/53/36/41/1200x1200/1620279114.jpg|https://img10.naventcdn.com/avisos/18/01/50/53/36/41/1200x1200/1620278978.jpg|https://img10.naventcdn.com/avisos/18/01/50/53/36/41/1200x1200/1620279062.jpg|https://img10.naventcdn.com/avisos/18/01/50/53/36/41/1200x1200/1620279108.jpg|https://img10.naventcdn.com/avisos/18/01/50/53/36/41/1200x1200/1620279027.jpg|https://img10.naventcdn.com/avisos/18/01/50/53/36/41/1200x1200/1620278976.jpg|https://img10.naventcdn.com/avisos/18/01/50/53/36/41/1200x1200/1620278951.jpg|https://img10.naventcdn.com/avisos/18/01/50/53/36/41/1200x1200/1620278963.jpg|https://img10.naventcdn.com/avisos/18/01/50/53/36/41/1200x1200/1620279051.jpg|https://img10.naventcdn.com/avisos/18/01/50/53/36/41/1200x1200/1620279085.jpg|https://img10.naventcdn.com/avisos/18/01/50/53/36/41/1200x1200/1620278998.jpg|https://img10.naventcdn.com/avisos/18/01/50/53/36/41/1200x1200/1620279005.jpg|https://img10.naventcdn.com/avisos/18/01/50/53/36/41/1200x1200/1620278965.jpg|https://img10.naventcdn.com/avisos/18/01/50/53/36/41/1200x1200/1620278940.jpg|https://img10.naventcdn.com/avisos/18/01/50/53/36/41/1200x1200/1620278956.jpg|https://img10.naventcdn.com/avisos/18/01/50/53/36/41/1200x1200/1620278966.jpg|https://img10.naventcdn.com/avisos/18/01/50/53/36/41/1200x1200/1620278958.jpg|https://img10.naventcdn.com/avisos/18/01/50/53/36/41/1200x1200/1620279057.jpg|https://img10.naventcdn.com/avisos/18/01/50/53/36/41/1200x1200/1620279044.jpg|https://img10.naventcdn.com/avisos/18/01/50/53/36/41/1200x1200/1620279115.jpg,,52 2461390017,Nazarit Bienes Raíces,51357399,https://www.inmuebles24.com/inmobiliarias/nazarit-bienes-raices_51357399-inmuebles.html,2026-07-15T19:06:12Z,2026-08-25T09:50:24.970818+00:00,https://www.inmuebles24.com/casas-o-casa-en-condominio-o-departamentos-en-venta-en-tlaxcala-provincia-ordenado-por-fechaonline-descendente.html-pagina-3.html
https://www.inmuebles24.com/propiedades/clasificado/veclcain-venta-de-casa-en-ocotlan.-zona-de-centro-deportivo-150638949.html,150638949,65T6I9,sale,Venta de Casa en Ocotlán. Zona de Centro Deportivo Ocotlán,"Venta de casa en Ocotlán, Tlaxcala Zona del deportivo Ocotlán Precio: $1,900,000 Terreno: 137 m2 Construcción: 162 m2 Informes. Ver datos 2 niveles Planta Alta: 3 habitaciones Recámara principal con baño completo y clóset Baño completo compartido para las otras 2 recámaras Planta baja: Cocina equipada Estufa con horno y campana Sala comedor de gran espacio Jardín trasero de 20m2 Medio baño con bodega Cisterna con hidroneumático Boiler de paso Tanque estacionario Cochera techada Jardín delantero Fraccionamiento privado Caseta de vigilancia Áreas verdes Estacionamiento para visitas Acepto crédito bancario y contado",1900000,"MN 1,900,000",MXN,venta,Casa,Ocotlán,Ocotlán,Tlaxcala,Tlaxcala,19.3167248,-98.2233613,3.0,2.0,162.0,137.0,2.0,0.0,A estrenar,Publicado hace 29 días,,https://img10.naventcdn.com/avisos/18/01/50/63/89/49/1200x1200/1622346159.jpg?isFirstImage=true|https://img10.naventcdn.com/avisos/18/01/50/63/89/49/1200x1200/1622346157.jpg|https://img10.naventcdn.com/avisos/18/01/50/63/89/49/1200x1200/1622346164.jpg|https://img10.naventcdn.com/avisos/18/01/50/63/89/49/1200x1200/1622346156.jpg|https://img10.naventcdn.com/avisos/18/01/50/63/89/49/1200x1200/1622346161.jpg|https://img10.naventcdn.com/avisos/18/01/50/63/89/49/1200x1200/1622346158.jpg|https://img10.naventcdn.com/avisos/18/01/50/63/89/49/1200x1200/1622346162.jpg|https://img10.naventcdn.com/avisos/18/01/50/63/89/49/1200x1200/1622346160.jpg,,52 2211712828,Victor Maldonado,103045051,https://www.inmuebles24.com/inmobiliarias/victor-maldonado_103045051-inmuebles.html,2026-07-27T15:46:54Z,2026-08-25T09:51:22.476343+00:00,https://www.inmuebles24.com/casas-o-casa-en-condominio-o-departamentos-en-venta-en-tlaxcala-provincia-ordenado-por-fechaonline-descendente.html-pagina-3.html
https://www.inmuebles24.com/propiedades/clasificado/veclcain-venta-de-casa-la-paz-la-canada-calpulalpan-tlaxcala-150590792.html,150590792,FG,sale,Venta de Casa La Paz La Cañada Calpulalpan Tlaxcala,"\""¡Tu próximo gran paso comienza aquí! Esta propiedad representa la combinación perfecta entre inversión inteligente y estilo de vida. Con una plusvalía garantizada gracias al constante desarrollo y alta demanda de la zona, esta casa asegura el crecimiento de tu patrimonio desde el primer día. Su ubicación estratégica te conecta de inmediato con las principales avenidas y servicios esenciales, facilitando tu día a día y ahorrándote tiempo valioso. Además, vivirás a solo minutos de los mejores centros de entretenimiento, plazas comerciales y restaurantes, ofreciéndote el equilibrio ideal entre la privacidad de tu hogar y la vibrante vida urbana. No es solo comprar una casa, es asegurar un estilo de vida exclusivo y un negocio redondo a futuro.",510000,"MN 510,000",MXN,venta,Casa,La Paz,La Cañada,Calpulalpan,Tlaxcala,19.5945953,-98.5672944,4.0,3.0,346.0,298.0,2.0,,12,Publicado hace 35 días,,https://img10.naventcdn.com/avisos/18/01/50/59/07/92/1200x1200/1621429044.jpg?isFirstImage=true|https://img10.naventcdn.com/avisos/18/01/50/59/07/92/1200x1200/1621429046.jpg|https://img10.naventcdn.com/avisos/18/01/50/59/07/92/1200x1200/1621429041.jpg|https://img10.naventcdn.com/avisos/18/01/50/59/07/92/1200x1200/1621429031.jpg|https://img10.naventcdn.com/avisos/18/01/50/59/07/92/1200x1200/1621429043.jpg|https://img10.naventcdn.com/avisos/18/01/50/59/07/92/1200x1200/1621429042.jpg|https://img10.naventcdn.com/avisos/18/01/50/59/07/92/1200x1200/1621429036.jpg|https://img10.naventcdn.com/avisos/18/01/50/59/07/92/1200x1200/1621429045.jpg|https://img10.naventcdn.com/avisos/18/01/50/59/07/92/1200x1200/1621429032.jpg|https://img10.naventcdn.com/avisos/18/01/50/59/07/92/1200x1200/1621429038.jpg|https://img10.naventcdn.com/avisos/18/01/50/59/07/92/1200x1200/1621429047.jpg|https://img10.naventcdn.com/avisos/18/01/50/59/07/92/1200x1200/1621429029.jpg|https://img10.naventcdn.com/avisos/18/01/50/59/07/92/1200x1200/1621429033.jpg,,52 5533467906,JAMAGOZ CONSTRUCTORA II,103074686,https://www.inmuebles24.com/inmobiliarias/jamagoz-constructora-ii_103074686-inmuebles.html,2026-07-21T21:43:37Z,2026-08-25T09:51:22.476343+00:00,https://www.inmuebles24.com/casas-o-casa-en-condominio-o-departamentos-en-venta-en-tlaxcala-provincia-ordenado-por-fechaonline-descendente.html-pagina-3.html
https://www.inmuebles24.com/propiedades/clasificado/veclcapa-cada-en-venta-150628515.html,150628515,65SP0F,sale,Cada en Venta,"Hermosa casa en venta de 2 niveles que cuenta con cochera para 2 autos, estancia, comedor, cocina, patio de servicio, medio baño, recámara con baño completo, 2 recámaras y un baño completo compartido",1840000,"MN 1,840,000",MXN,venta,Casa,21 de marzo,Pueblo Santa Cruz Tlaxcala,Santa Cruz Tlaxcala,Tlaxcala,19.3539314,-98.1514914,3.0,2.0,150.0,110.0,2.0,,3,Publicado hace 31 días,,https://img10.naventcdn.com/avisos/18/01/50/62/85/15/1200x1200/1622165881.jpg?isFirstImage=true|https://img10.naventcdn.com/avisos/18/01/50/62/85/15/1200x1200/1622165883.jpg|https://img10.naventcdn.com/avisos/18/01/50/62/85/15/1200x1200/1622165882.jpg|https://img10.naventcdn.com/avisos/18/01/50/62/85/15/1200x1200/1622165884.jpg|https://img10.naventcdn.com/avisos/18/01/50/62/85/15/1200x1200/1622165880.jpg,,,David Gonzalez,103115061,https://www.inmuebles24.com/inmobiliarias/david-gonzalez_103115061-inmuebles.html,2026-07-25T15:35:19Z,2026-08-25T09:51:22.476343+00:00,https://www.inmuebles24.com/casas-o-casa-en-condominio-o-departamentos-en-venta-en-tlaxcala-provincia-ordenado-por-fechaonline-descendente.html-pagina-3.html
https://www.inmuebles24.com/propiedades/clasificado/veclcapa-casa-disponible-en-venta-en-ocotes-colonia-san-miguel-150639384.html,150639384,65T72O,sale,"Casa Disponible en Venta en Ocotes, Colonia San Miguel Contla, C. P. 90640",¡Conoce esta hermosa casa! Consta de 2 Niveles y perfecta para hacer un roof garden 4 lugares de estacionamiento 2 baños completos Un jardín interior 3 recamaras una con balcón y acceso privado a baño Cocina con área para desayunador y vista al jardín interior Gran espacio para sala y comedor La casa perfecta para tu familia Muy cerca de la Universidad Se aceptan créditos FOVISSSTE e INFONAVIT Contáctanos al Ver datos,2620000,"MN 2,620,000",MXN,venta,Casa,Ocotes,Pueblo San Miguel Contla,Santa Cruz Tlaxcala,Tlaxcala,19.4006653,-98.1262386,3.0,2.0,194.0,98.0,2.0,,7,Publicado hace 29 días,,https://img10.naventcdn.com/avisos/18/01/50/63/93/84/1200x1200/1622365246.jpg?isFirstImage=true|https://img10.naventcdn.com/avisos/18/01/50/63/93/84/1200x1200/1622365238.jpg|https://img10.naventcdn.com/avisos/18/01/50/63/93/84/1200x1200/1622365231.jpg|https://img10.naventcdn.com/avisos/18/01/50/63/93/84/1200x1200/1622365229.jpg|https://img10.naventcdn.com/avisos/18/01/50/63/93/84/1200x1200/1622365241.jpg|https://img10.naventcdn.com/avisos/18/01/50/63/93/84/1200x1200/1622365237.jpg|https://img10.naventcdn.com/avisos/18/01/50/63/93/84/1200x1200/1622365245.jpg|https://img10.naventcdn.com/avisos/18/01/50/63/93/84/1200x1200/1622365230.jpg|https://img10.naventcdn.com/avisos/18/01/50/63/93/84/1200x1200/1622365234.jpg|https://img10.naventcdn.com/avisos/18/01/50/63/93/84/1200x1200/1622365235.jpg|https://img10.naventcdn.com/avisos/18/01/50/63/93/84/1200x1200/1622365236.jpg|https://img10.naventcdn.com/avisos/18/01/50/63/93/84/1200x1200/1622365244.jpg|https://img10.naventcdn.com/avisos/18/01/50/63/93/84/1200x1200/1622365232.jpg|https://img10.naventcdn.com/avisos/18/01/50/63/93/84/1200x1200/1622365233.jpg|https://img10.naventcdn.com/avisos/18/01/50/63/93/84/1200x1200/1622365243.jpg|https://img10.naventcdn.com/avisos/18/01/50/63/93/84/1200x1200/1622365240.jpg|https://img10.naventcdn.com/avisos/18/01/50/63/93/84/1200x1200/1622365239.jpg,,,Javier,103115659,https://www.inmuebles24.com/inmobiliarias/javier_103115659-inmuebles.html,2026-07-27T16:18:39Z,2026-08-25T09:51:22.476343+00:00,https://www.inmuebles24.com/casas-o-casa-en-condominio-o-departamentos-en-venta-en-tlaxcala-provincia-ordenado-por-fechaonline-descendente.html-pagina-3.html
https://www.inmuebles24.com/propiedades/clasificado/veclcapa-casa-en-preventa-150627642.html,150627642,65SO1C,sale,Casa en Preventa,". Casa de 2 niveles con 100 m² de construcción, 3 recámaras, 2.5 baños, estudio, cocina amplia, cochera para 2 autos y cisterna de 5,000 L. Y roofgarden con calentador solar Ubicada a minutos del centro de Apizaco, cerca de universidades, escuelas y Hospital Regional.",1250000,"MN 1,250,000",MXN,venta,Casa,Niños Heroes ,Pueblo San Andres Ahuashuatepec,Tzompantepec,Tlaxcala,19.39554770690081,-98.11309376268764,3.0,2.0,100.0,100.0,2.0,0.0,A estrenar,Publicado hace 31 días,,https://img10.naventcdn.com/avisos/18/01/50/62/76/42/1200x1200/1622147074.jpg?isFirstImage=true|https://img10.naventcdn.com/avisos/18/01/50/62/76/42/1200x1200/1622147077.jpg|https://img10.naventcdn.com/avisos/18/01/50/62/76/42/1200x1200/1622147075.jpg|https://img10.naventcdn.com/avisos/18/01/50/62/76/42/1200x1200/1622147147.jpg|https://img10.naventcdn.com/avisos/18/01/50/62/76/42/1200x1200/1622147149.jpg|https://img10.naventcdn.com/avisos/18/01/50/62/76/42/1200x1200/1622147153.jpg|https://img10.naventcdn.com/avisos/18/01/50/62/76/42/1200x1200/1622147150.jpg|https://img10.naventcdn.com/avisos/18/01/50/62/76/42/1200x1200/1622147148.jpg|https://img10.naventcdn.com/avisos/18/01/50/62/76/42/1200x1200/1622147152.jpg|https://img10.naventcdn.com/avisos/18/01/50/62/76/42/1200x1200/1622147151.jpg|https://img10.naventcdn.com/avisos/18/01/50/62/76/42/1200x1200/1622147076.jpg|https://img10.naventcdn.com/avisos/18/01/50/62/76/42/1200x1200/1622147078.jpg,,,Natalia Ramírez,103115005,https://www.inmuebles24.com/inmobiliarias/natalia-ramirez_103115005-inmuebles.html,2026-07-25T04:35:15Z,2026-08-25T09:51:22.476343+00:00,https://www.inmuebles24.com/casas-o-casa-en-condominio-o-departamentos-en-venta-en-tlaxcala-provincia-ordenado-por-fechaonline-descendente.html-pagina-3.html
https://www.inmuebles24.com/propiedades/clasificado/veclcapa-casa-en-venta-150597066.html,150597066,65RK26,sale,Casa en Venta,"CASA DE 2 NIVELES QUE CUENTA CON COCHERA PARA 1 AUTO, ESTANCIA, COMEDOR, COCINA, PATIO DE SERVICIO, MEDIO BAÑO, 2 RECAMARAS Y 1 BAÑO COMPLETO.",1000000,"MN 1,000,000",MXN,venta,Casa,Juan Escutia,Fraccionamiento San Carlos,Huamantla,Tlaxcala,19.3213066,-97.9187086,2.0,1.0,75.0,68.0,1.0,0.0,8,Publicado hace 34 días,,https://img10.naventcdn.com/avisos/18/01/50/59/70/66/1200x1200/1621557204.jpg?isFirstImage=true|https://img10.naventcdn.com/avisos/18/01/50/59/70/66/1200x1200/1621557205.jpg|https://img10.naventcdn.com/avisos/18/01/50/59/70/66/1200x1200/1621557208.jpg|https://img10.naventcdn.com/avisos/18/01/50/59/70/66/1200x1200/1621557207.jpg|https://img10.naventcdn.com/avisos/18/01/50/59/70/66/1200x1200/1621557206.jpg,,,Daniela Flores,103113517,https://www.inmuebles24.com/inmobiliarias/daniela-flores_103113517-inmuebles.html,2026-07-22T17:52:30Z,2026-08-25T09:51:22.476343+00:00,https://www.inmuebles24.com/casas-o-casa-en-condominio-o-departamentos-en-venta-en-tlaxcala-provincia-ordenado-por-fechaonline-descendente.html-pagina-3.html
https://www.inmuebles24.com/propiedades/clasificado/veclcapa-casa-en-venta-150653369.html,150653369,65TMIT,sale,Casa en Venta,"CASA DE 1 NIVEL QUE CUENTA CON COCHERA PARA 1 AUTO, ESTANCIA, COMEDOR, COCINA, PATIO DE SERVICIO, 2 RECAMARAS Y 1 BAÑO COMPLETO COMPARTIDO.",850000,"MN 850,000",MXN,venta,Casa,21 de Marzo,Pueblo San Salvador Tzompantepec,Tzompantepec,Tlaxcala,19.38366268539575,-98.09953823605956,1.0,1.0,70.0,90.0,1.0,0.0,3,Publicado hace 28 días,,https://img10.naventcdn.com/avisos/18/01/50/65/33/69/1200x1200/1622691774.jpg?isFirstImage=true|https://img10.naventcdn.com/avisos/18/01/50/65/33/69/1200x1200/1622691771.jpg|https://img10.naventcdn.com/avisos/18/01/50/65/33/69/1200x1200/1622691772.jpg|https://img10.naventcdn.com/avisos/18/01/50/65/33/69/1200x1200/1622691773.jpg|https://img10.naventcdn.com/avisos/18/01/50/65/33/69/1200x1200/1622691770.jpg,,,Gonzalo Hernandez,103116505,https://www.inmuebles24.com/inmobiliarias/gonzalo-hernandez_103116505-inmuebles.html,2026-07-28T19:14:56Z,2026-08-25T09:51:22.476343+00:00,https://www.inmuebles24.com/casas-o-casa-en-condominio-o-departamentos-en-venta-en-tlaxcala-provincia-ordenado-por-fechaonline-descendente.html-pagina-3.html
https://www.inmuebles24.com/propiedades/clasificado/veclcapa-casa-nueva-en-venta-barrio-de-santa-anita-150553282.html,150553282,65Q1CM,sale,"Casa Nueva en Venta – Barrio de Santa Anita, Huamantla, Tlaxcala","Descubre esta excelente vivienda unifamiliar de nueva construcción, ubicada en el tradicional Barrio de Santa Anita, una zona con fácil acceso a escuelas, comercios y servicios de la ciudad de Huamantla. La propiedad se desarrolla en dos niveles sobre un terreno de 139.19 m², ofreciendo espacios funcionales, buena iluminación natural y un diseño pensado para brindar comodidad a toda la familia.",1950000,"MN 1,950,000",MXN,venta,Casa,Calle Santa Fe No. ,Barrio Santa Anita,Huamantla,Tlaxcala,19.3232467,-97.9112839,3.0,2.0,139.0,139.0,1.0,0.0,A estrenar,Publicado hace 32 días,,https://img10.naventcdn.com/avisos/18/01/50/55/32/82/1200x1200/1621960665.jpg?isFirstImage=true|https://img10.naventcdn.com/avisos/18/01/50/55/32/82/1200x1200/1621960643.jpg|https://img10.naventcdn.com/avisos/18/01/50/55/32/82/1200x1200/1621960653.jpg|https://img10.naventcdn.com/avisos/18/01/50/55/32/82/1200x1200/1621960657.jpg|https://img10.naventcdn.com/avisos/18/01/50/55/32/82/1200x1200/1621960647.jpg|https://img10.naventcdn.com/avisos/18/01/50/55/32/82/1200x1200/1621960658.jpg|https://img10.naventcdn.com/avisos/18/01/50/55/32/82/1200x1200/1621960654.jpg|https://img10.naventcdn.com/avisos/18/01/50/55/32/82/1200x1200/1621960652.jpg|https://img10.naventcdn.com/avisos/18/01/50/55/32/82/1200x1200/1621960642.jpg|https://img10.naventcdn.com/avisos/18/01/50/55/32/82/1200x1200/1621960662.jpg|https://img10.naventcdn.com/avisos/18/01/50/55/32/82/1200x1200/1621960660.jpg|https://img10.naventcdn.com/avisos/18/01/50/55/32/82/1200x1200/1621960650.jpg|https://img10.naventcdn.com/avisos/18/01/50/55/32/82/1200x1200/1621960661.jpg|https://img10.naventcdn.com/avisos/18/01/50/55/32/82/1200x1200/1621960645.jpg|https://img10.naventcdn.com/avisos/18/01/50/55/32/82/1200x1200/1621960656.jpg|https://img10.naventcdn.com/avisos/18/01/50/55/32/82/1200x1200/1621960649.jpg|https://img10.naventcdn.com/avisos/18/01/50/55/32/82/1200x1200/1621960663.jpg|https://img10.naventcdn.com/avisos/18/01/50/55/32/82/1200x1200/1621960655.jpg|https://img10.naventcdn.com/avisos/18/01/50/55/32/82/1200x1200/1621960646.jpg|https://img10.naventcdn.com/avisos/18/01/50/55/32/82/1200x1200/1621960664.jpg|https://img10.naventcdn.com/avisos/18/01/50/55/32/82/1200x1200/1621960648.jpg|https://img10.naventcdn.com/avisos/18/01/50/55/32/82/1200x1200/1621960651.jpg|https://img10.naventcdn.com/avisos/18/01/50/55/32/82/1200x1200/1621960644.jpg|https://img10.naventcdn.com/avisos/18/01/50/55/32/82/1200x1200/1621960659.jpg,,52 5635553822,fabiana marcano mast,102597766,https://www.inmuebles24.com/inmobiliarias/fabiana-marcano-mast_102597766-inmuebles.html,2026-07-17T07:01:14Z,2026-08-25T09:51:22.476343+00:00,https://www.inmuebles24.com/casas-o-casa-en-condominio-o-departamentos-en-venta-en-tlaxcala-provincia-ordenado-por-fechaonline-descendente.html-pagina-3.html
https://www.inmuebles24.com/propiedades/clasificado/veclcapa-departamento-en-venta-150611488.html,150611488,65S62S,sale,Departamento en Venta,"DEPARTAMENTO EN PRIMER NIVEL QUE CUENTA CON ESTANCIA, COMEDOR, COCINA, PATIO DE SERVICIO, 3 RECAMARAS Y 1 BAÑO COMPLETO COMPARTIDO. SIN COCHERA PROPIA.",820000,"MN 820,000",MXN,venta,Casa,La Joya,La Trinidad Tepehitec,Tlaxcala,Tlaxcala,19.3088172,-98.2554833,3.0,1.0,60.0,60.0,,,4,Publicado hace 33 días,,https://img10.naventcdn.com/avisos/18/01/50/61/14/88/1200x1200/1621827610.jpg?isFirstImage=true|https://img10.naventcdn.com/avisos/18/01/50/61/14/88/1200x1200/1621827606.jpg|https://img10.naventcdn.com/avisos/18/01/50/61/14/88/1200x1200/1621827609.jpg|https://img10.naventcdn.com/avisos/18/01/50/61/14/88/1200x1200/1621827605.jpg|https://img10.naventcdn.com/avisos/18/01/50/61/14/88/1200x1200/1621827607.jpg,,,HAHN INMUEBLES,103114241,https://www.inmuebles24.com/inmobiliarias/hahn-inmuebles_103114241-inmuebles.html,2026-07-23T20:51:32Z,2026-08-25T09:51:22.476343+00:00,https://www.inmuebles24.com/casas-o-casa-en-condominio-o-departamentos-en-venta-en-tlaxcala-provincia-ordenado-por-fechaonline-descendente.html-pagina-3.html
https://www.inmuebles24.com/propiedades/clasificado/veclccin-casa-en-venta-en-apizaco-tlaxcala-3-recamaras-150626827.html,150626827,65SN47,sale,"Casa en Venta en Apizaco, Tlaxcala | 3 Recámaras, Jardín y 2 Estacionamientos","¡ESPECTACULAR CASA EN VENTA DENTRO DE FRACCIONAMIENTO EN APIZACO, TLAXCALA! Excelente casa de 148.99 m² de construcción sobre 80.66 m² de terreno, distribuida en 2 niveles. Cuenta con 3 recámaras, jardín, estancia familiar y estacionamiento para 2 vehículos. CARACTERÍSTICAS DE LA CASA - 80.66 m² de terreno - 148.99 m² de construcción - 2 niveles - 3 recámaras - 2 baños completos - 1 medio baño - Recámara principal con baño completo - Vestidor - Balcón privado - Estancia familiar - Sala - Comedor - Cocina integral - Jardín - Cisterna de 8,000 litros - Cochera para 2 vehículos - Dentro de fraccionamiento PLANTA BAJA - Cochera para 2 vehículos - Sala - Comedor - Cocina integral - Medio baño - Jardín - Cisterna de 8,000 litros PLANTA ALTA - Recámara principal con baño completo, vestidor y balcón - 2 recámaras secundarias - Baño completo compartido - Estancia familiar UBICACIÓN Apizaco, Tlaxcala ¡Ven a visitarla!",2050000,"MN 2,050,000",MXN,venta,Casa en condominio,Calle Emilio Carranza 1103,San Martin de Porres,Apizaco,Tlaxcala,19.413159,-98.1489046,2.0,2.0,148.0,80.0,2.0,,A estrenar,Publicado hace 31 días,,https://img10.naventcdn.com/avisos/18/01/50/62/68/27/1200x1200/1625252452.jpg?isFirstImage=true|https://img10.naventcdn.com/avisos/18/01/50/62/68/27/1200x1200/1625252453.jpg|https://img10.naventcdn.com/avisos/18/01/50/62/68/27/1200x1200/1625252451.jpg|https://img10.naventcdn.com/avisos/18/01/50/62/68/27/1200x1200/1625252450.jpg|https://img10.naventcdn.com/avisos/18/01/50/62/68/27/1200x1200/1625252449.jpg|https://img10.naventcdn.com/avisos/18/01/50/62/68/27/1200x1200/1622128843.jpg|https://img10.naventcdn.com/avisos/18/01/50/62/68/27/1200x1200/1622128844.jpg|https://img10.naventcdn.com/avisos/18/01/50/62/68/27/1200x1200/1622128849.jpg|https://img10.naventcdn.com/avisos/18/01/50/62/68/27/1200x1200/1622128841.jpg|https://img10.naventcdn.com/avisos/18/01/50/62/68/27/1200x1200/1622128846.jpg|https://img10.naventcdn.com/avisos/18/01/50/62/68/27/1200x1200/1622128842.jpg|https://img10.naventcdn.com/avisos/18/01/50/62/68/27/1200x1200/1622128850.jpg|https://img10.naventcdn.com/avisos/18/01/50/62/68/27/1200x1200/1622128853.jpg|https://img10.naventcdn.com/avisos/18/01/50/62/68/27/1200x1200/1622128845.jpg|https://img10.naventcdn.com/avisos/18/01/50/62/68/27/1200x1200/1622128847.jpg|https://img10.naventcdn.com/avisos/18/01/50/62/68/27/1200x1200/1622128848.jpg|https://img10.naventcdn.com/avisos/18/01/50/62/68/27/1200x1200/1622128851.jpg|https://img10.naventcdn.com/avisos/18/01/50/62/68/27/1200x1200/1622128852.jpg|https://img10.naventcdn.com/avisos/18/01/50/62/68/27/1200x1200/1625252446.jpg|https://img10.naventcdn.com/avisos/18/01/50/62/68/27/1200x1200/1625252447.jpg|https://img10.naventcdn.com/avisos/18/01/50/62/68/27/1200x1200/1625252448.jpg,,52 5564482560,Casalvario Inmobiliaria Tlaxcala,103070647,https://www.inmuebles24.com/inmobiliarias/casalvario-inmobiliaria-tlaxcala_103070647-inmuebles.html,2026-07-25T01:07:52Z,2026-08-25T09:51:22.476343+00:00,https://www.inmuebles24.com/casas-o-casa-en-condominio-o-departamentos-en-venta-en-tlaxcala-provincia-ordenado-por-fechaonline-descendente.html-pagina-3.html
https://www.inmuebles24.com/propiedades/clasificado/veclapin-venta-de-departamento-en-valquirico-150536450.html,150536450,OPD-0105,sale,Venta de Departamento en Valquirico,"VENTA DE DEPARTAMENTO EN VALQUIRICO INVERSION: $4,100,000.00 MANTENIMIENTO $1,500.00 CONSTRUCCION: 69.58 M2 SALA COMEDOR COCINA 2 BAÑOS COMPLETOS COCHERA PARA UN AUTO 2 RECAMARAS AMBAS CON BAÑO COMPLETO EL LOFT SE ENCUENTRA EN EL SEGUNDO NIVEL. SE ENCUENTRA EN PREVENTA LLAMANOS Y AGENDA UNA CITA TELEFONOS: Ver datos / Ver datos .",4100000,"MN 4,100,000",MXN,venta,Apartamento,Val'Quirico,Val'Quirico,Tetlatlahuca,Tlaxcala,19.1898967,-98.2917371,2.0,2.0,69.0,69.0,1.0,1500.0,12,Publicado hace 41 días,,https://img10.naventcdn.com/avisos/18/01/50/53/64/50/1200x1200/1620345820.jpg?isFirstImage=true|https://img10.naventcdn.com/avisos/18/01/50/53/64/50/1200x1200/1620345828.jpg|https://img10.naventcdn.com/avisos/18/01/50/53/64/50/1200x1200/1620345819.jpg|https://img10.naventcdn.com/avisos/18/01/50/53/64/50/1200x1200/1620345821.jpg|https://img10.naventcdn.com/avisos/18/01/50/53/64/50/1200x1200/1620345822.jpg|https://img10.naventcdn.com/avisos/18/01/50/53/64/50/1200x1200/1620345833.jpg|https://img10.naventcdn.com/avisos/18/01/50/53/64/50/1200x1200/1620345825.jpg|https://img10.naventcdn.com/avisos/18/01/50/53/64/50/1200x1200/1620345826.jpg|https://img10.naventcdn.com/avisos/18/01/50/53/64/50/1200x1200/1620345823.jpg|https://img10.naventcdn.com/avisos/18/01/50/53/64/50/1200x1200/1620345829.jpg,,52 2226519778,Camacho Bienes Raíces Puebla,51326139,https://www.inmuebles24.com/inmobiliarias/camacho-bienes-raices-puebla_51326139-inmuebles.html,2026-07-15T22:53:26Z,2026-08-25T09:52:19.875091+00:00,https://www.inmuebles24.com/casas-o-casa-en-condominio-o-departamentos-en-venta-en-tlaxcala-provincia-ordenado-por-fechaonline-descendente.html-pagina-4.html
https://www.inmuebles24.com/propiedades/clasificado/veclcain-casa-en-fatima-150271847.html,150271847,VHO8370342,sale,Casa en Fatima,"Casa nueva en venta – Apizaco, Tlaxcala A media cuadra del Blvd. La Libertad, casa de 2 niveles con excelente ubicación y distribución. Características principales: 3 habitaciones con buena iluminación. 2.5 baños con cancel en los baños. Sala y comedor amplios. Cocina con tarja instalada. Patio de servicio. Cochera al frente. Acabados y equipamiento: Cisterna de 10,000 litros. Pisos de cerámica en toda la casa. Calentador de gas. Cancelería en baños. Plus de ubicación: Zona tranquila, con fácil acceso. A pasos de vialidades principales, comercios y servicios. Los precios de VHO Ver datos pueden variar sin previo aviso, contáctenos para verificar el mismo.",1850000,"MN 1,850,000",MXN,venta,Casa,Venta DE Casa EN Apizaco A Media Cuadra DEL Blvd. LA Libertad,FAtima,Apizaco,Tlaxcala,19.4036472797,-98.1474819048,3.0,2.0,100.0,100.0,2.0,0.0,A estrenar,Publicado hace 55 días,,https://img10.naventcdn.com/avisos/18/01/50/27/18/47/1200x1200/1614638584.jpg?isFirstImage=true|https://img10.naventcdn.com/avisos/18/01/50/27/18/47/1200x1200/1614638581.jpg|https://img10.naventcdn.com/avisos/18/01/50/27/18/47/1200x1200/1614638585.jpg|https://img10.naventcdn.com/avisos/18/01/50/27/18/47/1200x1200/1614638573.jpg|https://img10.naventcdn.com/avisos/18/01/50/27/18/47/1200x1200/1614638572.jpg|https://img10.naventcdn.com/avisos/18/01/50/27/18/47/1200x1200/1614638578.jpg|https://img10.naventcdn.com/avisos/18/01/50/27/18/47/1200x1200/1614638590.jpg|https://img10.naventcdn.com/avisos/18/01/50/27/18/47/1200x1200/1614638582.jpg|https://img10.naventcdn.com/avisos/18/01/50/27/18/47/1200x1200/1614638575.jpg|https://img10.naventcdn.com/avisos/18/01/50/27/18/47/1200x1200/1614638588.jpg|https://img10.naventcdn.com/avisos/18/01/50/27/18/47/1200x1200/1614638576.jpg|https://img10.naventcdn.com/avisos/18/01/50/27/18/47/1200x1200/1614638571.jpg|https://img10.naventcdn.com/avisos/18/01/50/27/18/47/1200x1200/1614638579.jpg|https://img10.naventcdn.com/avisos/18/01/50/27/18/47/1200x1200/1614638586.jpg|https://img10.naventcdn.com/avisos/18/01/50/27/18/47/1200x1200/1614638583.jpg|https://img10.naventcdn.com/avisos/18/01/50/27/18/47/1200x1200/1614638580.jpg|https://img10.naventcdn.com/avisos/18/01/50/27/18/47/1200x1200/1614638589.jpg|https://img10.naventcdn.com/avisos/18/01/50/27/18/47/1200x1200/1614638577.jpg|https://img10.naventcdn.com/avisos/18/01/50/27/18/47/1200x1200/1614638574.jpg|https://img10.naventcdn.com/avisos/18/01/50/27/18/47/1200x1200/1614638587.jpg,,52 2461110456,Ricardo Canul J.,84162,https://www.inmuebles24.com/inmobiliarias/ricardo-canul-j._84162-inmuebles.html,2026-06-20T19:04:08Z,2026-08-25T09:52:19.875091+00:00,https://www.inmuebles24.com/casas-o-casa-en-condominio-o-departamentos-en-venta-en-tlaxcala-provincia-ordenado-por-fechaonline-descendente.html-pagina-4.html
https://www.inmuebles24.com/propiedades/clasificado/veclcain-casa-en-venta-a-5-minutos-centro-tlaxcala-150501230.html,150501230,65O3HK,sale,Casa en Venta a 5 Minutos Centro Tlaxcala,"EXCELENTE UBICACIÓN ACON CERCANIA A LA FACULTAD DE FILOSOFÍA Y LETRAS TLAXCALA. CUENTA CON DOBLE ALTURA. CUENTA CON SALA-COMEDOR , COCINA CON ALACENA, PATIO DE SERVICIO,, CISTERNA 8000 LTS, , 2.5 BAÑOS CONPLETOS, TRES RECAMARAS, LA PRINCIPAL CON BAÑO COMPLETO, ESTACIONAMIENTO DOS AUTOS CON PORTÓN Y TERRAZA.",1999000,"MN 1,999,000",MXN,venta,Casa,Centro,El Mirador,Tlaxcala,Tlaxcala,19.3221917,-98.2309537,3.0,2.0,170.0,135.0,2.0,,A estrenar,Publicado hace 37 días,,https://img10.naventcdn.com/avisos/18/01/50/50/12/30/1200x1200/1619667326.jpg?isFirstImage=true|https://img10.naventcdn.com/avisos/18/01/50/50/12/30/1200x1200/1619667327.jpg|https://img10.naventcdn.com/avisos/18/01/50/50/12/30/1200x1200/1619667323.jpg|https://img10.naventcdn.com/avisos/18/01/50/50/12/30/1200x1200/1619667324.jpg|https://img10.naventcdn.com/avisos/18/01/50/50/12/30/1200x1200/1619667322.jpg|https://img10.naventcdn.com/avisos/18/01/50/50/12/30/1200x1200/1619667328.jpg|https://img10.naventcdn.com/avisos/18/01/50/50/12/30/1200x1200/1619667325.jpg|https://img10.naventcdn.com/avisos/18/01/50/50/12/30/1200x1200/1619667329.jpg,,52 2467576579,OPCIÓN INMOBILIARIA,51070963,https://www.inmuebles24.com/inmobiliarias/opcion-inmobiliaria_51070963-inmuebles.html,2026-07-11T18:59:50Z,2026-08-25T09:52:19.875091+00:00,https://www.inmuebles24.com/casas-o-casa-en-condominio-o-departamentos-en-venta-en-tlaxcala-provincia-ordenado-por-fechaonline-descendente.html-pagina-4.html
https://www.inmuebles24.com/propiedades/clasificado/veclcain-casa-en-venta-en-sn.-miguel-contla-tlaxcala-150491257.html,150491257,NX-301915,sale,Casa en Venta en Sn. Miguel Contla Tlaxcala,"Ref: 3 0 1 9 1 5 ¡Gran oportunidad de adquirir esta hermosa casa en San Miguel Contla, Santa Cruz Tlaxcala! Con una superficie de construcción de 80 m², esta propiedad cuenta con 2 recámaras, 1 baño completo, 1 medio baño, sala, comedor, área de lavandería y piso de cerámica. Ideal para quienes buscan un espacio acogedor y funcional para habitar. Ubicada en una zona de uso de suelo residencial, esta casa ofrece un ambiente tranquilo y seguro para ti y tu familia. San Miguel Contla es una comunidad pintoresca con un ambiente tradicional que te hará sentir en casa. Además, su cercanía con zonas de interés como el Parque Central y la iglesia de San Miguel Arcángel y el mercado local te brinda la comodidad de tener todo lo que necesitas a tu alcance. Además, se encuentra cerca de la Universidad Nacional Autónoma de México: SUAyED Tlaxcala. En cuanto a vías de acceso, la propiedad se encuentra cerca de la carretera federal Tlaxcala-Puebla, lo que facilita la movilidad hacia diferentes puntos de la ciudad. Además, en las inmediaciones encontrarás transporte público que te conectará con diversas zonas de Tlaxcala. No pierdas la oportunidad de vivir en este encantador lugar, ¡contáctanos para más información! El precio y la disponibilidad están sujetos a cambio sin previo aviso, consulte con el asesor a cargo.",1250000,"MN 1,250,000",MXN,venta,Casa,Av. 5 de Mayo 85,Pueblo San Miguel Contla,Santa Cruz Tlaxcala,Tlaxcala,19.3592675002745,-98.1295476411828,2.0,1.0,80.0,96.0,2.0,0.0,A estrenar,Publicado hace 46 días,,https://img10.naventcdn.com/avisos/resize/18/01/50/49/12/57/1200x1200/1619177534.jpg?isFirstImage=true|https://img10.naventcdn.com/avisos/resize/18/01/50/49/12/57/1200x1200/1619177536.jpg|https://img10.naventcdn.com/avisos/resize/18/01/50/49/12/57/1200x1200/1619177537.jpg|https://img10.naventcdn.com/avisos/resize/18/01/50/49/12/57/1200x1200/1619177541.jpg|https://img10.naventcdn.com/avisos/resize/18/01/50/49/12/57/1200x1200/1619177530.jpg|https://img10.naventcdn.com/avisos/resize/18/01/50/49/12/57/1200x1200/1619177533.jpg|https://img10.naventcdn.com/avisos/resize/18/01/50/49/12/57/1200x1200/1619177532.jpg|https://img10.naventcdn.com/avisos/resize/18/01/50/49/12/57/1200x1200/1619177535.jpg|https://img10.naventcdn.com/avisos/resize/18/01/50/49/12/57/1200x1200/1619177539.jpg|https://img10.naventcdn.com/avisos/resize/18/01/50/49/12/57/1200x1200/1619177503.jpg|https://img10.naventcdn.com/avisos/resize/18/01/50/49/12/57/1200x1200/1619177498.jpg|https://img10.naventcdn.com/avisos/resize/18/01/50/49/12/57/1200x1200/1619177526.jpg,,52 5574117755,iad Inmobiliaria,50956067,https://www.inmuebles24.com/inmobiliarias/iad-inmobiliaria_50956067-inmuebles.html,2026-07-10T16:01:09Z,2026-08-25T09:52:19.875091+00:00,https://www.inmuebles24.com/casas-o-casa-en-condominio-o-departamentos-en-venta-en-tlaxcala-provincia-ordenado-por-fechaonline-descendente.html-pagina-4.html
https://www.inmuebles24.com/propiedades/clasificado/veclcain-casa-en-venta-en-tlaxcala-centro-150491276.html,150491276,NX-303204,sale,Casa en Venta en Tlaxcala Centro,"Ref: 3 0 3 2 0 4 Te presentamos esta exclusiva Casa en Venta en San Gabriel, Tlaxcala. Con una construcción de 184 m2, esta propiedad cuenta con 3 amplias recámaras, 2 baños completos, 1 medio baño, área de lavandería, cocina equipada, sala y comedor. El piso de cerámica le proporciona un toque moderno y elegante, mientras que la seguridad privada del residencial brinda tranquilidad y confort a sus habitantes. Residencial Jardines de San Gabriel es un desarrollo con uso de suelo Residencial, ideal para aquellas personas que buscan un ambiente seguro y familiar. En sus alrededores se encuentran diversas zonas de interés, como el Centro Comercial Plaza Tlaxcala, el Parque Nacional La Malinche y el Hospital General de Tlaxcala, que brindan a sus habitantes una amplia oferta de servicios y entretenimiento. Las principales vías de acceso a Residencial Jardines de San Gabriel son la Carretera Federal México-Puebla y la Carretera Tlaxcala-Apizaco, lo que facilita la movilidad y conectividad con otras zonas de la ciudad. Vive en un lugar tranquilo y seguro, rodeado de áreas verdes y con todos los servicios a tu alcance. ¡No pierdas la oportunidad de adquirir esta magnífica propiedad en Tlaxcala, Tlaxcala! El precio y la disponibilidad están sujetos a cambio sin previo aviso, consulte con el asesor a cargo.",2550000,"MN 2,550,000",MXN,venta,Casa,Beatriz Paredes Rangel 630,Unidad habitacional Residencial Jardines de San Gabriel,Tlaxcala,Tlaxcala,19.29839682273806,-98.23580961286896,3.0,2.0,184.0,98.0,2.0,0.0,A estrenar,Publicado hace 46 días,,https://img10.naventcdn.com/avisos/resize/18/01/50/49/12/76/1200x1200/1619177746.jpg?isFirstImage=true|https://img10.naventcdn.com/avisos/resize/18/01/50/49/12/76/1200x1200/1619177747.jpg|https://img10.naventcdn.com/avisos/resize/18/01/50/49/12/76/1200x1200/1619177725.jpg|https://img10.naventcdn.com/avisos/resize/18/01/50/49/12/76/1200x1200/1619177723.jpg|https://img10.naventcdn.com/avisos/resize/18/01/50/49/12/76/1200x1200/1619177728.jpg|https://img10.naventcdn.com/avisos/resize/18/01/50/49/12/76/1200x1200/1619177719.jpg|https://img10.naventcdn.com/avisos/resize/18/01/50/49/12/76/1200x1200/1619177735.jpg|https://img10.naventcdn.com/avisos/resize/18/01/50/49/12/76/1200x1200/1619177745.jpg|https://img10.naventcdn.com/avisos/resize/18/01/50/49/12/76/1200x1200/1619177742.jpg|https://img10.naventcdn.com/avisos/resize/18/01/50/49/12/76/1200x1200/1619177739.jpg|https://img10.naventcdn.com/avisos/resize/18/01/50/49/12/76/1200x1200/1619177722.jpg|https://img10.naventcdn.com/avisos/resize/18/01/50/49/12/76/1200x1200/1619177737.jpg|https://img10.naventcdn.com/avisos/resize/18/01/50/49/12/76/1200x1200/1619177724.jpg|https://img10.naventcdn.com/avisos/resize/18/01/50/49/12/76/1200x1200/1619177744.jpg|https://img10.naventcdn.com/avisos/resize/18/01/50/49/12/76/1200x1200/1619177721.jpg|https://img10.naventcdn.com/avisos/resize/18/01/50/49/12/76/1200x1200/1619177736.jpg,,52 5574117755,iad Inmobiliaria,50956067,https://www.inmuebles24.com/inmobiliarias/iad-inmobiliaria_50956067-inmuebles.html,2026-07-10T16:02:25Z,2026-08-25T09:52:19.875091+00:00,https://www.inmuebles24.com/casas-o-casa-en-condominio-o-departamentos-en-venta-en-tlaxcala-provincia-ordenado-por-fechaonline-descendente.html-pagina-4.html
https://www.inmuebles24.com/propiedades/clasificado/veclcain-casa-en-venta-en-tlaxcala-san-gabriel-150504408.html,150504408,NX-303210,sale,Casa en Venta en Tlaxcala San Gabriel,"Ref: 3 0 3 2 1 0 Elegante y acogedora casa en venta en San Gabriel Cuauhtla, Tlaxcala. Con una construcción de 162 m2, esta propiedad cuenta con 3 recámaras amplias, 2 baños completos, un medio baño, área de lavandería, closets en todas las recámaras, extractor de olores, sala y comedor espaciosos, piso de cerámica y seguridad privada. Ideal para aquellos que buscan confort y tranquilidad en un entorno residencial. Ubicada en una zona de gran demanda en Tlaxcala, esta casa cuenta con un uso de suelo residencial que garantiza un ambiente pacífico y familiar. San Gabriel Cuauhtla ofrece la combinación perfecta entre la comodidad de la vida suburbana y la cercanía a todos los servicios necesarios. Entre las zonas de interés cercanas, se destaca el Centro Comercial Plaza San Gabriel, ideal para realizar compras y disfrutar de diversos restaurantes y servicios. Además, el Parque Nacional La Malinche se encuentra a pocos minutos de la propiedad, ofreciendo un espacio natural perfecto para actividades al aire libre. Por último, la Escuela Primaria Emiliano Zapata brinda la posibilidad de tener una educación de calidad a escasos pasos de tu nuevo hogar. Con fácil acceso a través de la Carretera Federal Tlaxcala-Puebla, esta propiedad se encuentra en una ubicación estratégica que permite desplazarse rápidamente a otras zonas importantes de la ciudad. La seguridad y la tranquilidad de San Gabriel Cuauhtla, combinadas con las comodidades de esta casa, hacen de esta propiedad una oportunidad única en el mercado inmobiliario de Tlaxcala. ¡No dejes pasar esta oportunidad de adquirir tu próximo hogar! El precio y la disponibilidad están sujetos a cambio sin previo aviso. Consulte al asesor a cargo.",2350000,"MN 2,350,000",MXN,venta,Casa,Beatriz Paredes 623,San Gabriel Cuauhtla,Tlaxcala,Tlaxcala,19.30210162632263,-98.2387290062652,3.0,2.0,162.0,103.0,2.0,0.0,A estrenar,Publicado hace 44 días,,https://img10.naventcdn.com/avisos/18/01/50/50/44/08/1200x1200/1619733281.jpg?isFirstImage=true|https://img10.naventcdn.com/avisos/resize/18/01/50/50/44/08/1200x1200/1619733313.jpg|https://img10.naventcdn.com/avisos/resize/18/01/50/50/44/08/1200x1200/1619733300.jpg|https://img10.naventcdn.com/avisos/resize/18/01/50/50/44/08/1200x1200/1619733305.jpg|https://img10.naventcdn.com/avisos/resize/18/01/50/50/44/08/1200x1200/1619733307.jpg|https://img10.naventcdn.com/avisos/resize/18/01/50/50/44/08/1200x1200/1619733316.jpg|https://img10.naventcdn.com/avisos/resize/18/01/50/50/44/08/1200x1200/1619733311.jpg|https://img10.naventcdn.com/avisos/resize/18/01/50/50/44/08/1200x1200/1619733304.jpg|https://img10.naventcdn.com/avisos/resize/18/01/50/50/44/08/1200x1200/1619733282.jpg|https://img10.naventcdn.com/avisos/resize/18/01/50/50/44/08/1200x1200/1619733209.jpg|https://img10.naventcdn.com/avisos/resize/18/01/50/50/44/08/1200x1200/1619733283.jpg|https://img10.naventcdn.com/avisos/resize/18/01/50/50/44/08/1200x1200/1619733301.jpg|https://img10.naventcdn.com/avisos/resize/18/01/50/50/44/08/1200x1200/1619733258.jpg|https://img10.naventcdn.com/avisos/resize/18/01/50/50/44/08/1200x1200/1619733211.jpg|https://img10.naventcdn.com/avisos/resize/18/01/50/50/44/08/1200x1200/1619733302.jpg|https://img10.naventcdn.com/avisos/resize/18/01/50/50/44/08/1200x1200/1619733234.jpg|https://img10.naventcdn.com/avisos/resize/18/01/50/50/44/08/1200x1200/1619733280.jpg|https://img10.naventcdn.com/avisos/resize/18/01/50/50/44/08/1200x1200/1619733210.jpg|https://img10.naventcdn.com/avisos/resize/18/01/50/50/44/08/1200x1200/1619733309.jpg|https://img10.naventcdn.com/avisos/resize/18/01/50/50/44/08/1200x1200/1619733303.jpg|https://img10.naventcdn.com/avisos/resize/18/01/50/50/44/08/1200x1200/1619733306.jpg,,52 5574117755,iad Inmobiliaria,50956067,https://www.inmuebles24.com/inmobiliarias/iad-inmobiliaria_50956067-inmuebles.html,2026-07-12T20:15:09Z,2026-08-25T09:52:19.875091+00:00,https://www.inmuebles24.com/casas-o-casa-en-condominio-o-departamentos-en-venta-en-tlaxcala-provincia-ordenado-por-fechaonline-descendente.html-pagina-4.html
https://www.inmuebles24.com/propiedades/clasificado/veclcain-casa-en-venta-o-renta-en-barrio-del-alto-tlaxcala-3-150539462.html,150539462,65PG22,sale,"Casa en Venta o Renta en Barrio del Alto, Tlaxcala | 3 Recámaras y Roof Garden","¡ESPECTACULAR CASA EN VENTA O RENTA CON ROOF GARDEN, JARDÍN Y ESTUDIO EN TLAXCALA! VENTA: $3,100,000 MXN RENTA: $12,500 MXN MENSUALES ¡3 RECÁMARAS, ESTUDIO CON BALCÓN, JARDÍN Y ROOF GARDEN PRIVADO! Espectacular casa ubicada en C. Cam. Real No. 12, Barrio del Alto, Tlaxcala de Xicohténcatl, Tlaxcala. Con 168 m² de construcción sobre un terreno de 160 m², esta propiedad ofrece una excelente distribución para disfrutar cómodamente tanto las áreas sociales como los espacios privados. Cuenta con 3 recámaras, estudio con balcón, estancia familiar, jardín, cocina integral y un Roof Garden privado equipado con asador y tarja. Además, se encuentra dentro de una privada con portón de acceso y cuenta con estacionamiento para 2 automóviles. CARACTERÍSTICAS GENERALES - 160 m² de terreno - 168 m² de construcción - Terreno de 8 metros de frente x 20 metros de fondo - 3 recámaras - 2 baños completos - 1 medio baño - Recámara principal con vestidor y baño completo - Estudio con balcón - Estancia familiar - Cocina integral - Jardín privado - Roof Garden privado - Asador - Tarja - Cisterna de 10,000 litros - Cochera para 2 automóviles - Privada con portón de acceso - Excelente iluminación natural PLANTA BAJA - Cochera para 2 automóviles - Amplia estancia para sala y comedor - Cocina integral - Medio baño para visitas - Jardín privado ¡JARDÍN PARA DISFRUTAR EN FAMILIA! El jardín complementa el área social de la casa y proporciona un agradable espacio exterior para disfrutar en el día a día. PLANTA ALTA - Recámara principal con vestidor - Baño completo en recámara principal - 2 recámaras secundarias - Baño completo adicional - Estudio con balcón - Estancia familiar ¡ESTUDIO CON BALCÓN + ESTANCIA FAMILIAR! La distribución ofrece espacios adicionales muy útiles para home office, sala de televisión, área de tareas o estudio, sin necesidad de sacrificar ninguna de las 3 recámaras. ROOF GARDEN PRIVADO ¡UNO DE LOS GRANDES ATRACTIVOS DE ESTA CASA! - Roof Garden privado - Asador - Tarja - Área para reuniones y convivencia - Espacio para disfrutar al aire libre Un área adicional que permite crear un agradable ambiente para reuniones, comidas familiares o momentos de descanso. SEGURIDAD Y ACCESO - Privada con portón de acceso - Mayor privacidad - Ambiente residencial UBICACIÓN C. Cam. Real No. 12 Barrio del Alto C.P. Ver datos Tlaxcala de Xicohténcatl, Tlaxcala Con fácil conexión hacia diferentes puntos de la ciudad y cercanía con: - Periférico - Galerías Tlaxcala - Centro de Tlaxcala - Escuelas - Supermercados - Comercios - Hospitales - Transporte público - Principales vialidades LO QUE HACE ESPECTACULAR ESTA CASA La combinación de 3 recámaras, estudio con balcón, estancia familiar, jardín y Roof Garden privado permite contar con diferentes ambientes para trabajar, descansar y convivir en familia. Además ofrece: - Recámara principal con vestidor y baño - Roof Garden con asador y tarja - Jardín privado - Cocina integral - Cisterna de 10,000 litros - 2 estacionamientos - Privada con portón de acceso - 168 m² de construcción - 160 m² de terreno PRECIOS VENTA: $3,100,000 MXN RENTA: $12,500 MXN MENSUALES ¡Ya sea para comprar como patrimonio o rentar como tu próximo hogar, esta propiedad ofrece amplitud, espacios exteriores y una excelente distribución! ¡Agenda tu visita y ven a conocerla! CASALVARIO INMOBILIARIA El precio y disponibilidad del inmueble pueden cambiar sin previo aviso. En operaciones de compraventa, los gastos notariales, impuestos, derechos y demás gastos derivados de la operación no se encuentran incluidos en el precio publicado, salvo que expresamente se indique lo contrario.",3100000,"MN 3,100,000",MXN,venta,Casa,Calle Camino Real 12,Barrio El Alto,Tlaxcala,Tlaxcala,19.2915142,-98.2580485,3.0,2.0,168.0,160.0,2.0,,5,Publicado hace 40 días,,https://img10.naventcdn.com/avisos/18/01/50/53/94/62/1200x1200/1624773808.jpg?isFirstImage=true|https://img10.naventcdn.com/avisos/18/01/50/53/94/62/1200x1200/1620401960.jpg|https://img10.naventcdn.com/avisos/18/01/50/53/94/62/1200x1200/1620401962.jpg|https://img10.naventcdn.com/avisos/18/01/50/53/94/62/1200x1200/1620401955.jpg|https://img10.naventcdn.com/avisos/18/01/50/53/94/62/1200x1200/1620401949.jpg|https://img10.naventcdn.com/avisos/18/01/50/53/94/62/1200x1200/1620401947.jpg|https://img10.naventcdn.com/avisos/18/01/50/53/94/62/1200x1200/1620401954.jpg|https://img10.naventcdn.com/avisos/18/01/50/53/94/62/1200x1200/1620401959.jpg|https://img10.naventcdn.com/avisos/18/01/50/53/94/62/1200x1200/1620401948.jpg|https://img10.naventcdn.com/avisos/18/01/50/53/94/62/1200x1200/1620401963.jpg|https://img10.naventcdn.com/avisos/18/01/50/53/94/62/1200x1200/1620401953.jpg|https://img10.naventcdn.com/avisos/18/01/50/53/94/62/1200x1200/1620401952.jpg|https://img10.naventcdn.com/avisos/18/01/50/53/94/62/1200x1200/1620401950.jpg|https://img10.naventcdn.com/avisos/18/01/50/53/94/62/1200x1200/1620401961.jpg|https://img10.naventcdn.com/avisos/18/01/50/53/94/62/1200x1200/1620401957.jpg|https://img10.naventcdn.com/avisos/18/01/50/53/94/62/1200x1200/1620401958.jpg|https://img10.naventcdn.com/avisos/18/01/50/53/94/62/1200x1200/1620401956.jpg|https://img10.naventcdn.com/avisos/18/01/50/53/94/62/1200x1200/1620401951.jpg,,52 5564482560,Casalvario Inmobiliaria Tlaxcala,103070647,https://www.inmuebles24.com/inmobiliarias/casalvario-inmobiliaria-tlaxcala_103070647-inmuebles.html,2026-07-16T01:18:39Z,2026-08-25T09:52:19.875091+00:00,https://www.inmuebles24.com/casas-o-casa-en-condominio-o-departamentos-en-venta-en-tlaxcala-provincia-ordenado-por-fechaonline-descendente.html-pagina-4.html
https://www.inmuebles24.com/propiedades/clasificado/veclcain-casa-en-venta-pueblo-san-matias-tepetomatitlan-150383347.html,150383347,NHO8422361,sale,Casa en Venta - Pueblo San Matías Tepetomatitlan,"Casa en venta en San Matías Tepetomatitlán, Tlaxcala. Esta acogedora propiedad, ubicada en el pintoresco Pueblo San Matías Tepetomatitlán, es ideal para aquellos que buscan un hogar moderno y funcional en un entorno tranquilo. Con una superficie total de 131.87 m2, la casa cuenta con 2 plantas, ofreciendo un diseño eficiente y bien distribuido. Al ingresar, encontrará una sala de estar amplia que se integra perfectamente con el comedor, creando un espacio ideal para compartir con la familia. La cocina está equipada y lista para ser personalizada a su gusto. Además, la propiedad cuenta con una mini bodega, perfecta para almacenamiento adicional. Dispone de 2 recámaras y 2 baños completos, ofreciendo comodidad y privacidad. Para su conveniencia, la casa tiene 2 espacios de estacionamiento descubiertos. La propiedad cuenta con servicios esenciales como electricidad, cable, agua potable y alumbrado público, además de un patio de servicio ideal para tareas domésticas. Construida hace apenas 3 años, esta casa es apta para crédito y cuenta con acceso pavimentado, facilitando el ingreso y salida del lugar. Además, es apta para mascotas, lo que la hace perfecta para familias con animales de compañía. Viva en un entorno sereno mientras disfruta de la cercanía a servicios y comodidades en San Matías Tepetomatitlán, Tlaxcala. Esta propiedad es la oportunidad perfecta para quienes buscan calidad de vida y confort en un mismo lugar. *Se aceptan todos los créditos a excepción de Infonavit tradicional *Precio sujeto a cambios sin previo aviso. *Los gastos de escrituración, impuestos, etc; No están incluidos en el precio. En Nazarit Bienes Raíces te ofrecemos las mejores opciones que se adecuen a tus necesidades, te apoyamos en todo el tramite y asesoría sin costo extra. ¡Contáctanos!",1850000,"MN 1,850,000",MXN,venta,Casa,"Casa en Venta - San Matías Tepetomatitlan, Tlaxcala",Pueblo San Matías Tepetomatitlan,ApetatitlAn de Antonio Carvajal,Tlaxcala,19.3524999,-98.1922222,2.0,2.0,110.0,131.0,,0.0,3,Publicado hace 35 días,,https://img10.naventcdn.com/avisos/18/01/50/38/33/47/1200x1200/1617014759.jpg?isFirstImage=true|https://img10.naventcdn.com/avisos/18/01/50/38/33/47/1200x1200/1617014741.jpg|https://img10.naventcdn.com/avisos/18/01/50/38/33/47/1200x1200/1617014754.jpg|https://img10.naventcdn.com/avisos/18/01/50/38/33/47/1200x1200/1617014748.jpg|https://img10.naventcdn.com/avisos/18/01/50/38/33/47/1200x1200/1617014766.jpg|https://img10.naventcdn.com/avisos/18/01/50/38/33/47/1200x1200/1617014775.jpg|https://img10.naventcdn.com/avisos/18/01/50/38/33/47/1200x1200/1617014778.jpg|https://img10.naventcdn.com/avisos/18/01/50/38/33/47/1200x1200/1617014770.jpg|https://img10.naventcdn.com/avisos/18/01/50/38/33/47/1200x1200/1617014779.jpg|https://img10.naventcdn.com/avisos/18/01/50/38/33/47/1200x1200/1617014765.jpg|https://img10.naventcdn.com/avisos/18/01/50/38/33/47/1200x1200/1617014772.jpg|https://img10.naventcdn.com/avisos/18/01/50/38/33/47/1200x1200/1617014760.jpg|https://img10.naventcdn.com/avisos/18/01/50/38/33/47/1200x1200/1617014752.jpg|https://img10.naventcdn.com/avisos/18/01/50/38/33/47/1200x1200/1617014762.jpg|https://img10.naventcdn.com/avisos/18/01/50/38/33/47/1200x1200/1617014761.jpg|https://img10.naventcdn.com/avisos/18/01/50/38/33/47/1200x1200/1617014756.jpg|https://img10.naventcdn.com/avisos/18/01/50/38/33/47/1200x1200/1617014769.jpg|https://img10.naventcdn.com/avisos/18/01/50/38/33/47/1200x1200/1617014757.jpg|https://img10.naventcdn.com/avisos/18/01/50/38/33/47/1200x1200/1617014768.jpg|https://img10.naventcdn.com/avisos/18/01/50/38/33/47/1200x1200/1617014773.jpg|https://img10.naventcdn.com/avisos/18/01/50/38/33/47/1200x1200/1617014753.jpg|https://img10.naventcdn.com/avisos/18/01/50/38/33/47/1200x1200/1617014758.jpg|https://img10.naventcdn.com/avisos/18/01/50/38/33/47/1200x1200/1617014771.jpg|https://img10.naventcdn.com/avisos/18/01/50/38/33/47/1200x1200/1617014777.jpg|https://img10.naventcdn.com/avisos/18/01/50/38/33/47/1200x1200/1617014767.jpg|https://img10.naventcdn.com/avisos/18/01/50/38/33/47/1200x1200/1617014755.jpg,,52 2461390017,Nazarit Bienes Raíces,51357399,https://www.inmuebles24.com/inmobiliarias/nazarit-bienes-raices_51357399-inmuebles.html,2026-06-30T15:32:29Z,2026-08-25T09:52:19.875091+00:00,https://www.inmuebles24.com/casas-o-casa-en-condominio-o-departamentos-en-venta-en-tlaxcala-provincia-ordenado-por-fechaonline-descendente.html-pagina-4.html
https://www.inmuebles24.com/propiedades/clasificado/veclcain-hermosa-casa-a-05-min.-de-tlaxcala-capital-150579758.html,150579758,65R0P8,sale,Hermosa Casa a 05 Min. de Tlaxcala Capital (Tepehitec).,"¡Preventa! Hermosa y amplia casa, ubicada a solo 03 min. de la Central de Autobuses de Tlaxcala capital y 05 min. del Centro en La Trinidad Tepehitec. Exclusivo fraccionamiento de 05 casas solamente. Portón automático. Muy seguro y con una excelente variedad de vías de comunicación. Lista para entregar en Septiembre. Superficie de terreno: 164 m2 (7 m frente X 23.5 m fondo) Superficie construida: 123 m2 Distribución: Planta baja; Cochera amplia para 02 autos, cisterna de Ver datos l. Sala con balcón, comedor, cocina, área de lavado techada, medio baño. Planta alta; 03 Habitaciones principal con balcón, vestidor y baño completo. Baño completo para habitaciones secundarias. Tramitamos y aceptamos todos los créditos. Pago de contado. Trato directo. Apártala con $10,000 créditos autorizados. Agenda tu cita a los teléfonos: Ver datos Ver datos Ver datos",2100000,"MN 2,100,000",MXN,venta,Casa,Unión del Ocotal,La Trinidad Tepehitec,Tlaxcala,Tlaxcala,19.312622,-98.2509288,3.0,2.0,123.0,164.0,2.0,,A estrenar,Publicado hace 36 días,,https://img10.naventcdn.com/avisos/18/01/50/57/97/58/1200x1200/1621211897.jpg?isFirstImage=true|https://img10.naventcdn.com/avisos/18/01/50/57/97/58/1200x1200/1621211896.jpg|https://img10.naventcdn.com/avisos/18/01/50/57/97/58/1200x1200/1621211895.jpg|https://img10.naventcdn.com/avisos/18/01/50/57/97/58/1200x1200/1621211902.jpg|https://img10.naventcdn.com/avisos/18/01/50/57/97/58/1200x1200/1621211900.jpg|https://img10.naventcdn.com/avisos/18/01/50/57/97/58/1200x1200/1621211899.jpg|https://img10.naventcdn.com/avisos/18/01/50/57/97/58/1200x1200/1621211892.jpg|https://img10.naventcdn.com/avisos/18/01/50/57/97/58/1200x1200/1621211901.jpg|https://img10.naventcdn.com/avisos/18/01/50/57/97/58/1200x1200/1621211893.jpg|https://img10.naventcdn.com/avisos/18/01/50/57/97/58/1200x1200/1621211903.jpg|https://img10.naventcdn.com/avisos/18/01/50/57/97/58/1200x1200/1621211894.jpg|https://img10.naventcdn.com/avisos/18/01/50/57/97/58/1200x1200/1621211898.jpg,22128.0,52 2461266157,ULISES,51367647,https://www.inmuebles24.com/inmobiliarias/ulises_51367647-inmuebles.html,2026-07-21T01:16:14Z,2026-08-25T09:52:19.875091+00:00,https://www.inmuebles24.com/casas-o-casa-en-condominio-o-departamentos-en-venta-en-tlaxcala-provincia-ordenado-por-fechaonline-descendente.html-pagina-4.html
https://www.inmuebles24.com/propiedades/clasificado/veclcapa-casa-centrica-en-tlaxcala-150510237.html,150510237,65ODHR,sale,Casa Céntrica en Tlaxcala,Casa de 190 mt con 90 de construcción 2 recámaras 1 baño completo tinaco cisterna patio atrás y adelante para 2 carros. Cocina amplia en barra de azulejos. Cerca del centro de Tlaxcala.,1500000,"MN 1,500,000",MXN,venta,Casa,Segunda Priv. de Juárez,San Gabriel Cuauhtla,Tlaxcala,Tlaxcala,19.310694,-98.2338978,2.0,1.0,90.0,190.0,2.0,0.0,20,Publicado hace 43 días,,https://img10.naventcdn.com/avisos/18/01/50/51/02/37/1200x1200/1619849134.jpg?isFirstImage=true|https://img10.naventcdn.com/avisos/18/01/50/51/02/37/1200x1200/1619849144.jpg|https://img10.naventcdn.com/avisos/18/01/50/51/02/37/1200x1200/1619849133.jpg|https://img10.naventcdn.com/avisos/18/01/50/51/02/37/1200x1200/1619849135.jpg|https://img10.naventcdn.com/avisos/18/01/50/51/02/37/1200x1200/1619849142.jpg|https://img10.naventcdn.com/avisos/18/01/50/51/02/37/1200x1200/1619849136.jpg|https://img10.naventcdn.com/avisos/18/01/50/51/02/37/1200x1200/1619849139.jpg|https://img10.naventcdn.com/avisos/18/01/50/51/02/37/1200x1200/1619849141.jpg|https://img10.naventcdn.com/avisos/18/01/50/51/02/37/1200x1200/1619849143.jpg|https://img10.naventcdn.com/avisos/18/01/50/51/02/37/1200x1200/1619849138.jpg|https://img10.naventcdn.com/avisos/18/01/50/51/02/37/1200x1200/1619849140.jpg|https://img10.naventcdn.com/avisos/18/01/50/51/02/37/1200x1200/1619849137.jpg,,,Carlos Mauricio Villegas Pozas,103108983,https://www.inmuebles24.com/inmobiliarias/carlos-mauricio-villegas-pozas_103108983-inmuebles.html,2026-07-13T19:00:59Z,2026-08-25T09:52:19.875091+00:00,https://www.inmuebles24.com/casas-o-casa-en-condominio-o-departamentos-en-venta-en-tlaxcala-provincia-ordenado-por-fechaonline-descendente.html-pagina-4.html
https://www.inmuebles24.com/propiedades/clasificado/veclcapa-casa-de-1-nivel-150555141.html,150555141,65Q3EL,sale,Casa de 1 Nivel,"CASA DE 1 NIVEL QUE CUENTA CON COCHERA PARA 1 AUTO, ESTANCIA, COMEDOR, COCINA, PATIO DE SERVICIO, 2 RECAMARAS Y 1 BAÑO COMPLETO COMPARTIDO.",800000,"MN 800,000",MXN,venta,Casa,Hidalgo,Pueblo San Pedro Tlacotepec,Xaloztoc,Tlaxcala,19.3935651,-98.0437909,2.0,1.0,74.0,90.0,1.0,0.0,20,Publicado hace 39 días,,https://img10.naventcdn.com/avisos/18/01/50/55/51/41/1200x1200/1620729148.jpg?isFirstImage=true|https://img10.naventcdn.com/avisos/18/01/50/55/51/41/1200x1200/1620729146.jpg|https://img10.naventcdn.com/avisos/18/01/50/55/51/41/1200x1200/1620729149.jpg|https://img10.naventcdn.com/avisos/18/01/50/55/51/41/1200x1200/1620729150.jpg|https://img10.naventcdn.com/avisos/18/01/50/55/51/41/1200x1200/1620729147.jpg,,,Roberto Hernandez,103111193,https://www.inmuebles24.com/inmobiliarias/roberto-hernandez_103111193-inmuebles.html,2026-07-17T17:01:05Z,2026-08-25T09:53:20.931725+00:00,https://www.inmuebles24.com/casas-o-casa-en-condominio-o-departamentos-en-venta-en-tlaxcala-provincia-ordenado-por-fechaonline-descendente.html-pagina-4.html
https://www.inmuebles24.com/propiedades/clasificado/veclcapa-casa-de-2-niveles-en-venta-150537699.html,150537699,65PE39,sale,Casa de 2 Niveles en Venta,"CASA DE 2 NIVELES QUE CUENTA CON COCHERA PARA 2 AUTOS, ESTANCIA, COMEDOR, COCINA, PATIO DE SERVICIO, MEDIO BAÑO, RECAMARA PRINCIPAL CON BAÑO COMPLETO, 2 RECAMARAS ADICIONALES Y 1 BAÑO COMPLETO.",1150000,"MN 1,150,000",MXN,venta,Casa,Pinos,Barrio 4 Caminos,Zacatelco,Tlaxcala,19.1984792,-98.2486449,3.0,2.0,92.0,82.0,2.0,,A estrenar,Publicado hace 41 días,,https://img10.naventcdn.com/avisos/18/01/50/53/76/99/1200x1200/1620359283.jpg?isFirstImage=true|https://img10.naventcdn.com/avisos/18/01/50/53/76/99/1200x1200/1620359280.jpg|https://img10.naventcdn.com/avisos/18/01/50/53/76/99/1200x1200/1620359279.jpg|https://img10.naventcdn.com/avisos/18/01/50/53/76/99/1200x1200/1620359281.jpg|https://img10.naventcdn.com/avisos/18/01/50/53/76/99/1200x1200/1620359282.jpg,,,DULCE RODRIGUEZ,103110361,https://www.inmuebles24.com/inmobiliarias/dulce-rodriguez_103110361-inmuebles.html,2026-07-15T23:27:13Z,2026-08-25T09:53:20.931725+00:00,https://www.inmuebles24.com/casas-o-casa-en-condominio-o-departamentos-en-venta-en-tlaxcala-provincia-ordenado-por-fechaonline-descendente.html-pagina-4.html
https://www.inmuebles24.com/propiedades/clasificado/veclcapa-casa-en-fraccionamiento-150398084.html,150398084,65K8TE,sale,Casa en Fraccionamiento,"Venta de casa en fraccionamiento, que cuenta con cochera para 1 auto, estancia-comedor, cocina, patio de servicios, 2 recamaras y 1 baño completo.",650000,"MN 650,000",MXN,venta,Casa,Emiliano Zapata,Jardines de Xaltocan,Xaltocan,Tlaxcala,19.422387325831,-98.210351702594,2.0,1.0,58.0,92.0,1.0,0.0,6,Publicado hace 55 días,,https://img10.naventcdn.com/avisos/18/01/50/39/80/84/1200x1200/1617290402.jpg?isFirstImage=true|https://img10.naventcdn.com/avisos/18/01/50/39/80/84/1200x1200/1617290398.jpg|https://img10.naventcdn.com/avisos/18/01/50/39/80/84/1200x1200/1617290400.jpg|https://img10.naventcdn.com/avisos/18/01/50/39/80/84/1200x1200/1617290401.jpg|https://img10.naventcdn.com/avisos/18/01/50/39/80/84/1200x1200/1617290399.jpg,,,Axel Martinez,103102417,https://www.inmuebles24.com/inmobiliarias/axel-martinez_103102417-inmuebles.html,2026-07-01T22:20:44Z,2026-08-25T09:53:20.931725+00:00,https://www.inmuebles24.com/casas-o-casa-en-condominio-o-departamentos-en-venta-en-tlaxcala-provincia-ordenado-por-fechaonline-descendente.html-pagina-4.html
https://www.inmuebles24.com/propiedades/clasificado/veclcapa-casa-en-fraccionamiento-150500553.html,150500553,65O2P3,sale,Casa en Fraccionamiento,"Casa en fraccionamiento en 2 niveles que cuenta cochera para 1 auto, estancia, comedor, cocina, patio de servicio, 2 recamaras y 1 baño completo de uso compartido.",800000,"MN 800,000",MXN,venta,Casa,Santa María,Jean Charlot,Tzompantepec,Tlaxcala,19.4073912,-98.1098781,2.0,1.0,68.0,65.0,1.0,,23,Publicado hace 45 días,,https://img10.naventcdn.com/avisos/18/01/50/50/05/53/1200x1200/1619649613.jpg?isFirstImage=true|https://img10.naventcdn.com/avisos/18/01/50/50/05/53/1200x1200/1619649612.jpg|https://img10.naventcdn.com/avisos/18/01/50/50/05/53/1200x1200/1619649609.jpg|https://img10.naventcdn.com/avisos/18/01/50/50/05/53/1200x1200/1619649610.jpg|https://img10.naventcdn.com/avisos/18/01/50/50/05/53/1200x1200/1619649611.jpg,,,Daniela Flores,103108159,https://www.inmuebles24.com/inmobiliarias/daniela-flores_103108159-inmuebles.html,2026-07-11T16:28:36Z,2026-08-25T09:53:20.931725+00:00,https://www.inmuebles24.com/casas-o-casa-en-condominio-o-departamentos-en-venta-en-tlaxcala-provincia-ordenado-por-fechaonline-descendente.html-pagina-4.html
https://www.inmuebles24.com/propiedades/clasificado/veclcapa-casa-en-venta-150397998.html,150397998,65K8QI,sale,Casa en Venta,"Casa en venta de 1 nivel que cuenta con cochera para 1 auto, estancia-comedor, cocina, patio de servicio, 2 recamaras y 1 baño completo compartido.",600000,"MN 600,000",MXN,venta,Casa,Privada Álamos,Pueblo San Martin Xaltocan,Xaltocan,Tlaxcala,19.42612490185584,-98.2117582326987,2.0,1.0,55.0,90.0,1.0,,5,Publicado hace 55 días,,https://img10.naventcdn.com/avisos/18/01/50/39/79/98/1200x1200/1617289353.jpg?isFirstImage=true|https://img10.naventcdn.com/avisos/18/01/50/39/79/98/1200x1200/1617289354.jpg|https://img10.naventcdn.com/avisos/18/01/50/39/79/98/1200x1200/1617289355.jpg|https://img10.naventcdn.com/avisos/18/01/50/39/79/98/1200x1200/1617289352.jpg|https://img10.naventcdn.com/avisos/18/01/50/39/79/98/1200x1200/1617289356.jpg,,,Juan Zamora,103102395,https://www.inmuebles24.com/inmobiliarias/juan-zamora_103102395-inmuebles.html,2026-07-01T22:11:03Z,2026-08-25T09:53:20.931725+00:00,https://www.inmuebles24.com/casas-o-casa-en-condominio-o-departamentos-en-venta-en-tlaxcala-provincia-ordenado-por-fechaonline-descendente.html-pagina-4.html
https://www.inmuebles24.com/propiedades/clasificado/veclcapa-casa-en-venta-150398165.html,150398165,65K925,sale,Casa en Venta,"Venta de casa en 1 nivel que cuenta con cochera para 1 auto, estancia-comedor, cocina, patio de servicio, 2 recamaras y 1 baño completo compartido.",660000,"MN 660,000",MXN,venta,Casa,Colosio,Pueblo San Martin Xaltocan,Xaltocan,Tlaxcala,19.42586195800033,-98.21337458476474,2.0,1.0,60.0,90.0,1.0,0.0,5,Publicado hace 55 días,,https://img10.naventcdn.com/avisos/18/01/50/39/81/65/1200x1200/1617291901.jpg?isFirstImage=true|https://img10.naventcdn.com/avisos/18/01/50/39/81/65/1200x1200/1617291904.jpg|https://img10.naventcdn.com/avisos/18/01/50/39/81/65/1200x1200/1617291902.jpg|https://img10.naventcdn.com/avisos/18/01/50/39/81/65/1200x1200/1617291905.jpg|https://img10.naventcdn.com/avisos/18/01/50/39/81/65/1200x1200/1617291903.jpg,,,Esteban Rodriguez,103102423,https://www.inmuebles24.com/inmobiliarias/esteban-rodriguez_103102423-inmuebles.html,2026-07-01T22:30:12Z,2026-08-25T09:53:20.931725+00:00,https://www.inmuebles24.com/casas-o-casa-en-condominio-o-departamentos-en-venta-en-tlaxcala-provincia-ordenado-por-fechaonline-descendente.html-pagina-4.html
https://www.inmuebles24.com/propiedades/clasificado/veclcapa-casa-en-venta-150459096.html,150459096,65MGN6,sale,Casa en Venta,"Excelente casa en venta en un nivel que cuenta con cochera para 1 auto, sala, comedor, cocina, 2 recamaras, patio y baño.",700000,"MN 700,000",MXN,venta,Casa,San Juan,Pueblo San Martin Xaltocan,Xaltocan,Tlaxcala,19.425959042252067,-98.21275496187134,2.0,1.0,60.0,90.0,1.0,0.0,8,Publicado hace 49 días,,https://img10.naventcdn.com/avisos/18/01/50/45/90/96/1200x1200/1618537806.jpg?isFirstImage=true|https://img10.naventcdn.com/avisos/18/01/50/45/90/96/1200x1200/1618537803.jpg|https://img10.naventcdn.com/avisos/18/01/50/45/90/96/1200x1200/1618537804.jpg|https://img10.naventcdn.com/avisos/18/01/50/45/90/96/1200x1200/1618537805.jpg|https://img10.naventcdn.com/avisos/18/01/50/45/90/96/1200x1200/1618537802.jpg,,,Francisco Rivera,103105757,https://www.inmuebles24.com/inmobiliarias/francisco-rivera_103105757-inmuebles.html,2026-07-07T16:58:41Z,2026-08-25T09:53:20.931725+00:00,https://www.inmuebles24.com/casas-o-casa-en-condominio-o-departamentos-en-venta-en-tlaxcala-provincia-ordenado-por-fechaonline-descendente.html-pagina-4.html
https://www.inmuebles24.com/propiedades/clasificado/veclcapa-casa-en-venta-150480944.html,150480944,65NB1E,sale,Casa en Venta,"Hermosa casa en venta de 2 niveles, la cual cuenta con cochera para 2 autos, estancia, comedor, cocina, área de servicio, medio baño, recamara con baño completo y vestidor, 3 recamaras adicionales y 1 baño completo.",2700000,"MN 2,700,000",MXN,venta,Casa,Hidalgo,Pueblo San Martin Xaltocan,Xaltocan,Tlaxcala,19.42725414948889,-98.208549258136,4.0,2.0,225.0,160.0,2.0,0.0,A estrenar,Publicado hace 47 días,,https://img10.naventcdn.com/avisos/18/01/50/48/09/44/1200x1200/1618970752.jpg?isFirstImage=true|https://img10.naventcdn.com/avisos/18/01/50/48/09/44/1200x1200/1618970753.jpg|https://img10.naventcdn.com/avisos/18/01/50/48/09/44/1200x1200/1618970755.jpg|https://img10.naventcdn.com/avisos/18/01/50/48/09/44/1200x1200/1618970754.jpg|https://img10.naventcdn.com/avisos/18/01/50/48/09/44/1200x1200/1618970751.jpg,,,Jose Luis Rivera,103106973,https://www.inmuebles24.com/inmobiliarias/jose-luis-rivera_103106973-inmuebles.html,2026-07-09T16:34:59Z,2026-08-25T09:53:20.931725+00:00,https://www.inmuebles24.com/casas-o-casa-en-condominio-o-departamentos-en-venta-en-tlaxcala-provincia-ordenado-por-fechaonline-descendente.html-pagina-4.html
https://www.inmuebles24.com/propiedades/clasificado/veclcapa-casa-en-venta-150497822.html,150497822,65NTO2,sale,Casa en Venta,"CASA DE 2 NIVELES QUE CUENTA CON COCHERA PARA 2 AUTOS, ESTANCIA, COMEDOR, COCINA, PATIO DE SERVICIO, MEDIO BAÑO, RECAMARA PRINCIPAL CON BAÑO COMPLETO, 2 RECAMARAS ADICIONALES Y 1 BAÑO COMPLETO COMPARTIDO",2600000,"MN 2,600,000",MXN,venta,Casa,15 de septiembre,Pueblo Santa Úrsula Zimatepec,Yauhquemehcan,Tlaxcala,19.41214032551453,-98.16959752176514,3.0,2.0,225.0,120.0,2.0,0.0,16,Publicado hace 46 días,,https://img10.naventcdn.com/avisos/18/01/50/49/78/22/1200x1200/1619589906.jpg?isFirstImage=true|https://img10.naventcdn.com/avisos/18/01/50/49/78/22/1200x1200/1619589905.jpg|https://img10.naventcdn.com/avisos/18/01/50/49/78/22/1200x1200/1619589902.jpg|https://img10.naventcdn.com/avisos/18/01/50/49/78/22/1200x1200/1619589903.jpg|https://img10.naventcdn.com/avisos/18/01/50/49/78/22/1200x1200/1619589904.jpg,,,Roberto Hernandez,103107973,https://www.inmuebles24.com/inmobiliarias/roberto-hernandez_103107973-inmuebles.html,2026-07-11T00:30:15Z,2026-08-25T09:53:20.931725+00:00,https://www.inmuebles24.com/casas-o-casa-en-condominio-o-departamentos-en-venta-en-tlaxcala-provincia-ordenado-por-fechaonline-descendente.html-pagina-4.html
https://www.inmuebles24.com/propiedades/clasificado/veclcapa-casa-en-venta-150500590.html,150500590,65O2QA,sale,Casa en Venta,"Casa dentro de conjunto habitacional en venta, que cuenta con estacionamiento propio, sala, comedor, cocina, patio posterior, 2 recamaras y 1 baño.",640000,"MN 640,000",MXN,venta,Casa,12 de Octubre,Pueblo San Andres Ahuashuatepec,Tzompantepec,Tlaxcala,19.3772612,-98.112058,2.0,1.0,55.0,80.0,1.0,,26,Publicado hace 45 días,,https://img10.naventcdn.com/avisos/18/01/50/50/05/90/1200x1200/1619649898.jpg?isFirstImage=true|https://img10.naventcdn.com/avisos/18/01/50/50/05/90/1200x1200/1619649900.jpg|https://img10.naventcdn.com/avisos/18/01/50/50/05/90/1200x1200/1619649901.jpg|https://img10.naventcdn.com/avisos/18/01/50/50/05/90/1200x1200/1619649897.jpg|https://img10.naventcdn.com/avisos/18/01/50/50/05/90/1200x1200/1619649899.jpg,,,Esteban Rosas,103108167,https://www.inmuebles24.com/inmobiliarias/esteban-rosas_103108167-inmuebles.html,2026-07-11T16:40:57Z,2026-08-25T09:53:20.931725+00:00,https://www.inmuebles24.com/casas-o-casa-en-condominio-o-departamentos-en-venta-en-tlaxcala-provincia-ordenado-por-fechaonline-descendente.html-pagina-4.html
https://www.inmuebles24.com/propiedades/clasificado/veclcapa-casa-en-venta-150534734.html,150534734,65PAOE,sale,Casa en Venta,"CASA DE 2 NIVELES QUE CUENTA CON COCHERA PARA 2 AUTOS, ESTANCIA, COMEDOR, COCINA, PATIO DE SERVICIO, MEDIO BAÑO, 3 RECAMARAS Y 1BAÑO COMPLETO DE USO COMPARTIDO",840000,"MN 840,000",MXN,venta,Casa,Emiliano Zapata,Barrio 4 Caminos,Zacatelco,Tlaxcala,19.1854032,-98.2504894,3.0,1.0,70.0,70.0,2.0,,A estrenar,Publicado hace 41 días,,https://img10.naventcdn.com/avisos/18/01/50/53/47/34/1200x1200/1620299732.jpg?isFirstImage=true|https://img10.naventcdn.com/avisos/18/01/50/53/47/34/1200x1200/1620299731.jpg|https://img10.naventcdn.com/avisos/18/01/50/53/47/34/1200x1200/1620299729.jpg|https://img10.naventcdn.com/avisos/18/01/50/53/47/34/1200x1200/1620299730.jpg|https://img10.naventcdn.com/avisos/18/01/50/53/47/34/1200x1200/1620299728.jpg,,,VIVELIA Inmobiliaria,103110249,https://www.inmuebles24.com/inmobiliarias/vivelia-inmobiliaria_103110249-inmuebles.html,2026-07-15T20:44:40Z,2026-08-25T09:54:24.136877+00:00,https://www.inmuebles24.com/casas-o-casa-en-condominio-o-departamentos-en-venta-en-tlaxcala-provincia-ordenado-por-fechaonline-descendente.html-pagina-4.html
https://www.inmuebles24.com/propiedades/clasificado/veclcapa-casa-en-venta-150549803.html,150549803,65PRGN,sale,Casa en Venta,"UN ESPACIO PENSADO PARA CRECER, DISFRUTAR Y CONSTRUIR TU HISTORIA AQUÍ CADA RINCÓN PUEDE CONVERTIRSE EN ESE LUGAR ESPECIAL QUE SIEMPRE IMAGINASTE DISTRIBUCIÓN: PLANTA BAJA ESTACIONAMIENTO PARA 1 AUTO SALA COMEDOR COCINA MEDIO BAÑO PATIO DE SERVICIO PLANTA ALTA 2 RECÁMARAS 1 BAÑO COMPLETO COMPARTIDO",1200000,"MN 1,200,000",MXN,venta,Casa,San Miguel,Ignacio Zaragoza,Huamantla,Tlaxcala,19.3184941,-97.9233826,2.0,1.0,95.0,76.0,1.0,,10,Publicado hace 40 días,,https://img10.naventcdn.com/avisos/18/01/50/54/98/03/1200x1200/1620627805.jpg?isFirstImage=true|https://img10.naventcdn.com/avisos/18/01/50/54/98/03/1200x1200/1620627806.jpg|https://img10.naventcdn.com/avisos/18/01/50/54/98/03/1200x1200/1620627803.jpg|https://img10.naventcdn.com/avisos/18/01/50/54/98/03/1200x1200/1620627802.jpg|https://img10.naventcdn.com/avisos/18/01/50/54/98/03/1200x1200/1620627804.jpg,,,Eduardo Santacruz,103110931,https://www.inmuebles24.com/inmobiliarias/eduardo-santacruz_103110931-inmuebles.html,2026-07-16T23:23:51Z,2026-08-25T09:54:24.136877+00:00,https://www.inmuebles24.com/casas-o-casa-en-condominio-o-departamentos-en-venta-en-tlaxcala-provincia-ordenado-por-fechaonline-descendente.html-pagina-4.html
https://www.inmuebles24.com/propiedades/clasificado/veclcapa-casa-en-venta-150555047.html,150555047,65Q3BH,sale,Casa en Venta,"CASA DE 1 NIVEL QUE CUENTA CON LA SIGUIENTE DISTRIBUCIÓN, COCHERA PARA 1 AUTO, ESTANCIA, COMEDOR, COCINA, 2 RECAMARAS, PATIO DE SERVICIO Y 1 BAÑO COMPLETO.",700000,"MN 700,000",MXN,venta,Casa,Privada Los Pinos,Pueblo San Cosme Xaloztoc,Xaloztoc,Tlaxcala,19.4110779,-98.0451178,2.0,1.0,65.0,80.0,1.0,0.0,20,Publicado hace 39 días,,https://img10.naventcdn.com/avisos/18/01/50/55/50/47/1200x1200/1620725790.jpg?isFirstImage=true|https://img10.naventcdn.com/avisos/18/01/50/55/50/47/1200x1200/1620725789.jpg|https://img10.naventcdn.com/avisos/18/01/50/55/50/47/1200x1200/1620725788.jpg|https://img10.naventcdn.com/avisos/18/01/50/55/50/47/1200x1200/1620725786.jpg|https://img10.naventcdn.com/avisos/18/01/50/55/50/47/1200x1200/1620725787.jpg,,,INMOBILIARIA LOGAR,103111183,https://www.inmuebles24.com/inmobiliarias/inmobiliaria-logar_103111183-inmuebles.html,2026-07-17T16:54:09Z,2026-08-25T09:54:24.136877+00:00,https://www.inmuebles24.com/casas-o-casa-en-condominio-o-departamentos-en-venta-en-tlaxcala-provincia-ordenado-por-fechaonline-descendente.html-pagina-4.html
https://www.inmuebles24.com/propiedades/clasificado/veclcapa-casa-en-venta-150555640.html,150555640,65Q41A,sale,Casa en Venta,"CASA DE 1 NIVEL QUE CUENTA CON COCHERA PARA 1 AUTO, ESTANCIA, COMEDOR, COCINA, PATIO DE SERVICIO, 2 RECAMARAS Y 1 BAÑO COMPLETO.",790000,"MN 790,000",MXN,venta,Casa,Bugambilias,Pueblo San Cosme Xaloztoc,Xaloztoc,Tlaxcala,19.4071599,-98.036964,2.0,1.0,70.0,84.0,1.0,0.0,20,Publicado hace 39 días,,https://img10.naventcdn.com/avisos/18/01/50/55/56/40/1200x1200/1620736712.jpg?isFirstImage=true|https://img10.naventcdn.com/avisos/18/01/50/55/56/40/1200x1200/1620736711.jpg|https://img10.naventcdn.com/avisos/18/01/50/55/56/40/1200x1200/1620736713.jpg|https://img10.naventcdn.com/avisos/18/01/50/55/56/40/1200x1200/1620736714.jpg|https://img10.naventcdn.com/avisos/18/01/50/55/56/40/1200x1200/1620736710.jpg,,,Eduardo Flores,103111229,https://www.inmuebles24.com/inmobiliarias/eduardo-flores_103111229-inmuebles.html,2026-07-17T17:33:45Z,2026-08-25T09:54:24.136877+00:00,https://www.inmuebles24.com/casas-o-casa-en-condominio-o-departamentos-en-venta-en-tlaxcala-provincia-ordenado-por-fechaonline-descendente.html-pagina-4.html
https://www.inmuebles24.com/propiedades/clasificado/veclcapa-escritura-de-compra-venta-150547301.html,150547301,65PONB,sale,Escritura de Compra Venta,"CASA EN PREVENTA SALA COMEDOR COCINA COCHERA PARA UN AUTO CISTERNA DE 10,000 LTS. CREDITOS FOVISSTE Y BANCARIOS CASA NUEVA A UNOS MINUTOS DEL CENTRO DE APIZACO TE APOYAMOS EN TRAMITAR TU CREDITO COMUNICATE AL Ver datos",840,MN 840,MXN,venta,Casa,Universidad Metropolitana de Tlaxcala,Pueblo San Miguel Contla,Santa Cruz Tlaxcala,Tlaxcala,19.3894409,-98.1289525,2.0,1.0,60.0,60.0,1.0,,En construcción,Publicado hace 40 días,,https://img10.naventcdn.com/avisos/18/01/50/54/73/01/1200x1200/1620570708.jpg?isFirstImage=true|https://img10.naventcdn.com/avisos/18/01/50/54/73/01/1200x1200/1620570722.jpg|https://img10.naventcdn.com/avisos/18/01/50/54/73/01/1200x1200/1620570720.jpg|https://img10.naventcdn.com/avisos/18/01/50/54/73/01/1200x1200/1620570723.jpg|https://img10.naventcdn.com/avisos/18/01/50/54/73/01/1200x1200/1620570706.jpg|https://img10.naventcdn.com/avisos/18/01/50/54/73/01/1200x1200/1620570709.jpg|https://img10.naventcdn.com/avisos/18/01/50/54/73/01/1200x1200/1620570719.jpg|https://img10.naventcdn.com/avisos/18/01/50/54/73/01/1200x1200/1620570715.jpg|https://img10.naventcdn.com/avisos/18/01/50/54/73/01/1200x1200/1620570710.jpg|https://img10.naventcdn.com/avisos/18/01/50/54/73/01/1200x1200/1620570717.jpg|https://img10.naventcdn.com/avisos/18/01/50/54/73/01/1200x1200/1620570711.jpg|https://img10.naventcdn.com/avisos/18/01/50/54/73/01/1200x1200/1620570707.jpg|https://img10.naventcdn.com/avisos/18/01/50/54/73/01/1200x1200/1620570713.jpg|https://img10.naventcdn.com/avisos/18/01/50/54/73/01/1200x1200/1620570705.jpg|https://img10.naventcdn.com/avisos/18/01/50/54/73/01/1200x1200/1620570714.jpg|https://img10.naventcdn.com/avisos/18/01/50/54/73/01/1200x1200/1620570721.jpg|https://img10.naventcdn.com/avisos/18/01/50/54/73/01/1200x1200/1620570718.jpg|https://img10.naventcdn.com/avisos/18/01/50/54/73/01/1200x1200/1620570712.jpg|https://img10.naventcdn.com/avisos/18/01/50/54/73/01/1200x1200/1620570716.jpg,,,Inmobiliaria Tlaxcala,103110823,https://www.inmuebles24.com/inmobiliarias/inmobiliaria-tlaxcala_103110823-inmuebles.html,2026-07-16T20:18:49Z,2026-08-25T09:54:24.136877+00:00,https://www.inmuebles24.com/casas-o-casa-en-condominio-o-departamentos-en-venta-en-tlaxcala-provincia-ordenado-por-fechaonline-descendente.html-pagina-4.html
https://www.inmuebles24.com/propiedades/clasificado/veclcapa-excelente-casa-a-venta-150552395.html,150552395,65Q0D5,sale,Excelente Casa a Venta,"Amplia casa habitación de dos plantas ideal para el desarrollo familiar, con acabados excelentes, cuenta con buena ubicación en un área de crecimiento y lista para ser habitada además de que cuenta con pagos de servicios al corriente y por supuesto escrituras verídicas. Cuenta con 4 habitaciones, 2 1/2 baños, cochera para 3 autos, amplio jardín, terraza de convivencia, cuarto de lavado, cisterna de agua de 10 mil litros, sala,comedor, cocina. Servicios de agua incluye calentador solar.",1850000,"MN 1,850,000",MXN,venta,Casa,Primera Sección,Barrio 1ra Manzana San Francisco Atezcatzinco,Tetla de la Solidaridad,Tlaxcala,19.461968795705683,-98.14517556785653,4.0,2.0,206.0,200.0,1.0,0.0,A estrenar,Publicado hace 40 días,,https://img10.naventcdn.com/avisos/18/01/50/55/23/95/1200x1200/1620677037.jpg?isFirstImage=true|https://img10.naventcdn.com/avisos/18/01/50/55/23/95/1200x1200/1620677044.jpg|https://img10.naventcdn.com/avisos/18/01/50/55/23/95/1200x1200/1620677043.jpg|https://img10.naventcdn.com/avisos/18/01/50/55/23/95/1200x1200/1620677032.jpg|https://img10.naventcdn.com/avisos/18/01/50/55/23/95/1200x1200/1620677034.jpg|https://img10.naventcdn.com/avisos/18/01/50/55/23/95/1200x1200/1620677033.jpg|https://img10.naventcdn.com/avisos/18/01/50/55/23/95/1200x1200/1620677027.jpg|https://img10.naventcdn.com/avisos/18/01/50/55/23/95/1200x1200/1620677039.jpg|https://img10.naventcdn.com/avisos/18/01/50/55/23/95/1200x1200/1620677041.jpg|https://img10.naventcdn.com/avisos/18/01/50/55/23/95/1200x1200/1620677028.jpg|https://img10.naventcdn.com/avisos/18/01/50/55/23/95/1200x1200/1620677029.jpg|https://img10.naventcdn.com/avisos/18/01/50/55/23/95/1200x1200/1620677040.jpg|https://img10.naventcdn.com/avisos/18/01/50/55/23/95/1200x1200/1620677036.jpg|https://img10.naventcdn.com/avisos/18/01/50/55/23/95/1200x1200/1620677030.jpg|https://img10.naventcdn.com/avisos/18/01/50/55/23/95/1200x1200/1620677031.jpg|https://img10.naventcdn.com/avisos/18/01/50/55/23/95/1200x1200/1620677038.jpg|https://img10.naventcdn.com/avisos/18/01/50/55/23/95/1200x1200/1620677026.jpg|https://img10.naventcdn.com/avisos/18/01/50/55/23/95/1200x1200/1620677042.jpg|https://img10.naventcdn.com/avisos/18/01/50/55/23/95/1200x1200/1620677035.jpg|https://img10.naventcdn.com/avisos/18/01/50/55/23/95/1200x1200/1620677045.jpg,,,Stacy Tamara Huerta Barbosa,103111011,https://www.inmuebles24.com/inmobiliarias/stacy-tamara-huerta-barbosa_103111011-inmuebles.html,2026-07-17T03:00:42Z,2026-08-25T09:54:24.136877+00:00,https://www.inmuebles24.com/casas-o-casa-en-condominio-o-departamentos-en-venta-en-tlaxcala-provincia-ordenado-por-fechaonline-descendente.html-pagina-4.html
https://www.inmuebles24.com/propiedades/clasificado/veclcapa-gran-y-hermosa-casa-nueva-en-panotla-tlaxcala-150565768.html,150565768,65QF8S,sale,Gran y Hermosa Casa Nueva en Panotla Tlaxcala,"Amplia Casa en Venta bien distribuida se encuentra en Venustiano Carranza Num. Ext. 25 Num. Int. S/N Colonia Cuarto C.P. Ver datos , Tlaxcala, con 2 baños, 1 medio baño, 1 año de antigüedad, 170 metros cuadrados, 5 recamaras, y 3 pisos. Cuenta con increíble: jardines y terraza, Tambien cuenta con en privada y cuarto de servicio. También tiene cisterna, telefonía, 2 estacionamiento, lavandería, Zona con Plusvalia, Servicio de trasporte a un cuadra, tiendas de conveniencia a 2 minutos del centro, a pie de calle, Escuelas, a 10 minutos de Tlaxcala",2890000,"MN 2,890,000",MXN,venta,Casa,V Carranza 56,Barrio Cuarto,Panotla,Tlaxcala,19.3132875,-98.272019,5.0,2.0,200.0,170.0,2.0,,A estrenar,Publicado hace 38 días,,https://img10.naventcdn.com/avisos/18/01/50/56/57/68/1200x1200/1620927907.jpg?isFirstImage=true|https://img10.naventcdn.com/avisos/18/01/50/56/57/68/1200x1200/1620927905.jpg|https://img10.naventcdn.com/avisos/18/01/50/56/57/68/1200x1200/1620927913.jpg|https://img10.naventcdn.com/avisos/18/01/50/56/57/68/1200x1200/1620927906.jpg|https://img10.naventcdn.com/avisos/18/01/50/56/57/68/1200x1200/1620927914.jpg|https://img10.naventcdn.com/avisos/18/01/50/56/57/68/1200x1200/1620927911.jpg|https://img10.naventcdn.com/avisos/18/01/50/56/57/68/1200x1200/1620927908.jpg|https://img10.naventcdn.com/avisos/18/01/50/56/57/68/1200x1200/1620927910.jpg|https://img10.naventcdn.com/avisos/18/01/50/56/57/68/1200x1200/1620927909.jpg|https://img10.naventcdn.com/avisos/18/01/50/56/57/68/1200x1200/1620927904.jpg|https://img10.naventcdn.com/avisos/18/01/50/56/57/68/1200x1200/1620927912.jpg|https://img10.naventcdn.com/avisos/18/01/50/56/57/68/1200x1200/1620927903.jpg,,,Minerva Lima Carro,103059044,https://www.inmuebles24.com/inmobiliarias/minerva-lima-carro_103059044-inmuebles.html,2026-07-18T19:05:08Z,2026-08-25T09:54:24.136877+00:00,https://www.inmuebles24.com/casas-o-casa-en-condominio-o-departamentos-en-venta-en-tlaxcala-provincia-ordenado-por-fechaonline-descendente.html-pagina-4.html
https://www.inmuebles24.com/propiedades/clasificado/veclcapa-venta-de-casa-150481021.html,150481021,65NB41,sale,Venta de Casa,"Casa ideal para la familia, cuenta con cochera para 2 autos, estancia, comedor, cocina, patio de servicio, medio baño, escaleras, recamara con baño completo, 2 recamaras adicionales y 1 baño completo compartido.",2500000,"MN 2,500,000",MXN,venta,Casa,Animas,Pueblo Cuatla,Xaltocan,Tlaxcala,19.439068958988944,-98.21378350898438,3.0,2.0,210.0,150.0,2.0,0.0,A estrenar,Publicado hace 47 días,,https://img10.naventcdn.com/avisos/18/01/50/48/10/21/1200x1200/1618973461.jpg?isFirstImage=true|https://img10.naventcdn.com/avisos/18/01/50/48/10/21/1200x1200/1618973460.jpg|https://img10.naventcdn.com/avisos/18/01/50/48/10/21/1200x1200/1618973462.jpg|https://img10.naventcdn.com/avisos/18/01/50/48/10/21/1200x1200/1618973463.jpg|https://img10.naventcdn.com/avisos/18/01/50/48/10/21/1200x1200/1618973464.jpg,,,Roberto Hernandez,103106977,https://www.inmuebles24.com/inmobiliarias/roberto-hernandez_103106977-inmuebles.html,2026-07-09T16:42:22Z,2026-08-25T09:54:24.136877+00:00,https://www.inmuebles24.com/casas-o-casa-en-condominio-o-departamentos-en-venta-en-tlaxcala-provincia-ordenado-por-fechaonline-descendente.html-pagina-4.html
https://www.inmuebles24.com/propiedades/clasificado/veclapin-departamento-en-venta-en-san-jose-buenavista-tlaxcala-149865589.html,149865589,650H9J,sale,Departamento en Venta en San José Buenavista Tlaxcala,"**¡Excelente oportunidad! Departamento en venta** Ubicado en el primer nivel, este departamento se encuentra en buen estado y cuenta con todos los servicios necesarios para tu comodidad. **Características principales:** - **Superficie:** En la unidad habitacional San José Buenavista. - **Ubicación privilegiada:** A un costado de la autopista San Martín Texmelucan, Tlaxcala y cerca de la Universidad Autónoma de Tlaxcala. Fácil acceso rumbo a Santa Rosa Jilotepec. - **Distribución:** - 2 recámaras - 1 baño completo - Sala - Comedor - Cocina integral - Zotehuela Este departamento es ideal para quienes buscan calidad de vida en un entorno tranquilo y bien comunicado. No pierdas la oportunidad de conocerlo. Consulte nuestro aviso de privacidad en.mx Si tiene alguna queja de este anuncio por favor escriba a : Ver datos",450000,"MN 450,000",MXN,venta,Apartamento,San José Buena Vista,,Ixtacuixtla de Mariano Matamoros,Tlaxcala,19.3299988,-98.3692634,2.0,1.0,62.0,62.0,,,32,Publicado hace 102 días,,https://img10.naventcdn.com/avisos/18/01/49/86/55/89/1200x1200/1606438977.jpg?isFirstImage=true|https://img10.naventcdn.com/avisos/18/01/49/86/55/89/1200x1200/1606438982.jpg|https://img10.naventcdn.com/avisos/18/01/49/86/55/89/1200x1200/1606438979.jpg|https://img10.naventcdn.com/avisos/18/01/49/86/55/89/1200x1200/1606438980.jpg|https://img10.naventcdn.com/avisos/18/01/49/86/55/89/1200x1200/1606438981.jpg|https://img10.naventcdn.com/avisos/18/01/49/86/55/89/1200x1200/1606438978.jpg|https://img10.naventcdn.com/avisos/18/01/49/86/55/89/1200x1200/1606438976.jpg,,52 5530653167,GRUPO DE ASESORES PROFESIONALES,50238143,https://www.inmuebles24.com/inmobiliarias/grupo-de-asesores-profesionales_50238143-inmuebles.html,2026-05-15T04:48:19Z,2026-08-25T09:54:24.136877+00:00,https://www.inmuebles24.com/casas-o-casa-en-condominio-o-departamentos-en-venta-en-tlaxcala-provincia-ordenado-por-fechaonline-descendente.html-pagina-5.html
https://www.inmuebles24.com/propiedades/clasificado/veclapin-magnificos-departamentos-con-excelente-ubicacion.-150081807.html,150081807,GUILLE-OCOTLAN,sale,"Magnificos Departamentos, con Excelente Ubicacion. Villas Ocotlan","DEPARTAMENTOS EN FRACCIONAMIENTO VILLAS OCOTLAN, CONJUNTO CERRADO, CON LA GARANTIA DE SEGURIDAD, PRIVACIDAD Y CONFORT Se encuentra en una zona con alta conectividad habitacional, cercana a comercios locales y vialidades que conectan rápidamente con el centro del estado y con el municipio vecino de Santa Ana Chiautempan",1030810,"MN 1,030,810",MXN,venta,Apartamento,De los Ocotes,Ocotlán,Tlaxcala,Tlaxcala,19.3190548,-98.2245179,2.0,1.0,69.0,93.0,1.0,,A estrenar,Publicado hace 84 días,,https://img10.naventcdn.com/avisos/18/01/50/08/18/07/1200x1200/1610819361.jpg?isFirstImage=true|https://img10.naventcdn.com/avisos/18/01/50/08/18/07/1200x1200/1610819369.jpg|https://img10.naventcdn.com/avisos/18/01/50/08/18/07/1200x1200/1610819380.jpg|https://img10.naventcdn.com/avisos/18/01/50/08/18/07/1200x1200/1610819379.jpg|https://img10.naventcdn.com/avisos/18/01/50/08/18/07/1200x1200/1610819366.jpg|https://img10.naventcdn.com/avisos/18/01/50/08/18/07/1200x1200/1610819367.jpg|https://img10.naventcdn.com/avisos/18/01/50/08/18/07/1200x1200/1610819373.jpg|https://img10.naventcdn.com/avisos/18/01/50/08/18/07/1200x1200/1610819371.jpg|https://img10.naventcdn.com/avisos/18/01/50/08/18/07/1200x1200/1610819372.jpg|https://img10.naventcdn.com/avisos/18/01/50/08/18/07/1200x1200/1610819370.jpg|https://img10.naventcdn.com/avisos/18/01/50/08/18/07/1200x1200/1610819377.jpg|https://img10.naventcdn.com/avisos/18/01/50/08/18/07/1200x1200/1610819375.jpg|https://img10.naventcdn.com/avisos/18/01/50/08/18/07/1200x1200/1610819368.jpg|https://img10.naventcdn.com/avisos/18/01/50/08/18/07/1200x1200/1610819357.jpg|https://img10.naventcdn.com/avisos/18/01/50/08/18/07/1200x1200/1610819378.jpg|https://img10.naventcdn.com/avisos/18/01/50/08/18/07/1200x1200/1610819359.jpg|https://img10.naventcdn.com/avisos/18/01/50/08/18/07/1200x1200/1610819376.jpg|https://img10.naventcdn.com/avisos/18/01/50/08/18/07/1200x1200/1610819365.jpg|https://img10.naventcdn.com/avisos/18/01/50/08/18/07/1200x1200/1610819364.jpg|https://img10.naventcdn.com/avisos/18/01/50/08/18/07/1200x1200/1610819363.jpg|https://img10.naventcdn.com/avisos/18/01/50/08/18/07/1200x1200/1610819362.jpg|https://img10.naventcdn.com/avisos/18/01/50/08/18/07/1200x1200/1610819358.jpg|https://img10.naventcdn.com/avisos/18/01/50/08/18/07/1200x1200/1610819360.jpg|https://img10.naventcdn.com/avisos/18/01/50/08/18/07/1200x1200/1610819374.jpg,,52 2227278632,Inmobiliaria San Román,705368,https://www.inmuebles24.com/inmobiliarias/inmobiliaria-san-roman_705368-inmuebles.html,2026-06-03T01:51:11Z,2026-08-25T09:54:24.136877+00:00,https://www.inmuebles24.com/casas-o-casa-en-condominio-o-departamentos-en-venta-en-tlaxcala-provincia-ordenado-por-fechaonline-descendente.html-pagina-5.html
https://www.inmuebles24.com/propiedades/clasificado/veclapin-venta-de-departamento-en-colonia-miraflores-ocotlan-150306089.html,150306089,NX-302227,sale,"Venta de Departamento en Colonia Miraflores, Ocotlán","Ref: 3 0 2 2 2 7 Este hermoso departamento en preventa en Miraflores, Tlaxcala, es una excelente oportunidad para adquirir una propiedad en una de las zonas más exclusivas y seguras de la ciudad. Con una entrega programada para julio de 2026, esta moderna unidad cuenta con 2 recamaras, 2 baños y 68 m2 de construcción, ideal para parejas o familias pequeñas que buscan comodidad y estilo. Además de su conveniente ubicación en una zona de uso residencial, este departamento en preventa ofrece una amplia gama de amenidades para el disfrute de sus residentes. Desde un área de juegos infantiles y caseta de vigilancia hasta un jardín, cuarto de servicio y cancha de paddle, cada detalle ha sido cuidadosamente diseñado para brindar una experiencia de vida única y confortable. Con extras como extractor de olores, cocina equipada, armarios empotrados y seguridad privada, este inmueble combina lo mejor en comodidad y seguridad. En cuanto a los alrededores de Miraflores, Tlaxcala, los residentes podrán disfrutar de la cercanía a zonas de interés como el centro comercial Soriana, la nueva PREPA IBERO. Con acceso rápido a avenidas principales como la Av. 5 de Febrero y la Av. Universidad, así como a servicios de transporte público, este departamento en preventa se destaca por su conveniente ubicación y accesibilidad. ¡No pierdas la oportunidad de conocer esta joya inmobiliaria en Miraflores, Tlaxcala!",1209600,"MN 1,209,600",MXN,venta,Apartamento,Galeana 165,Barrio Miraflores,Tlaxcala,Tlaxcala,19.31354540937106,-98.23229055542474,2.0,2.0,68.0,60.0,1.0,0.0,A estrenar,Publicado hace 63 días,,https://img10.naventcdn.com/avisos/resize/18/01/50/30/60/89/1200x1200/1615327749.jpg?isFirstImage=true|https://img10.naventcdn.com/avisos/resize/18/01/50/30/60/89/1200x1200/1615327705.jpg|https://img10.naventcdn.com/avisos/resize/18/01/50/30/60/89/1200x1200/1615327730.jpg|https://img10.naventcdn.com/avisos/resize/18/01/50/30/60/89/1200x1200/1615327728.jpg|https://img10.naventcdn.com/avisos/resize/18/01/50/30/60/89/1200x1200/1615327745.jpg|https://img10.naventcdn.com/avisos/resize/18/01/50/30/60/89/1200x1200/1615327699.jpg|https://img10.naventcdn.com/avisos/resize/18/01/50/30/60/89/1200x1200/1615327719.jpg|https://img10.naventcdn.com/avisos/resize/18/01/50/30/60/89/1200x1200/1615327710.jpg|https://img10.naventcdn.com/avisos/18/01/50/30/60/89/1200x1200/1615327747.jpg|https://img10.naventcdn.com/avisos/18/01/50/30/60/89/1200x1200/1615327713.jpg|https://img10.naventcdn.com/avisos/18/01/50/30/60/89/1200x1200/1615327683.jpg,,52 5574117755,iad Inmobiliaria,50956067,https://www.inmuebles24.com/inmobiliarias/iad-inmobiliaria_50956067-inmuebles.html,2026-06-23T23:13:50Z,2026-08-25T09:55:22.654129+00:00,https://www.inmuebles24.com/casas-o-casa-en-condominio-o-departamentos-en-venta-en-tlaxcala-provincia-ordenado-por-fechaonline-descendente.html-pagina-5.html
https://www.inmuebles24.com/propiedades/clasificado/veclcain-casa-con-jacuzi-en-venta-santa-anita-huiloac-apizaco-150130407.html,150130407,NX-301042,sale,Casa con Jacuzi en Venta Santa Anita Huiloac Apizaco,"Ref: 3 0 1 0 4 2 Esta impresionante casa en venta en Santa Anita Huiloac, Apizaco, Tlaxcala, es una verdadera joya inmobiliaria. Con una construcción de 449 m2 y acabados de lujo, esta propiedad ofrece un estilo de vida de ensueño para toda la familia. Con 5 recámaras espaciosas, 2 baños completos, 1 medio baño, un cuarto de huéspedes y un cuarto de servicio, cada miembro de la familia disfrutará de su propio espacio privado. Además, cuenta con una bodega, área de lavandería, internet/wifi, jardín, puertas eléctricas, sala de estar, cocina equipada, sala y comedor, armarios empotrados, piso de madera y jacuzzi, brindando comodidades y un estilo de vida de lujo. La ubicación de esta casa en Santa Anita Huiloac ofrece acceso a diversas zonas de interés cercanas, ideal para realizar compras y disfrutar de una variedad de restaurantes y entretenimiento. Con fácil acceso desde la carretera Apizaco-Tlaxcala y la autopista México-Veracruz, esta propiedad en Santa Anita Huiloac cuenta con excelentes vías de comunicación que conectan con otras áreas importantes de la región. Sin duda, esta casa en venta es una oportunidad única para disfrutar de un estilo de vida exclusivo en una ubicación privilegiada en Tlaxcala. ¡No dejes pasar esta increíble oportunidad!",7000000,"MN 7,000,000",MXN,venta,Casa,CORREGIDORA 1688,Pueblo Santa Anita Huiloac,Apizaco,Tlaxcala,19.401562504052755,-98.1539068141998,5.0,2.0,449.0,661.0,6.0,0.0,10,Publicado hace 78 días,,https://img10.naventcdn.com/avisos/18/01/50/13/04/07/1200x1200/1611795444.jpg?isFirstImage=true|https://img10.naventcdn.com/avisos/18/01/50/13/04/07/1200x1200/1611795420.jpg|https://img10.naventcdn.com/avisos/18/01/50/13/04/07/1200x1200/1611795441.jpg|https://img10.naventcdn.com/avisos/18/01/50/13/04/07/1200x1200/1611795425.jpg|https://img10.naventcdn.com/avisos/18/01/50/13/04/07/1200x1200/1611795443.jpg|https://img10.naventcdn.com/avisos/18/01/50/13/04/07/1200x1200/1611795447.jpg|https://img10.naventcdn.com/avisos/18/01/50/13/04/07/1200x1200/1611795446.jpg|https://img10.naventcdn.com/avisos/18/01/50/13/04/07/1200x1200/1611795424.jpg|https://img10.naventcdn.com/avisos/18/01/50/13/04/07/1200x1200/1611795448.jpg|https://img10.naventcdn.com/avisos/18/01/50/13/04/07/1200x1200/1611795450.jpg|https://img10.naventcdn.com/avisos/18/01/50/13/04/07/1200x1200/1611795413.jpg|https://img10.naventcdn.com/avisos/18/01/50/13/04/07/1200x1200/1611795427.jpg|https://img10.naventcdn.com/avisos/18/01/50/13/04/07/1200x1200/1611795416.jpg|https://img10.naventcdn.com/avisos/18/01/50/13/04/07/1200x1200/1611795418.jpg|https://img10.naventcdn.com/avisos/18/01/50/13/04/07/1200x1200/1611795442.jpg,,52 5574117755,iad Inmobiliaria,50956067,https://www.inmuebles24.com/inmobiliarias/iad-inmobiliaria_50956067-inmuebles.html,2026-06-08T17:21:09Z,2026-08-25T09:55:22.654129+00:00,https://www.inmuebles24.com/casas-o-casa-en-condominio-o-departamentos-en-venta-en-tlaxcala-provincia-ordenado-por-fechaonline-descendente.html-pagina-5.html
https://www.inmuebles24.com/propiedades/clasificado/veclcain-casa-de-lujo-en-venta-zaragoza-huamantla-150283074.html,150283074,CHO8373166,sale,"Casa de Lujo en Venta – Zaragoza, Huamantla | Oportunidad de Inversión","Casa de Lujo en Venta – Zaragoza, Huamantla | Oportunidad de Inversión ¡Vive, descansa e invierte en una sola propiedad! Esta impresionante residencia destaca por su amplitud, excelentes acabados y un diseño que combina confort y funcionalidad. Con más de 298 m² de construcción sobre un generoso terreno de 347 m², es la opción perfecta tanto para familias que buscan espacio como para quienes desean un inmueble con alto potencial para renta vacacional (Airbnb) u oficinas. Dimensiones y distribución: ?? Terreno: 347 m² ?? Construcción: 298 m² ?? 5 amplias recámaras (2 de ellas tipo suite, con baño completo y vestidor privado) ?? 4 baños completos y 1 medio baño para visitas ?? Estudio / Oficina independiente, ideal para home office o negocio propio ?? Capacidad para 4 automóviles (cochera techada) Acabados y espacios exteriores: La propiedad se entrega con acabados de primera calidad, pisos de porcelanato que aportan elegancia y fácil mantenimiento. En el exterior disfrutarás de un hermoso jardín con palapa y asador, perfecto para reuniones familiares o tardes de descanso. Cuenta además con una terraza privada y un funcional patio de lavado y tendido. Ubicación estratégica: Ubicada sobre la calle Zaragoza, en la pintoresca ciudad de Huamantla, a tan solo 5 minutos del centro, lo que te brinda acceso rápido a restaurantes, plazas, iglesias y toda la vida cultural del Pueblo Mágico. Múltiples usos y alto potencial: ? Vivienda familiar: Espacio de descanso inigualable para familias numerosas. ? Oficinas corporativas: Distribución versátil que permite adaptar zonas de trabajo. ? Inversión en renta: Ideal para operar como Airbnb gracias a su ubicación, número de habitaciones y amenidades vacacionales. Precio de oportunidad: $2,950,000 MXN No dejes pasar esta joya inmobiliaria en Huamantla. Esta casa lo tiene todo: metros cuadrados, ubicación, acabados y plusvalía. Contáctame hoy para agendar una visita privada y descubre por qué esta es tu mejor opción.",2950000,"MN 2,950,000",MXN,venta,Casa,"Zaragoza Poniente, Barrio San José, Huamantla, Tlaxcala",Barrio San Jose,Huamantla,Tlaxcala,19.3095006,-97.9325593,5.0,4.0,298.0,347.0,4.0,0.0,15,Publicado hace 64 días,,https://img10.naventcdn.com/avisos/18/01/50/28/30/74/1200x1200/1614859770.jpg?isFirstImage=true|https://img10.naventcdn.com/avisos/18/01/50/28/30/74/1200x1200/1614859792.jpg|https://img10.naventcdn.com/avisos/18/01/50/28/30/74/1200x1200/1614862803.jpg|https://img10.naventcdn.com/avisos/18/01/50/28/30/74/1200x1200/1614862960.jpg|https://img10.naventcdn.com/avisos/18/01/50/28/30/74/1200x1200/1614862964.jpg|https://img10.naventcdn.com/avisos/18/01/50/28/30/74/1200x1200/1614862949.jpg|https://img10.naventcdn.com/avisos/18/01/50/28/30/74/1200x1200/1614863197.jpg|https://img10.naventcdn.com/avisos/18/01/50/28/30/74/1200x1200/1614863207.jpg|https://img10.naventcdn.com/avisos/18/01/50/28/30/74/1200x1200/1614863219.jpg|https://img10.naventcdn.com/avisos/18/01/50/28/30/74/1200x1200/1614863191.jpg|https://img10.naventcdn.com/avisos/18/01/50/28/30/74/1200x1200/1614863201.jpg|https://img10.naventcdn.com/avisos/18/01/50/28/30/74/1200x1200/1614863181.jpg|https://img10.naventcdn.com/avisos/18/01/50/28/30/74/1200x1200/1614863213.jpg,,52 5574620893,ADRIANA CUENCA RODRIGUEZ,103038112,https://www.inmuebles24.com/inmobiliarias/adriana-cuenca-rodriguez_103038112-inmuebles.html,2026-06-22T20:07:47Z,2026-08-25T09:55:22.654129+00:00,https://www.inmuebles24.com/casas-o-casa-en-condominio-o-departamentos-en-venta-en-tlaxcala-provincia-ordenado-por-fechaonline-descendente.html-pagina-5.html
https://www.inmuebles24.com/propiedades/clasificado/veclcain-casa-en-pueblo-san-matias-tepetomatitlan-149754817.html,149754817,VHO8012899,sale,Casa en Pueblo San Matías Tepetomatitlan,"*****¡Estrena casa en San Matías Tepetomatitlán, Apetatitlán, Tlaxcala! ***** Descubre esta hermosa casa nueva dentro de una privada de solo 3 viviendas, ideal para disfrutar tranquilidad, seguridad y confort. **** Características: • Sala – comedor • Cocina funcional • Área de servicio • 4 habitaciones • 2.5 baños • Cochera **** Equipamiento y acabados: ** Luces LED ** Cisterna de 7,000 litros con bomba sumergible ** Tinaco de 1,100 litros ** Portón automatizado ** Escalera marinera ** Calentador de gas **** Ubicación privilegiada en San Matías Tepetomatitlán, municipio de Apetatitlán, Tlaxcala. **** Aceptamos créditos: Cofinavit, Fovissste, bancario y pago de contado. **** Precio con Cocina y closet $ 1,650,000 **** ¡Agenda tu visita hoy mismo y conoce tu próximo hogar! Los precios de VHO Ver datos pueden variar sin previo aviso, contáctenos para verificar el mismo.",1550000,"MN 1,550,000",MXN,venta,Casa,Venta de Casa en San Matias Tepetomatitlan,Pueblo San Matías Tepetomatitlan,ApetatitlAn de Antonio Carvajal,Tlaxcala,19.3573232629,-98.193402372,4.0,2.0,84.0,84.0,2.0,0.0,A estrenar,Publicado hace 112 días,,https://img10.naventcdn.com/avisos/18/01/49/75/48/17/1200x1200/1604120609.jpg?isFirstImage=true|https://img10.naventcdn.com/avisos/18/01/49/75/48/17/1200x1200/1604120604.jpg|https://img10.naventcdn.com/avisos/18/01/49/75/48/17/1200x1200/1604120484.jpg|https://img10.naventcdn.com/avisos/18/01/49/75/48/17/1200x1200/1604120522.jpg|https://img10.naventcdn.com/avisos/18/01/49/75/48/17/1200x1200/1608743274.jpg|https://img10.naventcdn.com/avisos/18/01/49/75/48/17/1200x1200/1608743270.jpg|https://img10.naventcdn.com/avisos/18/01/49/75/48/17/1200x1200/1608743275.jpg|https://img10.naventcdn.com/avisos/18/01/49/75/48/17/1200x1200/1608743273.jpg|https://img10.naventcdn.com/avisos/18/01/49/75/48/17/1200x1200/1608743271.jpg|https://img10.naventcdn.com/avisos/18/01/49/75/48/17/1200x1200/1608743287.jpg|https://img10.naventcdn.com/avisos/18/01/49/75/48/17/1200x1200/1608743272.jpg|https://img10.naventcdn.com/avisos/18/01/49/75/48/17/1200x1200/1608743285.jpg|https://img10.naventcdn.com/avisos/18/01/49/75/48/17/1200x1200/1604120517.jpg|https://img10.naventcdn.com/avisos/18/01/49/75/48/17/1200x1200/1604120566.jpg|https://img10.naventcdn.com/avisos/18/01/49/75/48/17/1200x1200/1604120502.jpg|https://img10.naventcdn.com/avisos/18/01/49/75/48/17/1200x1200/1604120479.jpg|https://img10.naventcdn.com/avisos/18/01/49/75/48/17/1200x1200/1604120510.jpg|https://img10.naventcdn.com/avisos/18/01/49/75/48/17/1200x1200/1604120597.jpg|https://img10.naventcdn.com/avisos/18/01/49/75/48/17/1200x1200/1604120547.jpg|https://img10.naventcdn.com/avisos/18/01/49/75/48/17/1200x1200/1604120613.jpg|https://img10.naventcdn.com/avisos/18/01/49/75/48/17/1200x1200/1604120498.jpg|https://img10.naventcdn.com/avisos/18/01/49/75/48/17/1200x1200/1604120564.jpg|https://img10.naventcdn.com/avisos/18/01/49/75/48/17/1200x1200/1604120574.jpg|https://img10.naventcdn.com/avisos/18/01/49/75/48/17/1200x1200/1604120507.jpg|https://img10.naventcdn.com/avisos/18/01/49/75/48/17/1200x1200/1604120559.jpg|https://img10.naventcdn.com/avisos/18/01/49/75/48/17/1200x1200/1604120492.jpg|https://img10.naventcdn.com/avisos/18/01/49/75/48/17/1200x1200/1604120619.jpg|https://img10.naventcdn.com/avisos/18/01/49/75/48/17/1200x1200/1604120555.jpg|https://img10.naventcdn.com/avisos/18/01/49/75/48/17/1200x1200/1604120538.jpg|https://img10.naventcdn.com/avisos/18/01/49/75/48/17/1200x1200/1625469653.jpg|https://img10.naventcdn.com/avisos/18/01/49/75/48/17/1200x1200/1625469650.jpg|https://img10.naventcdn.com/avisos/18/01/49/75/48/17/1200x1200/1625469672.jpg,,52 2461110456,Ricardo Canul J.,84162,https://www.inmuebles24.com/inmobiliarias/ricardo-canul-j._84162-inmuebles.html,2026-05-06T03:50:39Z,2026-08-25T09:55:22.654129+00:00,https://www.inmuebles24.com/casas-o-casa-en-condominio-o-departamentos-en-venta-en-tlaxcala-provincia-ordenado-por-fechaonline-descendente.html-pagina-5.html
https://www.inmuebles24.com/propiedades/clasificado/veclcain-casa-en-pueblo-san-matias-tepetomatitlan-150267526.html,150267526,VHO8369921,sale,Casa en Pueblo San Matías Tepetomatitlan,"Vive con amplitud, seguridad y una gran vista en San Matías Tepetomatitlán, Tlaxcala Descubre esta hermosa casa de 238 m² de construcción sobre un terreno de 403 m², que combina confort y funcionalidad en un solo lugar. Distribución pensada para tu familia y tu estilo de vida. Características principales: Cocina integral equipada Sala y comedor espaciosos Estudio versátil 3 recámaras con clóset y 4 baños completos Jardín privado Alacena y bodega Cuarto de lavado Estacionamiento para 4 autos Extras de seguridad y comodidad: Vista panorámica Cerca electrificada Portón eléctrico Cisterna de 10,000 litros Los precios de VHO Ver datos pueden variar sin previo aviso, contáctenos para verificar el mismo.",4200000,"MN 4,200,000",MXN,venta,Casa,SAN Matias Tepetomatitlan,Pueblo San Matías Tepetomatitlan,ApetatitlAn de Antonio Carvajal,Tlaxcala,19.3721062599,-98.1982960623,3.0,,403.0,403.0,4.0,0.0,A estrenar,Publicado hace 67 días,,https://img10.naventcdn.com/avisos/18/01/50/26/75/26/1200x1200/1614554997.jpg?isFirstImage=true|https://img10.naventcdn.com/avisos/18/01/50/26/75/26/1200x1200/1614554965.jpg|https://img10.naventcdn.com/avisos/18/01/50/26/75/26/1200x1200/1614554986.jpg|https://img10.naventcdn.com/avisos/18/01/50/26/75/26/1200x1200/1614554933.jpg|https://img10.naventcdn.com/avisos/18/01/50/26/75/26/1200x1200/1614554987.jpg|https://img10.naventcdn.com/avisos/18/01/50/26/75/26/1200x1200/1614554972.jpg|https://img10.naventcdn.com/avisos/18/01/50/26/75/26/1200x1200/1614554992.jpg|https://img10.naventcdn.com/avisos/18/01/50/26/75/26/1200x1200/1614554968.jpg|https://img10.naventcdn.com/avisos/18/01/50/26/75/26/1200x1200/1614554988.jpg|https://img10.naventcdn.com/avisos/18/01/50/26/75/26/1200x1200/1614554969.jpg|https://img10.naventcdn.com/avisos/18/01/50/26/75/26/1200x1200/1614554990.jpg|https://img10.naventcdn.com/avisos/18/01/50/26/75/26/1200x1200/1614554974.jpg|https://img10.naventcdn.com/avisos/18/01/50/26/75/26/1200x1200/1614554966.jpg|https://img10.naventcdn.com/avisos/18/01/50/26/75/26/1200x1200/1614554964.jpg|https://img10.naventcdn.com/avisos/18/01/50/26/75/26/1200x1200/1614554976.jpg|https://img10.naventcdn.com/avisos/18/01/50/26/75/26/1200x1200/1614554996.jpg|https://img10.naventcdn.com/avisos/18/01/50/26/75/26/1200x1200/1614554993.jpg|https://img10.naventcdn.com/avisos/18/01/50/26/75/26/1200x1200/1614554975.jpg|https://img10.naventcdn.com/avisos/18/01/50/26/75/26/1200x1200/1614554989.jpg|https://img10.naventcdn.com/avisos/18/01/50/26/75/26/1200x1200/1614554982.jpg|https://img10.naventcdn.com/avisos/18/01/50/26/75/26/1200x1200/1614554985.jpg|https://img10.naventcdn.com/avisos/18/01/50/26/75/26/1200x1200/1614554980.jpg|https://img10.naventcdn.com/avisos/18/01/50/26/75/26/1200x1200/1614554945.jpg|https://img10.naventcdn.com/avisos/18/01/50/26/75/26/1200x1200/1614554973.jpg|https://img10.naventcdn.com/avisos/18/01/50/26/75/26/1200x1200/1614554927.jpg|https://img10.naventcdn.com/avisos/18/01/50/26/75/26/1200x1200/1614554979.jpg|https://img10.naventcdn.com/avisos/18/01/50/26/75/26/1200x1200/1614554962.jpg|https://img10.naventcdn.com/avisos/18/01/50/26/75/26/1200x1200/1614554971.jpg|https://img10.naventcdn.com/avisos/18/01/50/26/75/26/1200x1200/1614554967.jpg|https://img10.naventcdn.com/avisos/18/01/50/26/75/26/1200x1200/1614554994.jpg|https://img10.naventcdn.com/avisos/18/01/50/26/75/26/1200x1200/1614554984.jpg|https://img10.naventcdn.com/avisos/18/01/50/26/75/26/1200x1200/1614554981.jpg|https://img10.naventcdn.com/avisos/18/01/50/26/75/26/1200x1200/1614554991.jpg|https://img10.naventcdn.com/avisos/18/01/50/26/75/26/1200x1200/1614554970.jpg|https://img10.naventcdn.com/avisos/18/01/50/26/75/26/1200x1200/1614554941.jpg|https://img10.naventcdn.com/avisos/18/01/50/26/75/26/1200x1200/1614554983.jpg|https://img10.naventcdn.com/avisos/18/01/50/26/75/26/1200x1200/1614554978.jpg|https://img10.naventcdn.com/avisos/18/01/50/26/75/26/1200x1200/1614554995.jpg|https://img10.naventcdn.com/avisos/18/01/50/26/75/26/1200x1200/1614554937.jpg,,52 2461110456,Ricardo Canul J.,84162,https://www.inmuebles24.com/inmobiliarias/ricardo-canul-j._84162-inmuebles.html,2026-06-20T03:47Z,2026-08-25T09:55:22.654129+00:00,https://www.inmuebles24.com/casas-o-casa-en-condominio-o-departamentos-en-venta-en-tlaxcala-provincia-ordenado-por-fechaonline-descendente.html-pagina-5.html
https://www.inmuebles24.com/propiedades/clasificado/veclcain-casa-en-renta-o-venta-amueblada-en-fraccionamiento-150047133.html,150047133,EB-WC3960,sale,"Casa en Renta o Venta Amueblada en Fraccionamiento Santa Elena, Tlaxcala","Casa amueblada en Renta o en Venta en Fraccionamiento Santa Elena, Tlaxcala. Vive en un entorno tranquilo y seguro con un hermoso jardín y amplios e iluminados espacios dentro de la casa. Casa distribuida en una sola planta En 1000m2 de terreno y 250m2 de construcción 3 recámaras 3 baños completos Estancia sala-comedor Cocina integral Área de lavado. Cisterna Jardin. Estacionamiento para 5 autos. Vigilancia las 24horas. A 8 minutos de Tlaxcala Centro A 10 minutos de la plaza comercial Galerías A 10 minutos de la plaza comercial Gran Patio A 20 minutos de Valquirico A Hora y media de la Ciudad de México. Zona Residencial con caseta de Vigilancia las 24 horas. Precio RENTA $24,000 Precio VENTA $6,500,000 Consigue tu visita con nosotros Que no te la ganen!!",6500000,"MN 6,500,000",MXN,venta,Casa,Herradura 21,Fraccionamiento Santa Elena,Panotla,Tlaxcala,19.3255791,-98.2700432,3.0,3.0,200.0,1000.0,3.0,0.0,6,Publicado hace 87 días,,https://img10.naventcdn.com/avisos/18/01/50/04/71/33/1200x1200/1610143436.jpg?isFirstImage=true|https://img10.naventcdn.com/avisos/18/01/50/04/71/33/1200x1200/1610143423.jpg|https://img10.naventcdn.com/avisos/18/01/50/04/71/33/1200x1200/1610143426.jpg|https://img10.naventcdn.com/avisos/18/01/50/04/71/33/1200x1200/1610143429.jpg|https://img10.naventcdn.com/avisos/18/01/50/04/71/33/1200x1200/1610143441.jpg|https://img10.naventcdn.com/avisos/18/01/50/04/71/33/1200x1200/1610143439.jpg|https://img10.naventcdn.com/avisos/18/01/50/04/71/33/1200x1200/1610143434.jpg|https://img10.naventcdn.com/avisos/18/01/50/04/71/33/1200x1200/1610143425.jpg|https://img10.naventcdn.com/avisos/18/01/50/04/71/33/1200x1200/1610143431.jpg|https://img10.naventcdn.com/avisos/18/01/50/04/71/33/1200x1200/1610143424.jpg|https://img10.naventcdn.com/avisos/18/01/50/04/71/33/1200x1200/1610143432.jpg|https://img10.naventcdn.com/avisos/18/01/50/04/71/33/1200x1200/1610143428.jpg|https://img10.naventcdn.com/avisos/18/01/50/04/71/33/1200x1200/1610143427.jpg|https://img10.naventcdn.com/avisos/18/01/50/04/71/33/1200x1200/1610143430.jpg|https://img10.naventcdn.com/avisos/18/01/50/04/71/33/1200x1200/1610143437.jpg|https://img10.naventcdn.com/avisos/18/01/50/04/71/33/1200x1200/1610143440.jpg|https://img10.naventcdn.com/avisos/18/01/50/04/71/33/1200x1200/1610143442.jpg|https://img10.naventcdn.com/avisos/18/01/50/04/71/33/1200x1200/1610143435.jpg|https://img10.naventcdn.com/avisos/18/01/50/04/71/33/1200x1200/1610143438.jpg|https://img10.naventcdn.com/avisos/18/01/50/04/71/33/1200x1200/1610143433.jpg,,52 5525337446,Elige Bienes Raices,50906620,https://www.inmuebles24.com/inmobiliarias/elige-bienes-raices_50906620-inmuebles.html,2026-05-30T18:03:10Z,2026-08-25T09:55:22.654129+00:00,https://www.inmuebles24.com/casas-o-casa-en-condominio-o-departamentos-en-venta-en-tlaxcala-provincia-ordenado-por-fechaonline-descendente.html-pagina-5.html
https://www.inmuebles24.com/propiedades/clasificado/veclcain-casa-en-venta-con-amplio-jardin-en-esquina-apizaco-149904966.html,149904966,NN-GZH188,sale,"Casa en Venta con Amplio Jardín en Esquina Apizaco, Tlaxcala","La caracteristica principal de esta casa sin duda es su amplio jardín, la iluminación natural y sus espacios campiranos que te atraparán... Conoce esta casa ubicada en Apizaco, Tlaxcala con ubicación estrategica. A su al rededor encontraras club de padel, farmacias, gimnasio, preparatoria Cobat 10, escuela Nicolas Bravo, cafés, restaurantes, plaza comercial y hospitales como el Hospital Central... La casa cuenta con Cocina integral (con alacena) Desayunador Comedor Sala (con chimenea) Area de oficina Area de blancos Area de lavado Cuarto de servicio Segundo nivel 4 recamaras Area de tv La recamara principal cuanta con jacuzzi, baño completo y closet Cochera con area de herramientas Y una capilla en el jardín Esta propiedad se encuentra ubicada en esquina lo cual enriquece su plusvalía",7000000,"MN 7,000,000",MXN,venta,Casa,"Santa Anita Huiloac, Apizaco, Tlaxcala",,Apizaco,Tlaxcala,19.4053343,-98.1399102,5.0,3.0,433.0,661.0,3.0,0.0,A estrenar,Publicado hace 99 días,,https://img10.naventcdn.com/avisos/18/01/49/90/49/66/1200x1200/1607264603.jpg?isFirstImage=true|https://img10.naventcdn.com/avisos/18/01/49/90/49/66/1200x1200/1607264625.jpg|https://img10.naventcdn.com/avisos/18/01/49/90/49/66/1200x1200/1607264570.jpg|https://img10.naventcdn.com/avisos/18/01/49/90/49/66/1200x1200/1607264600.jpg|https://img10.naventcdn.com/avisos/18/01/49/90/49/66/1200x1200/1607264569.jpg|https://img10.naventcdn.com/avisos/18/01/49/90/49/66/1200x1200/1607264619.jpg|https://img10.naventcdn.com/avisos/18/01/49/90/49/66/1200x1200/1607264618.jpg|https://img10.naventcdn.com/avisos/18/01/49/90/49/66/1200x1200/1607264623.jpg|https://img10.naventcdn.com/avisos/18/01/49/90/49/66/1200x1200/1607264617.jpg|https://img10.naventcdn.com/avisos/18/01/49/90/49/66/1200x1200/1607264567.jpg|https://img10.naventcdn.com/avisos/18/01/49/90/49/66/1200x1200/1607264568.jpg|https://img10.naventcdn.com/avisos/18/01/49/90/49/66/1200x1200/1607264611.jpg|https://img10.naventcdn.com/avisos/18/01/49/90/49/66/1200x1200/1607264598.jpg|https://img10.naventcdn.com/avisos/18/01/49/90/49/66/1200x1200/1607264601.jpg|https://img10.naventcdn.com/avisos/18/01/49/90/49/66/1200x1200/1607264613.jpg|https://img10.naventcdn.com/avisos/18/01/49/90/49/66/1200x1200/1607264620.jpg|https://img10.naventcdn.com/avisos/18/01/49/90/49/66/1200x1200/1607264626.jpg|https://img10.naventcdn.com/avisos/18/01/49/90/49/66/1200x1200/1607264624.jpg|https://img10.naventcdn.com/avisos/18/01/49/90/49/66/1200x1200/1607264622.jpg|https://img10.naventcdn.com/avisos/18/01/49/90/49/66/1200x1200/1607264616.jpg|https://img10.naventcdn.com/avisos/18/01/49/90/49/66/1200x1200/1607264571.jpg|https://img10.naventcdn.com/avisos/18/01/49/90/49/66/1200x1200/1607264614.jpg|https://img10.naventcdn.com/avisos/18/01/49/90/49/66/1200x1200/1607264621.jpg|https://img10.naventcdn.com/avisos/18/01/49/90/49/66/1200x1200/1607264602.jpg|https://img10.naventcdn.com/avisos/18/01/49/90/49/66/1200x1200/1607264627.jpg|https://img10.naventcdn.com/avisos/18/01/49/90/49/66/1200x1200/1607264599.jpg|https://img10.naventcdn.com/avisos/18/01/49/90/49/66/1200x1200/1607264572.jpg|https://img10.naventcdn.com/avisos/18/01/49/90/49/66/1200x1200/1607264615.jpg,,52 2211488548,Sofia Hidalgo,103050551,https://www.inmuebles24.com/inmobiliarias/sofia-hidalgo_103050551-inmuebles.html,2026-05-18T18:27:38Z,2026-08-25T09:55:22.654129+00:00,https://www.inmuebles24.com/casas-o-casa-en-condominio-o-departamentos-en-venta-en-tlaxcala-provincia-ordenado-por-fechaonline-descendente.html-pagina-5.html
https://www.inmuebles24.com/propiedades/clasificado/veclcain-casa-en-venta-de-262-m-sup2--de-construccion-con-4-149828602.html,149828602,64T66M,sale,Casa en Venta de 262 m&sup2; de Construcción con 4 Recámaras en un Conjunto Cerrado en Tlaxcala Ciudad,"Casa de 262 m2 de construcción y 180 m2 de terreno, de amplios e iluminados espacios, ubicada dentro de conjunto privado de 6 casas en Santa María Ixtulco, Tlaxcala. Planta baja: - Cochera techada para 2 autos - Sala - Medio baño - Comedor - Cocina integral - Patio de servicio - Oficina Planta alta: - 1 Recamara principal - Vestidor - Baño con jacuzzi - 3 recamaras secundarias - Baño completo - Sala de t.v Equipamiento: gas estacionario, cámaras de seguridad, cisterna de 10 mil litros, boiler y recolector de aguas pluviales, cuenta con 3 accesos, de la cochera, recibidor y patio de servicio. Nota: Se puede vender con los muebles Vialidades y referencias: Por Guillermo Valle y Carretera Camino Real se encuentra a tan solo 3 minutos la Casa de Gobierno del Estado de Tlaxcala y el Jardín Botánico. Por la vía corta Puebla – Santa Ana se encuentra Sams Club y Waltmart del Molinito, Home Depot del Gran Patio y el Zoológico del Altiplano. A solo 10 minutos del centro de Tlaxcala, Soriana Hiper, la Basílica de Nuestra Señora de Ocotlán y a 13 minutos de Galerías Tlaxcala y el Libramiento. El valor de venta no incluye gastos notariales, avalúos, impuestos y/o comisión por apertura o gastos de administración de créditos.",3980500,"MN 3,980,500",MXN,venta,Casa,Santa María Ixtulco,Santa María Ixtulco,Tlaxcala,Tlaxcala,19.3257955,-98.2062614,4.0,2.0,262.0,180.0,2.0,,25,Publicado hace 105 días,,https://img10.naventcdn.com/avisos/18/01/49/82/86/02/1200x1200/1605723484.jpg?isFirstImage=true|https://img10.naventcdn.com/avisos/18/01/49/82/86/02/1200x1200/1605723463.jpg|https://img10.naventcdn.com/avisos/18/01/49/82/86/02/1200x1200/1605723462.jpg|https://img10.naventcdn.com/avisos/18/01/49/82/86/02/1200x1200/1605723467.jpg|https://img10.naventcdn.com/avisos/18/01/49/82/86/02/1200x1200/1605723461.jpg|https://img10.naventcdn.com/avisos/18/01/49/82/86/02/1200x1200/1605723485.jpg|https://img10.naventcdn.com/avisos/18/01/49/82/86/02/1200x1200/1605723469.jpg|https://img10.naventcdn.com/avisos/18/01/49/82/86/02/1200x1200/1605723479.jpg|https://img10.naventcdn.com/avisos/18/01/49/82/86/02/1200x1200/1605723473.jpg|https://img10.naventcdn.com/avisos/18/01/49/82/86/02/1200x1200/1605723460.jpg|https://img10.naventcdn.com/avisos/18/01/49/82/86/02/1200x1200/1605723482.jpg|https://img10.naventcdn.com/avisos/18/01/49/82/86/02/1200x1200/1605723465.jpg|https://img10.naventcdn.com/avisos/18/01/49/82/86/02/1200x1200/1605723471.jpg|https://img10.naventcdn.com/avisos/18/01/49/82/86/02/1200x1200/1605723483.jpg|https://img10.naventcdn.com/avisos/18/01/49/82/86/02/1200x1200/1605723477.jpg|https://img10.naventcdn.com/avisos/18/01/49/82/86/02/1200x1200/1605723475.jpg|https://img10.naventcdn.com/avisos/18/01/49/82/86/02/1200x1200/1605723464.jpg|https://img10.naventcdn.com/avisos/18/01/49/82/86/02/1200x1200/1605723487.jpg|https://img10.naventcdn.com/avisos/18/01/49/82/86/02/1200x1200/1605723468.jpg|https://img10.naventcdn.com/avisos/18/01/49/82/86/02/1200x1200/1605723476.jpg|https://img10.naventcdn.com/avisos/18/01/49/82/86/02/1200x1200/1605723466.jpg|https://img10.naventcdn.com/avisos/18/01/49/82/86/02/1200x1200/1605723474.jpg|https://img10.naventcdn.com/avisos/18/01/49/82/86/02/1200x1200/1605723478.jpg|https://img10.naventcdn.com/avisos/18/01/49/82/86/02/1200x1200/1605723481.jpg|https://img10.naventcdn.com/avisos/18/01/49/82/86/02/1200x1200/1605723480.jpg|https://img10.naventcdn.com/avisos/18/01/49/82/86/02/1200x1200/1605723470.jpg|https://img10.naventcdn.com/avisos/18/01/49/82/86/02/1200x1200/1605723472.jpg|https://img10.naventcdn.com/avisos/18/01/49/82/86/02/1200x1200/1605723486.jpg,,52 2222121895,JORGE LEONARDO CABRERA RIVERO,102919670,https://www.inmuebles24.com/inmobiliarias/jorge-leonardo-cabrera-rivero_102919670-inmuebles.html,2026-05-12T18:21:52Z,2026-08-25T09:55:22.654129+00:00,https://www.inmuebles24.com/casas-o-casa-en-condominio-o-departamentos-en-venta-en-tlaxcala-provincia-ordenado-por-fechaonline-descendente.html-pagina-5.html
https://www.inmuebles24.com/propiedades/clasificado/veclcain-casa-en-venta-en-club-de-golf-la-escondida-huamantla-150201565.html,150201565,1025-7828,sale,"Casa en Venta en Club de Golf, La Escondida Huamantla","Casa en venta con vista al campo de golf Club de Golf La Escondida, Huamantla, Tlaxcala Vivir aquí es disfrutar del equilibrio perfecto entre la serenidad del entorno natural y la funcionalidad de un hogar diseñado para el confort diario. Esta propiedad, ubicada dentro de un exclusivo fraccionamiento con acceso controlado, ofrece una experiencia residencial pensada para quienes buscan tranquilidad, privacidad y conexión con el paisaje. La arquitectura interior favorece la entrada de luz natural, lo que genera una sensación de amplitud y bienestar desde cualquier punto de la casa. Cada nivel ha sido planeado para ofrecer espacios versátiles que se adaptan a diferentes momentos de la vida desde el descanso profundo, hasta la convivencia o el trabajo desde casa. Las vistas al campo de golf y las montañas son un recordatorio constante de la belleza del entorno. Los acabados y equipamiento garantizan una experiencia práctica y eficiente.El sistema de purificación de agua con luz UV, las ventanas con doble vidrio, cisterna de 10,000 lts, la conexión a internet por fibra óptica y la amplitud de los espacios exteriores son elementos que contribuyen a una vida sin complicaciones y de alto nivel de confort . El jardín privado permite conectarse con la naturaleza, ya sea para momentos de relajación, actividades en familia o eventos al aire libre. El fraccionamiento está rodeado de tranquilidad, con seguridad constante, áreas verdes y un ambiente residencial que privilegia el descanso y la calidad de vida. Distancias aproximadas a puntos clave Centro de Huamantla 7 km Apizaco 23 km Tlaxcala capital 43 km Autopista MéxicoVeracruz 9 km Esta propiedad representa una excelente oportunidad para quienes buscan un lugar donde vivir bien, sin renunciar al contacto con la naturaleza, a la seguridad ya una ubicación estratégica. Llamanos y agente una visita para conocer esta excelente opción para vivir. Precios sujetos a cambio sin previo aviso. Al finalizar tu descripción, agrega este texto en letras pequeñas. Consulta los créditos que aceptamos para esta propiedad. La información y documentación del inmueble se proporcionará en el proceso de venta. Los precios son al contado con pago al vendedor. El costo de financiamiento depende de cada institución bancaria yo financiera. Los muebles que aparecen en la publicación son con fines ilustrativos y no están incluidos en el precio de venta. Todas las imágenes mostradas en este anuncio son para fines ilustrativos, el resultado final puede variar. Es importante hacer una visita al inmueble para conocer características yo acabados. Visita mi aviso de privacidad o deja tus dudas, quejas o sugerencias en mi página web que se encuentra en el pie de la foto.",5500000,"MN 5,500,000",MXN,venta,Casa,"Calle Xicohténcatl 16, Unidad Hab Ignacio Zaragoza, 90506 Huamantla, Tlax, México",,Huamantla,Tlaxcala,19.319349,-97.936464,4.0,2.0,3080.0,6000.0,,,,Publicado hace 71 días,,https://img10.naventcdn.com/avisos/18/01/50/20/15/65/1200x1200/1613238367.jpg?isFirstImage=true|https://img10.naventcdn.com/avisos/18/01/50/20/15/65/1200x1200/1613238378.jpg|https://img10.naventcdn.com/avisos/18/01/50/20/15/65/1200x1200/1613238368.jpg|https://img10.naventcdn.com/avisos/18/01/50/20/15/65/1200x1200/1613238371.jpg|https://img10.naventcdn.com/avisos/18/01/50/20/15/65/1200x1200/1613238372.jpg|https://img10.naventcdn.com/avisos/18/01/50/20/15/65/1200x1200/1613238379.jpg|https://img10.naventcdn.com/avisos/18/01/50/20/15/65/1200x1200/1613238374.jpg|https://img10.naventcdn.com/avisos/18/01/50/20/15/65/1200x1200/1613238373.jpg|https://img10.naventcdn.com/avisos/18/01/50/20/15/65/1200x1200/1613238366.jpg|https://img10.naventcdn.com/avisos/18/01/50/20/15/65/1200x1200/1613238380.jpg|https://img10.naventcdn.com/avisos/18/01/50/20/15/65/1200x1200/1613238370.jpg|https://img10.naventcdn.com/avisos/18/01/50/20/15/65/1200x1200/1613238376.jpg|https://img10.naventcdn.com/avisos/18/01/50/20/15/65/1200x1200/1613238377.jpg|https://img10.naventcdn.com/avisos/18/01/50/20/15/65/1200x1200/1613238364.jpg|https://img10.naventcdn.com/avisos/18/01/50/20/15/65/1200x1200/1613238369.jpg|https://img10.naventcdn.com/avisos/18/01/50/20/15/65/1200x1200/1613238365.jpg|https://img10.naventcdn.com/avisos/18/01/50/20/15/65/1200x1200/1613238375.jpg,,52 5560340348,KW Prestige,102805851,https://www.inmuebles24.com/inmobiliarias/kw-prestige_102805851-inmuebles.html,2026-06-15T09:28:44Z,2026-08-25T09:55:22.654129+00:00,https://www.inmuebles24.com/casas-o-casa-en-condominio-o-departamentos-en-venta-en-tlaxcala-provincia-ordenado-por-fechaonline-descendente.html-pagina-5.html
https://www.inmuebles24.com/propiedades/clasificado/veclcain-casa-en-venta-en-el-sabinal-tlaxcala-150149810.html,150149810,1025-7934,sale,"Casa en Venta en El Sabinal, Tlaxcala","Residencia Moderna en Zona Exclusiva de Apizaco Fraccionamiento El Sabinal Esta residencia impone presencia con un diseño contemporáneo y un jardín frontal cuidadosamente diseñado, ideal para recibir con calidez y distinción. La cochera techada, con pérgola de vidrio templado y estructura metálica, brinda espacio para tres autos y realza la estética del acceso principal. Al ingresar, se abre un ambiente de gran amplitud y luz natural que recorre la zona social. El área de salacomedor fluye armónicamente, perfecta para convivencias familiares, con pisos cerámicos en acabado tipo madera que aportan calidez al entorno. La cocina está equipada con muebles de cedro rojo de alta calidad y cubiertas en Quarzita Griega, un material elegante y duradero. Se incluye refrigerador dúplex, estufa con horno digital, y una distribución práctica para preparar y compartir momentos especiales. El cuarto de lavado, funcional y discreto, incluye mueble a medida y centro de lavado y secado, además de conexión directa al patio de servicio, con bajada de gas desde el tanque estacionario. La oficina privada en planta baja te permite trabajar desde casa con tranquilidad y profesionalismo, mientras que una bodega bien ubicada resuelve tus necesidades de almacenaje. El jardín trasero y la amplia terraza son el alma exterior de la casa. Espacio ideal para reuniones al aire libre, con diseño que favorece la privacidad, áreas verdes listas para disfrutar y la posibilidad de personalizar un ambiente de descanso o juego. En el nivel superior, las habitaciones ofrecen privacidad, amplitud y funcionalidad. Cada una cuenta con excelente iluminación natural, y los baños están terminados con materiales resistentes, combinando losetas cerámicas de diseño actual con muebles contemporáneos. La casa incorpora tecnología para tu seguridad y confort sistema de cámaras 4K HD con tecnología POE, red cableada con distribuidor principal, presurizador hidráulico para presión constante en toda la casa y acabados que facilitan su mantenimiento diario. Ubicada en una zona residencial tranquila y bien conectada A solo 2.5 km del centro de Apizaco 2 km de Galerías Apizaco 3.2 km de la terminal de autobuses 4 km de hospitales, colegios y universidades Con rápida salida a la Carretera Federal y acceso a Puebla Agenda tu visita hoy y descubre por qué esta puede ser la mejor inversión en tu patrimonio. Precios sujetos a cambios sin previo aviso. Consulta los créditos que aceptamos para esta propiedad. La información y documentación del inmueble se proporcionará en el proceso de venta. Los precios son al contado con pago al vendedor. El costo de financiamiento depende de cada institución bancaria yo financiera Los muebles que aparecen en la publicación son con fines ilustrativos y no están incluidos en el precio de venta Todas las imágenes mostradas en este anuncio son para fines ilustrativos, el resultado final puede variar. Es importante hacer una visita al inmueble para conocer características yo acabados. Visita mi aviso de privacidad o deja tus dudas, quejas o sugerencias en mi página web que se encuentra en el pie de la foto.",7250000,"MN 7,250,000",MXN,venta,Casa,"Calle David Alfaro Siqueiros, Santa Anita Huiloac, 90407 Apizaco, Tlax, México",,Apizaco,Tlaxcala,19.3940049,-98.1482941,4.0,5.0,311.0,312.0,,,,Publicado hace 77 días,,https://img10.naventcdn.com/avisos/18/01/50/14/98/10/1200x1200/1612247882.jpg?isFirstImage=true|https://img10.naventcdn.com/avisos/18/01/50/14/98/10/1200x1200/1612249296.jpg|https://img10.naventcdn.com/avisos/18/01/50/14/98/10/1200x1200/1612249662.jpg|https://img10.naventcdn.com/avisos/18/01/50/14/98/10/1200x1200/1612249568.jpg|https://img10.naventcdn.com/avisos/18/01/50/14/98/10/1200x1200/1612248686.jpg|https://img10.naventcdn.com/avisos/18/01/50/14/98/10/1200x1200/1612249003.jpg|https://img10.naventcdn.com/avisos/18/01/50/14/98/10/1200x1200/1612249751.jpg|https://img10.naventcdn.com/avisos/18/01/50/14/98/10/1200x1200/1612249728.jpg|https://img10.naventcdn.com/avisos/18/01/50/14/98/10/1200x1200/1612249829.jpg|https://img10.naventcdn.com/avisos/18/01/50/14/98/10/1200x1200/1612249343.jpg|https://img10.naventcdn.com/avisos/18/01/50/14/98/10/1200x1200/1612248029.jpg|https://img10.naventcdn.com/avisos/18/01/50/14/98/10/1200x1200/1612248148.jpg|https://img10.naventcdn.com/avisos/18/01/50/14/98/10/1200x1200/1612249491.jpg|https://img10.naventcdn.com/avisos/18/01/50/14/98/10/1200x1200/1612248260.jpg|https://img10.naventcdn.com/avisos/18/01/50/14/98/10/1200x1200/1612249593.jpg|https://img10.naventcdn.com/avisos/18/01/50/14/98/10/1200x1200/1612249516.jpg|https://img10.naventcdn.com/avisos/18/01/50/14/98/10/1200x1200/1612249136.jpg|https://img10.naventcdn.com/avisos/18/01/50/14/98/10/1200x1200/1612248480.jpg|https://img10.naventcdn.com/avisos/18/01/50/14/98/10/1200x1200/1612249058.jpg|https://img10.naventcdn.com/avisos/18/01/50/14/98/10/1200x1200/1612247580.jpg|https://img10.naventcdn.com/avisos/18/01/50/14/98/10/1200x1200/1612248877.jpg|https://img10.naventcdn.com/avisos/18/01/50/14/98/10/1200x1200/1612248348.jpg|https://img10.naventcdn.com/avisos/18/01/50/14/98/10/1200x1200/1612247752.jpg|https://img10.naventcdn.com/avisos/18/01/50/14/98/10/1200x1200/1612250004.jpg|https://img10.naventcdn.com/avisos/18/01/50/14/98/10/1200x1200/1612248815.jpg|https://img10.naventcdn.com/avisos/18/01/50/14/98/10/1200x1200/1612249687.jpg|https://img10.naventcdn.com/avisos/18/01/50/14/98/10/1200x1200/1612249876.jpg|https://img10.naventcdn.com/avisos/18/01/50/14/98/10/1200x1200/1612248757.jpg|https://img10.naventcdn.com/avisos/18/01/50/14/98/10/1200x1200/1612249966.jpg|https://img10.naventcdn.com/avisos/18/01/50/14/98/10/1200x1200/1612248428.jpg|https://img10.naventcdn.com/avisos/18/01/50/14/98/10/1200x1200/1612249928.jpg|https://img10.naventcdn.com/avisos/18/01/50/14/98/10/1200x1200/1612249539.jpg|https://img10.naventcdn.com/avisos/18/01/50/14/98/10/1200x1200/1612249214.jpg|https://img10.naventcdn.com/avisos/18/01/50/14/98/10/1200x1200/1612249408.jpg|https://img10.naventcdn.com/avisos/18/01/50/14/98/10/1200x1200/1612248575.jpg|https://img10.naventcdn.com/avisos/18/01/50/14/98/10/1200x1200/1612248648.jpg|https://img10.naventcdn.com/avisos/18/01/50/14/98/10/1200x1200/1612248957.jpg|https://img10.naventcdn.com/avisos/18/01/50/14/98/10/1200x1200/1612250034.jpg|https://img10.naventcdn.com/avisos/18/01/50/14/98/10/1200x1200/1612249784.jpg,,52 5560340348,KW Prestige,102805851,https://www.inmuebles24.com/inmobiliarias/kw-prestige_102805851-inmuebles.html,2026-06-09T22:26:49Z,2026-08-25T09:55:22.654129+00:00,https://www.inmuebles24.com/casas-o-casa-en-condominio-o-departamentos-en-venta-en-tlaxcala-provincia-ordenado-por-fechaonline-descendente.html-pagina-5.html
https://www.inmuebles24.com/propiedades/clasificado/veclcain-casa-en-venta-en-fracc.-valle-esmeralda-tlax-150367840.html,150367840,1025-ECH-CEC-003,sale,"Casa en Venta en Fracc. Valle Esmeralda, Tlax","Haz una inversión en una de las zonas centricas de Apizaco. Esta propiedad combina comodidad, distribución y seguridad. Ubicada en un desarrollo residencial cerrado en San Luis Apizaquito, disfrutarás de un ambiente privado a solo 4.5 km del centro. Características Principales 3 Recámaras Ofrece espacios con ventilación y entrada de luz natural. 1 Baño completo Funcional y bien ubicado. Área de convivencia Espacio integrado para sala, comedor y cocina. Estacionamiento 1 cajón privado al frente. Patio de servicio y lavado, cuenta con un sistema dual con calentador solar de alta eficiencia y calentador de gas de respaldo, así como con una cisterna de 10,000 litros equipada con bomba automática, Reja de seguridad zaguán en el acceso principal y reja de protección en el patio de servicio. Cuenta con un acceso controlado y vigilancia en el fraccionamiento. Consulta los créditos que aceptamos para esta propiedad. La información y documentación del inmueble se proporcionará en el proceso de venta. Los precios son al contado con pago al vendedor. El costo de financiamiento depende de cada institución bancaria yo financiera Los muebles que aparecen en la publicación son con fines ilustrativos y no están incluidos en el precio de venta Todas las imágenes mostradas en este anuncio son para fines ilustrativos, el resultado final puede variar. Es importante hacer una visita al inmueble para conocer características yo acabados. Visita mi aviso de privacidad o deja tus dudas, quejas o sugerencias en mi página web que se encuentra en el pie de la foto.",1100000,"MN 1,100,000",MXN,venta,Casa,"Privada José María Morelos, Benito Juárez Apizaquito, 90401 Apizaco, Tlax, México",Benito Juárez Apizaquito,Apizaco,Tlaxcala,19.42795026411663,-98.11386218413084,3.0,1.0,76.0,94.0,1.0,,,Publicado hace 57 días,,https://img10.naventcdn.com/avisos/18/01/50/36/78/40/1200x1200/1616711129.jpg?isFirstImage=true|https://img10.naventcdn.com/avisos/18/01/50/36/78/40/1200x1200/1616711096.jpg|https://img10.naventcdn.com/avisos/18/01/50/36/78/40/1200x1200/1616711146.jpg|https://img10.naventcdn.com/avisos/18/01/50/36/78/40/1200x1200/1616711057.jpg|https://img10.naventcdn.com/avisos/18/01/50/36/78/40/1200x1200/1616711087.jpg|https://img10.naventcdn.com/avisos/18/01/50/36/78/40/1200x1200/1616711161.jpg|https://img10.naventcdn.com/avisos/18/01/50/36/78/40/1200x1200/1616711042.jpg|https://img10.naventcdn.com/avisos/18/01/50/36/78/40/1200x1200/1616711194.jpg|https://img10.naventcdn.com/avisos/18/01/50/36/78/40/1200x1200/1616711188.jpg|https://img10.naventcdn.com/avisos/18/01/50/36/78/40/1200x1200/1616711061.jpg|https://img10.naventcdn.com/avisos/18/01/50/36/78/40/1200x1200/1616711079.jpg|https://img10.naventcdn.com/avisos/18/01/50/36/78/40/1200x1200/1616711155.jpg|https://img10.naventcdn.com/avisos/18/01/50/36/78/40/1200x1200/1616711114.jpg|https://img10.naventcdn.com/avisos/18/01/50/36/78/40/1200x1200/1616711174.jpg|https://img10.naventcdn.com/avisos/18/01/50/36/78/40/1200x1200/1616711051.jpg|https://img10.naventcdn.com/avisos/18/01/50/36/78/40/1200x1200/1616711066.jpg|https://img10.naventcdn.com/avisos/18/01/50/36/78/40/1200x1200/1616711139.jpg|https://img10.naventcdn.com/avisos/18/01/50/36/78/40/1200x1200/1616711182.jpg|https://img10.naventcdn.com/avisos/18/01/50/36/78/40/1200x1200/1616711179.jpg|https://img10.naventcdn.com/avisos/18/01/50/36/78/40/1200x1200/1616711106.jpg|https://img10.naventcdn.com/avisos/18/01/50/36/78/40/1200x1200/1616711048.jpg|https://img10.naventcdn.com/avisos/18/01/50/36/78/40/1200x1200/1616711190.jpg|https://img10.naventcdn.com/avisos/18/01/50/36/78/40/1200x1200/1616711167.jpg|https://img10.naventcdn.com/avisos/18/01/50/36/78/40/1200x1200/1616711036.jpg|https://img10.naventcdn.com/avisos/18/01/50/36/78/40/1200x1200/1616711072.jpg,,52 5560340348,KW Prestige,102805851,https://www.inmuebles24.com/inmobiliarias/kw-prestige_102805851-inmuebles.html,2026-06-29T09:36:18Z,2026-08-25T09:56:16.640151+00:00,https://www.inmuebles24.com/casas-o-casa-en-condominio-o-departamentos-en-venta-en-tlaxcala-provincia-ordenado-por-fechaonline-descendente.html-pagina-5.html
https://www.inmuebles24.com/propiedades/clasificado/veclcain-casa-en-venta-en-fraccionamiento-santa-elena-panotla-150070382.html,150070382,NX-300409,sale,"Casa en Venta en Fraccionamiento Santa Elena, Panotla, Tlaxcala","Ref: 3 0 0 4 0 9 En la apacible y acogedora comunidad de Santa Elena, en Panotla, Tlaxcala, se encuentra esta amplia y hermosa casa en venta. Con una superficie de 205 m2 de construcción, esta propiedad cuenta con 4 recámaras, 2 baños completos, 1 medio baño, y está equipada con comodidades y amenidades que la convierten en el hogar perfecto para tu familia. Ubicada en una zona con uso de suelo residencial, esta casa cuenta con un jardín perfecto para relajarse, además de un área de juegos infantiles y estacionamiento para visitas. Las puertas eléctricas brindan un extra nivel de seguridad y comodidad, mientras que el cuarto de servicio y los armarios empotrados hacen que la organización sea una tarea sencilla. La cocina equipada y el piso de cerámica dan un toque moderno y funcional a esta propiedad. Además, es pet friendly, ideal para aquellos que tienen mascotas. La seguridad privada brinda tranquilidad a los residentes. En cuanto a las zonas de interés cercanas, se encuentran el centro comercial Plaza Real Tlaxcala, el restaurante La Terraza Tlaxcala, y el Parque Papalotla. Las principales vías de acceso son la Carretera Federal México Tlaxcala y la Carretera Federal Apizaco-Tlaxcala. ¡No dejes pasar la oportunidad de hacer de esta casa tu nuevo hogar!",3790000,"MN 3,790,000",MXN,venta,Casa,Herradura S/N,Fraccionamiento Santa Elena,Panotla,Tlaxcala,19.32569821661324,-98.27006942591066,4.0,2.0,205.0,315.0,3.0,0.0,30,Publicado hace 84 días,,https://img10.naventcdn.com/avisos/18/01/50/07/03/82/1200x1200/1610591294.jpg?isFirstImage=true|https://img10.naventcdn.com/avisos/18/01/50/07/03/82/1200x1200/1610591330.jpg|https://img10.naventcdn.com/avisos/18/01/50/07/03/82/1200x1200/1610591327.jpg|https://img10.naventcdn.com/avisos/18/01/50/07/03/82/1200x1200/1610591319.jpg|https://img10.naventcdn.com/avisos/18/01/50/07/03/82/1200x1200/1610591289.jpg|https://img10.naventcdn.com/avisos/18/01/50/07/03/82/1200x1200/1610591329.jpg|https://img10.naventcdn.com/avisos/18/01/50/07/03/82/1200x1200/1610591293.jpg|https://img10.naventcdn.com/avisos/18/01/50/07/03/82/1200x1200/1610591325.jpg|https://img10.naventcdn.com/avisos/18/01/50/07/03/82/1200x1200/1610591296.jpg|https://img10.naventcdn.com/avisos/18/01/50/07/03/82/1200x1200/1610591335.jpg|https://img10.naventcdn.com/avisos/18/01/50/07/03/82/1200x1200/1610591322.jpg|https://img10.naventcdn.com/avisos/18/01/50/07/03/82/1200x1200/1610591313.jpg|https://img10.naventcdn.com/avisos/18/01/50/07/03/82/1200x1200/1610591312.jpg|https://img10.naventcdn.com/avisos/18/01/50/07/03/82/1200x1200/1610591316.jpg|https://img10.naventcdn.com/avisos/18/01/50/07/03/82/1200x1200/1610591331.jpg|https://img10.naventcdn.com/avisos/18/01/50/07/03/82/1200x1200/1610591315.jpg|https://img10.naventcdn.com/avisos/18/01/50/07/03/82/1200x1200/1610591337.jpg|https://img10.naventcdn.com/avisos/18/01/50/07/03/82/1200x1200/1610591332.jpg|https://img10.naventcdn.com/avisos/18/01/50/07/03/82/1200x1200/1610591291.jpg,,52 5574117755,iad Inmobiliaria,50956067,https://www.inmuebles24.com/inmobiliarias/iad-inmobiliaria_50956067-inmuebles.html,2026-06-02T15:24:59Z,2026-08-25T09:56:16.640151+00:00,https://www.inmuebles24.com/casas-o-casa-en-condominio-o-departamentos-en-venta-en-tlaxcala-provincia-ordenado-por-fechaonline-descendente.html-pagina-5.html
https://www.inmuebles24.com/propiedades/clasificado/veclcain-casa-en-venta-en-privada-en-apizaco-149869207.html,149869207,NX-298769,sale,Casa en Venta en Privada en Apizaco,"Ref: 2 9 8 7 6 9 ¡Estrena hogar en zona Apizaco! Se vende hermosa casa nueva dentro de privada, ideal para quienes buscan seguridad, comodidad y una excelente oportunidad de inversión. Precio: $1,300,000 Acepta todo tipo de crédito Ubicada en zona Apizaco, con fácil acceso a servicios, comercios y principales vialidades. La propiedad cuenta con: *3 recámaras *1 baño completo *Espacio para 1 automóvil *128 m² de construcción *90 m² de terreno Una excelente opción para familias que desean comenzar una nueva etapa en un espacio cómodo, funcional y con gran potencial de plusvalía. Vive con la tranquilidad de estar dentro de privada y disfruta de un hogar pensado para tu comodidad. Agenda tu cita y conoce esta gran oportunidad.",1300000,"MN 1,300,000",MXN,venta,Casa,Sinanche 75,Pueblo 4ta San Bartolomé Matlalohcan,Tetla de la Solidaridad,Tlaxcala,19.427814595141097,-98.13197201787284,3.0,1.0,128.0,90.0,1.0,0.0,A estrenar,Publicado hace 102 días,,https://img10.naventcdn.com/avisos/18/01/49/86/92/07/1200x1200/1606511950.jpg?isFirstImage=true|https://img10.naventcdn.com/avisos/18/01/49/86/92/07/1200x1200/1606511993.jpg|https://img10.naventcdn.com/avisos/18/01/49/86/92/07/1200x1200/1606511982.jpg|https://img10.naventcdn.com/avisos/18/01/49/86/92/07/1200x1200/1606511990.jpg|https://img10.naventcdn.com/avisos/18/01/49/86/92/07/1200x1200/1606511988.jpg|https://img10.naventcdn.com/avisos/18/01/49/86/92/07/1200x1200/1606511968.jpg|https://img10.naventcdn.com/avisos/18/01/49/86/92/07/1200x1200/1606511953.jpg|https://img10.naventcdn.com/avisos/18/01/49/86/92/07/1200x1200/1606511985.jpg|https://img10.naventcdn.com/avisos/18/01/49/86/92/07/1200x1200/1606511946.jpg|https://img10.naventcdn.com/avisos/18/01/49/86/92/07/1200x1200/1606511997.jpg,,52 5574117755,iad Inmobiliaria,50956067,https://www.inmuebles24.com/inmobiliarias/iad-inmobiliaria_50956067-inmuebles.html,2026-05-15T19:04:36Z,2026-08-25T09:56:16.640151+00:00,https://www.inmuebles24.com/casas-o-casa-en-condominio-o-departamentos-en-venta-en-tlaxcala-provincia-ordenado-por-fechaonline-descendente.html-pagina-5.html
https://www.inmuebles24.com/propiedades/clasificado/veclcain-casa-en-venta-en-santa-anita-huiloac-apizaco-150383952.html,150383952,NX-302402,sale,"Casa en Venta en Santa Anita Huiloac, Apizaco; Tlaxcala.","Ref: 3 0 2 4 0 2 Descubre una excelente oportunidad para vivir en una de las zonas con mayor crecimiento y plusvalía de Tlaxcala. Esta moderna residencia en Santa Anita Huiloac; Apizaco, combina diseño contemporáneo, amplios espacios y una ubicación estratégica, ideal para quienes buscan comodidad, seguridad y una inversión con gran proyección de valor. Ubicada a tan solo cinco minutos de Ciudad Judicial, con fácil acceso a la carretera a Huamantla y muy cerca de La Y, FEMSA Coca-Cola y Atlhihuetzia, esta propiedad ofrece la conectividad que necesitas para disfrutar de una vida práctica sin alejarte de los principales servicios y vías de comunicación. La casa cuenta con tres amplias habitaciones, dos baños completos y dos medios baños, brindando espacios cómodos para toda la familia. La recámara principal dispone de vestidor, clóset y balcón, creando un ambiente privado y funcional. La cocina integral destaca por su elegante cubierta de granito e incluye estufa, campana y tarja, mientras que los pisos de mármol aportan un toque de distinción y calidad en cada espacio. Además, dispone de roof garden con pérgola, perfecto para disfrutar reuniones al aire libre o momentos de descanso con una agradable vista. También cuenta con patio de servicio con lavadero, cochera para dos autos y cisterna, ofreciendo funcionalidad y comodidad para el día a día. Esta propiedad representa una excelente oportunidad para quienes desean adquirir un hogar moderno en una ubicación privilegiada o realizar una inversión sólida en una zona de alta demanda. Agenda tu visita y conoce personalmente cada detalle de esta residencia. Estoy segura de que cuando la recorras descubrirás por qué puede convertirse en el hogar que siempre has buscado.",3000000,"MN 3,000,000",MXN,venta,Casa,SIN NOMBRE 105,Pueblo Santa Anita Huiloac,Apizaco,Tlaxcala,19.389108752786324,-98.14772683037388,3.0,2.0,225.0,97.0,2.0,0.0,A estrenar,Publicado hace 56 días,,https://img10.naventcdn.com/avisos/resize/18/01/50/38/39/52/1200x1200/1617026537.jpg?isFirstImage=true|https://img10.naventcdn.com/avisos/resize/18/01/50/38/39/52/1200x1200/1617026523.jpg|https://img10.naventcdn.com/avisos/resize/18/01/50/38/39/52/1200x1200/1617026484.jpg|https://img10.naventcdn.com/avisos/resize/18/01/50/38/39/52/1200x1200/1617026351.jpg|https://img10.naventcdn.com/avisos/resize/18/01/50/38/39/52/1200x1200/1617026355.jpg|https://img10.naventcdn.com/avisos/resize/18/01/50/38/39/52/1200x1200/1617026541.jpg|https://img10.naventcdn.com/avisos/resize/18/01/50/38/39/52/1200x1200/1617026357.jpg|https://img10.naventcdn.com/avisos/resize/18/01/50/38/39/52/1200x1200/1617026550.jpg|https://img10.naventcdn.com/avisos/resize/18/01/50/38/39/52/1200x1200/1617026346.jpg|https://img10.naventcdn.com/avisos/resize/18/01/50/38/39/52/1200x1200/1617026444.jpg|https://img10.naventcdn.com/avisos/resize/18/01/50/38/39/52/1200x1200/1617026546.jpg|https://img10.naventcdn.com/avisos/18/01/50/38/39/52/1200x1200/1617026543.jpg,,52 5574117755,iad Inmobiliaria,50956067,https://www.inmuebles24.com/inmobiliarias/iad-inmobiliaria_50956067-inmuebles.html,2026-06-30T16:13:37Z,2026-08-25T09:56:16.640151+00:00,https://www.inmuebles24.com/casas-o-casa-en-condominio-o-departamentos-en-venta-en-tlaxcala-provincia-ordenado-por-fechaonline-descendente.html-pagina-5.html
https://www.inmuebles24.com/propiedades/clasificado/veclcain-casa-en-venta-fraccionamiento-zona-santa-cruz-150140234.html,150140234,620975--297,sale,"Casa en Venta Fraccionamiento, Zona Santa Cruz Tlaxcala, Tlax.","Casas en venta dentro de fraccionamiento, ubicadas en la zona de Santa Cruz, Tlaxcala\r Propiedad ubicada en zona habitacional de Tetzotzocola, dentro del municipio de Santa Cruz Tlaxcala. Su localización permite una conexión rápida con Apizaco, principal centro comercial y de servicios de la región, así como acceso a vías hacia Tlaxcala capital y Puebla.\r \r Características:\r \r Terreno: 90 m²\r Construcción: 86m²\r \r 1.Estacionamiento\r 2. Bodega\r 3. Sala comedor\r 4. Cocina\r 5. Patio de servicio \r 6. Medio baño\r 7. Área de lavado\r 8. 3 recamaras \r 9. 1 baño completo.\r \r se entregan con los siguientes equipos:\r \r *Calentador instantáneo.\r *Hidroneumatico\r *Lavadero\r *Muebles de baño. \r \r LUGARES DE INTERÉS CERCANOS EN LA ZONA\r \r -Centro de Santa Cruz Tlaxcala: 2 a 3 km\r (servicios municipales, comercios locales, bancos y mercado)\r -Apizaco centro: 6 a 8 km\r (zona comercial principal, plazas, restaurantes y servicios financieros)\r -Supermercados y tiendas de autoservicio en Apizaco: 6 a 8 km\r Zona comercial Apizaco–Yauhquemehcan: 5 a 7 km\r -Universidad Pedagógica Nacional (UPN Tlaxcala): aproximadamente 5.1 km\r Instituto Tecnológico de Apizaco: aproximadamente 6.5 km\r -Centro Vacacional La Trinidad: aproximadamente 0.8 km\r \r CONECTIVIDAD\r Carretera Santa Cruz – Apizaco: 1 a 2 km\r Apizaco: 10 a 15 minutos en automóvil\r Tlaxcala capital: 20 a 25 minutos aproximados\r Zona norte de Puebla: 45 a 60 minutos aproximados\r \r ¡LLAMA Y AGENDA UNA CITA!\r \r Información PROFECO\r Contrato de Adhesión de intermediación para la compraventa de inmuebles.\r Registrado en la Procuraduría Federal del Consumidor (PROFECO)\r Número Ver datos de fecha 08 de marzo de 2023.",1350000,"MN 1,350,000",MXN,venta,Casa,"Casa en venta  Fraccionamiento , zona Santa Cruz Tlaxcala, Tlax. 1",Barrio Tetzotzocola,Santa Cruz Tlaxcala,Tlaxcala,19.355303,-98.1406835,3.0,1.0,86.0,90.0,1.0,,1,Publicado hace 77 días,,https://img10.naventcdn.com/avisos/18/01/50/14/02/34/1200x1200/1611991623.jpg?isFirstImage=true|https://img10.naventcdn.com/avisos/18/01/50/14/02/34/1200x1200/1611991626.jpg|https://img10.naventcdn.com/avisos/18/01/50/14/02/34/1200x1200/1611991629.jpg|https://img10.naventcdn.com/avisos/18/01/50/14/02/34/1200x1200/1611991621.jpg|https://img10.naventcdn.com/avisos/18/01/50/14/02/34/1200x1200/1611991637.jpg,,52 2224838383,Century21 El Cielo (C21),157299,https://www.inmuebles24.com/inmobiliarias/century21-el-cielo-c21_157299-inmuebles.html,2026-06-09T07:25:48Z,2026-08-25T09:56:16.640151+00:00,https://www.inmuebles24.com/casas-o-casa-en-condominio-o-departamentos-en-venta-en-tlaxcala-provincia-ordenado-por-fechaonline-descendente.html-pagina-5.html
https://www.inmuebles24.com/propiedades/clasificado/veclcain-casa-en-venta-ubicada-en-loma-florida-en-apizaco-150217661.html,150217661,65DIFB,sale,Casa en Venta Ubicada en Loma Florida en Apizaco Tlaxcala,"Bonita y cómoda casa habitación de dos niveles, con garaje para 1 auto, patio de servicio, cisterna. En planta baja se encuentra: Sala-comedor, cocina, medio baño. Y en el primer Nivel: Tres recamaras, y un baño completo. Todos los servicios ya disponibles. Excelente opción para tu familia.",1200000,"MN 1,200,000",MXN,venta,Casa,Artemisas 2106,Loma Florida 2a Secc,Apizaco,Tlaxcala,19.402476,-98.136519,3.0,1.0,126.0,127.0,1.0,,12,Publicado hace 70 días,,https://img10.naventcdn.com/avisos/18/01/50/21/76/61/1200x1200/1613537224.jpg?isFirstImage=true|https://img10.naventcdn.com/avisos/18/01/50/21/76/61/1200x1200/1613537226.jpg|https://img10.naventcdn.com/avisos/18/01/50/21/76/61/1200x1200/1613537229.jpg|https://img10.naventcdn.com/avisos/18/01/50/21/76/61/1200x1200/1613537233.jpg|https://img10.naventcdn.com/avisos/18/01/50/21/76/61/1200x1200/1613537234.jpg|https://img10.naventcdn.com/avisos/18/01/50/21/76/61/1200x1200/1613537227.jpg|https://img10.naventcdn.com/avisos/18/01/50/21/76/61/1200x1200/1613537222.jpg|https://img10.naventcdn.com/avisos/18/01/50/21/76/61/1200x1200/1613537236.jpg|https://img10.naventcdn.com/avisos/18/01/50/21/76/61/1200x1200/1613537235.jpg|https://img10.naventcdn.com/avisos/18/01/50/21/76/61/1200x1200/1613537228.jpg|https://img10.naventcdn.com/avisos/18/01/50/21/76/61/1200x1200/1613537232.jpg|https://img10.naventcdn.com/avisos/18/01/50/21/76/61/1200x1200/1613537225.jpg|https://img10.naventcdn.com/avisos/18/01/50/21/76/61/1200x1200/1613537223.jpg|https://img10.naventcdn.com/avisos/18/01/50/21/76/61/1200x1200/1613537230.jpg|https://img10.naventcdn.com/avisos/18/01/50/21/76/61/1200x1200/1613537231.jpg,,52 2411152416,KALI INMOBILIARIA,653778,https://www.inmuebles24.com/inmobiliarias/kali-inmobiliaria_653778-inmuebles.html,2026-06-16T17:57:04Z,2026-08-25T09:56:16.640151+00:00,https://www.inmuebles24.com/casas-o-casa-en-condominio-o-departamentos-en-venta-en-tlaxcala-provincia-ordenado-por-fechaonline-descendente.html-pagina-5.html
https://www.inmuebles24.com/propiedades/clasificado/veclcain-casa-nueva-en-venta-en-segunda-seccion-tetla-de-la-150326434.html,150326434,NX-301305,sale,"Casa Nueva en Venta en Segunda Seccion, Tetla de La Solidaridad, Tlaxcala","Ref: 3 0 1 3 0 5 ¡Bienvenidos a la casa de tus sueños en Teotlalpan, Tetla de la Solidaridad, Tlaxcala! Esta hermosa propiedad se encuentra en una zona residencial tranquila y segura, ideal para quienes buscan comodidad y exclusividad. Con una construcción de 155 m2, esta casa cuenta con 3 recámaras, 2 baños completos, un medio baño, acabados de lujo y un diseño moderno que te enamorará a primera vista. Además, disfrutarás de espacios adicionales que harán de tu hogar un lugar único. Con un área de juegos infantiles, un acogedor jardín, una amplia terraza para tus reuniones familiares y amigos, y la posibilidad de tener mascotas gracias a su pet friendly. Sin mencionar la seguridad privada que te brindará tranquilidad las 24 horas del día. Teotlalpan se destaca por su excelente ubicación, con acceso a importantes vías como la carretera federal Tlaxcala-Apizaco, que conecta fácilmente con la ciudad de Tlaxcala y otros municipios cercanos. En las cercanías encontrarás centros comerciales, restaurantes con deliciosa gastronomía local, parques para disfrutar al aire libre, y hospitales y escuelas de prestigio que garantizarán la atención y educación de tu familia. No dejes pasar esta oportunidad única de adquirir la casa que siempre has deseado. ¡Contáctanos hoy mismo para agendar una visita!",1980000,"MN 1,980,000",MXN,venta,Casa,Republica de Salvador 79,Barrio Teotlalpan,Tetla de la Solidaridad,Tlaxcala,19.431921078489346,-98.10143532376728,3.0,2.0,155.0,102.0,2.0,0.0,A estrenar,Publicado hace 61 días,,https://img10.naventcdn.com/avisos/18/01/50/32/64/34/1200x1200/1615852616.jpg?isFirstImage=true|https://img10.naventcdn.com/avisos/18/01/50/32/64/34/1200x1200/1615852714.jpg|https://img10.naventcdn.com/avisos/18/01/50/32/64/34/1200x1200/1615852661.jpg|https://img10.naventcdn.com/avisos/18/01/50/32/64/34/1200x1200/1615852618.jpg|https://img10.naventcdn.com/avisos/18/01/50/32/64/34/1200x1200/1615852707.jpg|https://img10.naventcdn.com/avisos/18/01/50/32/64/34/1200x1200/1615852712.jpg|https://img10.naventcdn.com/avisos/18/01/50/32/64/34/1200x1200/1615852663.jpg|https://img10.naventcdn.com/avisos/18/01/50/32/64/34/1200x1200/1615852613.jpg|https://img10.naventcdn.com/avisos/18/01/50/32/64/34/1200x1200/1615852694.jpg|https://img10.naventcdn.com/avisos/18/01/50/32/64/34/1200x1200/1615852656.jpg|https://img10.naventcdn.com/avisos/18/01/50/32/64/34/1200x1200/1615852610.jpg|https://img10.naventcdn.com/avisos/18/01/50/32/64/34/1200x1200/1615852664.jpg|https://img10.naventcdn.com/avisos/18/01/50/32/64/34/1200x1200/1615852615.jpg|https://img10.naventcdn.com/avisos/18/01/50/32/64/34/1200x1200/1615852708.jpg|https://img10.naventcdn.com/avisos/18/01/50/32/64/34/1200x1200/1615852659.jpg|https://img10.naventcdn.com/avisos/18/01/50/32/64/34/1200x1200/1615852654.jpg|https://img10.naventcdn.com/avisos/18/01/50/32/64/34/1200x1200/1615852667.jpg|https://img10.naventcdn.com/avisos/18/01/50/32/64/34/1200x1200/1615852668.jpg,,52 5574117755,iad Inmobiliaria,50956067,https://www.inmuebles24.com/inmobiliarias/iad-inmobiliaria_50956067-inmuebles.html,2026-06-25T15:28:01Z,2026-08-25T09:56:16.640151+00:00,https://www.inmuebles24.com/casas-o-casa-en-condominio-o-departamentos-en-venta-en-tlaxcala-provincia-ordenado-por-fechaonline-descendente.html-pagina-5.html
https://www.inmuebles24.com/propiedades/clasificado/veclcain-casas-en-pre-venta-a-5-minutos-del-centro-tlaxcala-150117955.html,150117955,659RLP,sale,Casas en Pre Venta a 5 Minutos del Centro Tlaxcala,"PRE VENTA EXCELENTE UBICACIÓN ACON CERCANIA A LA FACULTAD DE FILOSOFÍA Y LETRAS TLAXCALA. CUENTA CON DOBLE ALTURA. CUENTA CON SALA-COMEDOR , COCINA CON ALACENA, PATIO DE SERVICIO,, CISTERNA 8000 LTS, , 2.5 BAÑOS CONPLETOS, TRES RECAMARAS, LA PRINCIPAL CON BAÑO COMPLETO, ESTACIONAMIENTO DOS AUTOS CON PORTÓN Y TERRAZA.",1999000,"MN 1,999,000",MXN,venta,Casa,UATx: Facultad de Filosofia y Letras.,Tlaxcala Centro,Tlaxcala,Tlaxcala,19.3127809,-98.2365399,3.0,2.0,175.0,128.0,2.0,,A estrenar,Publicado hace 81 días,,https://img10.naventcdn.com/avisos/18/01/50/11/79/55/1200x1200/1611517534.jpg?isFirstImage=true|https://img10.naventcdn.com/avisos/18/01/50/11/79/55/1200x1200/1613643257.jpg|https://img10.naventcdn.com/avisos/18/01/50/11/79/55/1200x1200/1611517533.jpg|https://img10.naventcdn.com/avisos/18/01/50/11/79/55/1200x1200/1611517531.jpg|https://img10.naventcdn.com/avisos/18/01/50/11/79/55/1200x1200/1613643256.jpg|https://img10.naventcdn.com/avisos/18/01/50/11/79/55/1200x1200/1611517536.jpg|https://img10.naventcdn.com/avisos/18/01/50/11/79/55/1200x1200/1611517535.jpg|https://img10.naventcdn.com/avisos/18/01/50/11/79/55/1200x1200/1611517532.jpg,,52 2467576579,OPCIÓN INMOBILIARIA,51070963,https://www.inmuebles24.com/inmobiliarias/opcion-inmobiliaria_51070963-inmuebles.html,2026-06-05T23:31:57Z,2026-08-25T09:56:16.640151+00:00,https://www.inmuebles24.com/casas-o-casa-en-condominio-o-departamentos-en-venta-en-tlaxcala-provincia-ordenado-por-fechaonline-descendente.html-pagina-5.html
https://www.inmuebles24.com/propiedades/clasificado/veclcain-casas-nuevas-en-venta-en-yauhquemehcan-tlaxcala-3-149845765.html,149845765,64TP8P,sale,"Casas Nuevas en Venta en Yauhquemehcan Tlaxcala | 3 Recámaras, Jardín y Roofgarden","¡ESPECTACULARES CASAS NUEVAS CON 3 RECÁMARAS, JARDÍN Y ROOF GARDEN EN SANTA ÚRSULA ZIMATEPEC YAUHQUEMECAN TLAXCALA ! PRECIO DE VENTA: $1,995,000 MXN Estrena casa en Santa Úrsula Zimatepec, Yauhquemehcan, Tlaxcala, dentro de fraccionamiento privado y calle cerrada. Cuenta con 180.20 m² de construcción, 3 recámaras, jardín trasero, Roof Garden y estacionamiento para 2 automóviles. CARACTERÍSTICAS DE LA CASA - 105 m² de terreno - 180.20 m² de construcción - 3 recámaras - Recámara principal con baño completo y vestidor - Estancia familiar - Balcón - Cocina - Jardín trasero - Roof Garden - Terraza - Cuarto de servicio - Bodega de servicio - Cisterna - 2 lugares de estacionamiento - Calentador de paso - Calentador solar - Interfón PLANTA BAJA - Estacionamiento para 2 automóviles - Sala - Comedor - Amplia cocina - Medio baño - Jardín trasero - Cisterna - Bodega de servicio PLANTA ALTA - Recámara principal con baño completo y vestidor - 2 recámaras secundarias - Estancia familiar - 2 baños - Balcón - Cubo de luz ROOF GARDEN - Roof Garden privado - Terraza - Baño - Cuarto de servicio FRACCIONAMIENTO - Fraccionamiento privado - Calle cerrada - Entorno residencial UBICACIÓN Santa Úrsula Zimatepec Yauhquemehcan, Tlaxcala A pocos minutos de Apizaco y aproximadamente a 20 minutos de la ciudad de Tlaxcala. PRECIO DE VENTA: $1,995,000 MXN ¡Ven a visitarlas!",1995000,"MN 1,995,000",MXN,venta,Casa,Nogales 99,Pueblo Santa Úrsula Zimatepec,Yauhquemehcan,Tlaxcala,19.4157654,-98.169309,2.0,2.0,180.0,105.0,2.0,,A estrenar,Publicado hace 102 días,,https://img10.naventcdn.com/avisos/18/01/49/84/57/65/1200x1200/1606070189.jpg?isFirstImage=true|https://img10.naventcdn.com/avisos/18/01/49/84/57/65/1200x1200/1606070184.jpg|https://img10.naventcdn.com/avisos/18/01/49/84/57/65/1200x1200/1606070186.jpg|https://img10.naventcdn.com/avisos/18/01/49/84/57/65/1200x1200/1606070192.jpg|https://img10.naventcdn.com/avisos/18/01/49/84/57/65/1200x1200/1606070185.jpg|https://img10.naventcdn.com/avisos/18/01/49/84/57/65/1200x1200/1606070190.jpg|https://img10.naventcdn.com/avisos/18/01/49/84/57/65/1200x1200/1606070191.jpg|https://img10.naventcdn.com/avisos/18/01/49/84/57/65/1200x1200/1606070187.jpg|https://img10.naventcdn.com/avisos/18/01/49/84/57/65/1200x1200/1606070188.jpg|https://img10.naventcdn.com/avisos/18/01/49/84/57/65/1200x1200/1625930527.jpg|https://img10.naventcdn.com/avisos/18/01/49/84/57/65/1200x1200/1625930526.jpg|https://img10.naventcdn.com/avisos/18/01/49/84/57/65/1200x1200/1625930528.jpg|https://img10.naventcdn.com/avisos/18/01/49/84/57/65/1200x1200/1625930529.jpg,,52 5564482560,Casalvario Inmobiliaria Tlaxcala,103070647,https://www.inmuebles24.com/inmobiliarias/casalvario-inmobiliaria-tlaxcala_103070647-inmuebles.html,2026-05-13T19:27:26Z,2026-08-25T09:56:16.640151+00:00,https://www.inmuebles24.com/casas-o-casa-en-condominio-o-departamentos-en-venta-en-tlaxcala-provincia-ordenado-por-fechaonline-descendente.html-pagina-5.html
https://www.inmuebles24.com/propiedades/clasificado/veclcain-venta-de-casa-en-la-loma-xicohtencatl-149868101.html,149868101,VHO7147696,sale,Venta de Casa en La Loma Xicohtencatl,"???? ¡OPORTUNIDAD DE INVERSIÓN EN LA LOMA XICOHTÉNCATL, TLAXCALA! ???? Se vende propiedad con excelente ubicación y todos los servicios ????? ???? Primera unidad: ? Estacionamiento para 2 autos ? Sala ? Comedor ? Cocina ? 1 baño completo ? 3 recámaras ? Patio de servicio ???? Segunda unidad: ? Estancia ? Cocina ? 3 recámaras ? 1 baño completo compartido ???? Ubicada en zona con: ? Calle de acceso asfaltada ? Banquetas y guarniciones de concreto ? Servicios de luz, agua y drenaje ? Transporte público urbano y suburbano cercano ? Escuelas, centros de salud y áreas recreativas a pocos minutos ? No incluye mobiliario ???? Venta únicamente de contado ???? ¡Contáctanos para más información o agendar una visita! Los precios de VHO Ver datos pueden variar sin previo aviso, contáctenos para verificar el mismo.",3200000,"MN 3,200,000",MXN,venta,Casa,Venta Casa en Loma Xicohtencatl,La Loma Xicotencatl,Tlaxcala,Tlaxcala,19.3122424572,-98.2424386812,6.0,2.0,392.0,392.0,2.0,0.0,22,Publicado hace 102 días,,https://img10.naventcdn.com/avisos/18/01/49/86/81/01/1200x1200/1606491556.jpg?isFirstImage=true|https://img10.naventcdn.com/avisos/18/01/49/86/81/01/1200x1200/1606491576.jpg|https://img10.naventcdn.com/avisos/18/01/49/86/81/01/1200x1200/1606491573.jpg|https://img10.naventcdn.com/avisos/18/01/49/86/81/01/1200x1200/1606491566.jpg|https://img10.naventcdn.com/avisos/18/01/49/86/81/01/1200x1200/1606491550.jpg|https://img10.naventcdn.com/avisos/18/01/49/86/81/01/1200x1200/1606491551.jpg|https://img10.naventcdn.com/avisos/18/01/49/86/81/01/1200x1200/1606491563.jpg|https://img10.naventcdn.com/avisos/18/01/49/86/81/01/1200x1200/1606491631.jpg|https://img10.naventcdn.com/avisos/18/01/49/86/81/01/1200x1200/1606491599.jpg|https://img10.naventcdn.com/avisos/18/01/49/86/81/01/1200x1200/1606491578.jpg|https://img10.naventcdn.com/avisos/18/01/49/86/81/01/1200x1200/1606491554.jpg|https://img10.naventcdn.com/avisos/18/01/49/86/81/01/1200x1200/1606491569.jpg|https://img10.naventcdn.com/avisos/18/01/49/86/81/01/1200x1200/1606491571.jpg|https://img10.naventcdn.com/avisos/18/01/49/86/81/01/1200x1200/1606491552.jpg|https://img10.naventcdn.com/avisos/18/01/49/86/81/01/1200x1200/1606491549.jpg|https://img10.naventcdn.com/avisos/18/01/49/86/81/01/1200x1200/1606491553.jpg|https://img10.naventcdn.com/avisos/18/01/49/86/81/01/1200x1200/1606491605.jpg|https://img10.naventcdn.com/avisos/18/01/49/86/81/01/1200x1200/1606491558.jpg|https://img10.naventcdn.com/avisos/18/01/49/86/81/01/1200x1200/1606491603.jpg|https://img10.naventcdn.com/avisos/18/01/49/86/81/01/1200x1200/1606491567.jpg|https://img10.naventcdn.com/avisos/18/01/49/86/81/01/1200x1200/1606491548.jpg|https://img10.naventcdn.com/avisos/18/01/49/86/81/01/1200x1200/1606491555.jpg|https://img10.naventcdn.com/avisos/18/01/49/86/81/01/1200x1200/1606491557.jpg|https://img10.naventcdn.com/avisos/18/01/49/86/81/01/1200x1200/1606491559.jpg,,52 2461110456,Ricardo Canul J.,84162,https://www.inmuebles24.com/inmobiliarias/ricardo-canul-j._84162-inmuebles.html,2026-05-15T17:44:27Z,2026-08-25T09:56:16.640151+00:00,https://www.inmuebles24.com/casas-o-casa-en-condominio-o-departamentos-en-venta-en-tlaxcala-provincia-ordenado-por-fechaonline-descendente.html-pagina-5.html
https://www.inmuebles24.com/propiedades/clasificado/veclcain-venta-de-casa-en-tlaxcala-149879983.html,149879983,VHO8052310,sale,Venta de Casa en Tlaxcala,"¡Gran oportunidad de inversión y patrimonio en La Loma Xicohténcatl, Municipio de Tlaxcala! Casa particular en venta con excelente ubicación y todos los servicios cercanos. Ideal para vivir con comodidad, amplitud y tranquilidad. *****Planta Baja: * Sala amplia con chimenea *Comedor * Cocina integral con área de desayunador *Área de servicio y alacena *Recámara con vestidor y baño completo * Medio baño. * Sauna *Cochera para 3 autos * Jardín frontal **** Planta Alta: * Sala de TV * 2 habitaciones * Baño completo * Terraza cubierta Cisterna, tanque estacionario, parrilla y campana , sauna, canceles en baños, acabados de madera y marmol, closet en 2 recamaras y vestidor en recamara planta baja. **** Aceptamos créditos hipotecarios y pago de contado. **** Ubicada en una de las mejores zonas de Tlaxcala. **** ¡Agenda tu cita y conoce tu próximo hogar! #VentaDeCasa #CasaEnVenta #Tlaxcala #LaLomaXicohtencatl #BienesRaices #InmueblesTlaxcala #CasaAmplia #HogarIdeal #VentaDePropiedad #CasasTlaxcala #InversionInmobiliaria #CasaConJardin #OportunidadInmobiliaria #CreditosHipotecarios #TuNuevoHogar Los precios de VHO Ver datos pueden variar sin previo aviso, contáctenos para verificar el mismo.",6000000,"MN 6,000,000",MXN,venta,Casa,Loma Xicohtencatl,La Loma Xicotencatl,Tlaxcala,Tlaxcala,19.3089257711,-98.2457666284,3.0,2.0,371.0,371.0,3.0,0.0,A estrenar,Publicado hace 94 días,,https://img10.naventcdn.com/avisos/18/01/49/87/99/83/1200x1200/1606745935.jpg?isFirstImage=true|https://img10.naventcdn.com/avisos/18/01/49/87/99/83/1200x1200/1606745983.jpg|https://img10.naventcdn.com/avisos/18/01/49/87/99/83/1200x1200/1606751301.jpg|https://img10.naventcdn.com/avisos/18/01/49/87/99/83/1200x1200/1606752637.jpg|https://img10.naventcdn.com/avisos/18/01/49/87/99/83/1200x1200/1606745940.jpg|https://img10.naventcdn.com/avisos/18/01/49/87/99/83/1200x1200/1606745964.jpg|https://img10.naventcdn.com/avisos/18/01/49/87/99/83/1200x1200/1606745868.jpg|https://img10.naventcdn.com/avisos/18/01/49/87/99/83/1200x1200/1606745877.jpg|https://img10.naventcdn.com/avisos/18/01/49/87/99/83/1200x1200/1606745944.jpg|https://img10.naventcdn.com/avisos/18/01/49/87/99/83/1200x1200/1606745917.jpg|https://img10.naventcdn.com/avisos/18/01/49/87/99/83/1200x1200/1606745949.jpg|https://img10.naventcdn.com/avisos/18/01/49/87/99/83/1200x1200/1606745887.jpg|https://img10.naventcdn.com/avisos/18/01/49/87/99/83/1200x1200/1606745893.jpg|https://img10.naventcdn.com/avisos/18/01/49/87/99/83/1200x1200/1606745978.jpg|https://img10.naventcdn.com/avisos/18/01/49/87/99/83/1200x1200/1606745971.jpg|https://img10.naventcdn.com/avisos/18/01/49/87/99/83/1200x1200/1606745989.jpg|https://img10.naventcdn.com/avisos/18/01/49/87/99/83/1200x1200/1606745915.jpg|https://img10.naventcdn.com/avisos/18/01/49/87/99/83/1200x1200/1606745952.jpg|https://img10.naventcdn.com/avisos/18/01/49/87/99/83/1200x1200/1606745907.jpg|https://img10.naventcdn.com/avisos/18/01/49/87/99/83/1200x1200/1606745928.jpg|https://img10.naventcdn.com/avisos/18/01/49/87/99/83/1200x1200/1606745901.jpg|https://img10.naventcdn.com/avisos/18/01/49/87/99/83/1200x1200/1606745956.jpg|https://img10.naventcdn.com/avisos/18/01/49/87/99/83/1200x1200/1606745923.jpg|https://img10.naventcdn.com/avisos/18/01/49/87/99/83/1200x1200/1606745931.jpg|https://img10.naventcdn.com/avisos/18/01/49/87/99/83/1200x1200/1606745960.jpg|https://img10.naventcdn.com/avisos/18/01/49/87/99/83/1200x1200/1606745882.jpg|https://img10.naventcdn.com/avisos/18/01/49/87/99/83/1200x1200/1606745913.jpg,,52 2461110456,Ricardo Canul J.,84162,https://www.inmuebles24.com/inmobiliarias/ricardo-canul-j._84162-inmuebles.html,2026-05-16T03:37:04Z,2026-08-25T09:57:10.918088+00:00,https://www.inmuebles24.com/casas-o-casa-en-condominio-o-departamentos-en-venta-en-tlaxcala-provincia-ordenado-por-fechaonline-descendente.html-pagina-5.html
https://www.inmuebles24.com/propiedades/clasificado/veclcain-venta-de-casa-en-tlaxcala-150264325.html,150264325,VHO8366531,sale,Venta de Casa en Tlaxcala,"Estrena una excelente oportunidad en Cuatro Señoríos ? Casa en venta en San Sebastián Atlahapa, municipio de Tlaxcala, a solo 5 minutos de Galerías Tlaxcala. Por $1,849,000, llévate una propiedad con 145.56 m² de construcción sobre 79.98 m² de terreno, remodelada en más del 80%, lista para habitar y con documentación en regla. Cuenta con: 3 recámaras una en planta baja. 2 baños completos Sala - comedor Cocina moderna Cuarto de lavado Terraza en planta baja 1 cajón de estacionamiento Recámara principal con vestidor Además, la azotea tiene carpeta asfáltica impermeabilizante, ideal por su durabilidad y bajo mantenimiento. Libre de gravamen y apta para todos los créditos. Los precios de VHO Ver datos pueden variar sin previo aviso, contáctenos para verificar el mismo.",1849000,"MN 1,849,000",MXN,venta,Casa,Venta DE Casa EN Tlaxcala,Pueblo San Sebastián Atlahapa,Tlaxcala,Tlaxcala,19.2956402153,-98.2320814093,3.0,2.0,79.0,79.0,1.0,0.0,A estrenar,Publicado hace 56 días,,https://img10.naventcdn.com/avisos/18/01/50/26/43/25/1200x1200/1617047397.jpg?isFirstImage=true|https://img10.naventcdn.com/avisos/18/01/50/26/43/25/1200x1200/1614481913.jpg|https://img10.naventcdn.com/avisos/18/01/50/26/43/25/1200x1200/1617045157.jpg|https://img10.naventcdn.com/avisos/18/01/50/26/43/25/1200x1200/1617045251.jpg|https://img10.naventcdn.com/avisos/18/01/50/26/43/25/1200x1200/1617045309.jpg|https://img10.naventcdn.com/avisos/18/01/50/26/43/25/1200x1200/1617045311.jpg|https://img10.naventcdn.com/avisos/18/01/50/26/43/25/1200x1200/1617045307.jpg|https://img10.naventcdn.com/avisos/18/01/50/26/43/25/1200x1200/1617045297.jpg|https://img10.naventcdn.com/avisos/18/01/50/26/43/25/1200x1200/1617045158.jpg|https://img10.naventcdn.com/avisos/18/01/50/26/43/25/1200x1200/1617045622.jpg|https://img10.naventcdn.com/avisos/18/01/50/26/43/25/1200x1200/1617045566.jpg|https://img10.naventcdn.com/avisos/18/01/50/26/43/25/1200x1200/1617045617.jpg|https://img10.naventcdn.com/avisos/18/01/50/26/43/25/1200x1200/1617045570.jpg|https://img10.naventcdn.com/avisos/18/01/50/26/43/25/1200x1200/1617045578.jpg|https://img10.naventcdn.com/avisos/18/01/50/26/43/25/1200x1200/1617046011.jpg|https://img10.naventcdn.com/avisos/18/01/50/26/43/25/1200x1200/1617045580.jpg|https://img10.naventcdn.com/avisos/18/01/50/26/43/25/1200x1200/1617045586.jpg|https://img10.naventcdn.com/avisos/18/01/50/26/43/25/1200x1200/1617046049.jpg|https://img10.naventcdn.com/avisos/18/01/50/26/43/25/1200x1200/1617045253.jpg|https://img10.naventcdn.com/avisos/18/01/50/26/43/25/1200x1200/1617045304.jpg|https://img10.naventcdn.com/avisos/18/01/50/26/43/25/1200x1200/1617045568.jpg|https://img10.naventcdn.com/avisos/18/01/50/26/43/25/1200x1200/1617045571.jpg|https://img10.naventcdn.com/avisos/18/01/50/26/43/25/1200x1200/1617045573.jpg|https://img10.naventcdn.com/avisos/18/01/50/26/43/25/1200x1200/1617046130.jpg|https://img10.naventcdn.com/avisos/18/01/50/26/43/25/1200x1200/1617046151.jpg,,52 2461110456,Ricardo Canul J.,84162,https://www.inmuebles24.com/inmobiliarias/ricardo-canul-j._84162-inmuebles.html,2026-06-20T01:40:21Z,2026-08-25T09:57:10.918088+00:00,https://www.inmuebles24.com/casas-o-casa-en-condominio-o-departamentos-en-venta-en-tlaxcala-provincia-ordenado-por-fechaonline-descendente.html-pagina-5.html
https://www.inmuebles24.com/propiedades/clasificado/veclcapa-casa-en-venta-150389896.html,150389896,65JTQG,sale,Casa en Venta,"Casa de 2 niveles que cuenta con cochera para 2 auto, estancia, comedor, cocina, cuarto de lavado, jardín, medio baño, estudio, recamara principal con baño completo, 1 recamara con baño completo, 2 recamaras adicionales, sala de tv y 1 baño completo compartido.",5780000,"MN 5,780,000",MXN,venta,Casa,5 de Abril,Pueblo Santa Anita Huiloac,Apizaco,Tlaxcala,19.39998384972779,-98.15673520153506,4.0,3.0,327.0,300.0,2.0,,6,Publicado hace 56 días,,https://img10.naventcdn.com/avisos/18/01/50/38/98/96/1200x1200/1617137736.jpg?isFirstImage=true|https://img10.naventcdn.com/avisos/18/01/50/38/98/96/1200x1200/1617137732.jpg|https://img10.naventcdn.com/avisos/18/01/50/38/98/96/1200x1200/1617137733.jpg|https://img10.naventcdn.com/avisos/18/01/50/38/98/96/1200x1200/1617137734.jpg|https://img10.naventcdn.com/avisos/18/01/50/38/98/96/1200x1200/1617137731.jpg|https://img10.naventcdn.com/avisos/18/01/50/38/98/96/1200x1200/1617137735.jpg,,,Juan Carlos Perez,103101675,https://www.inmuebles24.com/inmobiliarias/juan-carlos-perez_103101675-inmuebles.html,2026-06-30T21:44:36Z,2026-08-25T09:57:10.918088+00:00,https://www.inmuebles24.com/casas-o-casa-en-condominio-o-departamentos-en-venta-en-tlaxcala-provincia-ordenado-por-fechaonline-descendente.html-pagina-5.html
https://www.inmuebles24.com/propiedades/clasificado/veclcapa-casa-en-venta-150390083.html,150390083,65K02N,sale,Casa en Venta,"Casa de 2 niveles que cuenta con cochera para 2 autos, estancia, comedor, cocina, patio de servicio, medio baño, cuarto de lavado, recamara principal con baño completo, 3 recamaras adicionales y 1 baño completo compartido.",5000000,"MN 5,000,000",MXN,venta,Casa,Marcial Águila,San Martin de Porres,Apizaco,Tlaxcala,19.418705647877736,-98.14989957088622,4.0,2.0,278.0,250.0,2.0,,8,Publicado hace 56 días,,https://img10.naventcdn.com/avisos/18/01/50/39/00/83/1200x1200/1617141146.jpg?isFirstImage=true|https://img10.naventcdn.com/avisos/18/01/50/39/00/83/1200x1200/1617141144.jpg|https://img10.naventcdn.com/avisos/18/01/50/39/00/83/1200x1200/1617141143.jpg|https://img10.naventcdn.com/avisos/18/01/50/39/00/83/1200x1200/1617141145.jpg|https://img10.naventcdn.com/avisos/18/01/50/39/00/83/1200x1200/1617141147.jpg,,,Luis Garcia,103101711,https://www.inmuebles24.com/inmobiliarias/luis-garcia_103101711-inmuebles.html,2026-06-30T22:06:43Z,2026-08-25T09:57:10.918088+00:00,https://www.inmuebles24.com/casas-o-casa-en-condominio-o-departamentos-en-venta-en-tlaxcala-provincia-ordenado-por-fechaonline-descendente.html-pagina-5.html
https://www.inmuebles24.com/propiedades/clasificado/veclcapa-casa-en-venta-150390308.html,150390308,65K0A8,sale,Casa en Venta,"Casa tipo residencial en venta que cuenta con cochera para 2 autos, estancia, comedor, cocina, cuarto de lavado, medio baño, jardín, recamara principal con baño completo, sala de tv, recamara con baño, 2 recamaras adicionales, cuarto de lavado y 1 baño completo compartido.",5200000,"MN 5,200,000",MXN,venta,Casa,Alejandra,Fraccionamiento Apetlahuaya,Apizaco,Tlaxcala,19.39658345194588,-98.13678589468996,4.0,2.0,280.0,250.0,2.0,0.0,8,Publicado hace 56 días,,https://img10.naventcdn.com/avisos/18/01/50/39/03/08/1200x1200/1617146512.jpg?isFirstImage=true|https://img10.naventcdn.com/avisos/18/01/50/39/03/08/1200x1200/1617146513.jpg|https://img10.naventcdn.com/avisos/18/01/50/39/03/08/1200x1200/1617146514.jpg|https://img10.naventcdn.com/avisos/18/01/50/39/03/08/1200x1200/1617146510.jpg|https://img10.naventcdn.com/avisos/18/01/50/39/03/08/1200x1200/1617146511.jpg,,,Esteban Ramirez,103101745,https://www.inmuebles24.com/inmobiliarias/esteban-ramirez_103101745-inmuebles.html,2026-06-30T22:33:21Z,2026-08-25T09:57:10.918088+00:00,https://www.inmuebles24.com/casas-o-casa-en-condominio-o-departamentos-en-venta-en-tlaxcala-provincia-ordenado-por-fechaonline-descendente.html-pagina-5.html
https://www.inmuebles24.com/propiedades/clasificado/veclcapa-casa-residencial-150389437.html,150389437,65JTB7,sale,Casa Residencial,"Casa en venta en fraccionamiento, cuenta con estacionamiento para 2 autos, estancia, comedor, cocina, cuarto de lavado, patio de servicio, medio baño, recamara principal con baño completo, 2 recamaras adicionales y 1 baño completo compartido.",6000000,"MN 6,000,000",MXN,venta,Casa,Sauces,Fraccionamiento Los Sauces,Apizaco,Tlaxcala,19.40379883153603,-98.14147439604798,3.0,2.0,320.0,300.0,2.0,0.0,8,Publicado hace 56 días,,https://img10.naventcdn.com/avisos/18/01/50/38/94/37/1200x1200/1617133885.jpg?isFirstImage=true|https://img10.naventcdn.com/avisos/18/01/50/38/94/37/1200x1200/1617133883.jpg|https://img10.naventcdn.com/avisos/18/01/50/38/94/37/1200x1200/1617133884.jpg|https://img10.naventcdn.com/avisos/18/01/50/38/94/37/1200x1200/1617133881.jpg|https://img10.naventcdn.com/avisos/18/01/50/38/94/37/1200x1200/1617133882.jpg,,,Ramon Hernandez,103101663,https://www.inmuebles24.com/inmobiliarias/ramon-hernandez_103101663-inmuebles.html,2026-06-30T21:29:45Z,2026-08-25T09:57:10.918088+00:00,https://www.inmuebles24.com/casas-o-casa-en-condominio-o-departamentos-en-venta-en-tlaxcala-provincia-ordenado-por-fechaonline-descendente.html-pagina-5.html
https://www.inmuebles24.com/propiedades/clasificado/veclcapa-residencia-en-venta-lomas-de-soltepec-huamantla-150366397.html,150366397,65J3N7,sale,Residencia en Venta Lomas de Soltepec Huamantla,"Ver datos -52-16 Distribución y descripción primer piso cochera para dos autos cisterna 8 mil litros ️sala con doble altura ️comedor cocina con cocina integral e isla forrada de granito exótico,horno de microondas, horno , parrilla y campana y área de cafetera medio baño muebles de baño y espejo led Escalera de placa con cristal templado patio de servicio segundo piso ️3habitaciones (Las 3 habitaciones cuentan con closet) 3 baños completo(muebles de baño, espejo led ) Canceles de cristal templado",3800000,"MN 3,800,000",MXN,venta,Casa,Lomas de soltepec,Pueblo Ignacio Zaragoza,Huamantla,Tlaxcala,19.2823519,-97.9242269,3.0,3.0,250.0,130.0,2.0,1000.0,A estrenar,Publicado hace 57 días,,https://img10.naventcdn.com/avisos/18/01/50/36/63/97/1200x1200/1616678314.jpg?isFirstImage=true|https://img10.naventcdn.com/avisos/18/01/50/36/63/97/1200x1200/1616678321.jpg|https://img10.naventcdn.com/avisos/18/01/50/36/63/97/1200x1200/1616678313.jpg|https://img10.naventcdn.com/avisos/18/01/50/36/63/97/1200x1200/1616678326.jpg|https://img10.naventcdn.com/avisos/18/01/50/36/63/97/1200x1200/1616678333.jpg|https://img10.naventcdn.com/avisos/18/01/50/36/63/97/1200x1200/1616678331.jpg|https://img10.naventcdn.com/avisos/18/01/50/36/63/97/1200x1200/1616678332.jpg|https://img10.naventcdn.com/avisos/18/01/50/36/63/97/1200x1200/1616678320.jpg|https://img10.naventcdn.com/avisos/18/01/50/36/63/97/1200x1200/1616678334.jpg|https://img10.naventcdn.com/avisos/18/01/50/36/63/97/1200x1200/1616678324.jpg|https://img10.naventcdn.com/avisos/18/01/50/36/63/97/1200x1200/1616678323.jpg|https://img10.naventcdn.com/avisos/18/01/50/36/63/97/1200x1200/1616678317.jpg|https://img10.naventcdn.com/avisos/18/01/50/36/63/97/1200x1200/1616678330.jpg|https://img10.naventcdn.com/avisos/18/01/50/36/63/97/1200x1200/1616678315.jpg|https://img10.naventcdn.com/avisos/18/01/50/36/63/97/1200x1200/1616678327.jpg|https://img10.naventcdn.com/avisos/18/01/50/36/63/97/1200x1200/1616678328.jpg|https://img10.naventcdn.com/avisos/18/01/50/36/63/97/1200x1200/1616678322.jpg|https://img10.naventcdn.com/avisos/18/01/50/36/63/97/1200x1200/1616678319.jpg|https://img10.naventcdn.com/avisos/18/01/50/36/63/97/1200x1200/1616678329.jpg|https://img10.naventcdn.com/avisos/18/01/50/36/63/97/1200x1200/1616678312.jpg|https://img10.naventcdn.com/avisos/18/01/50/36/63/97/1200x1200/1616678316.jpg|https://img10.naventcdn.com/avisos/18/01/50/36/63/97/1200x1200/1616678325.jpg|https://img10.naventcdn.com/avisos/18/01/50/36/63/97/1200x1200/1616678318.jpg,,,Lisbeth Paez,102504057,https://www.inmuebles24.com/inmobiliarias/lisbeth-paez_102504057-inmuebles.html,2026-06-29T04:16:42Z,2026-08-25T09:57:10.918088+00:00,https://www.inmuebles24.com/casas-o-casa-en-condominio-o-departamentos-en-venta-en-tlaxcala-provincia-ordenado-por-fechaonline-descendente.html-pagina-5.html
https://www.inmuebles24.com/propiedades/clasificado/veclccin-venta-de-casas-en-condominio-a-estrenar-149751291.html,149751291,64QA9L,sale,Venta de Casas en Condominio a Estrenar,"VENTA DE CASAS EN CONDOMINIO PARA ESTRENAR EN APIZACO TLAXCALA ,UN LUGAR EXCEPCIONAL PARA VIVIR CON TRANQUILIDAD Y COMODIDA ,A EXCELENTE PRECIO ,NO LO PIENSES MAS. CON LAS SIGUIENTES CARACTERISTICAS: TRES RECAMARAS ESTANCIA ,SALA,COMEDOR UNO BAÑO COMPLETO Y OTRO MEDIO BAÑO COCHERA CISTERNA",1300000,"MN 1,300,000",MXN,venta,Casa en condominio,Pinos,Apizaco Centro,Apizaco,Tlaxcala,19.4202794,-98.1373482,3.0,1.0,128.0,86.0,1.0,,A estrenar,Publicado hace 112 días,,https://img10.naventcdn.com/avisos/18/01/49/75/12/91/1200x1200/1604052076.jpg?isFirstImage=true|https://img10.naventcdn.com/avisos/18/01/49/75/12/91/1200x1200/1604052073.jpg|https://img10.naventcdn.com/avisos/18/01/49/75/12/91/1200x1200/1604052078.jpg|https://img10.naventcdn.com/avisos/18/01/49/75/12/91/1200x1200/1604052079.jpg|https://img10.naventcdn.com/avisos/18/01/49/75/12/91/1200x1200/1604052069.jpg|https://img10.naventcdn.com/avisos/18/01/49/75/12/91/1200x1200/1604052064.jpg|https://img10.naventcdn.com/avisos/18/01/49/75/12/91/1200x1200/1604052057.jpg|https://img10.naventcdn.com/avisos/18/01/49/75/12/91/1200x1200/1604052074.jpg|https://img10.naventcdn.com/avisos/18/01/49/75/12/91/1200x1200/1604052068.jpg|https://img10.naventcdn.com/avisos/18/01/49/75/12/91/1200x1200/1604052062.jpg|https://img10.naventcdn.com/avisos/18/01/49/75/12/91/1200x1200/1604052055.jpg|https://img10.naventcdn.com/avisos/18/01/49/75/12/91/1200x1200/1604052065.jpg|https://img10.naventcdn.com/avisos/18/01/49/75/12/91/1200x1200/1604052059.jpg|https://img10.naventcdn.com/avisos/18/01/49/75/12/91/1200x1200/1604052063.jpg|https://img10.naventcdn.com/avisos/18/01/49/75/12/91/1200x1200/1604052077.jpg|https://img10.naventcdn.com/avisos/18/01/49/75/12/91/1200x1200/1604052060.jpg|https://img10.naventcdn.com/avisos/18/01/49/75/12/91/1200x1200/1604052067.jpg|https://img10.naventcdn.com/avisos/18/01/49/75/12/91/1200x1200/1604052072.jpg|https://img10.naventcdn.com/avisos/18/01/49/75/12/91/1200x1200/1604052058.jpg|https://img10.naventcdn.com/avisos/18/01/49/75/12/91/1200x1200/1604052071.jpg|https://img10.naventcdn.com/avisos/18/01/49/75/12/91/1200x1200/1604052075.jpg|https://img10.naventcdn.com/avisos/18/01/49/75/12/91/1200x1200/1604052056.jpg|https://img10.naventcdn.com/avisos/18/01/49/75/12/91/1200x1200/1604052070.jpg|https://img10.naventcdn.com/avisos/18/01/49/75/12/91/1200x1200/1604052061.jpg|https://img10.naventcdn.com/avisos/18/01/49/75/12/91/1200x1200/1604052066.jpg|https://img10.naventcdn.com/avisos/18/01/49/75/12/91/1200x1200/1604052054.jpg,,52 5573895986,Alianza Inmobiliaria,50156936,https://www.inmuebles24.com/inmobiliarias/alianza-inmobiliaria_50156936-inmuebles.html,2026-05-05T21:15:55Z,2026-08-25T09:57:10.918088+00:00,https://www.inmuebles24.com/casas-o-casa-en-condominio-o-departamentos-en-venta-en-tlaxcala-provincia-ordenado-por-fechaonline-descendente.html-pagina-5.html
https://www.inmuebles24.com/propiedades/clasificado/veclapin-venta-loft-val-quirico-tlaxcala-preventa-inversion-con-149340721.html,149340721,64B441,sale,Venta Loft Val’quirico Tlaxcala Preventa Inversion con Alta Demanda Turistica,"Venta Loft Val’Quirico tlaxcala Preventa Inversion con Alta Demanda Turistica Descubre una oportunidad única de inversión en Val’Quirico, uno de los desarrollos turísticos más exclusivos y con mayor crecimiento en la región. Se ofrece último loft disponible en preventa, ubicado dentro de un edificio boutique de únicamente 6 departamentos, lo que garantiza exclusividad, privacidad y alta demanda. Ubicación: Val’Quirico, Tlaxcala a 15 minutos de Puebla Superficie habitable: 69.69 m² Nivel: Planta alta (segundo nivel) Estatus: Actualmente en obra gris Entrega: finales Agosto 2026 Distribución del loft - 2 recámaras con baño completo - Sala – comedor - Cocina equipada - Cuarto de lavado - 1 cajón de estacionamiento Características del edificio - Proyecto boutique de solo 6 departamentos - 3 en planta baja y 3 en planta alta - Jardines interiores - Área de spa - Área abierta de ejercicio funcional Esquemas de compra Precio desde $4,042,020 MXN (pago de contado) También disponibles opciones de pago con enganche: 80% enganche + saldo diferido 50% enganche + saldo diferido 30% enganche + saldo diferido (El precio puede variar dependiendo del esquema seleccionado) Acabados del Loft El proyecto está diseñado con acabados de estilo rústico contemporáneo, alineados con la arquitectura característica de Val’Quirico, combinando materiales tradicionales con funcionalidad moderna. Muros - Muros interiores con pintura vinílica lavable en color blanco ostión - Muros exteriores con aplanado fino y pigmentos minerales - Detalles en tabique artesanal tipo recocho - Acabados en piedra tipo laja en áreas específicas Pisos y recubrimientos - Áreas comunes con piso cerámico tipo mármol claro formato 60×60 - Recámaras con piso cerámico tipo madera formato 18×50 - Baños con piso cerámico antiderrapante tipo cantera gris (44×44) - Muros en regadera con azulejo cerámico tipo mármol blanco formato 45×90 - Cocina con azulejo tipo subway (7.5×30) en muro respaldo Carpintería y puertas - Puerta principal en madera maciza de pino con acabado envejecido estilo rústico (tipo Val’Quirico) - Puertas interiores en madera de pino con acabado duela envejecida - Herrajes en acabado tipo latón antiguo Iluminación y electricidad - Luminarias LED de plafón con luz cálida - Apagadores y contactos marca Simon serie 25 color blanco - Lámparas decorativas tipo farol exterior - Iluminación ambiental con arbotantes LED de pared Baños - Muebles de baño con diseño contemporáneo - Llaves y monomandos marca Urrea en acabado cromado - WC modelo austra - Lavabos de sobreponer - Canceles de baño en cristal templado - Regadera de alta presión con brazo cromado - Accesorios de baño en acero inoxidable Cocina - Cocina equipada con: – Parrilla eléctrica de inducción de 2 quemadores – Tarja de acero inoxidable – Grifería monomando cromada - Barra con cubierta tipo granito (Acapulco o similar) Concepto general Los acabados han sido cuidadosamente seleccionados para mantener la esencia arquitectónica de Val’Quirico, logrando un equilibrio entre tradición, estética y funcionalidad, ideal tanto para uso residencial como para renta vacacionall Inversión inteligente Val’Quirico es un destino con alta afluencia turística durante todo el año, ideal para: - Renta vacacional tipo Airbnb - Generación de flujo constante - Plusvalía a mediano y largo plazo Las propiedades en preventa permiten maximizar la rentabilidad desde la compra.",4042020,"MN 4,042,020",MXN,venta,Apartamento,Carretera xoxtla,,Tlaxcala,Tlaxcala,19.1841173,-98.2964652,2.0,2.0,70.0,70.0,1.0,,A estrenar,Publicado hace 155 días,,https://img10.naventcdn.com/avisos/18/01/49/34/07/21/1200x1200/1595458629.jpg?isFirstImage=true|https://img10.naventcdn.com/avisos/18/01/49/34/07/21/1200x1200/1595458622.jpg|https://img10.naventcdn.com/avisos/18/01/49/34/07/21/1200x1200/1595458621.jpg|https://img10.naventcdn.com/avisos/18/01/49/34/07/21/1200x1200/1595458643.jpg|https://img10.naventcdn.com/avisos/18/01/49/34/07/21/1200x1200/1595458646.jpg|https://img10.naventcdn.com/avisos/18/01/49/34/07/21/1200x1200/1595458639.jpg|https://img10.naventcdn.com/avisos/18/01/49/34/07/21/1200x1200/1595458620.jpg|https://img10.naventcdn.com/avisos/18/01/49/34/07/21/1200x1200/1595458640.jpg|https://img10.naventcdn.com/avisos/18/01/49/34/07/21/1200x1200/1595458647.jpg|https://img10.naventcdn.com/avisos/18/01/49/34/07/21/1200x1200/1595458616.jpg|https://img10.naventcdn.com/avisos/18/01/49/34/07/21/1200x1200/1595458623.jpg|https://img10.naventcdn.com/avisos/18/01/49/34/07/21/1200x1200/1595458618.jpg|https://img10.naventcdn.com/avisos/18/01/49/34/07/21/1200x1200/1595458626.jpg|https://img10.naventcdn.com/avisos/18/01/49/34/07/21/1200x1200/1595458617.jpg|https://img10.naventcdn.com/avisos/18/01/49/34/07/21/1200x1200/1595458615.jpg|https://img10.naventcdn.com/avisos/18/01/49/34/07/21/1200x1200/1595458636.jpg|https://img10.naventcdn.com/avisos/18/01/49/34/07/21/1200x1200/1595458627.jpg|https://img10.naventcdn.com/avisos/18/01/49/34/07/21/1200x1200/1595458642.jpg|https://img10.naventcdn.com/avisos/18/01/49/34/07/21/1200x1200/1595458628.jpg|https://img10.naventcdn.com/avisos/18/01/49/34/07/21/1200x1200/1595458630.jpg|https://img10.naventcdn.com/avisos/18/01/49/34/07/21/1200x1200/1595458645.jpg|https://img10.naventcdn.com/avisos/18/01/49/34/07/21/1200x1200/1595458635.jpg|https://img10.naventcdn.com/avisos/18/01/49/34/07/21/1200x1200/1595458631.jpg|https://img10.naventcdn.com/avisos/18/01/49/34/07/21/1200x1200/1595458625.jpg|https://img10.naventcdn.com/avisos/18/01/49/34/07/21/1200x1200/1595458638.jpg|https://img10.naventcdn.com/avisos/18/01/49/34/07/21/1200x1200/1595458632.jpg|https://img10.naventcdn.com/avisos/18/01/49/34/07/21/1200x1200/1595458633.jpg|https://img10.naventcdn.com/avisos/18/01/49/34/07/21/1200x1200/1595458619.jpg|https://img10.naventcdn.com/avisos/18/01/49/34/07/21/1200x1200/1595458644.jpg|https://img10.naventcdn.com/avisos/18/01/49/34/07/21/1200x1200/1595458634.jpg|https://img10.naventcdn.com/avisos/18/01/49/34/07/21/1200x1200/1595458624.jpg|https://img10.naventcdn.com/avisos/18/01/49/34/07/21/1200x1200/1595458637.jpg|https://img10.naventcdn.com/avisos/18/01/49/34/07/21/1200x1200/1595458641.jpg,22228.0,52 2222846627,AVALCO GRUPO INMOBILIARIO..,677163,https://www.inmuebles24.com/inmobiliarias/avalco-grupo-inmobiliario.._677163-inmuebles.html,2026-03-23T22:08:52Z,2026-08-25T09:57:10.918088+00:00,https://www.inmuebles24.com/casas-o-casa-en-condominio-o-departamentos-en-venta-en-tlaxcala-provincia-ordenado-por-fechaonline-descendente.html-pagina-6.html
https://www.inmuebles24.com/propiedades/clasificado/veclappa-amplio-departamento-en-loma-bonita-tlaxcala.-149410497.html,149410497,64DLJR,sale,"Amplio Departamento en Loma Bonita, Tlaxcala.","AMPLIO DEPARTAMENTO, ZONA CENTRICA LOMA BONITA, TODOS LOS SERVICIOS CERCA. ENTRADA ESCLUSIVA DE ESTACIONAMIENTO, EN EDIFICIO DE TRES DEPARTAMENTOS, UN DEPTO. POR PISO. EXTERIOR. SEMINUEVO, TRES RECAMARAS DOS CON CLOSET AMPLIO. COCINA Y BAÑO CON BUENOS ACABADOS, AREA DE LAVADO INTGRADA. TANQUE ESTACIONARIO NUEVO, CISTERNA CON GRAN CAPACIDAD. LISTO PARA HABITAR.",1100000,"MN 1,100,000",MXN,venta,Apartamento,YESEROS,Loma Bonita,Tlaxcala,Tlaxcala,19.3112194,-98.2175385,3.0,1.0,95.0,95.0,1.0,,1,Publicado hace 148 días,,https://img10.naventcdn.com/avisos/18/01/49/41/04/97/1200x1200/1596861605.jpg?isFirstImage=true|https://img10.naventcdn.com/avisos/18/01/49/41/04/97/1200x1200/1596861598.jpg|https://img10.naventcdn.com/avisos/18/01/49/41/04/97/1200x1200/1596861599.jpg|https://img10.naventcdn.com/avisos/18/01/49/41/04/97/1200x1200/1596861596.jpg|https://img10.naventcdn.com/avisos/18/01/49/41/04/97/1200x1200/1596861607.jpg|https://img10.naventcdn.com/avisos/18/01/49/41/04/97/1200x1200/1596861597.jpg|https://img10.naventcdn.com/avisos/18/01/49/41/04/97/1200x1200/1596861606.jpg|https://img10.naventcdn.com/avisos/18/01/49/41/04/97/1200x1200/1596861603.jpg|https://img10.naventcdn.com/avisos/18/01/49/41/04/97/1200x1200/1596861604.jpg|https://img10.naventcdn.com/avisos/18/01/49/41/04/97/1200x1200/1596861601.jpg|https://img10.naventcdn.com/avisos/18/01/49/41/04/97/1200x1200/1596861608.jpg|https://img10.naventcdn.com/avisos/18/01/49/41/04/97/1200x1200/1596861600.jpg|https://img10.naventcdn.com/avisos/18/01/49/41/04/97/1200x1200/1596861602.jpg,,,ANDRES JIMENEZ,103050131,https://www.inmuebles24.com/inmobiliarias/andres-jimenez_103050131-inmuebles.html,2026-03-31T00:00:29Z,2026-08-25T09:57:10.918088+00:00,https://www.inmuebles24.com/casas-o-casa-en-condominio-o-departamentos-en-venta-en-tlaxcala-provincia-ordenado-por-fechaonline-descendente.html-pagina-6.html
https://www.inmuebles24.com/propiedades/clasificado/veclcain--casa-con-terraza-y-3-recamaras!-cochera-para-2-autos-149498110.html,149498110,NHO5195640,sale,¡Casa con Terraza y 3 Recámaras! Cochera Para 2 Autos | a 5 Min de Plaza Galerías Tlaxcala,"Casa en Venta en Acuitlapilco – Ubicación Estratégica y Alta Plusvalía Invierte en el patrimonio de tu familia con esta casa en venta en Acuitlapilco, ubicada a solo 5 minutos del libramiento, 7 minutos de Plaza Galerías Tlaxcala y 14 minutos del centro de Tlaxcala, con excelente conectividad a vialidades principales, comercios, escuelas y servicios. La propiedad ofrece una distribución funcional y espacios bien aprovechados, ideal tanto para vivir en familia como para invertir, gracias a su ubicación y proyección de valorización. Distribución +Planta baja: Cochera para dos autos Cisterna Sala y comedor Cocina integral Área de servicio Medio baño para visitas +Primer nivel: Tres recámaras con clósets Baño completo +Segundo nivel: Terraza, ideal para reuniones, descanso o futuras adecuaciones Una excelente opción para quienes buscan un hogar cómodo, bien ubicado y con gran potencial de crecimiento y plusvalía. *Se aceptan todos los créditos a excepción de infonavit corresidencial e infonavit tradicional *Precio sujeto a cambios sin previo aviso. *Los gastos de escrituración, impuestos etc. No están incluidos en el precio En Nazarit Bienes Raíces te ofrecemos las mejores opciones que se adecuen a tus necesidades, te apoyamos en todo el tramite y asesoria sin costo extra. ¡Contactanos!",1800000,"MN 1,800,000",MXN,venta,Casa,"Casa en Venta - Acuitlapilco, Tlaxcala",Pueblo Santa Maria Acuitlapilco,Tlaxcala,Tlaxcala,19.2641911,-98.2376028,3.0,1.0,187.0,127.0,2.0,0.0,2,Publicado hace 138 días,,https://img10.naventcdn.com/avisos/18/01/49/49/81/10/1200x1200/1598688095.jpg?isFirstImage=true|https://img10.naventcdn.com/avisos/18/01/49/49/81/10/1200x1200/1598688087.jpg|https://img10.naventcdn.com/avisos/18/01/49/49/81/10/1200x1200/1598688088.jpg|https://img10.naventcdn.com/avisos/18/01/49/49/81/10/1200x1200/1598688085.jpg|https://img10.naventcdn.com/avisos/18/01/49/49/81/10/1200x1200/1598688101.jpg|https://img10.naventcdn.com/avisos/18/01/49/49/81/10/1200x1200/1598688093.jpg|https://img10.naventcdn.com/avisos/18/01/49/49/81/10/1200x1200/1598688098.jpg|https://img10.naventcdn.com/avisos/18/01/49/49/81/10/1200x1200/1598688096.jpg|https://img10.naventcdn.com/avisos/18/01/49/49/81/10/1200x1200/1598688092.jpg|https://img10.naventcdn.com/avisos/18/01/49/49/81/10/1200x1200/1598688094.jpg|https://img10.naventcdn.com/avisos/18/01/49/49/81/10/1200x1200/1598688091.jpg|https://img10.naventcdn.com/avisos/18/01/49/49/81/10/1200x1200/1598688097.jpg|https://img10.naventcdn.com/avisos/18/01/49/49/81/10/1200x1200/1598688089.jpg|https://img10.naventcdn.com/avisos/18/01/49/49/81/10/1200x1200/1598688102.jpg|https://img10.naventcdn.com/avisos/18/01/49/49/81/10/1200x1200/1598688100.jpg|https://img10.naventcdn.com/avisos/18/01/49/49/81/10/1200x1200/1598688099.jpg|https://img10.naventcdn.com/avisos/18/01/49/49/81/10/1200x1200/1598688086.jpg|https://img10.naventcdn.com/avisos/18/01/49/49/81/10/1200x1200/1598688090.jpg,,52 2461390017,Nazarit Bienes Raíces,51357399,https://www.inmuebles24.com/inmobiliarias/nazarit-bienes-raices_51357399-inmuebles.html,2026-04-10T00:43:05Z,2026-08-25T09:58:13.350994+00:00,https://www.inmuebles24.com/casas-o-casa-en-condominio-o-departamentos-en-venta-en-tlaxcala-provincia-ordenado-por-fechaonline-descendente.html-pagina-6.html
https://www.inmuebles24.com/propiedades/clasificado/veclcain-cabana-en-venta-con-terraza-y-naturaleza-ideal-149520806.html,149520806,NHO7941734,sale,Cabaña en Venta con Terraza y Naturaleza | Ideal Airbnb o Casa de Descanso | a 10 Min de Apizaco,"Casa Estilo Cabaña en Venta – Tranquilidad, Naturaleza y Alta Rentabilidad Disfruta la paz y el equilibrio que tu familia merece en esta casa estilo cabaña en venta, ubicada en una zona tranquila, rodeada de naturaleza, perfecta para desconectarte del ritmo de la ciudad y vivir con mayor calidad de vida. Se encuentra a 10 minutos de Apizaco, 15 minutos de Gran Patio y 20 minutos de Tlaxcala, combinando privacidad con excelente conectividad a servicios y vialidades principales. Gracias a su entorno y características, esta propiedad es ideal tanto como casa de descanso para fines de semana, como para inversión en renta tipo Airbnb, con gran potencial de generar ingresos en un mercado en crecimiento. Distribución: -Sala y comedor -Cocina -Cuarto de lavado -Dos recámaras -Baño completo -Terraza ideal para disfrutar del entorno natural -Cisterna -Cochera Un espacio único que combina naturaleza, tranquilidad y oportunidad de inversión, perfecto para quienes buscan un estilo de vida relajado o diversificar su patrimonio. *Apta para créditos bancarios y recursos propios*Precio sujeto a cambios sin previo aviso. *Los gastos de escrituración, impuestos etc. No están incluidos en el precio En Nazarit Bienes Raíces te ofrecemos las mejores opciones que se adecuen a tus necesidades, te apoyamos en todo el tramite y asesoría sin costo extra. ¡Contáctanos!",1500000,"MN 1,500,000",MXN,venta,Casa,"Casa Tipo Cabaña en Venta en Atlihuetzia, Tlaxcala",Pueblo Santa Maria Atlihuetzian,Yauhquemecan,Tlaxcala,19.3777482,-98.1797413,2.0,1.0,101.0,271.0,2.0,0.0,A estrenar,Publicado hace 134 días,,https://img10.naventcdn.com/avisos/18/01/49/52/08/06/1200x1200/1599162170.jpg?isFirstImage=true|https://img10.naventcdn.com/avisos/18/01/49/52/08/06/1200x1200/1599162171.jpg|https://img10.naventcdn.com/avisos/18/01/49/52/08/06/1200x1200/1599162183.jpg|https://img10.naventcdn.com/avisos/18/01/49/52/08/06/1200x1200/1599162175.jpg|https://img10.naventcdn.com/avisos/18/01/49/52/08/06/1200x1200/1599162186.jpg|https://img10.naventcdn.com/avisos/18/01/49/52/08/06/1200x1200/1599162169.jpg|https://img10.naventcdn.com/avisos/18/01/49/52/08/06/1200x1200/1599162179.jpg|https://img10.naventcdn.com/avisos/18/01/49/52/08/06/1200x1200/1599162178.jpg|https://img10.naventcdn.com/avisos/18/01/49/52/08/06/1200x1200/1599162177.jpg|https://img10.naventcdn.com/avisos/18/01/49/52/08/06/1200x1200/1599162174.jpg|https://img10.naventcdn.com/avisos/18/01/49/52/08/06/1200x1200/1599162165.jpg|https://img10.naventcdn.com/avisos/18/01/49/52/08/06/1200x1200/1599162164.jpg|https://img10.naventcdn.com/avisos/18/01/49/52/08/06/1200x1200/1599162167.jpg|https://img10.naventcdn.com/avisos/18/01/49/52/08/06/1200x1200/1599162180.jpg|https://img10.naventcdn.com/avisos/18/01/49/52/08/06/1200x1200/1599162185.jpg|https://img10.naventcdn.com/avisos/18/01/49/52/08/06/1200x1200/1599162187.jpg|https://img10.naventcdn.com/avisos/18/01/49/52/08/06/1200x1200/1599162176.jpg|https://img10.naventcdn.com/avisos/18/01/49/52/08/06/1200x1200/1599162173.jpg|https://img10.naventcdn.com/avisos/18/01/49/52/08/06/1200x1200/1599162184.jpg|https://img10.naventcdn.com/avisos/18/01/49/52/08/06/1200x1200/1599162166.jpg|https://img10.naventcdn.com/avisos/18/01/49/52/08/06/1200x1200/1599162163.jpg|https://img10.naventcdn.com/avisos/18/01/49/52/08/06/1200x1200/1599162168.jpg|https://img10.naventcdn.com/avisos/18/01/49/52/08/06/1200x1200/1599162182.jpg|https://img10.naventcdn.com/avisos/18/01/49/52/08/06/1200x1200/1599162189.jpg|https://img10.naventcdn.com/avisos/18/01/49/52/08/06/1200x1200/1599162181.jpg|https://img10.naventcdn.com/avisos/18/01/49/52/08/06/1200x1200/1599162172.jpg|https://img10.naventcdn.com/avisos/18/01/49/52/08/06/1200x1200/1599162188.jpg,,52 2461390017,Nazarit Bienes Raíces,51357399,https://www.inmuebles24.com/inmobiliarias/nazarit-bienes-raices_51357399-inmuebles.html,2026-04-13T18:18:13Z,2026-08-25T09:58:13.350994+00:00,https://www.inmuebles24.com/casas-o-casa-en-condominio-o-departamentos-en-venta-en-tlaxcala-provincia-ordenado-por-fechaonline-descendente.html-pagina-6.html
https://www.inmuebles24.com/propiedades/clasificado/veclcain-casa-apizaco-tlax-149730500.html,149730500,AHO7255486,sale,Casa Apizaco Tlax,HERMOSA CASA EN APIZACO STA ANITA HUILOAC 3 RECAMARAS CON 3 BAÑOS COMPLETOS SALA DOBLE ALTURA COMEDOR COCINA INTEGRAL ESPACIOS LUMINOSOS COCHERA 2 PUERTAS ZAGUAN APERTURA LATERA; TERRAZA TERMINADOS ALTOS INTERIOR VISUALMENTE HERMOSA CISTERNA JARDIN CUARTO DE BLANCOS SOLICITA TU CITA,2400000,"MN 2,400,000",MXN,venta,Casa,Apizaco Tlax,,Apizaco,Tlaxcala,19.3981703356,-98.1445683275,3.0,3.0,,,2.0,0.0,A estrenar,Publicado hace 114 días,,https://img10.naventcdn.com/avisos/18/01/49/73/05/00/1200x1200/1603639999.jpg?isFirstImage=true|https://img10.naventcdn.com/avisos/18/01/49/73/05/00/1200x1200/1603640129.jpg|https://img10.naventcdn.com/avisos/18/01/49/73/05/00/1200x1200/1603640111.jpg|https://img10.naventcdn.com/avisos/18/01/49/73/05/00/1200x1200/1603640138.jpg|https://img10.naventcdn.com/avisos/18/01/49/73/05/00/1200x1200/1603640097.jpg|https://img10.naventcdn.com/avisos/18/01/49/73/05/00/1200x1200/1603640174.jpg|https://img10.naventcdn.com/avisos/18/01/49/73/05/00/1200x1200/1603640170.jpg|https://img10.naventcdn.com/avisos/18/01/49/73/05/00/1200x1200/1603640064.jpg|https://img10.naventcdn.com/avisos/18/01/49/73/05/00/1200x1200/1603640133.jpg|https://img10.naventcdn.com/avisos/18/01/49/73/05/00/1200x1200/1603640164.jpg|https://img10.naventcdn.com/avisos/18/01/49/73/05/00/1200x1200/1603640029.jpg|https://img10.naventcdn.com/avisos/18/01/49/73/05/00/1200x1200/1603640113.jpg|https://img10.naventcdn.com/avisos/18/01/49/73/05/00/1200x1200/1603640009.jpg|https://img10.naventcdn.com/avisos/18/01/49/73/05/00/1200x1200/1603640143.jpg|https://img10.naventcdn.com/avisos/18/01/49/73/05/00/1200x1200/1603640107.jpg|https://img10.naventcdn.com/avisos/18/01/49/73/05/00/1200x1200/1603640033.jpg,,52 2411308406,Alex Sanchez Real Estate,102884403,https://www.inmuebles24.com/inmobiliarias/alex-sanchez-real-estate_102884403-inmuebles.html,2026-05-04T00:52:06Z,2026-08-25T09:58:13.350994+00:00,https://www.inmuebles24.com/casas-o-casa-en-condominio-o-departamentos-en-venta-en-tlaxcala-provincia-ordenado-por-fechaonline-descendente.html-pagina-6.html
https://www.inmuebles24.com/propiedades/clasificado/veclcain-casa-con-jardin-y-terraza-tres-recamaras-con-closet-149287779.html,149287779,NHO7870985,sale,Casa con Jardín y Terraza | Tres Recamaras con Closet | 10 Min del Centro de Tlaxcala,"Casa en Venta – Espacios Amplios, Ubicación Estratégica y Gran Potencial de Plusvalía Descubre esta excelente casa en venta ideal para familias e inversionistas, ubicada a solo 3 minutos de Av. Gasoducto y 10 minutos del centro de Tlaxcala, en una zona con fácil acceso a escuelas, centros comerciales, tiendas de conveniencia y vialidades principales. Gracias a su ubicación estratégica y distribución funcional, esta propiedad ofrece comodidad para la vida familiar y una excelente oportunidad de inversión en una zona con constante crecimiento y alta plusvalía. Distribución +Planta baja: Sala y comedor con excelente iluminación, cocina integral, jardín ideal para reuniones familiares, área de servicio, medio baño para visitas, cochera para dos autos +Primer nivel: Sala de TV, perfecta para convivencias familiares, recámara principal con vestidor y baño completo, dos recámaras secundarias con clóset y balcón, baño completo compartido +Segundo nivel: Terraza amplia lista para desarrollar tu propio proyecto, ideal para roof garden o área social. Una propiedad que combina ubicación, espacios amplios y potencial de crecimiento, perfecta para quienes buscan un hogar cómodo o una inversión con gran proyección de plusvalía en Tlaxcala. Se aceptan todos los créditos, a excepcion de Infonavit tradicional e Infonavit corresidencial.*Precio sujeto a cambios sin previo aviso. *Los gastos de escrituración, impuestos etc. No están incluidos en el precio En Nazarit Bienes Raíces te ofrecemos las mejores opciones que se adecuen a tus necesidades, te apoyamos en todo el tramite y asesoría sin costo extra. ¡Contáctanos!",2440000,"MN 2,440,000",MXN,venta,Casa,"Casa en Venta - Miraflores, Tlaxcala",Barrio Miraflores,Tlaxcala,Tlaxcala,19.312988,-98.2305009,3.0,2.0,196.0,125.0,2.0,0.0,A estrenar,Publicado hace 161 días,,https://img10.naventcdn.com/avisos/18/01/49/28/77/79/1200x1200/1594332682.jpg?isFirstImage=true|https://img10.naventcdn.com/avisos/18/01/49/28/77/79/1200x1200/1594332681.jpg|https://img10.naventcdn.com/avisos/18/01/49/28/77/79/1200x1200/1594332693.jpg|https://img10.naventcdn.com/avisos/18/01/49/28/77/79/1200x1200/1594332694.jpg|https://img10.naventcdn.com/avisos/18/01/49/28/77/79/1200x1200/1594332685.jpg|https://img10.naventcdn.com/avisos/18/01/49/28/77/79/1200x1200/1594332697.jpg|https://img10.naventcdn.com/avisos/18/01/49/28/77/79/1200x1200/1594332696.jpg|https://img10.naventcdn.com/avisos/18/01/49/28/77/79/1200x1200/1594332692.jpg|https://img10.naventcdn.com/avisos/18/01/49/28/77/79/1200x1200/1594332691.jpg|https://img10.naventcdn.com/avisos/18/01/49/28/77/79/1200x1200/1594332695.jpg|https://img10.naventcdn.com/avisos/18/01/49/28/77/79/1200x1200/1594332689.jpg|https://img10.naventcdn.com/avisos/18/01/49/28/77/79/1200x1200/1594332690.jpg|https://img10.naventcdn.com/avisos/18/01/49/28/77/79/1200x1200/1594332679.jpg|https://img10.naventcdn.com/avisos/18/01/49/28/77/79/1200x1200/1594332686.jpg|https://img10.naventcdn.com/avisos/18/01/49/28/77/79/1200x1200/1594332700.jpg|https://img10.naventcdn.com/avisos/18/01/49/28/77/79/1200x1200/1594332683.jpg|https://img10.naventcdn.com/avisos/18/01/49/28/77/79/1200x1200/1594332699.jpg|https://img10.naventcdn.com/avisos/18/01/49/28/77/79/1200x1200/1594332698.jpg|https://img10.naventcdn.com/avisos/18/01/49/28/77/79/1200x1200/1594332680.jpg|https://img10.naventcdn.com/avisos/18/01/49/28/77/79/1200x1200/1594332687.jpg|https://img10.naventcdn.com/avisos/18/01/49/28/77/79/1200x1200/1594332684.jpg|https://img10.naventcdn.com/avisos/18/01/49/28/77/79/1200x1200/1594332688.jpg|https://img10.naventcdn.com/avisos/18/01/49/28/77/79/1200x1200/1594332702.jpg|https://img10.naventcdn.com/avisos/18/01/49/28/77/79/1200x1200/1594332703.jpg|https://img10.naventcdn.com/avisos/18/01/49/28/77/79/1200x1200/1594332704.jpg|https://img10.naventcdn.com/avisos/18/01/49/28/77/79/1200x1200/1594332701.jpg,,52 2461390017,Nazarit Bienes Raíces,51357399,https://www.inmuebles24.com/inmobiliarias/nazarit-bienes-raices_51357399-inmuebles.html,2026-03-18T00:12:38Z,2026-08-25T09:58:13.350994+00:00,https://www.inmuebles24.com/casas-o-casa-en-condominio-o-departamentos-en-venta-en-tlaxcala-provincia-ordenado-por-fechaonline-descendente.html-pagina-6.html
https://www.inmuebles24.com/propiedades/clasificado/veclcain-casa-con-roof-garden-y-jardin-cochera-techada-para-2-149250457.html,149250457,NHO7857954,sale,Casa con Roof Garden y Jardín | Cochera Techada Para 2 Autos | Excelente Ubicación en Tlaxcala,"Casa en Venta – Espacios Amplios, Amenidades y Excelente Ubicación Invierte en el patrimonio de tu familia con esta casa en venta ubicada dentro de fraccionamiento cerrado con vigilancia 24 horas, ideal para quienes buscan seguridad, comodidad y un entorno familiar. Se encuentra a 15 minutos del centro de Tlaxcala y 10 minutos de Plaza Galerías Tlaxcala, cerca de escuelas, vialidades principales, tiendas de conveniencia, farmacias y todos los servicios necesarios para la vida diaria. El fraccionamiento ofrece amenidades pensadas para disfrutar en familia, como cancha de pádel, áreas de asadores y juegos infantiles, creando un ambiente ideal para convivir, relajarse y compartir. Distribución +Planta baja: Sala y comedor amplios, Cocina, Cuarto de lavado, Medio baño para visitas, Jardín, Cochera techada para dos autos y Cisterna +Primer nivel: Recámara principal amplia con vestidor y baño completo, Dos recámaras secundarias con clóset, Baño completo compartido, Sala de TV, ideal para convivencia familiar +Segundo nivel: Roof garden con asador, perfecto para reuniones y momentos especiales con familia y amigos Una propiedad que combina seguridad, espacios amplios, amenidades y ubicación estratégica, perfecta para familias que buscan calidad de vida y para inversionistas que desean una casa con gran potencial de plusvalía. *Se aceptan todos los créditos, a excepción de Infonavit tradicional e Infonavit corresidencial.*Precio sujeto a cambios sin previo aviso. *Los gastos de escrituración, impuestos etc. No están incluidos en el precio En Nazarit Bienes Raíces te ofrecemos las mejores opciones que se adecuen a tus necesidades, te apoyamos en todo el tramite y asesoría sin costo extra. ¡Contáctanos!",3390000,"MN 3,390,000",MXN,venta,Casa,"Casa en Venta - Tlacomulco, Tlaxcala",Barrio Tlacomulco,Tlaxcala,Tlaxcala,19.3090095,-98.2185637,3.0,2.0,142.0,142.0,2.0,0.0,A estrenar,Publicado hace 166 días,,https://img10.naventcdn.com/avisos/18/01/49/25/04/57/1200x1200/1593518873.jpg?isFirstImage=true|https://img10.naventcdn.com/avisos/18/01/49/25/04/57/1200x1200/1593518891.jpg|https://img10.naventcdn.com/avisos/18/01/49/25/04/57/1200x1200/1593518887.jpg|https://img10.naventcdn.com/avisos/18/01/49/25/04/57/1200x1200/1593518896.jpg|https://img10.naventcdn.com/avisos/18/01/49/25/04/57/1200x1200/1593518882.jpg|https://img10.naventcdn.com/avisos/18/01/49/25/04/57/1200x1200/1593518899.jpg|https://img10.naventcdn.com/avisos/18/01/49/25/04/57/1200x1200/1593518888.jpg|https://img10.naventcdn.com/avisos/18/01/49/25/04/57/1200x1200/1593518881.jpg|https://img10.naventcdn.com/avisos/18/01/49/25/04/57/1200x1200/1593518872.jpg|https://img10.naventcdn.com/avisos/18/01/49/25/04/57/1200x1200/1593518889.jpg|https://img10.naventcdn.com/avisos/18/01/49/25/04/57/1200x1200/1593518895.jpg|https://img10.naventcdn.com/avisos/18/01/49/25/04/57/1200x1200/1593518877.jpg|https://img10.naventcdn.com/avisos/18/01/49/25/04/57/1200x1200/1593518894.jpg|https://img10.naventcdn.com/avisos/18/01/49/25/04/57/1200x1200/1593518876.jpg|https://img10.naventcdn.com/avisos/18/01/49/25/04/57/1200x1200/1593518879.jpg|https://img10.naventcdn.com/avisos/18/01/49/25/04/57/1200x1200/1593518875.jpg|https://img10.naventcdn.com/avisos/18/01/49/25/04/57/1200x1200/1593518878.jpg|https://img10.naventcdn.com/avisos/18/01/49/25/04/57/1200x1200/1593518884.jpg|https://img10.naventcdn.com/avisos/18/01/49/25/04/57/1200x1200/1593518893.jpg|https://img10.naventcdn.com/avisos/18/01/49/25/04/57/1200x1200/1593518885.jpg|https://img10.naventcdn.com/avisos/18/01/49/25/04/57/1200x1200/1593518874.jpg|https://img10.naventcdn.com/avisos/18/01/49/25/04/57/1200x1200/1593518880.jpg|https://img10.naventcdn.com/avisos/18/01/49/25/04/57/1200x1200/1593518883.jpg|https://img10.naventcdn.com/avisos/18/01/49/25/04/57/1200x1200/1593518890.jpg|https://img10.naventcdn.com/avisos/18/01/49/25/04/57/1200x1200/1593518886.jpg|https://img10.naventcdn.com/avisos/18/01/49/25/04/57/1200x1200/1593518898.jpg|https://img10.naventcdn.com/avisos/18/01/49/25/04/57/1200x1200/1593518892.jpg|https://img10.naventcdn.com/avisos/18/01/49/25/04/57/1200x1200/1593518897.jpg,,52 2461390017,Nazarit Bienes Raíces,51357399,https://www.inmuebles24.com/inmobiliarias/nazarit-bienes-raices_51357399-inmuebles.html,2026-03-12T23:37:01Z,2026-08-25T09:58:13.350994+00:00,https://www.inmuebles24.com/casas-o-casa-en-condominio-o-departamentos-en-venta-en-tlaxcala-provincia-ordenado-por-fechaonline-descendente.html-pagina-6.html
https://www.inmuebles24.com/propiedades/clasificado/veclcain-casa-en-apizaco-149730497.html,149730497,AHO7284717,sale,Casa en Apizaco,VENTA DE CASA EN APIZACO TLAXCALA CENTRO 325 MT DE TERRENO 380 MT DE CONSTRUCCION 4 RECAMARAS CON CLOSET 2 BAÑOS COMPLETOS 1/2 BAÑO COCHERA JARDIN AMPLIO AREA DE SERVICIO LOCAL,6650000,"MN 6,650,000",MXN,venta,Casa,Casa EN Apizaco Centro,,Apizaco,Tlaxcala,19.415881,-98.1393179,4.0,2.0,380.0,326.0,3.0,0.0,A estrenar,Publicado hace 114 días,,https://img10.naventcdn.com/avisos/18/01/49/73/04/97/1200x1200/1603640204.jpg?isFirstImage=true|https://img10.naventcdn.com/avisos/18/01/49/73/04/97/1200x1200/1603640189.jpg|https://img10.naventcdn.com/avisos/18/01/49/73/04/97/1200x1200/1603640199.jpg|https://img10.naventcdn.com/avisos/18/01/49/73/04/97/1200x1200/1603640131.jpg|https://img10.naventcdn.com/avisos/18/01/49/73/04/97/1200x1200/1603640180.jpg|https://img10.naventcdn.com/avisos/18/01/49/73/04/97/1200x1200/1603640171.jpg|https://img10.naventcdn.com/avisos/18/01/49/73/04/97/1200x1200/1603640177.jpg|https://img10.naventcdn.com/avisos/18/01/49/73/04/97/1200x1200/1603640166.jpg|https://img10.naventcdn.com/avisos/18/01/49/73/04/97/1200x1200/1603640145.jpg|https://img10.naventcdn.com/avisos/18/01/49/73/04/97/1200x1200/1603640141.jpg|https://img10.naventcdn.com/avisos/18/01/49/73/04/97/1200x1200/1603640194.jpg|https://img10.naventcdn.com/avisos/18/01/49/73/04/97/1200x1200/1603640137.jpg|https://img10.naventcdn.com/avisos/18/01/49/73/04/97/1200x1200/1603640185.jpg,,52 2411308406,Alex Sanchez Real Estate,102884403,https://www.inmuebles24.com/inmobiliarias/alex-sanchez-real-estate_102884403-inmuebles.html,2026-05-04T00:52:06Z,2026-08-25T09:58:13.350994+00:00,https://www.inmuebles24.com/casas-o-casa-en-condominio-o-departamentos-en-venta-en-tlaxcala-provincia-ordenado-por-fechaonline-descendente.html-pagina-6.html
https://www.inmuebles24.com/propiedades/clasificado/veclcain-casa-en-apizaco-centro-149730483.html,149730483,AHO7161826,sale,Casa en Apizaco Centro,"Propiedad en venta con gran potencial habitacional y comercial. Amplia casa con local comercial, cochera para un auto, 4 recamaras, 2 baños completos y un medio baño. Cuenta con sala, comedor y cocina ideal para familia grande o proyecto mixto. Ademas la propiedad incluye 6 departamentos grandes, cada uno con 2 recamaras, sala, comedor y cocina, perfectos para rentar o como inversión",8650000,"MN 8,650,000",MXN,venta,Casa,AV Juarez 144 Col. Centro Apizaco Tlaxcala,Apizaco Centro,Apizaco,Tlaxcala,19.415308,-98.1382509,4.0,2.0,353.0,353.0,1.0,0.0,35,Publicado hace 114 días,,https://img10.naventcdn.com/avisos/18/01/49/73/04/83/1200x1200/1603639930.jpg?isFirstImage=true|https://img10.naventcdn.com/avisos/18/01/49/73/04/83/1200x1200/1603639925.jpg|https://img10.naventcdn.com/avisos/18/01/49/73/04/83/1200x1200/1603639928.jpg|https://img10.naventcdn.com/avisos/18/01/49/73/04/83/1200x1200/1603639927.jpg,,52 2411308406,Alex Sanchez Real Estate,102884403,https://www.inmuebles24.com/inmobiliarias/alex-sanchez-real-estate_102884403-inmuebles.html,2026-05-04T00:52:03Z,2026-08-25T09:58:13.350994+00:00,https://www.inmuebles24.com/casas-o-casa-en-condominio-o-departamentos-en-venta-en-tlaxcala-provincia-ordenado-por-fechaonline-descendente.html-pagina-6.html
https://www.inmuebles24.com/propiedades/clasificado/veclcain-casa-en-atlihuetzia-yauhquemecan-tlaxcala-149327198.html,149327198,VHO7883724,sale,"Casa en Atlihuetzia, Yauhquemecan Tlaxcala","Descubre tu nuevo hogar en Atlihuetzia, Tlaxcala Vive en una hermosa casa nueva ubicada en un exclusivo conjunto privado en Atlihuetzia, municipio de Yauhquemecan. Esta moderna propiedad ha sido diseñada para brindarte comodidad, amplitud y estilo en cada rincón. En planta baja encontrarás una impresionante sala-comedor a doble altura que aporta elegancia y luminosidad, una cocina integral totalmente equipada, medio baño para visitas, área de servicio y un agradable jardín ideal para convivir o relajarte. En el primer nivel, la casa ofrece tres amplias recámaras, cada una con vestidor y baño completo, además de un baño adicional y una terraza perfecta para disfrutar momentos de tranquilidad. Equipamiento y acabados: Vestidores en todas las habitaciones Calentador solar Cisterna de 8000 litros Iluminación LED Amplios ventanales con excelente entrada de luz natural Canceles en baños Barandal con diseño elegante Además, se aceptan diferentes tipos de crédito: INFONAVIT TOTAL, COFINAVIT, FOVISSSTE, crédito bancario o pago de contado, facilitando tu proceso de compra. No dejes pasar esta excelente oportunidad de estrenar la casa que siempre has querido. Los precios de VHO Ver datos pueden variar sin previo aviso, contáctenos para verificar el mismo.",5500000,"MN 5,500,000",MXN,venta,Casa,"Casa en Atlihuetzia, Yauhquemecan Tlaxcala",Pueblo Santa María Atlihuetzian,Yauhquemehcan,Tlaxcala,19.3938095374,-98.1715766558,3.0,3.0,180.0,180.0,,0.0,A estrenar,Publicado hace 155 días,,https://img10.naventcdn.com/avisos/18/01/49/32/71/98/1200x1200/1595169479.jpg?isFirstImage=true|https://img10.naventcdn.com/avisos/18/01/49/32/71/98/1200x1200/1595169456.jpg|https://img10.naventcdn.com/avisos/18/01/49/32/71/98/1200x1200/1595169467.jpg|https://img10.naventcdn.com/avisos/18/01/49/32/71/98/1200x1200/1595169454.jpg|https://img10.naventcdn.com/avisos/18/01/49/32/71/98/1200x1200/1595169440.jpg|https://img10.naventcdn.com/avisos/18/01/49/32/71/98/1200x1200/1595169476.jpg|https://img10.naventcdn.com/avisos/18/01/49/32/71/98/1200x1200/1595169471.jpg|https://img10.naventcdn.com/avisos/18/01/49/32/71/98/1200x1200/1595169473.jpg|https://img10.naventcdn.com/avisos/18/01/49/32/71/98/1200x1200/1595169446.jpg|https://img10.naventcdn.com/avisos/18/01/49/32/71/98/1200x1200/1595169452.jpg|https://img10.naventcdn.com/avisos/18/01/49/32/71/98/1200x1200/1595169462.jpg|https://img10.naventcdn.com/avisos/18/01/49/32/71/98/1200x1200/1595169468.jpg|https://img10.naventcdn.com/avisos/18/01/49/32/71/98/1200x1200/1595169464.jpg|https://img10.naventcdn.com/avisos/18/01/49/32/71/98/1200x1200/1595169442.jpg|https://img10.naventcdn.com/avisos/18/01/49/32/71/98/1200x1200/1595169477.jpg|https://img10.naventcdn.com/avisos/18/01/49/32/71/98/1200x1200/1595169469.jpg|https://img10.naventcdn.com/avisos/18/01/49/32/71/98/1200x1200/1595169450.jpg|https://img10.naventcdn.com/avisos/18/01/49/32/71/98/1200x1200/1595169439.jpg|https://img10.naventcdn.com/avisos/18/01/49/32/71/98/1200x1200/1595169472.jpg|https://img10.naventcdn.com/avisos/18/01/49/32/71/98/1200x1200/1595169443.jpg|https://img10.naventcdn.com/avisos/18/01/49/32/71/98/1200x1200/1595169444.jpg|https://img10.naventcdn.com/avisos/18/01/49/32/71/98/1200x1200/1595169461.jpg|https://img10.naventcdn.com/avisos/18/01/49/32/71/98/1200x1200/1595169453.jpg|https://img10.naventcdn.com/avisos/18/01/49/32/71/98/1200x1200/1595169474.jpg|https://img10.naventcdn.com/avisos/18/01/49/32/71/98/1200x1200/1595169457.jpg|https://img10.naventcdn.com/avisos/18/01/49/32/71/98/1200x1200/1595169449.jpg|https://img10.naventcdn.com/avisos/18/01/49/32/71/98/1200x1200/1595169445.jpg|https://img10.naventcdn.com/avisos/18/01/49/32/71/98/1200x1200/1595169459.jpg|https://img10.naventcdn.com/avisos/18/01/49/32/71/98/1200x1200/1595169447.jpg|https://img10.naventcdn.com/avisos/18/01/49/32/71/98/1200x1200/1595169466.jpg|https://img10.naventcdn.com/avisos/18/01/49/32/71/98/1200x1200/1595169463.jpg|https://img10.naventcdn.com/avisos/18/01/49/32/71/98/1200x1200/1595169460.jpg|https://img10.naventcdn.com/avisos/18/01/49/32/71/98/1200x1200/1595169441.jpg|https://img10.naventcdn.com/avisos/18/01/49/32/71/98/1200x1200/1595169478.jpg|https://img10.naventcdn.com/avisos/18/01/49/32/71/98/1200x1200/1595169458.jpg|https://img10.naventcdn.com/avisos/18/01/49/32/71/98/1200x1200/1595169470.jpg|https://img10.naventcdn.com/avisos/18/01/49/32/71/98/1200x1200/1595169451.jpg|https://img10.naventcdn.com/avisos/18/01/49/32/71/98/1200x1200/1595169455.jpg|https://img10.naventcdn.com/avisos/18/01/49/32/71/98/1200x1200/1595169465.jpg|https://img10.naventcdn.com/avisos/18/01/49/32/71/98/1200x1200/1595169448.jpg|https://img10.naventcdn.com/avisos/18/01/49/32/71/98/1200x1200/1595169475.jpg,,52 2461110456,Ricardo Canul J.,84162,https://www.inmuebles24.com/inmobiliarias/ricardo-canul-j._84162-inmuebles.html,2026-03-22T01:44:31Z,2026-08-25T09:58:13.350994+00:00,https://www.inmuebles24.com/casas-o-casa-en-condominio-o-departamentos-en-venta-en-tlaxcala-provincia-ordenado-por-fechaonline-descendente.html-pagina-6.html
https://www.inmuebles24.com/propiedades/clasificado/veclcain-casa-en-atlihuetzia-yauhquemecan-tlaxcala-149327557.html,149327557,VHO7883734,sale,"Casa en Atlihuetzia, Yauhquemecan Tlaxcala","????? ¡Tu nuevo hogar te espera en Zacatelco, Tlaxcala! ????? Descubre esta hermosa casa ubicada a pie de calle, diseñada para brindarte comodidad, amplitud y estilo en cada espacio. ???? Planta baja: ? Sala acogedora ? Comedor ideal para convivir en familia ? Cocina integral moderna ? Medio baño ? Área de servicio ? Jardín encantador ???? ???? Primer nivel: ???? 3 amplias habitaciones ???? Cada habitación con baño completo privado ? Acabados y equipamiento: ? Cocina integral equipada ? Closets en las 3 habitaciones ? Calentador solar ? ? Cisterna de 8,000 litros ? Iluminación LED ? Amplios ventanales con excelente luz natural ? Canceles en baños ? Portón de seguridad ???? ¡Aceptamos diferentes tipos de financiamiento! ? INFONAVIT TOTAL ? COFINAVIT ? FOVISSSTE ? Crédito bancario ? Pago de contado ???? Vive con comodidad, seguridad y excelente ubicación en Zacatelco, Tlaxcala. ???? ¡Agenda tu cita y conoce la casa de tus sueños hoy mismo! Los precios de VHO Ver datos pueden variar sin previo aviso, contáctenos para verificar el mismo.",5900000,"MN 5,900,000",MXN,venta,Casa,"Casa en Atlihuetzia, Yauhquemecan Tlaxcala",Pueblo Santa María Atlihuetzian,Yauhquemehcan,Tlaxcala,19.3938095374,-98.1715766558,3.0,3.0,185.0,185.0,,0.0,A estrenar,Publicado hace 156 días,,https://img10.naventcdn.com/avisos/18/01/49/32/75/57/1200x1200/1595182460.jpg?isFirstImage=true|https://img10.naventcdn.com/avisos/18/01/49/32/75/57/1200x1200/1595182440.jpg|https://img10.naventcdn.com/avisos/18/01/49/32/75/57/1200x1200/1595182436.jpg|https://img10.naventcdn.com/avisos/18/01/49/32/75/57/1200x1200/1595182452.jpg|https://img10.naventcdn.com/avisos/18/01/49/32/75/57/1200x1200/1595182432.jpg|https://img10.naventcdn.com/avisos/18/01/49/32/75/57/1200x1200/1595182442.jpg|https://img10.naventcdn.com/avisos/18/01/49/32/75/57/1200x1200/1595182435.jpg|https://img10.naventcdn.com/avisos/18/01/49/32/75/57/1200x1200/1595182430.jpg|https://img10.naventcdn.com/avisos/18/01/49/32/75/57/1200x1200/1595182457.jpg|https://img10.naventcdn.com/avisos/18/01/49/32/75/57/1200x1200/1595182459.jpg|https://img10.naventcdn.com/avisos/18/01/49/32/75/57/1200x1200/1595182429.jpg|https://img10.naventcdn.com/avisos/18/01/49/32/75/57/1200x1200/1595182458.jpg|https://img10.naventcdn.com/avisos/18/01/49/32/75/57/1200x1200/1595182434.jpg|https://img10.naventcdn.com/avisos/18/01/49/32/75/57/1200x1200/1595182451.jpg|https://img10.naventcdn.com/avisos/18/01/49/32/75/57/1200x1200/1595182453.jpg|https://img10.naventcdn.com/avisos/18/01/49/32/75/57/1200x1200/1595182443.jpg|https://img10.naventcdn.com/avisos/18/01/49/32/75/57/1200x1200/1595182446.jpg|https://img10.naventcdn.com/avisos/18/01/49/32/75/57/1200x1200/1595182461.jpg|https://img10.naventcdn.com/avisos/18/01/49/32/75/57/1200x1200/1595182438.jpg|https://img10.naventcdn.com/avisos/18/01/49/32/75/57/1200x1200/1595182431.jpg|https://img10.naventcdn.com/avisos/18/01/49/32/75/57/1200x1200/1595182444.jpg|https://img10.naventcdn.com/avisos/18/01/49/32/75/57/1200x1200/1595182441.jpg|https://img10.naventcdn.com/avisos/18/01/49/32/75/57/1200x1200/1595182437.jpg|https://img10.naventcdn.com/avisos/18/01/49/32/75/57/1200x1200/1595182445.jpg|https://img10.naventcdn.com/avisos/18/01/49/32/75/57/1200x1200/1595182439.jpg|https://img10.naventcdn.com/avisos/18/01/49/32/75/57/1200x1200/1595182433.jpg|https://img10.naventcdn.com/avisos/18/01/49/32/75/57/1200x1200/1595182449.jpg|https://img10.naventcdn.com/avisos/18/01/49/32/75/57/1200x1200/1595182448.jpg|https://img10.naventcdn.com/avisos/18/01/49/32/75/57/1200x1200/1595182450.jpg|https://img10.naventcdn.com/avisos/18/01/49/32/75/57/1200x1200/1595182447.jpg|https://img10.naventcdn.com/avisos/18/01/49/32/75/57/1200x1200/1595182455.jpg|https://img10.naventcdn.com/avisos/18/01/49/32/75/57/1200x1200/1595182456.jpg|https://img10.naventcdn.com/avisos/18/01/49/32/75/57/1200x1200/1595182454.jpg,,52 2461110456,Ricardo Canul J.,84162,https://www.inmuebles24.com/inmobiliarias/ricardo-canul-j._84162-inmuebles.html,2026-03-22T04:04:39Z,2026-08-25T09:58:13.350994+00:00,https://www.inmuebles24.com/casas-o-casa-en-condominio-o-departamentos-en-venta-en-tlaxcala-provincia-ordenado-por-fechaonline-descendente.html-pagina-6.html
https://www.inmuebles24.com/propiedades/clasificado/veclcain-casa-en-pueblo-apetatitlan-de-antonio-carbajal-149730486.html,149730486,AHO7162002,sale,Casa en Pueblo Apetatitlán de Antonio Carbajal,"Casa con local comercial a pie de carrtera, ubicada en una zona estrategica cerca del zocalo de san pablo apetatitlan tlaxcala y con rapido acceso a la carretera federal puebla tlaxcala, muy cerca de santa ana chiutempan. Esta propiedad se encuentra en una zona de alto flujo vehicular, peatonal ideal para emprender cualquier tipo de negocio, oficina o consultorio, sin dejar de disfrutar el confort de la una vivienda. Local independiente 3 recamaras 1 baño completo sala comedor cocina funcional Oficina despacho ideal para trabajar desde casa Espacios bien distribuidos y acabados agradables",4500000,"MN 4,500,000",MXN,venta,Casa,Emiliano Zapata 10,Pueblo Apetatitlán de Antonio Carbajal,ApetatitlAn de Antonio Carvajal,Tlaxcala,19.329397,-98.1955362,3.0,1.0,214.0,214.0,,0.0,30,Publicado hace 114 días,,https://img10.naventcdn.com/avisos/18/01/49/73/04/86/1200x1200/1603639977.jpg?isFirstImage=true|https://img10.naventcdn.com/avisos/18/01/49/73/04/86/1200x1200/1603639938.jpg|https://img10.naventcdn.com/avisos/18/01/49/73/04/86/1200x1200/1603639964.jpg|https://img10.naventcdn.com/avisos/18/01/49/73/04/86/1200x1200/1603639933.jpg|https://img10.naventcdn.com/avisos/18/01/49/73/04/86/1200x1200/1603639945.jpg|https://img10.naventcdn.com/avisos/18/01/49/73/04/86/1200x1200/1603639971.jpg|https://img10.naventcdn.com/avisos/18/01/49/73/04/86/1200x1200/1603639953.jpg|https://img10.naventcdn.com/avisos/18/01/49/73/04/86/1200x1200/1603639958.jpg,,52 2411308406,Alex Sanchez Real Estate,102884403,https://www.inmuebles24.com/inmobiliarias/alex-sanchez-real-estate_102884403-inmuebles.html,2026-05-04T00:52:03Z,2026-08-25T09:58:13.350994+00:00,https://www.inmuebles24.com/casas-o-casa-en-condominio-o-departamentos-en-venta-en-tlaxcala-provincia-ordenado-por-fechaonline-descendente.html-pagina-6.html
https://www.inmuebles24.com/propiedades/clasificado/veclcain-casa-en-venta-$2-400-000-en-primera-seccion-a-3-calles-149258554.html,149258554,6482P4,sale,"Casa en Venta $2,400,000 en Primera Seccion a 3 Calles del Centro de Zacatelco, Tlaxcala","Casa en venta ubicada en el tranquilo Barrio La Venta. Esta propiedad ofrece 170 m2 de superficie construida, distribuidos en 2 niveles. Cuenta con 3 recámaras, ideal para familias. Dispone de 2 baños completos y 1 medio baño. En su interior, encontrarás espacios bien distribuidos que incluyen sala y comedor. La cocina con un excelente espacio lo que facilita diseñarla a tu propio gusto . Además, cuenta con área de lavado. En el exterior, la casa ofrece 4 lugares de estacionamiento y una terraza para disfrutar del aire libre. Se admiten mascotas. La propiedad cuenta con caseta de guardia y seguridad privada, brindando tranquilidad a sus residentes. Dispone de servicios básicos como agua y luz. El estado de conservación es excelente y está disponible para habitarse. La ubicación es estratégica, con escuelas cercanas. con un ambiente familiar y tranquilo. Encontrarás fácil acceso a vialidades principales y transporte público. Hay supermercados y tiendas de conveniencia en la zona, así como servicios de salud. ubicada en zacatelco, a 3 calles del centro en la sección primera. -Costo: 2,400,000.00 -Construcción: 170.00 m2 -Terreno: 185.00 m2 Distribución PLANTA BAJA -Recamara principal con vestidor y baño completo -Sala con doble altura -Comedor -1/2 Baño -Cocina -Patio de servicio -Cochera hasta para 4 autos PRIMER NIVEL -Dos recamaras -Baño completo -1er Terraza SEGUNDO NIVEL 2da terraza -Cisterna -Toda la iluminación led -Muros independientes -Portones -Excelentes vistas",2400000,"MN 2,400,000",MXN,venta,Casa,Allende 68,Barrio La Venta,Zacatelco,Tlaxcala,19.2188944,-98.2357316,3.0,2.0,170.0,185.0,4.0,,A estrenar,Publicado hace 165 días,,https://img10.naventcdn.com/avisos/18/01/49/25/85/54/1200x1200/1593693248.jpg?isFirstImage=true|https://img10.naventcdn.com/avisos/18/01/49/25/85/54/1200x1200/1593693244.jpg|https://img10.naventcdn.com/avisos/18/01/49/25/85/54/1200x1200/1593693251.jpg|https://img10.naventcdn.com/avisos/18/01/49/25/85/54/1200x1200/1593693240.jpg|https://img10.naventcdn.com/avisos/18/01/49/25/85/54/1200x1200/1593693243.jpg|https://img10.naventcdn.com/avisos/18/01/49/25/85/54/1200x1200/1593693245.jpg|https://img10.naventcdn.com/avisos/18/01/49/25/85/54/1200x1200/1593693252.jpg|https://img10.naventcdn.com/avisos/18/01/49/25/85/54/1200x1200/1593693247.jpg|https://img10.naventcdn.com/avisos/18/01/49/25/85/54/1200x1200/1593693253.jpg|https://img10.naventcdn.com/avisos/18/01/49/25/85/54/1200x1200/1593693241.jpg|https://img10.naventcdn.com/avisos/18/01/49/25/85/54/1200x1200/1593693249.jpg|https://img10.naventcdn.com/avisos/18/01/49/25/85/54/1200x1200/1593693250.jpg|https://img10.naventcdn.com/avisos/18/01/49/25/85/54/1200x1200/1593693246.jpg|https://img10.naventcdn.com/avisos/18/01/49/25/85/54/1200x1200/1593693242.jpg,,52 2225176573,CORPORATIVO INMOBILIARIO,51181859,https://www.inmuebles24.com/inmobiliarias/corporativo-inmobiliario_51181859-inmuebles.html,2026-03-13T20:35:47Z,2026-08-25T09:59:07.603330+00:00,https://www.inmuebles24.com/casas-o-casa-en-condominio-o-departamentos-en-venta-en-tlaxcala-provincia-ordenado-por-fechaonline-descendente.html-pagina-6.html
https://www.inmuebles24.com/propiedades/clasificado/veclcain-casa-en-venta-en-santa-ana-chiautempan-tlaxcala-149607952.html,149607952,NX-293641,sale,"Casa en Venta en Santa Ana Chiautempan, Tlaxcala","Ref: 2 9 3 6 4 1 Encantadora casa en venta ubicada en El Alto, Chiautempan, Tlaxcala. Esta hermosa propiedad cuenta con 3 recámaras, 1 baño completo y 1 medio baño, con una construcción de 75 m2 en un ambiente de uso de suelo residencial. La casa está equipada con 1 closet y 1 armario en 2 recámaras, cocina equipada, piso de cerámica, armarios empotrados, un encantador jardín y cuenta con portón eléctrico. Además, este fraccionamiento cuenta con un área verde perfecta para tus eventos. La ubicación de esta propiedad ofrece fácil acceso a zonas de interés cercanas como centros comerciales, parques y escuelas. A solo unos minutos de distancia encontrarás el Centro Comercial Plaza El Alto, ideal para realizar compras y disfrutar de una variedad de opciones gastronómicas. Además, el Parque Ecológico Xicohténcatl es perfecto para realizar actividades al aire libre y disfrutar de la naturaleza en familia. Principales vías de acceso como la carretera federal Tlaxcala-San Martín Texmelucan y la carretera Chiautempan-Apizaco permiten una excelente conexión con otras zonas de la ciudad. ¡No pierdas la oportunidad de adquirir esta espectacular propiedad en una zona tranquila y con fácil acceso a todo lo que necesitas! El precio y la disponibilidad están sujetos a cambio sin previo aviso, verifica con la asesora a cargo.",1150000,"MN 1,150,000",MXN,venta,Casa,"Río Parana 7  El Alto , 90800 Chiautempan, Tlaxcala, México",Barrio El Alto,Chiautempan,Tlaxcala,19.315185612750085,-98.20685703020705,3.0,1.0,75.0,93.0,1.0,0.0,16,Publicado hace 126 días,,https://img10.naventcdn.com/avisos/18/01/49/60/79/52/1200x1200/1604200746.jpg?isFirstImage=true|https://img10.naventcdn.com/avisos/18/01/49/60/79/52/1200x1200/1601162243.jpg|https://img10.naventcdn.com/avisos/18/01/49/60/79/52/1200x1200/1601162246.jpg|https://img10.naventcdn.com/avisos/18/01/49/60/79/52/1200x1200/1601162250.jpg|https://img10.naventcdn.com/avisos/18/01/49/60/79/52/1200x1200/1601162249.jpg|https://img10.naventcdn.com/avisos/18/01/49/60/79/52/1200x1200/1601162248.jpg|https://img10.naventcdn.com/avisos/18/01/49/60/79/52/1200x1200/1601162252.jpg|https://img10.naventcdn.com/avisos/18/01/49/60/79/52/1200x1200/1601162238.jpg|https://img10.naventcdn.com/avisos/18/01/49/60/79/52/1200x1200/1601162242.jpg|https://img10.naventcdn.com/avisos/18/01/49/60/79/52/1200x1200/1601162241.jpg|https://img10.naventcdn.com/avisos/18/01/49/60/79/52/1200x1200/1601162251.jpg|https://img10.naventcdn.com/avisos/18/01/49/60/79/52/1200x1200/1601162247.jpg|https://img10.naventcdn.com/avisos/18/01/49/60/79/52/1200x1200/1601162239.jpg|https://img10.naventcdn.com/avisos/18/01/49/60/79/52/1200x1200/1601162244.jpg|https://img10.naventcdn.com/avisos/18/01/49/60/79/52/1200x1200/1601162245.jpg|https://img10.naventcdn.com/avisos/18/01/49/60/79/52/1200x1200/1601162254.jpg|https://img10.naventcdn.com/avisos/18/01/49/60/79/52/1200x1200/1601162253.jpg,,52 5574117755,iad Inmobiliaria,50956067,https://www.inmuebles24.com/inmobiliarias/iad-inmobiliaria_50956067-inmuebles.html,2026-04-21T21:02:58Z,2026-08-25T09:59:07.603330+00:00,https://www.inmuebles24.com/casas-o-casa-en-condominio-o-departamentos-en-venta-en-tlaxcala-provincia-ordenado-por-fechaonline-descendente.html-pagina-6.html
https://www.inmuebles24.com/propiedades/clasificado/veclcain-casa-en-venta-en-santa-maria-acuitlapilco-149454935.html,149454935,NX-294415,sale,Casa en Venta en Santa María Acuitlapilco,"Ref: 2 9 4 4 1 5 ¡Vive en la casa que siempre soñaste! Casa en venta en Acuitlapilco, Tlaxcala 3 recámaras , Cochera 2 autos , Acepta créditos Excelente oportunidad de adquirir una casa en venta en Acuitlapilco, Tlaxcala, ubicada en una zona de crecimiento con alta plusvalía, a pocos minutos del centro de Tlaxcala y con fácil acceso a servicios, vialidades principales y transporte. Esta propiedad destaca por su diseño moderno, espacios amplios y funcionalidad, ideal para familias, parejas o inversionistas que buscan una vivienda cómoda y bien ubicada. Cuenta con una superficie de 100 m² de terreno y 130 m² de construcción, distribuidos en dos niveles: Planta baja: -Cochera para 2 autos -Sala y comedor con excelente iluminación natural - Cocina con barra desayunador - Medio baño para visitas - Patio de servicio techado Planta alta: - 3 recámaras -Recámara principal con baño completo -2 recámaras secundarias -1 baño completo compartido Uno de los principales atractivos de esta propiedad es su diseño con doble altura, que aporta mayor amplitud, iluminación y un estilo contemporáneo que eleva el valor del inmueble. Además, la casa cuenta con cisterna de 6,000 litros, lo que garantiza un adecuado suministro de agua, un aspecto clave para la comodidad diaria. Se aceptan créditos: INFONAVIT, INFONAVIT Total, COFINAVIT, FOVISSSTE, ISSFAM, BANJERCITO, IMSS y créditos bancarios. Esta propiedad representa una excelente opción para quienes buscan una casa en Tlaxcala con buena ubicación, espacios funcionales y precio competitivo. Lista para habitar y con alta demanda en la zona.",1745000,"MN 1,745,000",MXN,venta,Casa,Av. Reforma 75,Santa María Acuitlapilco,Tlaxcala,Tlaxcala,19.26593887622716,-98.23585680614045,3.0,2.0,130.0,100.0,2.0,0.0,1,Publicado hace 141 días,,https://img10.naventcdn.com/avisos/resize/18/01/49/45/49/35/1200x1200/1597748910.jpg?isFirstImage=true|https://img10.naventcdn.com/avisos/18/01/49/45/49/35/1200x1200/1597748904.jpg|https://img10.naventcdn.com/avisos/18/01/49/45/49/35/1200x1200/1597748900.jpg|https://img10.naventcdn.com/avisos/18/01/49/45/49/35/1200x1200/1597748901.jpg|https://img10.naventcdn.com/avisos/18/01/49/45/49/35/1200x1200/1597748899.jpg|https://img10.naventcdn.com/avisos/18/01/49/45/49/35/1200x1200/1597748908.jpg|https://img10.naventcdn.com/avisos/18/01/49/45/49/35/1200x1200/1597748909.jpg|https://img10.naventcdn.com/avisos/18/01/49/45/49/35/1200x1200/1597748905.jpg|https://img10.naventcdn.com/avisos/18/01/49/45/49/35/1200x1200/1597748902.jpg|https://img10.naventcdn.com/avisos/18/01/49/45/49/35/1200x1200/1597748898.jpg|https://img10.naventcdn.com/avisos/18/01/49/45/49/35/1200x1200/1597748903.jpg|https://img10.naventcdn.com/avisos/18/01/49/45/49/35/1200x1200/1597748897.jpg|https://img10.naventcdn.com/avisos/18/01/49/45/49/35/1200x1200/1597748906.jpg|https://img10.naventcdn.com/avisos/18/01/49/45/49/35/1200x1200/1597748895.jpg|https://img10.naventcdn.com/avisos/18/01/49/45/49/35/1200x1200/1597748896.jpg|https://img10.naventcdn.com/avisos/18/01/49/45/49/35/1200x1200/1597748907.jpg,,52 5574117755,iad Inmobiliaria,50956067,https://www.inmuebles24.com/inmobiliarias/iad-inmobiliaria_50956067-inmuebles.html,2026-04-06T05:42:37Z,2026-08-25T09:59:07.603330+00:00,https://www.inmuebles24.com/casas-o-casa-en-condominio-o-departamentos-en-venta-en-tlaxcala-provincia-ordenado-por-fechaonline-descendente.html-pagina-6.html
https://www.inmuebles24.com/propiedades/clasificado/veclcain-casa-en-venta-en-zacatelco-tlaxcala-$2-400-000-149736303.html,149736303,64PNK3,sale,"Casa en Venta en Zacatelco, Tlaxcala $2,400,000","Casa con diseño funcional y espacios amplios, destacando su sala de doble altura que brinda mayor iluminación y sensación de amplitud. Cuenta con dos terrazas ideales para disfrutar vistas y momentos al aire libre, además de una ubicación céntrica que facilita el acceso a servicios y comercios. Sala con doble altura (mayor amplitud e iluminación) 2 terrazas con vistas Cochera amplia para 4 autos Recámara principal en planta baja Excelente ubicación céntrica Ubicación: Zacatelco, Tlaxcala (Sección Primera, a 3 calles del centro) Precio: $2,400,000 MXN Superficies Terreno: 185 m² Construcción: 170 m² Distribución Planta Baja: Recámara principal con vestidor y baño completo Sala con doble altura Comedor Medio baño Cocina Patio de servicio Cochera para hasta 4 autos Primer Nivel: 2 recámaras 1 baño completo Terraza Segundo Nivel: Segunda terraza con excelentes vistas ️ Equipamiento Cisterna Iluminación LED en toda la casa Muros independientes Portones Ubicación y entorno A 3 calles del centro de Zacatelco Zona con acceso a servicios, comercios y vialidades principales Sala con doble altura (mayor amplitud e iluminación) 2 terrazas con vistas Cochera amplia para 4 autos Recámara principal en planta baja Excelente ubicación céntrica Descripción comercial Casa con diseño funcional y espacios amplios, destacando su sala de doble altura que brinda mayor iluminación y sensación de amplitud. Cuenta con dos terrazas ideales para disfrutar vistas y momentos al aire libre, además de una ubicación céntrica que facilita el acceso a servicios y comercios.",2400000,"MN 2,400,000",MXN,venta,Casa,Allende ,Barrio La Venta,Zacatelco,Tlaxcala,19.2189706,-98.2352259,3.0,2.0,170.0,185.0,4.0,,A estrenar,Publicado hace 113 días,,https://img10.naventcdn.com/avisos/18/01/49/73/63/03/1200x1200/1603751255.jpg?isFirstImage=true|https://img10.naventcdn.com/avisos/18/01/49/73/63/03/1200x1200/1603751252.jpg|https://img10.naventcdn.com/avisos/18/01/49/73/63/03/1200x1200/1603751259.jpg|https://img10.naventcdn.com/avisos/18/01/49/73/63/03/1200x1200/1603751251.jpg|https://img10.naventcdn.com/avisos/18/01/49/73/63/03/1200x1200/1603751256.jpg|https://img10.naventcdn.com/avisos/18/01/49/73/63/03/1200x1200/1603751250.jpg|https://img10.naventcdn.com/avisos/18/01/49/73/63/03/1200x1200/1603751254.jpg|https://img10.naventcdn.com/avisos/18/01/49/73/63/03/1200x1200/1603751249.jpg|https://img10.naventcdn.com/avisos/18/01/49/73/63/03/1200x1200/1603751258.jpg|https://img10.naventcdn.com/avisos/18/01/49/73/63/03/1200x1200/1603751257.jpg|https://img10.naventcdn.com/avisos/18/01/49/73/63/03/1200x1200/1603751253.jpg,,52 2225176573,CORPORATIVO INMOBILIARIO,51181859,https://www.inmuebles24.com/inmobiliarias/corporativo-inmobiliario_51181859-inmuebles.html,2026-05-04T18:17:13Z,2026-08-25T09:59:07.603330+00:00,https://www.inmuebles24.com/casas-o-casa-en-condominio-o-departamentos-en-venta-en-tlaxcala-provincia-ordenado-por-fechaonline-descendente.html-pagina-6.html
https://www.inmuebles24.com/propiedades/clasificado/veclcain-casa-en-venta-santa-maria-acuitlapilco-tlaxcala-149548143.html,149548143,64IOI3,sale,"Casa en Venta, Santa María Acuitlapilco, Tlaxcala","Casa en Venta en Santa María Acuitlapilco, Tlaxcala | Amplio Terreno | Jardín | 1 Nivel Maximice su patrimonio en esta exclusiva propiedad en Santa María Acuitlapilco, Tlaxcala, con características excepcionales de terreno y construcción que garantizan una sólida plusvalía a corto plazo. Diseñada estratégicamente para optimizar el confort y la privacidad familiar, este inmueble destaca en el mercado por sus generosas dimensiones, ofreciendo una versatilidad habitacional única con espacios amplios ideales tanto para residencia de primer nivel como para proyectos de inversión de alto perfil. Ubicada en un entorno altamente seguro y tranquilo, la propiedad asegura una conectividad privilegiada con un acceso rápido y eficiente hacia los principales puntos comerciales y corporativos de la ciudad, consolidando una calidad de vida óptima y un valor patrimonial inigualable. Ubicación: Santa María Acuitlapilco, Tlaxcala Características de la propiedad Antigüedad: 22 años Terreno: 600 m² / Construcción: 250 m² 1 nivel (mayor comodidad y funcionalidad) 5 recámaras (Recámara principal con jacuzzi) 4 baños completos / 1 medio baño Sala y recibidor con chimenea Cocina integral con alacena de carpintería Área de lavado y tendido Bodega (3 x 3 m) Jardín amplio con árboles y áreas verdes 2 espacios de estacionamiento Servicios: agua, luz, cisterna, fosa séptica, gas LP Ventajas de la zona Ubicada en una zona tranquila y residencial A pocos minutos del centro de Tlaxcala Fácil acceso a vialidades principales hacia Puebla y CDMX Cercanía a escuelas, comercios y servicios básicos Entorno con naturaleza, aire limpio y baja densidad Ideal para quienes buscan privacidad y espacios amplios Ideal para familias grandes, casa de descanso o inversión por su amplio terreno y ubicación estratégica. Contáctanos para más información o agenda tu visita. ¡Conoce esta excelente oportunidad!",4195000,"MN 4,195,000",MXN,venta,Casa,El Peral,Pueblo Santa Maria Acuitlapilco,Tlaxcala,Tlaxcala,19.2849648,-98.2418189,5.0,4.0,250.0,600.0,2.0,0.0,22,Publicado hace 132 días,,https://img10.naventcdn.com/avisos/18/01/49/54/81/43/1200x1200/1601085968.jpg?isFirstImage=true|https://img10.naventcdn.com/avisos/18/01/49/54/81/43/1200x1200/1599799223.jpg|https://img10.naventcdn.com/avisos/18/01/49/54/81/43/1200x1200/1599799226.jpg|https://img10.naventcdn.com/avisos/18/01/49/54/81/43/1200x1200/1599799217.jpg|https://img10.naventcdn.com/avisos/18/01/49/54/81/43/1200x1200/1599799216.jpg|https://img10.naventcdn.com/avisos/18/01/49/54/81/43/1200x1200/1599799232.jpg|https://img10.naventcdn.com/avisos/18/01/49/54/81/43/1200x1200/1599799233.jpg|https://img10.naventcdn.com/avisos/18/01/49/54/81/43/1200x1200/1599799231.jpg|https://img10.naventcdn.com/avisos/18/01/49/54/81/43/1200x1200/1601085965.jpg|https://img10.naventcdn.com/avisos/18/01/49/54/81/43/1200x1200/1599799212.jpg|https://img10.naventcdn.com/avisos/18/01/49/54/81/43/1200x1200/1599799219.jpg|https://img10.naventcdn.com/avisos/18/01/49/54/81/43/1200x1200/1599799210.jpg|https://img10.naventcdn.com/avisos/18/01/49/54/81/43/1200x1200/1599799215.jpg|https://img10.naventcdn.com/avisos/18/01/49/54/81/43/1200x1200/1599799218.jpg|https://img10.naventcdn.com/avisos/18/01/49/54/81/43/1200x1200/1599799225.jpg|https://img10.naventcdn.com/avisos/18/01/49/54/81/43/1200x1200/1599799214.jpg|https://img10.naventcdn.com/avisos/18/01/49/54/81/43/1200x1200/1599799228.jpg|https://img10.naventcdn.com/avisos/18/01/49/54/81/43/1200x1200/1599799211.jpg|https://img10.naventcdn.com/avisos/18/01/49/54/81/43/1200x1200/1601085966.jpg|https://img10.naventcdn.com/avisos/18/01/49/54/81/43/1200x1200/1599799224.jpg|https://img10.naventcdn.com/avisos/18/01/49/54/81/43/1200x1200/1599799229.jpg|https://img10.naventcdn.com/avisos/18/01/49/54/81/43/1200x1200/1601085967.jpg|https://img10.naventcdn.com/avisos/18/01/49/54/81/43/1200x1200/1599799222.jpg|https://img10.naventcdn.com/avisos/18/01/49/54/81/43/1200x1200/1599799221.jpg,,52 5573354768,HOUSALE.MX,51043349,https://www.inmuebles24.com/inmobiliarias/housale.mx_51043349-inmuebles.html,2026-04-15T22:13:17Z,2026-08-25T09:59:07.603330+00:00,https://www.inmuebles24.com/casas-o-casa-en-condominio-o-departamentos-en-venta-en-tlaxcala-provincia-ordenado-por-fechaonline-descendente.html-pagina-6.html
https://www.inmuebles24.com/propiedades/clasificado/veclcain-casa-en-venta-ubicada-en-av-libertad-405-apizaco-149407276.html,149407276,64DI2G,sale,"Casa en Venta Ubicada en Av Libertad 405, Apizaco Tlax.","Casa habitación en venta ubicada en Col. Centro en Apizaco Tlaxcala. Metros cuadrados: Terreno: 139.92 m2 Construcción: 283.72.00 m2 Frente: 8.80 m Fondo: 15.90 m Características: Planta baja con sala-comedor, cocina, recibidor, cochera, patio de servicio, consultorio y medio baño. Sótano con 4 recamaras, cocineta, bodega de herramienta y patio de servicio. Planta alta: Baño completo, 3 recamaras, cuarto de usos múltiples, recamara principal con closet y terraza.",3000000,"MN 3,000,000",MXN,venta,Casa,Avenida Libertad 405,Apizaco Centro,Apizaco,Tlaxcala,19.4154069,-98.1359366,7.0,2.0,283.0,139.0,1.0,,20,Publicado hace 148 días,,https://img10.naventcdn.com/avisos/18/01/49/40/72/76/1200x1200/1596787918.jpg?isFirstImage=true|https://img10.naventcdn.com/avisos/18/01/49/40/72/76/1200x1200/1596787911.jpg|https://img10.naventcdn.com/avisos/18/01/49/40/72/76/1200x1200/1596787902.jpg|https://img10.naventcdn.com/avisos/18/01/49/40/72/76/1200x1200/1596787906.jpg|https://img10.naventcdn.com/avisos/18/01/49/40/72/76/1200x1200/1596787910.jpg|https://img10.naventcdn.com/avisos/18/01/49/40/72/76/1200x1200/1596787921.jpg|https://img10.naventcdn.com/avisos/18/01/49/40/72/76/1200x1200/1596787909.jpg|https://img10.naventcdn.com/avisos/18/01/49/40/72/76/1200x1200/1596787908.jpg|https://img10.naventcdn.com/avisos/18/01/49/40/72/76/1200x1200/1596787917.jpg|https://img10.naventcdn.com/avisos/18/01/49/40/72/76/1200x1200/1596787916.jpg|https://img10.naventcdn.com/avisos/18/01/49/40/72/76/1200x1200/1596787915.jpg|https://img10.naventcdn.com/avisos/18/01/49/40/72/76/1200x1200/1596787913.jpg|https://img10.naventcdn.com/avisos/18/01/49/40/72/76/1200x1200/1596787905.jpg|https://img10.naventcdn.com/avisos/18/01/49/40/72/76/1200x1200/1596787900.jpg|https://img10.naventcdn.com/avisos/18/01/49/40/72/76/1200x1200/1596787899.jpg|https://img10.naventcdn.com/avisos/18/01/49/40/72/76/1200x1200/1596787907.jpg|https://img10.naventcdn.com/avisos/18/01/49/40/72/76/1200x1200/1596787904.jpg|https://img10.naventcdn.com/avisos/18/01/49/40/72/76/1200x1200/1596787919.jpg|https://img10.naventcdn.com/avisos/18/01/49/40/72/76/1200x1200/1596787901.jpg|https://img10.naventcdn.com/avisos/18/01/49/40/72/76/1200x1200/1596787912.jpg|https://img10.naventcdn.com/avisos/18/01/49/40/72/76/1200x1200/1596787914.jpg|https://img10.naventcdn.com/avisos/18/01/49/40/72/76/1200x1200/1596787903.jpg|https://img10.naventcdn.com/avisos/18/01/49/40/72/76/1200x1200/1596787920.jpg,,52 2411152416,KALI INMOBILIARIA,653778,https://www.inmuebles24.com/inmobiliarias/kali-inmobiliaria_653778-inmuebles.html,2026-03-30T20:15:12Z,2026-08-25T09:59:07.603330+00:00,https://www.inmuebles24.com/casas-o-casa-en-condominio-o-departamentos-en-venta-en-tlaxcala-provincia-ordenado-por-fechaonline-descendente.html-pagina-6.html
https://www.inmuebles24.com/propiedades/clasificado/veclcain-casa-en-venta-ubicada-en-privada-blvd-emilio-sanchez-149714002.html,149714002,64OSQM,sale,Casa en Venta Ubicada en Privada Blvd Emilio Sanchez Piedras en Apizaco,Casa nueva en Venta Metros cuadrados: 200.00m2 Características: Casa habitación nueva de dos niveles. Espacio para 2 autos Medio baño en planta baja Sala- comedor Cocina Área de Servicio. Planta alta con 3 recamaras. Sala de tv 2 baños completos,2500000,"MN 2,500,000",MXN,venta,Casa,2a. Privada del Boulevard Emilio Sánchez Piedras,Centro,Apizaco,Tlaxcala,19.4205646,-98.1435069,3.0,2.0,200.0,200.0,2.0,,A estrenar,Publicado hace 117 días,,https://img10.naventcdn.com/avisos/18/01/49/71/40/02/1200x1200/1603298899.jpg?isFirstImage=true|https://img10.naventcdn.com/avisos/18/01/49/71/40/02/1200x1200/1603298900.jpg|https://img10.naventcdn.com/avisos/18/01/49/71/40/02/1200x1200/1603298901.jpg|https://img10.naventcdn.com/avisos/18/01/49/71/40/02/1200x1200/1603298902.jpg|https://img10.naventcdn.com/avisos/18/01/49/71/40/02/1200x1200/1603298906.jpg|https://img10.naventcdn.com/avisos/18/01/49/71/40/02/1200x1200/1603298903.jpg|https://img10.naventcdn.com/avisos/18/01/49/71/40/02/1200x1200/1603298904.jpg|https://img10.naventcdn.com/avisos/18/01/49/71/40/02/1200x1200/1603298905.jpg,,52 2411152416,KALI INMOBILIARIA,653778,https://www.inmuebles24.com/inmobiliarias/kali-inmobiliaria_653778-inmuebles.html,2026-04-30T21:33:28Z,2026-08-25T09:59:07.603330+00:00,https://www.inmuebles24.com/casas-o-casa-en-condominio-o-departamentos-en-venta-en-tlaxcala-provincia-ordenado-por-fechaonline-descendente.html-pagina-6.html
https://www.inmuebles24.com/propiedades/clasificado/veclcain-casa-en-zacatelco-149327572.html,149327572,VHO7883746,sale,Casa en Zacatelco,"????? ¡La casa de tus sueños te espera en Zacatelco, Tlaxcala! ????? Descubre esta hermosa casa a pie de calle, diseñada para brindarte comodidad, estilo y funcionalidad. ???? Planta baja: ? Sala acogedora ? Comedor ideal para convivir en familia ? Moderna cocina integral ? Medio baño ? Área de servicio ? Jardín encantador ???? Primer nivel: ????? 3 amplias habitaciones ???? Cada habitación con baño completo privado ? Acabados y equipamiento: ?? Cocina integral equipada ?? Closets en las 3 habitaciones ?? Calentador solar ?? Cisterna de 8,000 litros ?? Iluminación LED ?? Amplios ventanales con excelente iluminación natural ?? Canceles en baños ?? Portón de seguridad ???? ¡Aceptamos diferentes opciones de financiamiento! ???? INFONAVIT TOTAL ???? COFINAVIT ???? FOVISSSTE ???? Crédito bancario ???? Pago de contado ???? Vive con tranquilidad, confort y excelente ubicación en Zacatelco, Tlaxcala. ???? ¡Contáctanos hoy mismo y agenda tu visita! Los precios de VHO Ver datos pueden variar sin previo aviso, contáctenos para verificar el mismo.",3800000,"MN 3,800,000",MXN,venta,Casa,Casa en Zacatelco,Pueblo Santa Inés Zacatelco,Zacatelco,Tlaxcala,19.2195841443,-98.2456272102,3.0,3.0,250.0,250.0,4.0,0.0,A estrenar,Publicado hace 156 días,,https://img10.naventcdn.com/avisos/18/01/49/32/75/72/1200x1200/1595183299.jpg?isFirstImage=true|https://img10.naventcdn.com/avisos/18/01/49/32/75/72/1200x1200/1595183297.jpg|https://img10.naventcdn.com/avisos/18/01/49/32/75/72/1200x1200/1595183288.jpg|https://img10.naventcdn.com/avisos/18/01/49/32/75/72/1200x1200/1595183304.jpg|https://img10.naventcdn.com/avisos/18/01/49/32/75/72/1200x1200/1595183282.jpg|https://img10.naventcdn.com/avisos/18/01/49/32/75/72/1200x1200/1595183289.jpg|https://img10.naventcdn.com/avisos/18/01/49/32/75/72/1200x1200/1595183293.jpg|https://img10.naventcdn.com/avisos/18/01/49/32/75/72/1200x1200/1595183303.jpg|https://img10.naventcdn.com/avisos/18/01/49/32/75/72/1200x1200/1595183302.jpg|https://img10.naventcdn.com/avisos/18/01/49/32/75/72/1200x1200/1595183287.jpg|https://img10.naventcdn.com/avisos/18/01/49/32/75/72/1200x1200/1595183277.jpg|https://img10.naventcdn.com/avisos/18/01/49/32/75/72/1200x1200/1595183308.jpg|https://img10.naventcdn.com/avisos/18/01/49/32/75/72/1200x1200/1595183296.jpg|https://img10.naventcdn.com/avisos/18/01/49/32/75/72/1200x1200/1595183294.jpg|https://img10.naventcdn.com/avisos/18/01/49/32/75/72/1200x1200/1595183305.jpg|https://img10.naventcdn.com/avisos/18/01/49/32/75/72/1200x1200/1595183279.jpg|https://img10.naventcdn.com/avisos/18/01/49/32/75/72/1200x1200/1595183286.jpg|https://img10.naventcdn.com/avisos/18/01/49/32/75/72/1200x1200/1595183307.jpg|https://img10.naventcdn.com/avisos/18/01/49/32/75/72/1200x1200/1595183284.jpg|https://img10.naventcdn.com/avisos/18/01/49/32/75/72/1200x1200/1595183309.jpg|https://img10.naventcdn.com/avisos/18/01/49/32/75/72/1200x1200/1595183295.jpg|https://img10.naventcdn.com/avisos/18/01/49/32/75/72/1200x1200/1595183283.jpg|https://img10.naventcdn.com/avisos/18/01/49/32/75/72/1200x1200/1595183281.jpg|https://img10.naventcdn.com/avisos/18/01/49/32/75/72/1200x1200/1595183285.jpg|https://img10.naventcdn.com/avisos/18/01/49/32/75/72/1200x1200/1595183291.jpg|https://img10.naventcdn.com/avisos/18/01/49/32/75/72/1200x1200/1595183306.jpg|https://img10.naventcdn.com/avisos/18/01/49/32/75/72/1200x1200/1595183300.jpg|https://img10.naventcdn.com/avisos/18/01/49/32/75/72/1200x1200/1595183292.jpg|https://img10.naventcdn.com/avisos/18/01/49/32/75/72/1200x1200/1595183290.jpg|https://img10.naventcdn.com/avisos/18/01/49/32/75/72/1200x1200/1595183280.jpg|https://img10.naventcdn.com/avisos/18/01/49/32/75/72/1200x1200/1595183301.jpg,,52 2461110456,Ricardo Canul J.,84162,https://www.inmuebles24.com/inmobiliarias/ricardo-canul-j._84162-inmuebles.html,2026-03-22T04:06:55Z,2026-08-25T09:59:07.603330+00:00,https://www.inmuebles24.com/casas-o-casa-en-condominio-o-departamentos-en-venta-en-tlaxcala-provincia-ordenado-por-fechaonline-descendente.html-pagina-6.html
https://www.inmuebles24.com/propiedades/clasificado/veclcain-casa-fraccionamiento-la-noria-149730505.html,149730505,AHO7810276,sale,Casa - Fraccionamiento La Noria,Fraccionamiento cluster 7 casa de 3 recamaras 2 baños completos 1/2 baño sala comedor cocina integral,2350000,"MN 2,350,000",MXN,venta,Casa,Apizaco Tlax,Fraccionamiento La Soledad,Apizaco,Tlaxcala,19.4049473,-98.1604599,3.0,2.0,152.0,152.0,,0.0,A estrenar,Publicado hace 114 días,,https://img10.naventcdn.com/avisos/18/01/49/73/05/05/1200x1200/1603640142.jpg?isFirstImage=true|https://img10.naventcdn.com/avisos/18/01/49/73/05/05/1200x1200/1603640108.jpg|https://img10.naventcdn.com/avisos/18/01/49/73/05/05/1200x1200/1603640096.jpg|https://img10.naventcdn.com/avisos/18/01/49/73/05/05/1200x1200/1603640207.jpg|https://img10.naventcdn.com/avisos/18/01/49/73/05/05/1200x1200/1603640179.jpg|https://img10.naventcdn.com/avisos/18/01/49/73/05/05/1200x1200/1603640168.jpg|https://img10.naventcdn.com/avisos/18/01/49/73/05/05/1200x1200/1603640197.jpg|https://img10.naventcdn.com/avisos/18/01/49/73/05/05/1200x1200/1603640134.jpg|https://img10.naventcdn.com/avisos/18/01/49/73/05/05/1200x1200/1603640173.jpg|https://img10.naventcdn.com/avisos/18/01/49/73/05/05/1200x1200/1603640032.jpg|https://img10.naventcdn.com/avisos/18/01/49/73/05/05/1200x1200/1603640114.jpg|https://img10.naventcdn.com/avisos/18/01/49/73/05/05/1200x1200/1603640130.jpg|https://img10.naventcdn.com/avisos/18/01/49/73/05/05/1200x1200/1603640161.jpg|https://img10.naventcdn.com/avisos/18/01/49/73/05/05/1200x1200/1603640190.jpg|https://img10.naventcdn.com/avisos/18/01/49/73/05/05/1200x1200/1603640201.jpg|https://img10.naventcdn.com/avisos/18/01/49/73/05/05/1200x1200/1603640184.jpg,,52 2411308406,Alex Sanchez Real Estate,102884403,https://www.inmuebles24.com/inmobiliarias/alex-sanchez-real-estate_102884403-inmuebles.html,2026-05-04T00:52:07Z,2026-08-25T09:59:07.603330+00:00,https://www.inmuebles24.com/casas-o-casa-en-condominio-o-departamentos-en-venta-en-tlaxcala-provincia-ordenado-por-fechaonline-descendente.html-pagina-6.html
https://www.inmuebles24.com/propiedades/clasificado/veclcain-casas-en-venta-en-acuitlapilco-tlaxcala-149533512.html,149533512,64I8AC,sale,Casas en Venta en Acuitlapilco Tlaxcala,"CASAS EN VENTA $1\""380,000 Y $1'580,000 TRANSPORTE PUBLICO, CALLE CON ADOQUINADA CON CONEXION A LA CARRETERA FEDERAL TLAXCALA-PUEBLA.. CONSTA: SALA, COMEDOR, COCINA, PATIO DE SERVICIO, CISTERNA 5000 LTS, , 1.5 BANOS COMPLETOS, 3 RECAMARAS Y ESTACIONAMIENTO PARA DOS AUTOS CON REJA.",1380000,"MN 1,380,000",MXN,venta,Casa,Carretera Federal Puebla - Tlaxcala,Pueblo Santa Maria Acuitlapilco,Tlaxcala,Tlaxcala,19.2823735,-98.238466,3.0,1.0,85.0,169.0,2.0,,A estrenar,Publicado hace 132 días,,https://img10.naventcdn.com/avisos/18/01/49/53/35/12/1200x1200/1599445007.jpg?isFirstImage=true|https://img10.naventcdn.com/avisos/18/01/49/53/35/12/1200x1200/1599445013.jpg|https://img10.naventcdn.com/avisos/18/01/49/53/35/12/1200x1200/1599445014.jpg|https://img10.naventcdn.com/avisos/18/01/49/53/35/12/1200x1200/1599445016.jpg|https://img10.naventcdn.com/avisos/18/01/49/53/35/12/1200x1200/1599445011.jpg|https://img10.naventcdn.com/avisos/18/01/49/53/35/12/1200x1200/1599445015.jpg|https://img10.naventcdn.com/avisos/18/01/49/53/35/12/1200x1200/1599445006.jpg|https://img10.naventcdn.com/avisos/18/01/49/53/35/12/1200x1200/1599445012.jpg|https://img10.naventcdn.com/avisos/18/01/49/53/35/12/1200x1200/1599445005.jpg|https://img10.naventcdn.com/avisos/18/01/49/53/35/12/1200x1200/1599445010.jpg|https://img10.naventcdn.com/avisos/18/01/49/53/35/12/1200x1200/1599445008.jpg|https://img10.naventcdn.com/avisos/18/01/49/53/35/12/1200x1200/1599445009.jpg,,52 2467576579,OPCIÓN INMOBILIARIA,51070963,https://www.inmuebles24.com/inmobiliarias/opcion-inmobiliaria_51070963-inmuebles.html,2026-04-14T17:51:55Z,2026-08-25T09:59:07.603330+00:00,https://www.inmuebles24.com/casas-o-casa-en-condominio-o-departamentos-en-venta-en-tlaxcala-provincia-ordenado-por-fechaonline-descendente.html-pagina-6.html
https://www.inmuebles24.com/propiedades/clasificado/veclcain-diseno-y-privacidad:-residencia-con-doble-altura-y-149522091.html,149522091,NHO7941937,sale,Diseño y Privacidad: Residencia con Doble Altura y Recámaras con Baño Propio | Ubicación Estratégica,"Casa en Venta en Residencial Privado – Diseño Moderno, Seguridad y Alta Plusvalía Invierte en el patrimonio de tu familia con esta casa en venta dentro de residencial privado de solo 11 casas con portón automático, ideal para quienes buscan exclusividad, seguridad y un entorno tranquilo. Ubicada a 5 minutos de la Vía Corta y 10 minutos de Plaza Galerías Tlaxcala, con excelente conectividad a vialidades principales, escuelas, comercios y servicios. Esta propiedad destaca por su diseño moderno, doble altura y espacios amplios, además de un equipamiento de calidad que eleva el confort y la plusvalía. Distribución +Primer nivel: -Sala con doble altura -Comedor -Cocina integral con cubierta de granito -Alacena -Cuarto de lavado -Medio baño -Cochera para dos autos -Bodega -Cisterna +Segundo nivel: -Sala de TV -Recámara secundaria con vestidor y baño completo -Recámara secundaria con clóset y baño completo +Tercer nivel: -Recámara principal con vestidor y baño completo -Roof garden con asador, ideal para convivencias +Equipamiento: -Tanque estacionario -Canceles de vidrio templado en baños -Hidroneumático -Cocina con granito -Barandal de vidrio templado Una propiedad ideal para familias que buscan comodidad, diseño y seguridad, así como para inversionistas que desean una casa con alta demanda y excelente proyección de valorización. *Se aceptan todos los créditos, a excepción de Infonavit corresidencial.*Precio sujeto a cambios sin previo aviso. *Los gastos de escrituración, impuestos etc. No están incluidos en el precio En Nazarit Bienes Raíces te ofrecemos las mejores opciones que se adecuen a tus necesidades, te apoyamos en todo el tramite y asesoría sin costo extra. ¡Contáctanos!",3200000,"MN 3,200,000",MXN,venta,Casa,"Casa en Preventa Chiautempan, Tlaxcala",,Chiautempan,Tlaxcala,19.3125811,-98.191238,3.0,3.0,232.0,120.0,2.0,0.0,A estrenar,Publicado hace 134 días,,https://img10.naventcdn.com/avisos/18/01/49/52/20/91/1200x1200/1623737768.jpg?isFirstImage=true|https://img10.naventcdn.com/avisos/18/01/49/52/20/91/1200x1200/1599190339.jpg|https://img10.naventcdn.com/avisos/18/01/49/52/20/91/1200x1200/1611412022.jpg|https://img10.naventcdn.com/avisos/18/01/49/52/20/91/1200x1200/1611413075.jpg|https://img10.naventcdn.com/avisos/18/01/49/52/20/91/1200x1200/1611413163.jpg|https://img10.naventcdn.com/avisos/18/01/49/52/20/91/1200x1200/1611413244.jpg|https://img10.naventcdn.com/avisos/18/01/49/52/20/91/1200x1200/1611413520.jpg|https://img10.naventcdn.com/avisos/18/01/49/52/20/91/1200x1200/1611413708.jpg|https://img10.naventcdn.com/avisos/18/01/49/52/20/91/1200x1200/1611413746.jpg|https://img10.naventcdn.com/avisos/18/01/49/52/20/91/1200x1200/1611413815.jpg|https://img10.naventcdn.com/avisos/18/01/49/52/20/91/1200x1200/1611413814.jpg|https://img10.naventcdn.com/avisos/18/01/49/52/20/91/1200x1200/1611413839.jpg|https://img10.naventcdn.com/avisos/18/01/49/52/20/91/1200x1200/1611413872.jpg|https://img10.naventcdn.com/avisos/18/01/49/52/20/91/1200x1200/1611414228.jpg|https://img10.naventcdn.com/avisos/18/01/49/52/20/91/1200x1200/1611414238.jpg|https://img10.naventcdn.com/avisos/18/01/49/52/20/91/1200x1200/1611414322.jpg|https://img10.naventcdn.com/avisos/18/01/49/52/20/91/1200x1200/1611414323.jpg|https://img10.naventcdn.com/avisos/18/01/49/52/20/91/1200x1200/1611414820.jpg|https://img10.naventcdn.com/avisos/18/01/49/52/20/91/1200x1200/1611414821.jpg|https://img10.naventcdn.com/avisos/18/01/49/52/20/91/1200x1200/1611414819.jpg|https://img10.naventcdn.com/avisos/18/01/49/52/20/91/1200x1200/1611414847.jpg|https://img10.naventcdn.com/avisos/18/01/49/52/20/91/1200x1200/1611414848.jpg|https://img10.naventcdn.com/avisos/18/01/49/52/20/91/1200x1200/1611414849.jpg|https://img10.naventcdn.com/avisos/18/01/49/52/20/91/1200x1200/1611414378.jpg|https://img10.naventcdn.com/avisos/18/01/49/52/20/91/1200x1200/1611414852.jpg|https://img10.naventcdn.com/avisos/18/01/49/52/20/91/1200x1200/1611414855.jpg|https://img10.naventcdn.com/avisos/18/01/49/52/20/91/1200x1200/1611414857.jpg|https://img10.naventcdn.com/avisos/18/01/49/52/20/91/1200x1200/1611414853.jpg|https://img10.naventcdn.com/avisos/18/01/49/52/20/91/1200x1200/1611414856.jpg,,52 2461390017,Nazarit Bienes Raíces,51357399,https://www.inmuebles24.com/inmobiliarias/nazarit-bienes-raices_51357399-inmuebles.html,2026-04-13T19:25:41Z,2026-08-25T10:00:08.504668+00:00,https://www.inmuebles24.com/casas-o-casa-en-condominio-o-departamentos-en-venta-en-tlaxcala-provincia-ordenado-por-fechaonline-descendente.html-pagina-6.html
https://www.inmuebles24.com/propiedades/clasificado/veclcain-fracc-parque-ingles-149730485.html,149730485,AHO7163114,sale,Fracc Parque Ingles,Casa Nueva en Fraccionamiento Parque Ingles Apizaco Tlax. 3 Recamaras con closet (principal con vestido) 2 Baños completos Cocina Integra equipada con barra de cuarzo blanco y amplia alacena Sala comedor con excelente iluminacion natural Cochera 2 autos Salon de usos multiples con medio baño Roof Garden con asador Vive seguridad y tranquilidad con un diseño moderno en cada rincon.,3900000,"MN 3,900,000",MXN,venta,Casa,AV Real DEL Valle,Real Del Valle,Apizaco,Tlaxcala,19.395143,-98.1386135,3.0,2.0,,,2.0,0.0,A estrenar,Publicado hace 114 días,,https://img10.naventcdn.com/avisos/18/01/49/73/04/85/1200x1200/1603640181.jpg?isFirstImage=true|https://img10.naventcdn.com/avisos/18/01/49/73/04/85/1200x1200/1603640227.jpg|https://img10.naventcdn.com/avisos/18/01/49/73/04/85/1200x1200/1603640186.jpg|https://img10.naventcdn.com/avisos/18/01/49/73/04/85/1200x1200/1603640172.jpg|https://img10.naventcdn.com/avisos/18/01/49/73/04/85/1200x1200/1603640224.jpg|https://img10.naventcdn.com/avisos/18/01/49/73/04/85/1200x1200/1603640206.jpg|https://img10.naventcdn.com/avisos/18/01/49/73/04/85/1200x1200/1603640140.jpg|https://img10.naventcdn.com/avisos/18/01/49/73/04/85/1200x1200/1603640146.jpg|https://img10.naventcdn.com/avisos/18/01/49/73/04/85/1200x1200/1603640106.jpg|https://img10.naventcdn.com/avisos/18/01/49/73/04/85/1200x1200/1603640222.jpg|https://img10.naventcdn.com/avisos/18/01/49/73/04/85/1200x1200/1603640178.jpg|https://img10.naventcdn.com/avisos/18/01/49/73/04/85/1200x1200/1603640220.jpg|https://img10.naventcdn.com/avisos/18/01/49/73/04/85/1200x1200/1603640127.jpg|https://img10.naventcdn.com/avisos/18/01/49/73/04/85/1200x1200/1603640043.jpg|https://img10.naventcdn.com/avisos/18/01/49/73/04/85/1200x1200/1603640132.jpg|https://img10.naventcdn.com/avisos/18/01/49/73/04/85/1200x1200/1603640088.jpg|https://img10.naventcdn.com/avisos/18/01/49/73/04/85/1200x1200/1603640202.jpg|https://img10.naventcdn.com/avisos/18/01/49/73/04/85/1200x1200/1603640191.jpg|https://img10.naventcdn.com/avisos/18/01/49/73/04/85/1200x1200/1603640028.jpg|https://img10.naventcdn.com/avisos/18/01/49/73/04/85/1200x1200/1603640211.jpg|https://img10.naventcdn.com/avisos/18/01/49/73/04/85/1200x1200/1603640226.jpg|https://img10.naventcdn.com/avisos/18/01/49/73/04/85/1200x1200/1603640196.jpg|https://img10.naventcdn.com/avisos/18/01/49/73/04/85/1200x1200/1603640136.jpg|https://img10.naventcdn.com/avisos/18/01/49/73/04/85/1200x1200/1603640217.jpg|https://img10.naventcdn.com/avisos/18/01/49/73/04/85/1200x1200/1603640112.jpg|https://img10.naventcdn.com/avisos/18/01/49/73/04/85/1200x1200/1603640214.jpg|https://img10.naventcdn.com/avisos/18/01/49/73/04/85/1200x1200/1603640167.jpg|https://img10.naventcdn.com/avisos/18/01/49/73/04/85/1200x1200/1603640110.jpg,,52 2411308406,Alex Sanchez Real Estate,102884403,https://www.inmuebles24.com/inmobiliarias/alex-sanchez-real-estate_102884403-inmuebles.html,2026-05-04T00:52:03Z,2026-08-25T10:00:08.504668+00:00,https://www.inmuebles24.com/casas-o-casa-en-condominio-o-departamentos-en-venta-en-tlaxcala-provincia-ordenado-por-fechaonline-descendente.html-pagina-6.html
https://www.inmuebles24.com/propiedades/clasificado/veclcain-propiedad-santa-ana-chiatempan-tlax-149730494.html,149730494,AHO7284150,sale,Propiedad Santa Ana Chiatempan Tlax,VENTA DE PROPIEDAD EN EL CENTRO DE SANTA ANA CHIAUTEMPAN TLAXCALA SE VENDE COMO TERRENO ZONA CENTRO CERCA DE CHEDRAUI ZONA DE ALTA AFLUENCIA VEHICULAR Y PEATONAL LISTO PARA PROYECTO COMERCIAL O VIVIENDA MEDIDAS 9.18 METROS DE FRENTE POR 43 M DE FONDO TOTAL 628.62 METROS,3700000,"MN 3,700,000",MXN,venta,Casa,Propiedad Santa ANA Chiautempan Tlax,Santa Ana Chiautempan Centro,Chiautempan,Tlaxcala,19.3088339,-98.1955732,,,628.0,628.0,,0.0,A estrenar,Publicado hace 114 días,,https://img10.naventcdn.com/avisos/18/01/49/73/04/94/1200x1200/1603639929.jpg?isFirstImage=true|https://img10.naventcdn.com/avisos/18/01/49/73/04/94/1200x1200/1603639926.jpg|https://img10.naventcdn.com/avisos/18/01/49/73/04/94/1200x1200/1603639931.jpg|https://img10.naventcdn.com/avisos/18/01/49/73/04/94/1200x1200/1603639932.jpg,,52 2411308406,Alex Sanchez Real Estate,102884403,https://www.inmuebles24.com/inmobiliarias/alex-sanchez-real-estate_102884403-inmuebles.html,2026-05-04T00:52:04Z,2026-08-25T10:00:08.504668+00:00,https://www.inmuebles24.com/casas-o-casa-en-condominio-o-departamentos-en-venta-en-tlaxcala-provincia-ordenado-por-fechaonline-descendente.html-pagina-6.html
https://www.inmuebles24.com/propiedades/clasificado/veclcain-tlaxco-tlaxcala-149730489.html,149730489,AHO7184462,sale,Tlaxco Tlaxcala,TLAXCO COLONIA LINDA VISTA RODEADA DE AREAS VERDES 3 RECAMARAS AMPLIAS SALA COMEDOR COCINA COCHERA 2 AUTOS 2 BAÑOS COMPLETOS PATIO DE SERVICIO CISTERNA DE 6 MIL LITROS,1780000,"MN 1,780,000",MXN,venta,Casa,Tlaxco Tlaxcala,,Tlaxco,Tlaxcala,19.61766,-98.1174721,3.0,2.0,236.0,289.0,2.0,0.0,10,Publicado hace 114 días,,https://img10.naventcdn.com/avisos/18/01/49/73/04/89/1200x1200/1603639961.jpg?isFirstImage=true|https://img10.naventcdn.com/avisos/18/01/49/73/04/89/1200x1200/1603639998.jpg|https://img10.naventcdn.com/avisos/18/01/49/73/04/89/1200x1200/1603639948.jpg|https://img10.naventcdn.com/avisos/18/01/49/73/04/89/1200x1200/1603639934.jpg|https://img10.naventcdn.com/avisos/18/01/49/73/04/89/1200x1200/1603639956.jpg|https://img10.naventcdn.com/avisos/18/01/49/73/04/89/1200x1200/1603639991.jpg|https://img10.naventcdn.com/avisos/18/01/49/73/04/89/1200x1200/1603639940.jpg|https://img10.naventcdn.com/avisos/18/01/49/73/04/89/1200x1200/1603639969.jpg|https://img10.naventcdn.com/avisos/18/01/49/73/04/89/1200x1200/1603639979.jpg,,52 2411308406,Alex Sanchez Real Estate,102884403,https://www.inmuebles24.com/inmobiliarias/alex-sanchez-real-estate_102884403-inmuebles.html,2026-05-04T00:52:04Z,2026-08-25T10:00:08.504668+00:00,https://www.inmuebles24.com/casas-o-casa-en-condominio-o-departamentos-en-venta-en-tlaxcala-provincia-ordenado-por-fechaonline-descendente.html-pagina-6.html
https://www.inmuebles24.com/propiedades/clasificado/veclcain-venta-de-casa-en-san-cosme-atlamaxac-tepeyanco-149209930.html,149209930,VHO5049416,sale,"Venta de Casa en San Cosme Atlamaxac, Tepeyanco","Venta de casa en San Cosme Atlamaxac, Municipio de Tepeyanco, Tlaxcala Casa en 2 niveles con área de sala, comedor, cocina, medio baño y cochera para un auto. Planta alta 3 habitaciones y un baño completo. Acabados: Piso de cerámica en toda la casa, azulejo en baño, tarja en cocina, calentador de gas. Aceptamos crédito Infonavit. Los precios de VHO Ver datos pueden variar sin previo aviso, contáctenos para verificar el mismo.",1000000,"MN 1,000,000",MXN,venta,Casa,"Venta de Casa en San Cosme Atlamaxac Tepeyanco, Tlaxcala",Pueblo San Cosme Atlamaxac,Tepeyanco,Tlaxcala,19.2360104337,-98.2286823934,3.0,1.0,72.0,72.0,1.0,0.0,A estrenar,Publicado hace 169 días,,https://img10.naventcdn.com/avisos/18/01/49/20/99/30/1200x1200/1592679656.jpg?isFirstImage=true|https://img10.naventcdn.com/avisos/18/01/49/20/99/30/1200x1200/1592679528.jpg|https://img10.naventcdn.com/avisos/18/01/49/20/99/30/1200x1200/1592679531.jpg|https://img10.naventcdn.com/avisos/18/01/49/20/99/30/1200x1200/1592679670.jpg|https://img10.naventcdn.com/avisos/18/01/49/20/99/30/1200x1200/1592679674.jpg|https://img10.naventcdn.com/avisos/18/01/49/20/99/30/1200x1200/1592679675.jpg|https://img10.naventcdn.com/avisos/18/01/49/20/99/30/1200x1200/1592679630.jpg|https://img10.naventcdn.com/avisos/18/01/49/20/99/30/1200x1200/1592679671.jpg|https://img10.naventcdn.com/avisos/18/01/49/20/99/30/1200x1200/1592679526.jpg|https://img10.naventcdn.com/avisos/18/01/49/20/99/30/1200x1200/1592679669.jpg|https://img10.naventcdn.com/avisos/18/01/49/20/99/30/1200x1200/1592679530.jpg|https://img10.naventcdn.com/avisos/18/01/49/20/99/30/1200x1200/1592679667.jpg|https://img10.naventcdn.com/avisos/18/01/49/20/99/30/1200x1200/1592679672.jpg|https://img10.naventcdn.com/avisos/18/01/49/20/99/30/1200x1200/1592679673.jpg|https://img10.naventcdn.com/avisos/18/01/49/20/99/30/1200x1200/1592679755.jpg|https://img10.naventcdn.com/avisos/18/01/49/20/99/30/1200x1200/1592679756.jpg,,52 2461110456,Ricardo Canul J.,84162,https://www.inmuebles24.com/inmobiliarias/ricardo-canul-j._84162-inmuebles.html,2026-03-10T03:24:19Z,2026-08-25T10:00:08.504668+00:00,https://www.inmuebles24.com/casas-o-casa-en-condominio-o-departamentos-en-venta-en-tlaxcala-provincia-ordenado-por-fechaonline-descendente.html-pagina-6.html
https://www.inmuebles24.com/propiedades/clasificado/veclcain-venta-de-casa-en-san-miguel-contlan-149222415.html,149222415,VHO7848995,sale,Venta de Casa en San Miguel Contlan,"Venta de Casa ubicada en San Miguel Contla Municipio de Santa Cruz Tlaxcala. *2 habitaciones *Sala comedor *Cocina *Baño completo *Patio de servicio *Cochera Casa sola, nueva con pisos de cerámica, azulejo en baño, calentador, muros independientes. Aceptamos Crédito Cofinavit, fovissste, bancario y de contado. Los precios de VHO Ver datos pueden variar sin previo aviso, contáctenos para verificar el mismo.",840000,"MN 840,000",MXN,venta,Casa,"San Miguel Contlan, Santa Cruz Tlaxcala",Pueblo San Miguel Contla,Santa Cruz Tlaxcala,Tlaxcala,19.3682344182,-98.1303495169,2.0,1.0,102.0,102.0,,0.0,A estrenar,Publicado hace 168 días,,https://img10.naventcdn.com/avisos/18/01/49/22/24/15/1200x1200/1592918216.jpg?isFirstImage=true|https://img10.naventcdn.com/avisos/18/01/49/22/24/15/1200x1200/1592918218.jpg|https://img10.naventcdn.com/avisos/18/01/49/22/24/15/1200x1200/1592918220.jpg|https://img10.naventcdn.com/avisos/18/01/49/22/24/15/1200x1200/1592918219.jpg|https://img10.naventcdn.com/avisos/18/01/49/22/24/15/1200x1200/1592918217.jpg|https://img10.naventcdn.com/avisos/18/01/49/22/24/15/1200x1200/1602047573.jpg|https://img10.naventcdn.com/avisos/18/01/49/22/24/15/1200x1200/1602047574.jpg|https://img10.naventcdn.com/avisos/18/01/49/22/24/15/1200x1200/1602047575.jpg|https://img10.naventcdn.com/avisos/18/01/49/22/24/15/1200x1200/1602047576.jpg|https://img10.naventcdn.com/avisos/18/01/49/22/24/15/1200x1200/1602047571.jpg|https://img10.naventcdn.com/avisos/18/01/49/22/24/15/1200x1200/1602047572.jpg|https://img10.naventcdn.com/avisos/18/01/49/22/24/15/1200x1200/1602047569.jpg|https://img10.naventcdn.com/avisos/18/01/49/22/24/15/1200x1200/1602047577.jpg|https://img10.naventcdn.com/avisos/18/01/49/22/24/15/1200x1200/1602047570.jpg,,52 2461110456,Ricardo Canul J.,84162,https://www.inmuebles24.com/inmobiliarias/ricardo-canul-j._84162-inmuebles.html,2026-03-10T19:06:51Z,2026-08-25T10:00:08.504668+00:00,https://www.inmuebles24.com/casas-o-casa-en-condominio-o-departamentos-en-venta-en-tlaxcala-provincia-ordenado-por-fechaonline-descendente.html-pagina-6.html
https://www.inmuebles24.com/propiedades/clasificado/veclcapa-casa-en-apizaco-tlaxcala-propiedad-privada-en-zona-149594721.html,149594721,64KGAL,sale,Casa en Apizaco Tlaxcala Propiedad Privada en Zona Exclusiva de Santa Anita,"Casa en Colonia Lindavista en Santa Anita Huiloac, entra y sal de la ciudad de Apizaco con toda comodidad, disfruta de las mejores reuniones con familiares y amigos en su roof Garden, con una increíble vista del valle de Apizaco, por la noche la tranquilidad envolverá tu sueño y por la mañana el sol entrara por tu ventana principal para llenarte de energía. Escaleras ampliar para subir los muebles con toda comodidad, balcón principal. Direccion en Priv Sin Nombre No 1009 Col Linda Vista Santa Anita Huiloac Apizaco Tlaxcala Generales Terreno medidas 14.50 X 7.50 (108 mts2 de área) 199 Mts de Construcción Escritura debidamente inscrita en el registro público. - Contrato de Agua potable y drenaje activo - Contrato de Luz Activo Distribución Fuera de la Casa - Garaje para dos Autos grandes 1ero 3.875 X 5.23 mts 2do 3.505 X 5.42 mts (El segundo espacio se puede ocupar o bien como jardín o como espacio para estacionar un segundo auto) - Cisterna de 1.8 X 2.60 X 1.8 mts Volumen 8.42 mts3 con bomba sumergible - Bodega con Puerta corredisa 1.3 X 1.5 mts Planta Baja: - Sala 4 x 3.5 mts - Comedor 4 x 3.5 mts - Cocina 3.25 x 3.87 mts - ½ Baño 1.2 x 1.8 mts - Patio de Servicio 2.6 X 3.8 mts 1ra Planta: • Habitación principal 6 X 3.8 mts, + Espacio de closet + baño completo 1.35 X 2.6 mts • Baño completo en pasillo 2.4 X 2 mts • Terraza Principal 2 x 2.4 mts • Dos habitaciones 3.47 X 3.52 mts + Espacio Closet 3.35 x 3.8 mts + Espacio Closet 2da Planta: - Rom Garden con asador y tarja 7 mts X 3.8 mts - Habitación de lavado 2.5 mts X 3.6 mts - Tendederos 3.5 mts X 7 mts",2380000,"MN 2,380,000",MXN,venta,Casa,Calle sin Nombre No 1009 Colonia Linda Vista Santa Anita Huiloac Apizaco Tlaxcala,Lindavista,Apizaco,Tlaxcala,19.396595351461585,-98.14863448227844,3.0,2.0,199.0,109.0,2.0,,A estrenar,Publicado hace 127 días,,https://img10.naventcdn.com/avisos/18/01/49/59/47/21/1200x1200/1600873990.jpg?isFirstImage=true|https://img10.naventcdn.com/avisos/18/01/49/59/47/21/1200x1200/1600873980.jpg|https://img10.naventcdn.com/avisos/18/01/49/59/47/21/1200x1200/1600873981.jpg|https://img10.naventcdn.com/avisos/18/01/49/59/47/21/1200x1200/1600873991.jpg|https://img10.naventcdn.com/avisos/18/01/49/59/47/21/1200x1200/1600873992.jpg,,52 2413301138,Israel Padilla Espinoza,103060400,https://www.inmuebles24.com/inmobiliarias/israel-padilla-espinoza_103060400-inmuebles.html,2026-04-21T01:22:40Z,2026-08-25T10:00:08.504668+00:00,https://www.inmuebles24.com/casas-o-casa-en-condominio-o-departamentos-en-venta-en-tlaxcala-provincia-ordenado-por-fechaonline-descendente.html-pagina-6.html
https://www.inmuebles24.com/propiedades/clasificado/veclccpa-casa-morita-149748956.html,149748956,64Q7LQ,sale,Casa Morita,"Diseño vanguardista y acabados de lujo ¡La casa de tus sueños está lista para recibirte! Una propiedad que destaca por su diseño moderno y detalles de alta calidad. Distribución de espacios: Terreno: 174 m² | Construcción: 138.35 m² Planta Baja: Amplia Sala y Comedor. Cocina integral equipada con moderna barra desayunador. Medio baño para visitas. Cuarto de servicio y pasillo de servicio lateral. Jardín trasero con terraza ideal para convivencias. Estacionamiento para 2 autos. Planta Alta: Recámara principal con balcón. Recámara secundaria con balcón. Sala de TV (espacio versátil para oficina o descanso). Baño completo muy amplio con acabados de primera. Cisterna 8,000 litros Servicios de Luz, agua, drenaje, voz y datos subterraneos. Lista para escriturar. ¡ACEPTAMOS TODOS LOS CRÉDITOS! (Infonavit, Fovissste, ISSFAM y Bancarios). Nosotros te asesoramos con el trámite. propiedad con diseño de vanguardia y plusvalía garantizada. Estamos a 10 minutos del centro de Huamantla y a 3 minutos de la nueva central de abastos",1850000,"MN 1,850,000",MXN,venta,Casa en condominio,J GUERRERO ,Barrio San Lucas,Huamantla,Tlaxcala,19.3039161,-97.9246959,3.0,1.0,138.0,174.0,2.0,500.0,A estrenar,Publicado hace 112 días,,https://img10.naventcdn.com/avisos/18/01/49/74/89/56/1200x1200/1604006800.jpg?isFirstImage=true|https://img10.naventcdn.com/avisos/18/01/49/74/89/56/1200x1200/1604006799.jpg|https://img10.naventcdn.com/avisos/18/01/49/74/89/56/1200x1200/1604006802.jpg|https://img10.naventcdn.com/avisos/18/01/49/74/89/56/1200x1200/1604006804.jpg|https://img10.naventcdn.com/avisos/18/01/49/74/89/56/1200x1200/1604006805.jpg|https://img10.naventcdn.com/avisos/18/01/49/74/89/56/1200x1200/1604006807.jpg|https://img10.naventcdn.com/avisos/18/01/49/74/89/56/1200x1200/1604006806.jpg|https://img10.naventcdn.com/avisos/18/01/49/74/89/56/1200x1200/1604006801.jpg|https://img10.naventcdn.com/avisos/18/01/49/74/89/56/1200x1200/1604006803.jpg|https://img10.naventcdn.com/avisos/18/01/49/74/89/56/1200x1200/1622070907.jpg|https://img10.naventcdn.com/avisos/18/01/49/74/89/56/1200x1200/1622070906.jpg|https://img10.naventcdn.com/avisos/18/01/49/74/89/56/1200x1200/1622070905.jpg,55288.0,52 2471000084,ERIKA QUEZADA,103069075,https://www.inmuebles24.com/inmobiliarias/erika-quezada_103069075-inmuebles.html,2026-05-05T18:33:55Z,2026-08-25T10:00:08.504668+00:00,https://www.inmuebles24.com/casas-o-casa-en-condominio-o-departamentos-en-venta-en-tlaxcala-provincia-ordenado-por-fechaonline-descendente.html-pagina-6.html
https://www.inmuebles24.com/propiedades/clasificado/veclapin-departamento-en-venta-en-val-quirico-puebla-amplias-148979779.html,148979779,UAP7591513,sale,"Departamento en Venta en val'Quirico, Puebla, Amplias Amenidades","Departamento en Venta Modelo Encino en EQUIAH Villa Sustentable, junto a Val’Quirico | $5,850,000 Departamento de 2 recámaras en venta en EQUIAH Villa Sustentable, exclusivo desarrollo residencial de baja densidad ubicado a un costado de Val’Quirico. Una propiedad que combina amplios espacios interiores, Roof Garden privado y un entorno rodeado de naturaleza. El modelo Encino disponible en niveles 3 y 4 cuenta con 305.5 m² de superficie total, incluyendo 162.21 m² de construcción techada y un extraordinario Roof Garden privado de 109.52 m², ideal para crear una amplia terraza, área social o espacio de descanso al aire libre. Características Precio: $5,850,000 MXN Modelo: Encino Ubicación: EQUIAH Villa Sustentable, junto a Val’Quirico Niveles: 3 y 4 Superficie total: 305.5 m² Construcción techada: 162.21 m² Roof Garden privado: 109.52 m² Bodega asignada: 5.80 m² 2 recámaras 2.5 baños Estudio Sala-comedor Cocina con barra desayunadora Despensa Cuarto de lavado Terraza techada Bodega 2 cajones de estacionamiento con pérgola Entrega: junio de 2027 Equipamiento incluido Cocina integral Clósets principales en ambas recámaras Canceles de baño de vidrio templado Repisas en despensa y perchero 4 paneles solares Piso vinílico imitación madera Piso cerámico en terraza y baños completos Apagadores inteligentes Cerradura inteligente Amenidades Alberca techada con carriles de nado Sala de yoga Gimnasio equipado Cancha de tenis Cancha de futbolito y voleibol Hípico EQUIAH Terraza panorámica Salón de eventos Lobby Elevador Una excelente opción para quienes buscan un departamento en venta cerca de Val’Quirico, con espacios superiores a los de un departamento convencional, Roof Garden privado y un concepto residencial enfocado en privacidad, naturaleza y calidad de vida. Para más información o agendar una visita, comunícate al Ver datos . Precio y disponibilidad sujetos a cambio sin previo aviso.",5850000,"MN 5,850,000",MXN,venta,Apartamento,"Equiah, Villa Sustentable, Val'quirico, Puebla. Encino Cimarron",Fraccionamiento Santa Agueda,Tlaxcala,Tlaxcala,19.1865272,-98.2903442,2.0,2.0,305.0,305.0,2.0,0.0,A estrenar,Publicado hace 190 días,,https://img10.naventcdn.com/avisos/18/01/48/97/97/79/1200x1200/1610597456.jpg?isFirstImage=true|https://img10.naventcdn.com/avisos/18/01/48/97/97/79/1200x1200/1610597467.jpg|https://img10.naventcdn.com/avisos/18/01/48/97/97/79/1200x1200/1610597449.jpg|https://img10.naventcdn.com/avisos/18/01/48/97/97/79/1200x1200/1610597451.jpg|https://img10.naventcdn.com/avisos/18/01/48/97/97/79/1200x1200/1610597450.jpg|https://img10.naventcdn.com/avisos/18/01/48/97/97/79/1200x1200/1610597453.jpg|https://img10.naventcdn.com/avisos/18/01/48/97/97/79/1200x1200/1610597452.jpg|https://img10.naventcdn.com/avisos/18/01/48/97/97/79/1200x1200/1610597468.jpg|https://img10.naventcdn.com/avisos/18/01/48/97/97/79/1200x1200/1610597455.jpg|https://img10.naventcdn.com/avisos/18/01/48/97/97/79/1200x1200/1610597454.jpg|https://img10.naventcdn.com/avisos/18/01/48/97/97/79/1200x1200/1610597478.jpg|https://img10.naventcdn.com/avisos/18/01/48/97/97/79/1200x1200/1610597479.jpg|https://img10.naventcdn.com/avisos/18/01/48/97/97/79/1200x1200/1610597477.jpg|https://img10.naventcdn.com/avisos/18/01/48/97/97/79/1200x1200/1610597469.jpg|https://img10.naventcdn.com/avisos/18/01/48/97/97/79/1200x1200/1610597472.jpg|https://img10.naventcdn.com/avisos/18/01/48/97/97/79/1200x1200/1610597496.jpg|https://img10.naventcdn.com/avisos/18/01/48/97/97/79/1200x1200/1610597497.jpg|https://img10.naventcdn.com/avisos/18/01/48/97/97/79/1200x1200/1610597493.jpg|https://img10.naventcdn.com/avisos/18/01/48/97/97/79/1200x1200/1610597494.jpg|https://img10.naventcdn.com/avisos/18/01/48/97/97/79/1200x1200/1610597498.jpg|https://img10.naventcdn.com/avisos/18/01/48/97/97/79/1200x1200/1610597718.jpg|https://img10.naventcdn.com/avisos/18/01/48/97/97/79/1200x1200/1610597720.jpg|https://img10.naventcdn.com/avisos/18/01/48/97/97/79/1200x1200/1610597634.jpg|https://img10.naventcdn.com/avisos/18/01/48/97/97/79/1200x1200/1610597722.jpg|https://img10.naventcdn.com/avisos/18/01/48/97/97/79/1200x1200/1610597737.jpg,,52 2228415760,Urban,102413210,https://www.inmuebles24.com/inmobiliarias/urban_102413210-inmuebles.html,2026-02-17T00:03:52Z,2026-08-25T10:00:08.504668+00:00,https://www.inmuebles24.com/casas-o-casa-en-condominio-o-departamentos-en-venta-en-tlaxcala-provincia-ordenado-por-fechaonline-descendente.html-pagina-7.html
https://www.inmuebles24.com/propiedades/clasificado/veclapin-loft-amueblado-en-valquirico-148672291.html,148672291,IAP7684994,sale,Loft Amueblado en Valquirico,"Exclusivo loft amueblado en venta en Val’Quirico | Ideal para inversión Hermoso loft totalmente amueblado, ubicado en una de las zonas con mayor plusvalía y demanda turística de Val’Quirico. Una excelente oportunidad para inversionistas que buscan alta rentabilidad. Características: - Acceso mediante elegante puerta de madera del edificio - Elevador - Ubicado en primer piso - Estancia de sala y comedor con excelente iluminación - Cocina integral equipada - 1 recámara con vestidor - Baño completo - Área de lavado Ubicación privilegiada: A solo 50 metros de la Rueda de la Fortuna Superficie: 83 m² Precio de venta: $4,900,000 Contrato PROFECO Ver datos Agenda tu cita. Somos expertos en el sector inmobiliario, brindándole la mejor atención posible para promover y proteger su patrimonio, ya sea en operaciones de compra/venta de propiedades, o bien siendo agentes inmobiliario para colocar su inmuebles en renta. Brindamos soporte técnico en la obtención de crédito para la vivienda y asesoría jurídica para regularizar su propiedades. En Inmobiliaria Moran, hacemos tu sueño realidad! Estamos para servirte, contáctanos.",4900000,"MN 4,900,000",MXN,venta,Apartamento,Bonito Loft Amueblado EN Venta EN Valquirico,,Tetlatlahuca,Tlaxcala,19.1898967,-98.2917371,1.0,1.0,83.0,83.0,,0.0,A estrenar,Publicado hace 220 días,,https://img10.naventcdn.com/avisos/18/01/48/67/22/91/1200x1200/1581954299.jpg?isFirstImage=true|https://img10.naventcdn.com/avisos/18/01/48/67/22/91/1200x1200/1581954294.jpg|https://img10.naventcdn.com/avisos/18/01/48/67/22/91/1200x1200/1581954295.jpg|https://img10.naventcdn.com/avisos/18/01/48/67/22/91/1200x1200/1581954291.jpg|https://img10.naventcdn.com/avisos/18/01/48/67/22/91/1200x1200/1581954296.jpg|https://img10.naventcdn.com/avisos/18/01/48/67/22/91/1200x1200/1581954297.jpg|https://img10.naventcdn.com/avisos/18/01/48/67/22/91/1200x1200/1581954292.jpg|https://img10.naventcdn.com/avisos/18/01/48/67/22/91/1200x1200/1581954300.jpg|https://img10.naventcdn.com/avisos/18/01/48/67/22/91/1200x1200/1581954293.jpg|https://img10.naventcdn.com/avisos/18/01/48/67/22/91/1200x1200/1581954301.jpg|https://img10.naventcdn.com/avisos/18/01/48/67/22/91/1200x1200/1581954298.jpg,,,Inmobiliaria MORAN,51175529,https://www.inmuebles24.com/inmobiliarias/inmobiliaria-moran_51175529-inmuebles.html,2026-01-17T20:12:26Z,2026-08-25T10:00:08.504668+00:00,https://www.inmuebles24.com/casas-o-casa-en-condominio-o-departamentos-en-venta-en-tlaxcala-provincia-ordenado-por-fechaonline-descendente.html-pagina-7.html
https://www.inmuebles24.com/propiedades/clasificado/veclapin-loft-en-venta-val-quirico-tlax.-148762902.html,148762902,MAP7726486,sale,"Loft en Venta, val'Quirico, Tlax.","Loft en venta amueblado en Barriocentro. Val'quirico, Tlax. 1 Habitación 1 baño Amueblado Lavanderia disponible En zona centro Cuenta con elevador",4800000,"MN 4,800,000",MXN,venta,Apartamento,"Loft en Venta, Val'quirico, Tlax.",Tlaxcala Centro,Tlaxcala,Tlaxcala,19.3185363,-98.2363375,1.0,1.0,83.0,83.0,,0.0,A estrenar,Publicado hace 211 días,,https://img10.naventcdn.com/avisos/18/01/48/76/29/02/1200x1200/1583987161.jpg?isFirstImage=true|https://img10.naventcdn.com/avisos/18/01/48/76/29/02/1200x1200/1583987164.jpg|https://img10.naventcdn.com/avisos/18/01/48/76/29/02/1200x1200/1583987160.jpg|https://img10.naventcdn.com/avisos/18/01/48/76/29/02/1200x1200/1583987163.jpg|https://img10.naventcdn.com/avisos/18/01/48/76/29/02/1200x1200/1583987167.jpg|https://img10.naventcdn.com/avisos/18/01/48/76/29/02/1200x1200/1583987159.jpg|https://img10.naventcdn.com/avisos/18/01/48/76/29/02/1200x1200/1583987165.jpg|https://img10.naventcdn.com/avisos/18/01/48/76/29/02/1200x1200/1583987168.jpg|https://img10.naventcdn.com/avisos/18/01/48/76/29/02/1200x1200/1583987166.jpg|https://img10.naventcdn.com/avisos/18/01/48/76/29/02/1200x1200/1583987162.jpg,,,Manzur & Co.,102872533,https://www.inmuebles24.com/inmobiliarias/manzur-co._102872533-inmuebles.html,2026-01-26T21:02:44Z,2026-08-25T10:01:08.491924+00:00,https://www.inmuebles24.com/casas-o-casa-en-condominio-o-departamentos-en-venta-en-tlaxcala-provincia-ordenado-por-fechaonline-descendente.html-pagina-7.html
https://www.inmuebles24.com/propiedades/clasificado/veclcain-casa-en-fraccionamiento-privado-atras-de-universidad-148872878.html,148872878,03,sale,"Casa en Fraccionamiento Privado Atras de Universidad Metropolitana, San Miguel Contla","Casa habitación de dos niveles. Planta baja: cochera para dos autos, sala, comedor, cocina integral, patio de servicio, medio baño. Primer nivel: sala de estar, recamara principal con baño completo y closet, 2 recamaras más que comparten un baño completo.",1650000,"MN 1,650,000",MXN,venta,Casa,San Miguel,,Santa Cruz Tlaxcala,Tlaxcala,19.3539314,-98.1514914,3.0,2.0,140.0,99.0,1.0,,10,Publicado hace 201 días,,https://img10.naventcdn.com/avisos/18/01/48/87/28/78/1200x1200/1586085261.jpg?isFirstImage=true|https://img10.naventcdn.com/avisos/18/01/48/87/28/78/1200x1200/1586085250.jpg|https://img10.naventcdn.com/avisos/18/01/48/87/28/78/1200x1200/1586085246.jpg|https://img10.naventcdn.com/avisos/18/01/48/87/28/78/1200x1200/1586085255.jpg|https://img10.naventcdn.com/avisos/18/01/48/87/28/78/1200x1200/1586085257.jpg|https://img10.naventcdn.com/avisos/18/01/48/87/28/78/1200x1200/1586085260.jpg|https://img10.naventcdn.com/avisos/18/01/48/87/28/78/1200x1200/1586085254.jpg|https://img10.naventcdn.com/avisos/18/01/48/87/28/78/1200x1200/1586085248.jpg|https://img10.naventcdn.com/avisos/18/01/48/87/28/78/1200x1200/1586085251.jpg|https://img10.naventcdn.com/avisos/18/01/48/87/28/78/1200x1200/1586085249.jpg|https://img10.naventcdn.com/avisos/18/01/48/87/28/78/1200x1200/1586085253.jpg|https://img10.naventcdn.com/avisos/18/01/48/87/28/78/1200x1200/1586085252.jpg|https://img10.naventcdn.com/avisos/18/01/48/87/28/78/1200x1200/1586085259.jpg|https://img10.naventcdn.com/avisos/18/01/48/87/28/78/1200x1200/1586085247.jpg|https://img10.naventcdn.com/avisos/18/01/48/87/28/78/1200x1200/1586085256.jpg|https://img10.naventcdn.com/avisos/18/01/48/87/28/78/1200x1200/1586085258.jpg,,52 2411152416,KALI INMOBILIARIA,653778,https://www.inmuebles24.com/inmobiliarias/kali-inmobiliaria_653778-inmuebles.html,2026-02-05T20:20:31Z,2026-08-25T10:01:08.491924+00:00,https://www.inmuebles24.com/casas-o-casa-en-condominio-o-departamentos-en-venta-en-tlaxcala-provincia-ordenado-por-fechaonline-descendente.html-pagina-7.html
https://www.inmuebles24.com/propiedades/clasificado/veclcain-casa-en-pre-venta-a-5-minutos-del-centro-de-tlaxcala-148648859.html,148648859,63FFBT,sale,Casa en Pre Venta a 5 Minutos del Centro de Tlaxcala,"OCOTLAN TLAXCALA, EN PRE VENTA EXCELENTE UBICACIÓN. CUENTA CON DOBLE ALTURA LUZ NATURAL EN CADA UNA DE SUS ÁREAS CONSTA DE : SALA-COMEDOR , COCINA CON ALACENA, PATIO DE SERVICIO,, CISTERNA, 2.5 BAÑOS, TRES RECAMARAS, LA PRINCIPAL CON VESTIDOR Y BAÑO COMPLETO, ESTACIONAMIENTO DOS AUTOS, TERRAZA CON VISTA PANORAMICA.",1999000,"MN 1,999,000",MXN,venta,Casa,Carretera Ocotlán,San Gabriel Cuauhtla,Tlaxcala,Tlaxcala,19.3100197,-98.2372801,3.0,2.0,147.0,117.0,2.0,,A estrenar,Publicado hace 223 días,,https://img10.naventcdn.com/avisos/18/01/48/64/88/59/1200x1200/1581433699.jpg?isFirstImage=true|https://img10.naventcdn.com/avisos/18/01/48/64/88/59/1200x1200/1581433696.jpg|https://img10.naventcdn.com/avisos/18/01/48/64/88/59/1200x1200/1581433700.jpg|https://img10.naventcdn.com/avisos/18/01/48/64/88/59/1200x1200/1581433695.jpg|https://img10.naventcdn.com/avisos/18/01/48/64/88/59/1200x1200/1581433697.jpg|https://img10.naventcdn.com/avisos/18/01/48/64/88/59/1200x1200/1581433698.jpg,,52 2467576579,OPCIÓN INMOBILIARIA,51070963,https://www.inmuebles24.com/inmobiliarias/opcion-inmobiliaria_51070963-inmuebles.html,2026-01-15T00:35:38Z,2026-08-25T10:01:08.491924+00:00,https://www.inmuebles24.com/casas-o-casa-en-condominio-o-departamentos-en-venta-en-tlaxcala-provincia-ordenado-por-fechaonline-descendente.html-pagina-7.html
https://www.inmuebles24.com/propiedades/clasificado/veclcain-casa-en-pueblo-san-miguel-contla-148527661.html,148527661,VHO7639000,sale,Casa en Pueblo San Miguel Contla,"*** VENTA DE CASA NUEVA EN SAN MIGUEL CONTLA, MUNICIPIO DE SANTA CRUZ TLAXCALA *****El conjunto esta ubicado muy cerca de la Universidad Metropolitana, a solo 8 minutos del centro de Apizaco Tlaxcala. Casa en un nivel con su área de sala, comedor, cocina, baño completo, 2 habitaciones, cubo de crecimiento, patio de servicio y cochera para un Auto. Casa con muros independientes. Acabados: Piso tipo porcelanato de 60 x 60, tarja en cocina, azulejo en baño, calentador de paso, instalación de gas para tanque de cilindro, llaves y wc de grado ecológico, tinaco de 1,100 lts. Aceptamos todo tipo de crédito infonavit, fovissste, bancario y de contado. ¡Agenda tu cita y nosotros te asesoramos! Los precios de VHO Ver datos pueden variar sin previo aviso, contáctenos para verificar el mismo.",850000,"MN 850,000",MXN,venta,Casa,"Carretera San Miguel Contla, Santa Cruz Tlaxcala",Pueblo San Miguel Contla,Santa Cruz Tlaxcala,Tlaxcala,19.3757496969,-98.1362822126,2.0,1.0,91.0,91.0,1.0,400.0,A estrenar,Publicado hace 192 días,,https://img10.naventcdn.com/avisos/18/01/48/52/76/61/1200x1200/1597954305.jpg?isFirstImage=true|https://img10.naventcdn.com/avisos/18/01/48/52/76/61/1200x1200/1579004489.jpg|https://img10.naventcdn.com/avisos/18/01/48/52/76/61/1200x1200/1579004485.jpg|https://img10.naventcdn.com/avisos/18/01/48/52/76/61/1200x1200/1579004482.jpg|https://img10.naventcdn.com/avisos/18/01/48/52/76/61/1200x1200/1579004484.jpg|https://img10.naventcdn.com/avisos/18/01/48/52/76/61/1200x1200/1579004487.jpg|https://img10.naventcdn.com/avisos/18/01/48/52/76/61/1200x1200/1579004491.jpg|https://img10.naventcdn.com/avisos/18/01/48/52/76/61/1200x1200/1579004488.jpg|https://img10.naventcdn.com/avisos/18/01/48/52/76/61/1200x1200/1579004490.jpg|https://img10.naventcdn.com/avisos/18/01/48/52/76/61/1200x1200/1579004483.jpg|https://img10.naventcdn.com/avisos/18/01/48/52/76/61/1200x1200/1579004486.jpg|https://img10.naventcdn.com/avisos/18/01/48/52/76/61/1200x1200/1597954306.jpg|https://img10.naventcdn.com/avisos/18/01/48/52/76/61/1200x1200/1597954336.jpg,,52 2461110456,Ricardo Canul J.,84162,https://www.inmuebles24.com/inmobiliarias/ricardo-canul-j._84162-inmuebles.html,2025-12-27T03:35:03Z,2026-08-25T10:01:08.491924+00:00,https://www.inmuebles24.com/casas-o-casa-en-condominio-o-departamentos-en-venta-en-tlaxcala-provincia-ordenado-por-fechaonline-descendente.html-pagina-7.html
https://www.inmuebles24.com/propiedades/clasificado/veclcain-casa-en-santa-cruz-tlaxcala-148967166.html,148967166,VHO7785385,sale,Casa en Santa Cruz Tlaxcala,"Tu nuevo hogar en San Miguel Contla te está esperando Descubre esta hermosa casa de un nivel en San Miguel Contla, Santa Cruz Tlaxcala. Cuenta con sala, comedor, cocina, baño completo y 3 recámaras, ideal para tu familia. Disfruta de patio de servicio, cochera para un auto y muros independientes que te brindan privacidad. ???? Construcción: 76 m² ???? Terreno: 97.50 m² ? Acabados de calidad: Piso tipo porcelanato 60x60, cristal de 6 mm, baño con azulejo, calentador de paso, instalación de gas, accesorios ecológicos y tinaco de 1,100 litros. ???? Aceptamos créditos: Infonavit, Fovissste, Issfam, Banjercito, bancario y contado. ???? ¡Agenda tu cita hoy mismo! #CasaEnVenta #Tlaxcala #SantaCruzTlaxcala #SanMiguelContla #BienesRaices #HogarNuevo #CompraTuCasa #Infonavit #Fovissste #CreditoHipotecario #Vivienda #CasaPropia #Oportunidad #InversionInmobiliaria #TuNuevoHogar #VentaDeCasa #CasasTlaxcala #AgendaTuCita Los precios de VHO Ver datos pueden variar sin previo aviso, contáctenos para verificar el mismo.",950000,"MN 950,000",MXN,venta,Casa,Carretera Santa Cruz Tlaxcala,Pueblo San Miguel Contla,Santa Cruz Tlaxcala,Tlaxcala,19.3757649427,-98.136087691,3.0,1.0,97.0,97.0,1.0,400.0,A estrenar,Publicado hace 192 días,,https://img10.naventcdn.com/avisos/18/01/48/96/71/66/1200x1200/1587913206.jpg?isFirstImage=true|https://img10.naventcdn.com/avisos/18/01/48/96/71/66/1200x1200/1587913220.jpg|https://img10.naventcdn.com/avisos/18/01/48/96/71/66/1200x1200/1587913219.jpg|https://img10.naventcdn.com/avisos/18/01/48/96/71/66/1200x1200/1587913205.jpg|https://img10.naventcdn.com/avisos/18/01/48/96/71/66/1200x1200/1587913208.jpg|https://img10.naventcdn.com/avisos/18/01/48/96/71/66/1200x1200/1587913212.jpg|https://img10.naventcdn.com/avisos/18/01/48/96/71/66/1200x1200/1587913216.jpg|https://img10.naventcdn.com/avisos/18/01/48/96/71/66/1200x1200/1587913213.jpg|https://img10.naventcdn.com/avisos/18/01/48/96/71/66/1200x1200/1587913217.jpg|https://img10.naventcdn.com/avisos/18/01/48/96/71/66/1200x1200/1587913207.jpg|https://img10.naventcdn.com/avisos/18/01/48/96/71/66/1200x1200/1587913209.jpg|https://img10.naventcdn.com/avisos/18/01/48/96/71/66/1200x1200/1587913215.jpg|https://img10.naventcdn.com/avisos/18/01/48/96/71/66/1200x1200/1587913210.jpg|https://img10.naventcdn.com/avisos/18/01/48/96/71/66/1200x1200/1587913211.jpg|https://img10.naventcdn.com/avisos/18/01/48/96/71/66/1200x1200/1587913214.jpg|https://img10.naventcdn.com/avisos/18/01/48/96/71/66/1200x1200/1587913218.jpg,,52 2461110456,Ricardo Canul J.,84162,https://www.inmuebles24.com/inmobiliarias/ricardo-canul-j._84162-inmuebles.html,2026-02-14T22:24:08Z,2026-08-25T10:01:08.491924+00:00,https://www.inmuebles24.com/casas-o-casa-en-condominio-o-departamentos-en-venta-en-tlaxcala-provincia-ordenado-por-fechaonline-descendente.html-pagina-7.html
https://www.inmuebles24.com/propiedades/clasificado/veclcain-casa-en-venta-apizaco-tlaxcala-149179693.html,149179693,605506--377,sale,"Casa en Venta, Apizaco, Tlaxcala","Casa en obra gris.\r \r Distribución:\r • Casa sin terminados con terreno.\r \r Características:\r • Superficie de terreno: 825 m2.\r • Superficie de construcción: 458 m2.\r • Edad: 65 años aprox.\r • Forma de terreno : Regular.\r • Uso de suelo: Habitacional.\r Tipo de predio: Urbano edificado.\r \r Estatus del inmueble:\r • Inmueble Desocupado.\r • Inmueble Usado.\r • Inmueble Libre de gravamen.\r \r Forma de pago:\r • Se aceptan pagos con recursos propios.\r \r Documentación con la que se cuenta:\r • Escritura Pública.\r • Boleta predial, agua y luz no disponibles, se actualizarán y entregarán a Notaría.\r \r Esta y otra información documental del inmueble disponible en oficina con previa cita.\r \r Servicios de la Zona:\r • Agua.\r • CFE.\r • Drenaje.\r • Servicios municipales.\r • Gas.\r • Vialidades: Blvd 16 de septiembre.\r \r Entorno:\r • Habitacional y comercial.\r \r Información PROFECO:\r Contrato de Adhesión de Intermediación para la compraventa de inmuebles. Registrado en la Procuraduría Federal del Consumidor (PROFECO). Número 4194/2023, de fecha 25 de abril del 2023.",5000000,"MN 5,000,000",MXN,venta,Casa,Av. 20 de Noviembre 605,Apizaco Centro,Apizaco,Tlaxcala,19.415963,-98.1341439,,,458.0,825.0,,,66,Publicado hace 172 días,,https://img10.naventcdn.com/avisos/18/01/49/17/96/93/1200x1200/1592083342.jpg?isFirstImage=true|https://img10.naventcdn.com/avisos/18/01/49/17/96/93/1200x1200/1592083337.jpg|https://img10.naventcdn.com/avisos/18/01/49/17/96/93/1200x1200/1592083339.jpg|https://img10.naventcdn.com/avisos/18/01/49/17/96/93/1200x1200/1592083344.jpg|https://img10.naventcdn.com/avisos/18/01/49/17/96/93/1200x1200/1592083343.jpg|https://img10.naventcdn.com/avisos/18/01/49/17/96/93/1200x1200/1592083345.jpg|https://img10.naventcdn.com/avisos/18/01/49/17/96/93/1200x1200/1592083341.jpg|https://img10.naventcdn.com/avisos/18/01/49/17/96/93/1200x1200/1592083335.jpg|https://img10.naventcdn.com/avisos/18/01/49/17/96/93/1200x1200/1592083334.jpg|https://img10.naventcdn.com/avisos/18/01/49/17/96/93/1200x1200/1592083346.jpg|https://img10.naventcdn.com/avisos/18/01/49/17/96/93/1200x1200/1592083340.jpg|https://img10.naventcdn.com/avisos/18/01/49/17/96/93/1200x1200/1592083336.jpg|https://img10.naventcdn.com/avisos/18/01/49/17/96/93/1200x1200/1592083338.jpg,,52 5541924992,Century 21 Espinosa & Asociados,50229840,https://www.inmuebles24.com/inmobiliarias/century-21-espinosa-asociados_50229840-inmuebles.html,2026-03-06T18:37:36Z,2026-08-25T10:01:08.491924+00:00,https://www.inmuebles24.com/casas-o-casa-en-condominio-o-departamentos-en-venta-en-tlaxcala-provincia-ordenado-por-fechaonline-descendente.html-pagina-7.html
https://www.inmuebles24.com/propiedades/clasificado/veclcain-casa-en-venta-con-cuatro-habitaciones-y-jardin-en-148870496.html,148870496,NHO7760292,sale,"Casa en Venta con Cuatro Habitaciones y Jardín en Tizatlán, Tlaxcala","Casa Familiar en Venta en Tizatlán – Seguridad y Tranquilidad Invierte en la seguridad y calidad de vida de tu familia con esta casa en venta dentro de fraccionamiento cerrado con portón automático, ubicada en Tizatlán, a 5 minutos de Gran Patio, 2 minutos del Libramiento Apizaco–Tlaxcala y 10 minutos del centro de Tlaxcala. La propiedad ofrece espacios amplios, áreas verdes y una distribución funcional pensada para el confort y la protección de toda la familia, en un entorno privado y controlado. Distribución: Planta baja: Sala y comedor amplios, cocina con alacenas, cuarto de servicio, medio baño para visitas, cisterna, cochera para dos autos, jardín delantero y trasero, ideal para niños y reuniones familiares Planta alta: Clóset de blancos, sala de TV, tres recámaras amplias, baño completo y recámara principal con baño completo y vestidor Un hogar seguro, cómodo y bien ubicado, perfecto para crecer y crear momentos en familia con tranquilidad. *Se aceptan todos los créditos, a excepción de Infonavit tradicional e Infonavit corresidencial.*Precio sujeto a cambios sin previo aviso. *Los gastos de escrituración, impuestos etc. No están incluidos en el precio En Nazarit Bienes Raíces te ofrecemos las mejores opciones que se adecuen a tus necesidades, te apoyamos en todo el tramite y asesoría sin costo extra. ¡Contactanos!",3800000,"MN 3,800,000",MXN,venta,Casa,"Casa en Venta - Tizatlán, Tlaxcala",Pueblo San Esteban Tizatlan,Tlaxcala,Tlaxcala,19.3415965,-98.2158297,4.0,2.0,285.0,322.0,2.0,0.0,12,Publicado hace 201 días,,https://img10.naventcdn.com/avisos/18/01/48/87/04/96/1200x1200/1599704873.jpg?isFirstImage=true|https://img10.naventcdn.com/avisos/18/01/48/87/04/96/1200x1200/1599704914.jpg|https://img10.naventcdn.com/avisos/18/01/48/87/04/96/1200x1200/1617046211.jpg|https://img10.naventcdn.com/avisos/18/01/48/87/04/96/1200x1200/1599704881.jpg|https://img10.naventcdn.com/avisos/18/01/48/87/04/96/1200x1200/1617046206.jpg|https://img10.naventcdn.com/avisos/18/01/48/87/04/96/1200x1200/1617046213.jpg|https://img10.naventcdn.com/avisos/18/01/48/87/04/96/1200x1200/1599704825.jpg|https://img10.naventcdn.com/avisos/18/01/48/87/04/96/1200x1200/1617046209.jpg|https://img10.naventcdn.com/avisos/18/01/48/87/04/96/1200x1200/1599704827.jpg|https://img10.naventcdn.com/avisos/18/01/48/87/04/96/1200x1200/1599704832.jpg|https://img10.naventcdn.com/avisos/18/01/48/87/04/96/1200x1200/1599704839.jpg|https://img10.naventcdn.com/avisos/18/01/48/87/04/96/1200x1200/1599704829.jpg|https://img10.naventcdn.com/avisos/18/01/48/87/04/96/1200x1200/1617046230.jpg|https://img10.naventcdn.com/avisos/18/01/48/87/04/96/1200x1200/1599704834.jpg|https://img10.naventcdn.com/avisos/18/01/48/87/04/96/1200x1200/1617046215.jpg|https://img10.naventcdn.com/avisos/18/01/48/87/04/96/1200x1200/1617046226.jpg|https://img10.naventcdn.com/avisos/18/01/48/87/04/96/1200x1200/1599704852.jpg|https://img10.naventcdn.com/avisos/18/01/48/87/04/96/1200x1200/1599704877.jpg|https://img10.naventcdn.com/avisos/18/01/48/87/04/96/1200x1200/1599704876.jpg|https://img10.naventcdn.com/avisos/18/01/48/87/04/96/1200x1200/1599704848.jpg|https://img10.naventcdn.com/avisos/18/01/48/87/04/96/1200x1200/1599704862.jpg|https://img10.naventcdn.com/avisos/18/01/48/87/04/96/1200x1200/1599704878.jpg|https://img10.naventcdn.com/avisos/18/01/48/87/04/96/1200x1200/1599704864.jpg|https://img10.naventcdn.com/avisos/18/01/48/87/04/96/1200x1200/1599704903.jpg|https://img10.naventcdn.com/avisos/18/01/48/87/04/96/1200x1200/1599704883.jpg|https://img10.naventcdn.com/avisos/18/01/48/87/04/96/1200x1200/1599704866.jpg,,52 2461390017,Nazarit Bienes Raíces,51357399,https://www.inmuebles24.com/inmobiliarias/nazarit-bienes-raices_51357399-inmuebles.html,2026-02-05T17:45:52Z,2026-08-25T10:01:08.491924+00:00,https://www.inmuebles24.com/casas-o-casa-en-condominio-o-departamentos-en-venta-en-tlaxcala-provincia-ordenado-por-fechaonline-descendente.html-pagina-7.html
https://www.inmuebles24.com/propiedades/clasificado/veclcain-casa-en-venta-con-cuatro-recamaras-y-terraza-en-148997146.html,148997146,NHO7789243,sale,Casa en Venta con Cuatro Recamaras y Terraza en Tlaxcala,"Casa en Venta en Fraccionamiento Cerrado – Exclusividad, Seguridad y Plusvalía Invierte en el patrimonio de tu familia con esta casa en venta dentro de fraccionamiento cerrado con portón, un entorno privado y tranquilo donde solo son 16 casas, ideal para quienes buscan seguridad, convivencia y una excelente calidad de vida. Ubicada a 7 minutos de Plaza Galerías y 8 minutos del centro de Tlaxcala, en una zona con gran crecimiento, fácil acceso a vialidades principales y alta proyección de plusvalía. Distribución +Planta baja: Sala y comedor, cocina con alacenas, cochera para dos autos, jardín y cisterna +Primer nivel: Recámara principal con vestidor, baño completo y balcón, dos recámaras secundarias con clóset, baño completo compartido y sala de TV. +Segundo nivel: Terraza, recamara o estudio, asador y área de servicio Una propiedad ideal para familias que buscan seguridad y tranquilidad, así como para inversionistas que desean una casa con excelente ubicación y alto potencial de valorización. *Se aceptan todos los créditos, a excepción de Infonavit tradicional e Infonavit corresidencial. *Precio sujeto a cambios sin previo aviso. *Los gastos de escrituración, impuestos etc. No están incluidos en el precio En Nazarit Bienes Raíces te ofrecemos las mejores opciones que se adecuen a tus necesidades, te apoyamos en todo el tramite y asesoría sin costo extra. ¡Contáctanos!",2580000,"MN 2,580,000",MXN,venta,Casa,"Casa en Venta - San Gabriel Cuauhtla, Tlaxcala",San Gabriel Cuauhtla,Tlaxcala,Tlaxcala,19.3148279,-98.2357524,4.0,2.0,178.0,93.0,2.0,0.0,A estrenar,Publicado hace 188 días,,https://img10.naventcdn.com/avisos/18/01/48/99/71/46/1200x1200/1597287102.jpg?isFirstImage=true|https://img10.naventcdn.com/avisos/18/01/48/99/71/46/1200x1200/1597287215.jpg|https://img10.naventcdn.com/avisos/18/01/48/99/71/46/1200x1200/1597287216.jpg|https://img10.naventcdn.com/avisos/18/01/48/99/71/46/1200x1200/1597287207.jpg|https://img10.naventcdn.com/avisos/18/01/48/99/71/46/1200x1200/1597287213.jpg|https://img10.naventcdn.com/avisos/18/01/48/99/71/46/1200x1200/1597287208.jpg|https://img10.naventcdn.com/avisos/18/01/48/99/71/46/1200x1200/1597287242.jpg|https://img10.naventcdn.com/avisos/18/01/48/99/71/46/1200x1200/1597287243.jpg|https://img10.naventcdn.com/avisos/18/01/48/99/71/46/1200x1200/1597287206.jpg|https://img10.naventcdn.com/avisos/18/01/48/99/71/46/1200x1200/1597287214.jpg|https://img10.naventcdn.com/avisos/18/01/48/99/71/46/1200x1200/1597287212.jpg|https://img10.naventcdn.com/avisos/18/01/48/99/71/46/1200x1200/1597287211.jpg|https://img10.naventcdn.com/avisos/18/01/48/99/71/46/1200x1200/1597287246.jpg|https://img10.naventcdn.com/avisos/18/01/48/99/71/46/1200x1200/1597287252.jpg|https://img10.naventcdn.com/avisos/18/01/48/99/71/46/1200x1200/1597287209.jpg|https://img10.naventcdn.com/avisos/18/01/48/99/71/46/1200x1200/1597287247.jpg|https://img10.naventcdn.com/avisos/18/01/48/99/71/46/1200x1200/1597287251.jpg|https://img10.naventcdn.com/avisos/18/01/48/99/71/46/1200x1200/1597287248.jpg|https://img10.naventcdn.com/avisos/18/01/48/99/71/46/1200x1200/1597287210.jpg|https://img10.naventcdn.com/avisos/18/01/48/99/71/46/1200x1200/1597287249.jpg|https://img10.naventcdn.com/avisos/18/01/48/99/71/46/1200x1200/1597287245.jpg|https://img10.naventcdn.com/avisos/18/01/48/99/71/46/1200x1200/1597287253.jpg|https://img10.naventcdn.com/avisos/18/01/48/99/71/46/1200x1200/1597287250.jpg|https://img10.naventcdn.com/avisos/18/01/48/99/71/46/1200x1200/1597287244.jpg,,52 2461390017,Nazarit Bienes Raíces,51357399,https://www.inmuebles24.com/inmobiliarias/nazarit-bienes-raices_51357399-inmuebles.html,2026-02-18T17:25:52Z,2026-08-25T10:01:08.491924+00:00,https://www.inmuebles24.com/casas-o-casa-en-condominio-o-departamentos-en-venta-en-tlaxcala-provincia-ordenado-por-fechaonline-descendente.html-pagina-7.html
https://www.inmuebles24.com/propiedades/clasificado/veclcain-casa-en-venta-con-cuatro-recamaras-y-terraza-en-la-148494322.html,148494322,NHO7627523,sale,"Casa en Venta con Cuatro Recamaras y Terraza en La Magdalena, Tlaxcala.","A 3 minutos de via corta A 15 minutos de plaza galerias A 20 minutos del centro de Tlaxcala Casa en venta dentro de fraccionamiento cerrado con vigilancia y juegos infantiles Cuenta con la siguiente distribución: Planta baja: Sala, comedor, cocina integral, alacena, recamara o estudio, baño completo, chimenea, bañera para mascotas, bodega, cochera para dos autos. Primer nivel: Recamara principal con vestidor y baño completo, dos recamaras secundarias con closets y baño completo para compartir. Segundo nivel: roof garden y área de servicio. *Se aceptan todos los créditos, a excepcion de Infonavit tradicional e Infonavit corresidencial. *Precio sujeto a cambios sin previo aviso. *Los gastos de escrituración, impuestos etc. No están incluidos en el precio En Nazarit Bienes Raíces te ofrecemos las mejores opciones que se adecuen a tus necesidades, te apoyamos en todo el tramite y asesoria sin costo extra. ¡Contactanos!",2490000,"MN 2,490,000",MXN,venta,Casa,"Casa en Venta - La Magdalena, Tlaxcala.",,La Magdalena Tlaltelulco,Tlaxcala,19.3003524,-98.2039272,4.0,3.0,205.0,121.0,2.0,0.0,A estrenar,Publicado hace 249 días,,https://img10.naventcdn.com/avisos/18/01/48/49/43/22/1200x1200/1599704835.jpg?isFirstImage=true|https://img10.naventcdn.com/avisos/18/01/48/49/43/22/1200x1200/1599704816.jpg|https://img10.naventcdn.com/avisos/18/01/48/49/43/22/1200x1200/1599704838.jpg|https://img10.naventcdn.com/avisos/18/01/48/49/43/22/1200x1200/1599704820.jpg|https://img10.naventcdn.com/avisos/18/01/48/49/43/22/1200x1200/1599704818.jpg|https://img10.naventcdn.com/avisos/18/01/48/49/43/22/1200x1200/1599704813.jpg|https://img10.naventcdn.com/avisos/18/01/48/49/43/22/1200x1200/1599704824.jpg|https://img10.naventcdn.com/avisos/18/01/48/49/43/22/1200x1200/1599704828.jpg|https://img10.naventcdn.com/avisos/18/01/48/49/43/22/1200x1200/1599704808.jpg|https://img10.naventcdn.com/avisos/18/01/48/49/43/22/1200x1200/1599704815.jpg|https://img10.naventcdn.com/avisos/18/01/48/49/43/22/1200x1200/1599704821.jpg|https://img10.naventcdn.com/avisos/18/01/48/49/43/22/1200x1200/1599704809.jpg|https://img10.naventcdn.com/avisos/18/01/48/49/43/22/1200x1200/1599704801.jpg|https://img10.naventcdn.com/avisos/18/01/48/49/43/22/1200x1200/1599704833.jpg|https://img10.naventcdn.com/avisos/18/01/48/49/43/22/1200x1200/1599704847.jpg|https://img10.naventcdn.com/avisos/18/01/48/49/43/22/1200x1200/1599704823.jpg|https://img10.naventcdn.com/avisos/18/01/48/49/43/22/1200x1200/1599704814.jpg|https://img10.naventcdn.com/avisos/18/01/48/49/43/22/1200x1200/1599704826.jpg|https://img10.naventcdn.com/avisos/18/01/48/49/43/22/1200x1200/1599704802.jpg|https://img10.naventcdn.com/avisos/18/01/48/49/43/22/1200x1200/1599704811.jpg|https://img10.naventcdn.com/avisos/18/01/48/49/43/22/1200x1200/1599704836.jpg|https://img10.naventcdn.com/avisos/18/01/48/49/43/22/1200x1200/1599704822.jpg|https://img10.naventcdn.com/avisos/18/01/48/49/43/22/1200x1200/1599704819.jpg|https://img10.naventcdn.com/avisos/18/01/48/49/43/22/1200x1200/1578324715.jpg,,52 2461390017,Nazarit Bienes Raíces,51357399,https://www.inmuebles24.com/inmobiliarias/nazarit-bienes-raices_51357399-inmuebles.html,2025-12-19T18:56:34Z,2026-08-25T10:01:08.491924+00:00,https://www.inmuebles24.com/casas-o-casa-en-condominio-o-departamentos-en-venta-en-tlaxcala-provincia-ordenado-por-fechaonline-descendente.html-pagina-7.html
https://www.inmuebles24.com/propiedades/clasificado/veclcain-casa-en-venta-con-tres-recamaras-y-jardin-en-el-148559813.html,148559813,NHO7646999,sale,"Casa en Venta con Tres Recámaras y Jardín en El Sabinal, Tlaxcala","Casa en Venta – Amplios Espacios y Jardín para Disfrutar en Familia Descubre el hogar ideal para vivir con comodidad y tranquilidad en esta casa en venta con excelente ubicación, a solo 5 minutos del libramiento y 15 minutos de Tlaxcala, cercana a escuelas, parques, restaurantes, transporte público y servicios. Esta propiedad destaca por sus espacios amplios, funcionales y su agradable jardín, perfectos para convivencias, descanso y la vida familiar, además de representar una excelente oportunidad de inversión con gran proyección de plusvalía. Distribución +Planta baja: Cochera para dos autos, sala y comedor amplios, cocina con alacenas, recámara en planta baja, baño completo, jardín ideal para reuniones y actividades familiares +Planta alta: Sala de TV, recámara con baño completo y balcón, baño completo adicional y recámara con terraza Una propiedad pensada para familias que buscan amplitud, comodidad y espacios para convivir, en una zona con excelente conectividad y crecimiento. *Se aceptan todos los créditos, a excepción de Infonavit tradicional e Infonavit corresidencial. *Precio sujeto a cambios sin previo aviso. *Los gastos de escrituración, impuestos etc. No están incluidos en el precio En Nazarit Bienes Raíces te ofrecemos las mejores opciones que se adecuen a tus necesidades, te apoyamos en todo el tramite y asesoría sin costo extra. ¡Contáctanos!",2700000,"MN 2,700,000",MXN,venta,Casa,"Casa en Venta - El Sabinal, Tlaxcala",El Sabinal,Tlaxcala,Tlaxcala,19.530665,-98.2181151,3.0,3.0,155.0,223.0,2.0,0.0,A estrenar,Publicado hace 235 días,,https://img10.naventcdn.com/avisos/18/01/48/55/98/13/1200x1200/1599706502.jpg?isFirstImage=true|https://img10.naventcdn.com/avisos/18/01/48/55/98/13/1200x1200/1599706545.jpg|https://img10.naventcdn.com/avisos/18/01/48/55/98/13/1200x1200/1599706497.jpg|https://img10.naventcdn.com/avisos/18/01/48/55/98/13/1200x1200/1599706548.jpg|https://img10.naventcdn.com/avisos/18/01/48/55/98/13/1200x1200/1599706543.jpg|https://img10.naventcdn.com/avisos/18/01/48/55/98/13/1200x1200/1599706540.jpg|https://img10.naventcdn.com/avisos/18/01/48/55/98/13/1200x1200/1599706491.jpg|https://img10.naventcdn.com/avisos/18/01/48/55/98/13/1200x1200/1599706505.jpg|https://img10.naventcdn.com/avisos/18/01/48/55/98/13/1200x1200/1599706534.jpg|https://img10.naventcdn.com/avisos/18/01/48/55/98/13/1200x1200/1599706503.jpg|https://img10.naventcdn.com/avisos/18/01/48/55/98/13/1200x1200/1599706537.jpg|https://img10.naventcdn.com/avisos/18/01/48/55/98/13/1200x1200/1599706539.jpg|https://img10.naventcdn.com/avisos/18/01/48/55/98/13/1200x1200/1599706546.jpg|https://img10.naventcdn.com/avisos/18/01/48/55/98/13/1200x1200/1599706506.jpg|https://img10.naventcdn.com/avisos/18/01/48/55/98/13/1200x1200/1599706536.jpg|https://img10.naventcdn.com/avisos/18/01/48/55/98/13/1200x1200/1599706542.jpg|https://img10.naventcdn.com/avisos/18/01/48/55/98/13/1200x1200/1599706496.jpg|https://img10.naventcdn.com/avisos/18/01/48/55/98/13/1200x1200/1599706499.jpg|https://img10.naventcdn.com/avisos/18/01/48/55/98/13/1200x1200/1599706510.jpg|https://img10.naventcdn.com/avisos/18/01/48/55/98/13/1200x1200/1599706498.jpg|https://img10.naventcdn.com/avisos/18/01/48/55/98/13/1200x1200/1599706535.jpg|https://img10.naventcdn.com/avisos/18/01/48/55/98/13/1200x1200/1599706544.jpg|https://img10.naventcdn.com/avisos/18/01/48/55/98/13/1200x1200/1599706508.jpg|https://img10.naventcdn.com/avisos/18/01/48/55/98/13/1200x1200/1599706509.jpg|https://img10.naventcdn.com/avisos/18/01/48/55/98/13/1200x1200/1599706500.jpg|https://img10.naventcdn.com/avisos/18/01/48/55/98/13/1200x1200/1599706538.jpg|https://img10.naventcdn.com/avisos/18/01/48/55/98/13/1200x1200/1599706504.jpg|https://img10.naventcdn.com/avisos/18/01/48/55/98/13/1200x1200/1599706550.jpg|https://img10.naventcdn.com/avisos/18/01/48/55/98/13/1200x1200/1599706507.jpg|https://img10.naventcdn.com/avisos/18/01/48/55/98/13/1200x1200/1599706547.jpg|https://img10.naventcdn.com/avisos/18/01/48/55/98/13/1200x1200/1599706541.jpg|https://img10.naventcdn.com/avisos/18/01/48/55/98/13/1200x1200/1599706501.jpg,,52 2461390017,Nazarit Bienes Raíces,51357399,https://www.inmuebles24.com/inmobiliarias/nazarit-bienes-raices_51357399-inmuebles.html,2026-01-03T03:57:54Z,2026-08-25T10:01:08.491924+00:00,https://www.inmuebles24.com/casas-o-casa-en-condominio-o-departamentos-en-venta-en-tlaxcala-provincia-ordenado-por-fechaonline-descendente.html-pagina-7.html
https://www.inmuebles24.com/propiedades/clasificado/veclcain-casa-en-venta-en-apizaco-tlaxcala-148927505.html,148927505,9742456,sale,Casa en Venta en Apizaco Tlaxcala,"Casa Residencial con Acabados de Lujo En Fraccionamiento cerrado con vigilancia 24/7 La casa cuenta con un área de sala-comedor amplia, la cocina equipada con muebles en cedro rojo y planchas en Quarzita Griega, refrigerador dúplex, estufa con horno digital, el cuarto de lavado con mueble de almacenamiento y equipo de lavado/secado a medida, la cochera esta techada con una pérgola de vidrio templado y cuenta con espacio para 3 autos, se tiene un jardín frontal y una amplia terraza con jardín trasero, se tiene presurizador para la línea de agua y cuenta con tanque de gas estacionario con bajada al área del patio de servicio, adicionalmente se cuenta con sistema de red cableada con distribuidor principal para toda la casa y sistema de cámaras 4K HD con tecnología POE. Año de Construcción: 2023 Terreno: 312.06 m2 Construcción: 311.32 m2 Habitaciones: 4 Oficina: 1 Baños Completos: 5 Terraza con Jardín: 75 m2 Cochera Techada: 3 Autos Cuarto de Lavado Patio de Servicio Bodega Amplios jardines, salon de usos multiples y zona de juegos infantiles.",7250000,"MN 7,250,000",MXN,venta,Casa,Santa Anita 4a. Seccion,Pueblo Santa Anita Huiloac,Apizaco,Tlaxcala,19.3931077,-98.1449182,4.0,5.0,311.0,312.0,3.0,1000.0,3,Publicado hace 196 días,,https://img10.naventcdn.com/avisos/18/01/48/92/75/05/1200x1200/1595620023.jpg?isFirstImage=true|https://img10.naventcdn.com/avisos/18/01/48/92/75/05/1200x1200/1595620029.jpg|https://img10.naventcdn.com/avisos/18/01/48/92/75/05/1200x1200/1595620027.jpg|https://img10.naventcdn.com/avisos/18/01/48/92/75/05/1200x1200/1595620014.jpg|https://img10.naventcdn.com/avisos/18/01/48/92/75/05/1200x1200/1595620012.jpg|https://img10.naventcdn.com/avisos/18/01/48/92/75/05/1200x1200/1595620021.jpg|https://img10.naventcdn.com/avisos/18/01/48/92/75/05/1200x1200/1595620015.jpg|https://img10.naventcdn.com/avisos/18/01/48/92/75/05/1200x1200/1595620008.jpg|https://img10.naventcdn.com/avisos/18/01/48/92/75/05/1200x1200/1595620018.jpg|https://img10.naventcdn.com/avisos/18/01/48/92/75/05/1200x1200/1595620010.jpg|https://img10.naventcdn.com/avisos/18/01/48/92/75/05/1200x1200/1595620013.jpg|https://img10.naventcdn.com/avisos/18/01/48/92/75/05/1200x1200/1595620009.jpg|https://img10.naventcdn.com/avisos/18/01/48/92/75/05/1200x1200/1595620019.jpg|https://img10.naventcdn.com/avisos/18/01/48/92/75/05/1200x1200/1595620005.jpg|https://img10.naventcdn.com/avisos/18/01/48/92/75/05/1200x1200/1595620024.jpg|https://img10.naventcdn.com/avisos/18/01/48/92/75/05/1200x1200/1595620016.jpg|https://img10.naventcdn.com/avisos/18/01/48/92/75/05/1200x1200/1595620007.jpg|https://img10.naventcdn.com/avisos/18/01/48/92/75/05/1200x1200/1595620003.jpg|https://img10.naventcdn.com/avisos/18/01/48/92/75/05/1200x1200/1595620006.jpg|https://img10.naventcdn.com/avisos/18/01/48/92/75/05/1200x1200/1595620020.jpg|https://img10.naventcdn.com/avisos/18/01/48/92/75/05/1200x1200/1595620017.jpg|https://img10.naventcdn.com/avisos/18/01/48/92/75/05/1200x1200/1595620028.jpg|https://img10.naventcdn.com/avisos/18/01/48/92/75/05/1200x1200/1595620011.jpg|https://img10.naventcdn.com/avisos/18/01/48/92/75/05/1200x1200/1595620025.jpg|https://img10.naventcdn.com/avisos/18/01/48/92/75/05/1200x1200/1595620004.jpg|https://img10.naventcdn.com/avisos/18/01/48/92/75/05/1200x1200/1595620026.jpg|https://img10.naventcdn.com/avisos/18/01/48/92/75/05/1200x1200/1595620022.jpg,,52 2222902990,hh | Luxury Real Estate,50296738,https://www.inmuebles24.com/inmobiliarias/hh-luxury-real-estate_50296738-inmuebles.html,2026-02-10T23:48:25Z,2026-08-25T10:02:08.006878+00:00,https://www.inmuebles24.com/casas-o-casa-en-condominio-o-departamentos-en-venta-en-tlaxcala-provincia-ordenado-por-fechaonline-descendente.html-pagina-7.html
https://www.inmuebles24.com/propiedades/clasificado/veclcain-casa-en-venta-en-loma-bonita-tlaxcala-excelente-148821434.html,148821434,NN-GQR813,sale,"Casa en Venta en Loma Bonita, Tlaxcala - Excelente Ubicación y Características","Ubicada en la tranquila y accesible zona de Loma Bonita en Tlaxcala, esta casa es ideal para quienes buscan una propiedad residencial rodeada de servicios clave. Con fácil acceso a escuelas, hospitales y transporte público, esta casa también se encuentra cercana a centros comerciales y áreas recreativas, lo que mejora la calidad de vida de sus habitantes. La propiedad, libre de gravamen, está disponible para la venta a un precio de $2,000,000 MXN. Se acepta tanto crédito como pago en efectivo. Con un diseño práctico, la casa cuenta con tres recámaras, un baño completo y un medio baño, distribuidos en dos niveles. Además, dispone de un espacio de estacionamiento, facilitando la movilidad de sus residentes. La construcción de 155 metros cuadrados aprovecha al máximo el terreno de 129 metros cuadrados, destacando por su funcionalidad y buen estado físico. Entre las amenidades, se incluye un balcón, una cisterna y un patio, que proporciona un ambiente ideal para el disfrute familiar y el esparcimiento personal. Ubicada en la Privada Carpinteros número 19, justo frente al parque de la zona, esta casa es una opción atractiva para quienes valoran la tranquilidad y las facilidades de acceso a servicios locales. La ubicación precisa y la posibilidad de programar una visita con cita previa facilita la decisión para quienes estén interesados. No pierdas la oportunidad de conocer más sobre esta excelente opción habitacional en Tlaxcala. Agenda tu visita y descubre el potencial que esta propiedad puede ofrecerte.\""",2000000,"MN 2,000,000",MXN,venta,Casa,"Loma Bonita, Tlaxcala, Tlaxcala",Loma Bonita,Tlaxcala,Tlaxcala,19.3124853,-98.2148793,3.0,1.0,155.0,129.0,1.0,0.0,A estrenar,Publicado hace 207 días,,https://img10.naventcdn.com/avisos/18/01/48/82/14/34/1200x1200/1585085940.jpg?isFirstImage=true|https://img10.naventcdn.com/avisos/18/01/48/82/14/34/1200x1200/1585085945.jpg|https://img10.naventcdn.com/avisos/18/01/48/82/14/34/1200x1200/1585085928.jpg|https://img10.naventcdn.com/avisos/18/01/48/82/14/34/1200x1200/1585085937.jpg|https://img10.naventcdn.com/avisos/18/01/48/82/14/34/1200x1200/1585085930.jpg|https://img10.naventcdn.com/avisos/18/01/48/82/14/34/1200x1200/1585085924.jpg|https://img10.naventcdn.com/avisos/18/01/48/82/14/34/1200x1200/1585085935.jpg|https://img10.naventcdn.com/avisos/18/01/48/82/14/34/1200x1200/1585085925.jpg|https://img10.naventcdn.com/avisos/18/01/48/82/14/34/1200x1200/1585085934.jpg|https://img10.naventcdn.com/avisos/18/01/48/82/14/34/1200x1200/1585085931.jpg|https://img10.naventcdn.com/avisos/18/01/48/82/14/34/1200x1200/1585085947.jpg|https://img10.naventcdn.com/avisos/18/01/48/82/14/34/1200x1200/1585085943.jpg|https://img10.naventcdn.com/avisos/18/01/48/82/14/34/1200x1200/1585085927.jpg|https://img10.naventcdn.com/avisos/18/01/48/82/14/34/1200x1200/1585085933.jpg|https://img10.naventcdn.com/avisos/18/01/48/82/14/34/1200x1200/1585085942.jpg|https://img10.naventcdn.com/avisos/18/01/48/82/14/34/1200x1200/1585085938.jpg|https://img10.naventcdn.com/avisos/18/01/48/82/14/34/1200x1200/1585085948.jpg|https://img10.naventcdn.com/avisos/18/01/48/82/14/34/1200x1200/1585085929.jpg|https://img10.naventcdn.com/avisos/18/01/48/82/14/34/1200x1200/1585085944.jpg|https://img10.naventcdn.com/avisos/18/01/48/82/14/34/1200x1200/1585085932.jpg|https://img10.naventcdn.com/avisos/18/01/48/82/14/34/1200x1200/1585085936.jpg|https://img10.naventcdn.com/avisos/18/01/48/82/14/34/1200x1200/1585085941.jpg|https://img10.naventcdn.com/avisos/18/01/48/82/14/34/1200x1200/1585085926.jpg|https://img10.naventcdn.com/avisos/18/01/48/82/14/34/1200x1200/1585085939.jpg|https://img10.naventcdn.com/avisos/18/01/48/82/14/34/1200x1200/1585085946.jpg|https://img10.naventcdn.com/avisos/18/01/48/82/14/34/1200x1200/1585085949.jpg,22298.0,52 2229803957,WALL BROKERS REAL ESTATE PUEBLA,102301017,https://www.inmuebles24.com/inmobiliarias/wall-brokers-real-estate-puebla_102301017-inmuebles.html,2026-01-31T03:28:05Z,2026-08-25T10:02:08.006878+00:00,https://www.inmuebles24.com/casas-o-casa-en-condominio-o-departamentos-en-venta-en-tlaxcala-provincia-ordenado-por-fechaonline-descendente.html-pagina-7.html
https://www.inmuebles24.com/propiedades/clasificado/veclcain-casa-en-venta-en-san-andres-ahuashuatepec-tlaxcala-148542106.html,148542106,NX-265918,sale,"Casa en Venta en San Andrés Ahuashuatepec, Tlaxcala, Tlaxcala","Ref: 2 6 5 9 1 8 En venta esta propiedad ubicada en San Andrés Ahuashuatepec, Tzompantepec, Tlaxcala. Con una superficie de 228 m2 de construcción, esta casa cuenta con 5 cómodas recamaras, ideales para familias grandes o aquellas que buscan espacio adicional para oficinas o estudio. Además, cuenta con 2 baños completos, lo que garantiza comodidad y privacidad para todos los habitantes de la casa. La propiedad incluye una cocina equipada, perfecta para aquellos amantes de la cocina que disfrutan de preparar deliciosas comidas para sus seres queridos. Además, cuenta con una terraza donde se puede disfrutar de momentos de relajación al aire libre o incluso organizar reuniones sociales con amigos y familiares. Entre las zonas de interés cercanas a la propiedad se encuentran centros comerciales, ideales para hacer compras y disfrutar de variedad de opciones gastronómicas. Por último, la zona cuenta con diversas escuelas cercanas, como el Instituto Tecnológico de Tlaxcala, lo cual es ideal para familias con niños en edad escolar. Con acceso directo a la avenida principal de la zona, esta propiedad se encuentra en una ubicación estratégica que permite un fácil desplazamiento por la ciudad. Además, se encuentra cerca de diferentes rutas de transporte público, lo que facilita la movilidad de sus habitantes. No pierdas la oportunidad de adquirir esta hermosa casa en una de las zonas más cotizadas de Tlaxcala. ¡Contáctanos para más información!",1800000,"MN 1,800,000",MXN,venta,Casa,"Galaxia 8  , San Andrés Ahuashuatepec , 90491 Tzompantepec, Tlaxcala, México",San Andrés,Tzompantepec,Tlaxcala,19.404728600000013,-98.12094650000002,5.0,2.0,228.0,114.0,1.0,0.0,20,Publicado hace 238 días,,https://img10.naventcdn.com/avisos/18/01/48/54/21/06/1200x1200/1579302540.jpg?isFirstImage=true|https://img10.naventcdn.com/avisos/18/01/48/54/21/06/1200x1200/1579302539.jpg|https://img10.naventcdn.com/avisos/18/01/48/54/21/06/1200x1200/1579302544.jpg|https://img10.naventcdn.com/avisos/18/01/48/54/21/06/1200x1200/1579302541.jpg|https://img10.naventcdn.com/avisos/18/01/48/54/21/06/1200x1200/1579302538.jpg|https://img10.naventcdn.com/avisos/18/01/48/54/21/06/1200x1200/1579302543.jpg|https://img10.naventcdn.com/avisos/18/01/48/54/21/06/1200x1200/1579302542.jpg,,52 5574117755,iad Inmobiliaria,50956067,https://www.inmuebles24.com/inmobiliarias/iad-inmobiliaria_50956067-inmuebles.html,2025-12-30T17:28:18Z,2026-08-25T10:02:08.006878+00:00,https://www.inmuebles24.com/casas-o-casa-en-condominio-o-departamentos-en-venta-en-tlaxcala-provincia-ordenado-por-fechaonline-descendente.html-pagina-7.html
https://www.inmuebles24.com/propiedades/clasificado/veclcain-casa-en-venta-en-santiago-tepeticpac-tlaxcala-148972639.html,148972639,NX-287032,sale,"Casa en Venta en Santiago Tepeticpac, Tlaxcala","Ref: 2 8 7 0 3 2 ¡Bienvenidos a esta espectacular casa en venta en Santiago Tepeticpac, Totolac, Tlaxcala! Con una construcción de 221 m2, esta propiedad cuenta con 3 amplias recamaras y 3 baños completos, ideal para disfrutar en familia. Ubicada en una zona de uso de suelo Residencial, esta casa ofrece comodidad y tranquilidad en un entorno seguro. La propiedad se encuentra cerca de diversas zonas de interés, como el Centro Comercial Plaza Galerías Tlaxcala, donde podrás disfrutar de una amplia variedad de tiendas, restaurantes y entretenimiento. También, a pocos minutos se encuentra el Parque Nacional Malinche, ideal para disfrutar de actividades al aire libre y de la naturaleza. Y para aquellos amantes de la cultura, el Teatro de la Ciudad de Tlaxcala se encuentra a poca distancia, ofreciendo una amplia oferta cultural. Además, la casa en venta en Santiago Tepeticpac cuenta con excelentes vías de acceso, como la carretera federal San Martín Texmelucan - Tlaxcala, que conecta rápidamente con otras zonas de interés en la región. También, la cercanía a la estación de metro o metrobús facilita el transporte público para llegar a distintos puntos de la ciudad. No te pierdas la oportunidad de adquirir esta increíble propiedad en una ubicación privilegiada. ¡Contáctanos para más información y agenda tu visita!",4000000,"MN 4,000,000",MXN,venta,Casa,Democracia 86,Pueblo Santiago Tepeticpac,Totolac,Tlaxcala,19.33829155049648,-98.22885167411356,3.0,3.0,221.0,983.0,10.0,0.0,8,Publicado hace 190 días,,https://img10.naventcdn.com/avisos/18/01/48/97/26/39/1200x1200/1588027497.jpg?isFirstImage=true|https://img10.naventcdn.com/avisos/18/01/48/97/26/39/1200x1200/1588027498.jpg|https://img10.naventcdn.com/avisos/18/01/48/97/26/39/1200x1200/1588027495.jpg|https://img10.naventcdn.com/avisos/18/01/48/97/26/39/1200x1200/1588027494.jpg|https://img10.naventcdn.com/avisos/18/01/48/97/26/39/1200x1200/1588027493.jpg|https://img10.naventcdn.com/avisos/18/01/48/97/26/39/1200x1200/1588027492.jpg|https://img10.naventcdn.com/avisos/18/01/48/97/26/39/1200x1200/1588027502.jpg|https://img10.naventcdn.com/avisos/18/01/48/97/26/39/1200x1200/1588027496.jpg|https://img10.naventcdn.com/avisos/18/01/48/97/26/39/1200x1200/1588027499.jpg|https://img10.naventcdn.com/avisos/18/01/48/97/26/39/1200x1200/1588027501.jpg|https://img10.naventcdn.com/avisos/18/01/48/97/26/39/1200x1200/1588027500.jpg,,52 5574117755,iad Inmobiliaria,50956067,https://www.inmuebles24.com/inmobiliarias/iad-inmobiliaria_50956067-inmuebles.html,2026-02-16T16:05:25Z,2026-08-25T10:02:08.006878+00:00,https://www.inmuebles24.com/casas-o-casa-en-condominio-o-departamentos-en-venta-en-tlaxcala-provincia-ordenado-por-fechaonline-descendente.html-pagina-7.html
https://www.inmuebles24.com/propiedades/clasificado/veclcain-casa-en-venta-en-seccion-segunda-zacatelco-tlaxcala-149129853.html,149129853,NX-287702,sale,Casa en Venta en Seccion Segunda Zacatelco Tlaxcala,"Ref: 2 8 7 7 0 2 ¡Gran oportunidad de inversión en Sección Segunda, Zacatelco, Tlaxcala! Esta espaciosa casa en venta cuenta con 10 recámaras, 9 baños completos, 2 medios baños y 350 m2 de construcción. Además, dispone de uso de suelo comercial, lo que la convierte en una excelente opción para emprender un negocio en una ubicación privilegiada. Primera planta tiene un local comercial de aproximadamente 60 m2 y casa habitación con 2 recamaras, la principal con su baño completo, espacio de lavandería, cuarto de vestidor con closet amplio, cocina con alacena, sala, cuarto de estudio, cochera techada, área de jardines, y área familiar techada con teja de barro. Planta alta cuenta con cuatro departamentos para renta, cada uno con dos recamaras, baño completo, cocina, sala-comedor, área de lavado y tendido de ropa con jaula en azotea. La propiedad también cuenta con increíbles amenidades como hidromasaje para relajarse después de un largo día, armarios empotrados para maximizar el espacio de almacenamiento y estacionamiento para visitas. Su diseño funcional la convierte en un lugar ideal para disfrutar en familia o para generar ingresos adicionales a través de rentas a corto o largo plazo. Sección Segunda, Zacatelco, Tlaxcala, se encuentra cerca de varias zonas de interés, como el Parque Central de Zacatelco, el Mercado Municipal y el Museo de Arte Contemporáneo Tlaxcala, que ofrecen diversas opciones de entretenimiento y cultura. Además, la propiedad cuenta con fácil acceso a importantes vías de comunicación, como la Carretera Federal Zacatelco-Tlaxcala, lo que facilita la movilidad hacia otras partes de la ciudad y zonas circundantes. No dejes pasar esta oportunidad única de adquirir esta increíble propiedad en una de las mejores ubicaciones de la ciudad",6000000,"MN 6,000,000",MXN,venta,Casa,Arauz Poniente 106,,Zacatelco,Tlaxcala,19.21325903969175,-98.2433447671457,10.0,9.0,350.0,329.0,4.0,0.0,15,Publicado hace 176 días,,https://img10.naventcdn.com/avisos/18/01/49/12/98/53/1200x1200/1591089547.jpg?isFirstImage=true|https://img10.naventcdn.com/avisos/18/01/49/12/98/53/1200x1200/1591089545.jpg|https://img10.naventcdn.com/avisos/resize/18/01/49/12/98/53/1200x1200/1591089554.jpg|https://img10.naventcdn.com/avisos/resize/18/01/49/12/98/53/1200x1200/1591089551.jpg|https://img10.naventcdn.com/avisos/18/01/49/12/98/53/1200x1200/1591089548.jpg|https://img10.naventcdn.com/avisos/18/01/49/12/98/53/1200x1200/1591089552.jpg|https://img10.naventcdn.com/avisos/18/01/49/12/98/53/1200x1200/1591089546.jpg|https://img10.naventcdn.com/avisos/18/01/49/12/98/53/1200x1200/1591089550.jpg|https://img10.naventcdn.com/avisos/18/01/49/12/98/53/1200x1200/1591089553.jpg|https://img10.naventcdn.com/avisos/18/01/49/12/98/53/1200x1200/1591089549.jpg|https://img10.naventcdn.com/avisos/18/01/49/12/98/53/1200x1200/1591089544.jpg,,52 5574117755,iad Inmobiliaria,50956067,https://www.inmuebles24.com/inmobiliarias/iad-inmobiliaria_50956067-inmuebles.html,2026-03-02T18:02:25Z,2026-08-25T10:02:08.006878+00:00,https://www.inmuebles24.com/casas-o-casa-en-condominio-o-departamentos-en-venta-en-tlaxcala-provincia-ordenado-por-fechaonline-descendente.html-pagina-7.html
https://www.inmuebles24.com/propiedades/clasificado/veclcain-casa-en-venta-en-tepetitla-tlaxcala.-en-obra-negra-148534873.html,148534873,NX-265685,sale,"Casa en Venta en Tepetitla, Tlaxcala. en Obra Negra","Ref: 2 6 5 6 8 5 Esta increíble casa en venta se encuentra en obra negra, ofreciendo una oportunidad de ponerle los acabados de tu agrado. Ubicada en el corazón de Tepetitla, en Tepetitla de Lardizábal, Tlaxcala. Con una construcción de 180 m2, esta propiedad cuenta con 3 recámaras y 2 baños, perfecta para una familia que busca comodidad y espacio. Además, su uso de suelo residencial garantiza un entorno tranquilo y seguro para vivir. En cuanto a las vías de acceso, esta casa en venta cuenta con fácil conexión, se encuentra a 500m de la primaria a 400 metros del CBTIS Tepetitla, a 350 metros de la carretera que incorpora a la autopista Puebla-México, a 500 metros de la carretera que incorpora a la ciudad de Tlaxcala.",2000000,"MN 2,000,000",MXN,venta,Casa,Emilio Sánchez Piedras 76,Pueblo Tepetitla,Tepetitla de Lardizábal,Tlaxcala,19.262359587716112,-98.37918839207184,3.0,2.0,180.0,200.0,4.0,0.0,A estrenar,Publicado hace 239 días,,https://img10.naventcdn.com/avisos/18/01/48/53/48/73/1200x1200/1579155637.jpg?isFirstImage=true|https://img10.naventcdn.com/avisos/18/01/48/53/48/73/1200x1200/1579155635.jpg|https://img10.naventcdn.com/avisos/18/01/48/53/48/73/1200x1200/1579155633.jpg|https://img10.naventcdn.com/avisos/18/01/48/53/48/73/1200x1200/1579155634.jpg|https://img10.naventcdn.com/avisos/18/01/48/53/48/73/1200x1200/1579155638.jpg|https://img10.naventcdn.com/avisos/18/01/48/53/48/73/1200x1200/1579155632.jpg|https://img10.naventcdn.com/avisos/18/01/48/53/48/73/1200x1200/1579155636.jpg,,52 5574117755,iad Inmobiliaria,50956067,https://www.inmuebles24.com/inmobiliarias/iad-inmobiliaria_50956067-inmuebles.html,2025-12-29T15:41:52Z,2026-08-25T10:02:08.006878+00:00,https://www.inmuebles24.com/casas-o-casa-en-condominio-o-departamentos-en-venta-en-tlaxcala-provincia-ordenado-por-fechaonline-descendente.html-pagina-7.html
https://www.inmuebles24.com/propiedades/clasificado/veclcain-casa-en-venta-tlacomulco-tlaxcala-148859830.html,148859830,NHO7757365,sale,"Casa en Venta - Tlacomulco, Tlaxcala","Casa en Venta en Tlacomulco, Tlaxcala Ubicada en una privada cerrada con portón automático, esta casa ofrece seguridad y comodidad a solo 10 minutos del centro de Tlaxcala. Su proximidad a vialidades principales facilita el acceso a escuelas, comercios y servicios. En la planta baja: Sala de doble altura se integra con un comedor amplio y una cocina equipada. Además, cuenta con un medio baño para visitas y cochera para dos autos. El primer nivel: Recámara principal con vestidor y baño completo, dos recámaras secundarias, un baño compartido y balcón. En el segundo nivel: Terraza con pérgola y asador es perfecta para reuniones, complementada por un medio baño y área de lavado. *Apta para créditos bancarios y recursos propios *Precio sujeto a cambios sin previo aviso. *Los gastos de escrituración, impuestos etc. No están incluidos en el precio En Nazarit Bienes Raíces te ofrecemos las mejores opciones que se ajusten a tus necesidades, te apoyamos con todo el trámite y asesoría gratuita. ¡Contáctanos!",2800000,"MN 2,800,000",MXN,venta,Casa,"Casa en Venta - Tlacomulco, Tlaxcala",Barrio Tlacomulco,Tlaxcala,Tlaxcala,19.3090095,-98.2185637,3.0,2.0,180.0,112.0,2.0,0.0,A estrenar,Publicado hace 202 días,,https://img10.naventcdn.com/avisos/18/01/48/85/98/30/1200x1200/1624190226.jpg?isFirstImage=true|https://img10.naventcdn.com/avisos/18/01/48/85/98/30/1200x1200/1624190291.jpg|https://img10.naventcdn.com/avisos/18/01/48/85/98/30/1200x1200/1617093653.jpg|https://img10.naventcdn.com/avisos/18/01/48/85/98/30/1200x1200/1624190180.jpg|https://img10.naventcdn.com/avisos/18/01/48/85/98/30/1200x1200/1624190299.jpg|https://img10.naventcdn.com/avisos/18/01/48/85/98/30/1200x1200/1624190223.jpg|https://img10.naventcdn.com/avisos/18/01/48/85/98/30/1200x1200/1619808975.jpg|https://img10.naventcdn.com/avisos/18/01/48/85/98/30/1200x1200/1619808978.jpg|https://img10.naventcdn.com/avisos/18/01/48/85/98/30/1200x1200/1619808973.jpg|https://img10.naventcdn.com/avisos/18/01/48/85/98/30/1200x1200/1624190295.jpg|https://img10.naventcdn.com/avisos/18/01/48/85/98/30/1200x1200/1624190301.jpg|https://img10.naventcdn.com/avisos/18/01/48/85/98/30/1200x1200/1624190345.jpg|https://img10.naventcdn.com/avisos/18/01/48/85/98/30/1200x1200/1624190272.jpg|https://img10.naventcdn.com/avisos/18/01/48/85/98/30/1200x1200/1624190237.jpg|https://img10.naventcdn.com/avisos/18/01/48/85/98/30/1200x1200/1624190278.jpg|https://img10.naventcdn.com/avisos/18/01/48/85/98/30/1200x1200/1624190323.jpg|https://img10.naventcdn.com/avisos/18/01/48/85/98/30/1200x1200/1624190280.jpg|https://img10.naventcdn.com/avisos/18/01/48/85/98/30/1200x1200/1624190276.jpg|https://img10.naventcdn.com/avisos/18/01/48/85/98/30/1200x1200/1624190288.jpg|https://img10.naventcdn.com/avisos/18/01/48/85/98/30/1200x1200/1624190317.jpg|https://img10.naventcdn.com/avisos/18/01/48/85/98/30/1200x1200/1624190286.jpg|https://img10.naventcdn.com/avisos/18/01/48/85/98/30/1200x1200/1624190274.jpg|https://img10.naventcdn.com/avisos/18/01/48/85/98/30/1200x1200/1624190283.jpg|https://img10.naventcdn.com/avisos/18/01/48/85/98/30/1200x1200/1624190322.jpg|https://img10.naventcdn.com/avisos/18/01/48/85/98/30/1200x1200/1624190270.jpg,,52 2461390017,Nazarit Bienes Raíces,51357399,https://www.inmuebles24.com/inmobiliarias/nazarit-bienes-raices_51357399-inmuebles.html,2026-02-04T19:50:55Z,2026-08-25T10:02:08.006878+00:00,https://www.inmuebles24.com/casas-o-casa-en-condominio-o-departamentos-en-venta-en-tlaxcala-provincia-ordenado-por-fechaonline-descendente.html-pagina-7.html
https://www.inmuebles24.com/propiedades/clasificado/veclcain-casa-grande-en-tlaxcala-centro-148703005.html,148703005,NX-262661,sale,Casa Grande en Tlaxcala Centro,"Ref: 2 6 2 6 6 1 Esta impresionante casa en venta se encuentra en San Buenaventura Atempan, Tlaxcala, Tlaxcala. Con 394 m2 de construcción, esta propiedad cuenta con 4 recámaras, 3 baños completos, 2 medios baños y una amplia gama de comodidades para satisfacer todas tus necesidades. Desde el momento en que entras, te sorprenderá la elegancia y amplitud de cada espacio. Con una cocina equipada con un desayunador, sala y comedor, cuarto de TV, estudio y cuarto de servicio, esta casa ofrece todo lo que necesitas para vivir cómodamente. Además, cuenta con un cuarto de huéspedes, closets, vestidor y armarios empotrados para maximizar el espacio de almacenamiento. Disfruta de momentos de relajación en el jardín, la terraza y el hidromasaje. Los acabados de piso de cerámica y piso laminado añaden un toque de sofisticación. Además, las puertas eléctricas, Internet/Wifi, estacionamiento para visitas y bodegas hacen que esta propiedad sea aún más conveniente. No podemos olvidar mencionar la inclusión de un jacuzzi para que puedas disfrutar de un verdadero oasis en la comodidad de tu hogar. Muy cerca de la propiedad, encontrarás el Centro Comercial Gran Patio Tlaxcala, el Parque de la Juventud y el Hospital General de Tlaxcala. Las vías de acceso cercanas incluyen la Carretera Federal Tlaxcala-Puebla y la Avenida Juan Pablo II, lo que facilita la movilidad hacia y desde la propiedad. ¡No dejes pasar esta increíble oportunidad de adquirir tu nuevo hogar en San Buenaventura Atempan!",6990000,"MN 6,990,000",MXN,venta,Casa,"Cerrada Hidalgo 7  , San Buenaventura Atempan , 90010 Tlaxcala, Tlaxcala, México",San Buenaventura Atempan,Tlaxcala,Tlaxcala,19.32502456804461,-98.217654609725,4.0,3.0,394.0,542.0,5.0,0.0,45,Publicado hace 217 días,,https://img10.naventcdn.com/avisos/18/01/48/70/30/05/1200x1200/1582845039.jpg?isFirstImage=true|https://img10.naventcdn.com/avisos/18/01/48/70/30/05/1200x1200/1582845035.jpg|https://img10.naventcdn.com/avisos/18/01/48/70/30/05/1200x1200/1582845041.jpg|https://img10.naventcdn.com/avisos/18/01/48/70/30/05/1200x1200/1582845040.jpg|https://img10.naventcdn.com/avisos/18/01/48/70/30/05/1200x1200/1582845037.jpg|https://img10.naventcdn.com/avisos/18/01/48/70/30/05/1200x1200/1582845036.jpg|https://img10.naventcdn.com/avisos/18/01/48/70/30/05/1200x1200/1582845034.jpg|https://img10.naventcdn.com/avisos/18/01/48/70/30/05/1200x1200/1582845042.jpg|https://img10.naventcdn.com/avisos/18/01/48/70/30/05/1200x1200/1582845038.jpg,,52 5574117755,iad Inmobiliaria,50956067,https://www.inmuebles24.com/inmobiliarias/iad-inmobiliaria_50956067-inmuebles.html,2026-01-20T21:35:23Z,2026-08-25T10:02:08.006878+00:00,https://www.inmuebles24.com/casas-o-casa-en-condominio-o-departamentos-en-venta-en-tlaxcala-provincia-ordenado-por-fechaonline-descendente.html-pagina-7.html
https://www.inmuebles24.com/propiedades/clasificado/veclcain-casa-nueva-en-venta-en-tlaxcala-apizaco-148531823.html,148531823,AEDIL,sale,Casa Nueva en Venta en Tlaxcala (Apizaco),CASA EN APIZACO CASA NUEVA 4 RECAMARAS 3 LUGARES DE ESTACIONAMIENTO JARDIN PATIO DE SERVICIO VESTIDOR CLOSET AÑO DE CONSTRUCCION 2011 CERCA DE ESCUELAS,4499502,"MN 4,499,502",MXN,venta,Casa,MANANTIAL # 79,Pueblo Santa Anita Huiloac,Apizaco,Tlaxcala,19.39808461864694,-98.141427905953,4.0,2.0,227.0,315.0,3.0,,A estrenar,Publicado hace 240 días,,https://img10.naventcdn.com/avisos/18/01/48/53/18/23/1200x1200/1579096691.jpg?isFirstImage=true|https://img10.naventcdn.com/avisos/18/01/48/53/18/23/1200x1200/1579096700.jpg|https://img10.naventcdn.com/avisos/18/01/48/53/18/23/1200x1200/1579096705.jpg|https://img10.naventcdn.com/avisos/18/01/48/53/18/23/1200x1200/1579096702.jpg|https://img10.naventcdn.com/avisos/18/01/48/53/18/23/1200x1200/1579096694.jpg|https://img10.naventcdn.com/avisos/18/01/48/53/18/23/1200x1200/1579096689.jpg|https://img10.naventcdn.com/avisos/18/01/48/53/18/23/1200x1200/1579096708.jpg|https://img10.naventcdn.com/avisos/18/01/48/53/18/23/1200x1200/1579096703.jpg|https://img10.naventcdn.com/avisos/18/01/48/53/18/23/1200x1200/1579096704.jpg|https://img10.naventcdn.com/avisos/18/01/48/53/18/23/1200x1200/1579096707.jpg|https://img10.naventcdn.com/avisos/18/01/48/53/18/23/1200x1200/1579096709.jpg|https://img10.naventcdn.com/avisos/18/01/48/53/18/23/1200x1200/1579096706.jpg|https://img10.naventcdn.com/avisos/18/01/48/53/18/23/1200x1200/1579096693.jpg|https://img10.naventcdn.com/avisos/18/01/48/53/18/23/1200x1200/1579096690.jpg|https://img10.naventcdn.com/avisos/18/01/48/53/18/23/1200x1200/1579096692.jpg|https://img10.naventcdn.com/avisos/18/01/48/53/18/23/1200x1200/1579096696.jpg|https://img10.naventcdn.com/avisos/18/01/48/53/18/23/1200x1200/1579096701.jpg|https://img10.naventcdn.com/avisos/18/01/48/53/18/23/1200x1200/1579096698.jpg|https://img10.naventcdn.com/avisos/18/01/48/53/18/23/1200x1200/1579096697.jpg|https://img10.naventcdn.com/avisos/18/01/48/53/18/23/1200x1200/1579096695.jpg|https://img10.naventcdn.com/avisos/18/01/48/53/18/23/1200x1200/1579096699.jpg,,52 5537300734,Mauricio Guerrero Espinosa,50858529,https://www.inmuebles24.com/inmobiliarias/mauricio-guerrero-espinosa_50858529-inmuebles.html,2025-12-28T21:19:37Z,2026-08-25T10:02:08.006878+00:00,https://www.inmuebles24.com/casas-o-casa-en-condominio-o-departamentos-en-venta-en-tlaxcala-provincia-ordenado-por-fechaonline-descendente.html-pagina-7.html
https://www.inmuebles24.com/propiedades/clasificado/veclcain-casaen-venta-en-coloniamexico-nuevo-147479815.html,147479815,ALTHEMATMNEO8A2V1V1CA6885517970,sale,Casaen Venta en Coloniaméxico Nuevo,"Disfruta un departamento muy acogedor de 120 m2 de construcción, cuenta con estancia de sala-comedor, cisterna, gas LP, jardín en patio trasero, 3 habitaciones, 2.5 baños, 1 cuarto de servicio y 2 cajones de estacionamiento. El edificio cuenta con roof garden. Está ubicado muy cerca de diferentes supermercados, plazas, ubicado en una de las mejores zonas de la ciudad y cuenta con excelentes opciones a transporte público. Empresa de intermediacion inmobiliaria. compraventa,renta, remodelacion, construcción y administración de inmuebles. La información aquí proporcionada puede ser sujeta a cambio sin previo aviso y muestran únicamente una propuesta y de ninguna forma puede ser considerada vinculante, contractual o de forma alguna obligación de cumplir con cierto ofrecimiento. Las imágenes y contenido pueden estar sujetas a derechos de autor, por lo que no se autoriza de ninguna forma su uso fuera de este sitio ni para fines distintos a los que fue publicado. Para mayor información se recomienda contactar con un asesor que le brinde atención personalizada.",2953000,"MN 2,953,000",MXN,venta,Casa,Cerrada DEL Esfuerzo Obrero8,Nuevo México,Santa Ana Nopalucan,Tlaxcala,19.307781,-98.34307,3.0,2.0,125.0,125.0,2.0,900.0,3,Publicado hace 211 días,,,,,A Más Patrimonio,22557,https://www.inmuebles24.com/inmobiliarias/a-mas-patrimonio_22557-inmuebles.html,2025-09-02T03:10:36Z,2026-08-25T10:02:08.006878+00:00,https://www.inmuebles24.com/casas-o-casa-en-condominio-o-departamentos-en-venta-en-tlaxcala-provincia-ordenado-por-fechaonline-descendente.html-pagina-7.html
https://www.inmuebles24.com/propiedades/clasificado/veclcain-casas-en-venta-en-acuitlapilco-tlaxcala-148902641.html,148902641,63ORBB,sale,Casas en Venta en Acuitlapilco Tlaxcala,"CASAS EN VENTA $1\""380,000 Y $1'580,000 TRANSPORTE PUBLICO, CALLE CON ADOQUINADA CON CONEXION A LA CARRETERA FEDERAL TLAXCALA-PUEBLA.. CONSTA: SALA, COMEDOR, COCINA, PATIO DE SERVICIO, CISTERNA 5000 LTS, , 1.5 BANOS COMPLETOS, 3 RECAMARAS Y ESTACIONAMIENTO PARA DOS AUTOS CON REJA.",1380000,"MN 1,380,000",MXN,venta,Casa,Carr. Federal Tlaxcala - Puebla,Pueblo Santa Maria Acuitlapilco,Tlaxcala,Tlaxcala,19.2823735,-98.238466,3.0,1.0,85.0,169.0,2.0,,A estrenar,Publicado hace 199 días,,https://img10.naventcdn.com/avisos/18/01/48/90/26/41/1200x1200/1586637587.jpg?isFirstImage=true|https://img10.naventcdn.com/avisos/18/01/48/90/26/41/1200x1200/1586637593.jpg|https://img10.naventcdn.com/avisos/18/01/48/90/26/41/1200x1200/1586637588.jpg|https://img10.naventcdn.com/avisos/18/01/48/90/26/41/1200x1200/1586641582.jpg|https://img10.naventcdn.com/avisos/18/01/48/90/26/41/1200x1200/1586641584.jpg|https://img10.naventcdn.com/avisos/18/01/48/90/26/41/1200x1200/1586641580.jpg|https://img10.naventcdn.com/avisos/18/01/48/90/26/41/1200x1200/1586641587.jpg|https://img10.naventcdn.com/avisos/18/01/48/90/26/41/1200x1200/1586641581.jpg|https://img10.naventcdn.com/avisos/18/01/48/90/26/41/1200x1200/1586641588.jpg|https://img10.naventcdn.com/avisos/18/01/48/90/26/41/1200x1200/1586641585.jpg|https://img10.naventcdn.com/avisos/18/01/48/90/26/41/1200x1200/1586641586.jpg|https://img10.naventcdn.com/avisos/18/01/48/90/26/41/1200x1200/1586637594.jpg|https://img10.naventcdn.com/avisos/18/01/48/90/26/41/1200x1200/1586637590.jpg|https://img10.naventcdn.com/avisos/18/01/48/90/26/41/1200x1200/1586641590.jpg|https://img10.naventcdn.com/avisos/18/01/48/90/26/41/1200x1200/1586637586.jpg|https://img10.naventcdn.com/avisos/18/01/48/90/26/41/1200x1200/1586641589.jpg|https://img10.naventcdn.com/avisos/18/01/48/90/26/41/1200x1200/1586641583.jpg|https://img10.naventcdn.com/avisos/18/01/48/90/26/41/1200x1200/1586637584.jpg|https://img10.naventcdn.com/avisos/18/01/48/90/26/41/1200x1200/1586637595.jpg|https://img10.naventcdn.com/avisos/18/01/48/90/26/41/1200x1200/1586941224.jpg,,52 2467576579,OPCIÓN INMOBILIARIA,51070963,https://www.inmuebles24.com/inmobiliarias/opcion-inmobiliaria_51070963-inmuebles.html,2026-02-08T02:41:20Z,2026-08-25T10:03:07.396083+00:00,https://www.inmuebles24.com/casas-o-casa-en-condominio-o-departamentos-en-venta-en-tlaxcala-provincia-ordenado-por-fechaonline-descendente.html-pagina-7.html
https://www.inmuebles24.com/propiedades/clasificado/veclcain-fraccionamiento-la-magdalena-148516225.html,148516225,NN-QF1000252,sale,Fraccionamiento La Magdalena,"Hermosa casa grande en la magdalena tlaltelulco, amplia, moderna y en fraccionamiento con amenidades, a 500 m de vía corta y a unos minutos del libramiento de Tlaxcala",2490000,"MN 2,490,000",MXN,venta,Casa,"La Magdalena Tlaltelulco, La Magdalena Tlaltelulco, Tlaxcala",,La Magdalena Tlaltelulco,Tlaxcala,19.2760833,-98.1788179,4.0,3.0,205.0,121.0,2.0,100.0,1,Publicado hace 245 días,,https://img10.naventcdn.com/avisos/18/01/48/51/62/25/1200x1200/1578770412.jpg?isFirstImage=true|https://img10.naventcdn.com/avisos/18/01/48/51/62/25/1200x1200/1578770394.jpg|https://img10.naventcdn.com/avisos/18/01/48/51/62/25/1200x1200/1578770398.jpg|https://img10.naventcdn.com/avisos/18/01/48/51/62/25/1200x1200/1578770390.jpg|https://img10.naventcdn.com/avisos/18/01/48/51/62/25/1200x1200/1578770404.jpg|https://img10.naventcdn.com/avisos/18/01/48/51/62/25/1200x1200/1578770391.jpg|https://img10.naventcdn.com/avisos/18/01/48/51/62/25/1200x1200/1578770405.jpg|https://img10.naventcdn.com/avisos/18/01/48/51/62/25/1200x1200/1578770393.jpg|https://img10.naventcdn.com/avisos/18/01/48/51/62/25/1200x1200/1578770407.jpg|https://img10.naventcdn.com/avisos/18/01/48/51/62/25/1200x1200/1578770400.jpg|https://img10.naventcdn.com/avisos/18/01/48/51/62/25/1200x1200/1578770399.jpg|https://img10.naventcdn.com/avisos/18/01/48/51/62/25/1200x1200/1578770409.jpg|https://img10.naventcdn.com/avisos/18/01/48/51/62/25/1200x1200/1578770408.jpg|https://img10.naventcdn.com/avisos/18/01/48/51/62/25/1200x1200/1578770397.jpg|https://img10.naventcdn.com/avisos/18/01/48/51/62/25/1200x1200/1578770396.jpg|https://img10.naventcdn.com/avisos/18/01/48/51/62/25/1200x1200/1578770403.jpg|https://img10.naventcdn.com/avisos/18/01/48/51/62/25/1200x1200/1578770401.jpg|https://img10.naventcdn.com/avisos/18/01/48/51/62/25/1200x1200/1578770395.jpg|https://img10.naventcdn.com/avisos/18/01/48/51/62/25/1200x1200/1578770410.jpg|https://img10.naventcdn.com/avisos/18/01/48/51/62/25/1200x1200/1578770406.jpg|https://img10.naventcdn.com/avisos/18/01/48/51/62/25/1200x1200/1578770392.jpg|https://img10.naventcdn.com/avisos/18/01/48/51/62/25/1200x1200/1578770402.jpg|https://img10.naventcdn.com/avisos/18/01/48/51/62/25/1200x1200/1578770411.jpg,22298.0,52 2229803957,WALL BROKERS REAL ESTATE PUEBLA,102301017,https://www.inmuebles24.com/inmobiliarias/wall-brokers-real-estate-puebla_102301017-inmuebles.html,2025-12-24T00:14:20Z,2026-08-25T10:03:07.396083+00:00,https://www.inmuebles24.com/casas-o-casa-en-condominio-o-departamentos-en-venta-en-tlaxcala-provincia-ordenado-por-fechaonline-descendente.html-pagina-7.html
https://www.inmuebles24.com/propiedades/clasificado/veclcain-ixtulco-segunda-riberena-sur-148648349.html,148648349,NN-GQR811,sale,"Ixtulco, Segunda Ribereña Sur","Hermosa casa en Ixtulco Tlaxcala con excelente ubicación Cuenta con tres recámaras, sala, comedor, cocina, patio y espacio para estacionamiento, excelente ubicación, ideal para vivir o invertir",1850000,"MN 1,850,000",MXN,venta,Casa,"Santa Maria Ixtulco, Tlaxcala, Tlaxcala",Santa María Ixtulco,Tlaxcala,Tlaxcala,19.3298353,-98.2262365,3.0,2.0,141.0,107.0,2.0,0.0,A estrenar,Publicado hace 223 días,,https://img10.naventcdn.com/avisos/18/01/48/64/83/49/1200x1200/1581422730.jpg?isFirstImage=true|https://img10.naventcdn.com/avisos/18/01/48/64/83/49/1200x1200/1581422717.jpg|https://img10.naventcdn.com/avisos/18/01/48/64/83/49/1200x1200/1581422728.jpg|https://img10.naventcdn.com/avisos/18/01/48/64/83/49/1200x1200/1581422713.jpg|https://img10.naventcdn.com/avisos/18/01/48/64/83/49/1200x1200/1581422723.jpg|https://img10.naventcdn.com/avisos/18/01/48/64/83/49/1200x1200/1581422722.jpg|https://img10.naventcdn.com/avisos/18/01/48/64/83/49/1200x1200/1581422724.jpg|https://img10.naventcdn.com/avisos/18/01/48/64/83/49/1200x1200/1581422727.jpg|https://img10.naventcdn.com/avisos/18/01/48/64/83/49/1200x1200/1581422729.jpg|https://img10.naventcdn.com/avisos/18/01/48/64/83/49/1200x1200/1581422714.jpg|https://img10.naventcdn.com/avisos/18/01/48/64/83/49/1200x1200/1581422720.jpg|https://img10.naventcdn.com/avisos/18/01/48/64/83/49/1200x1200/1581422718.jpg|https://img10.naventcdn.com/avisos/18/01/48/64/83/49/1200x1200/1581422716.jpg|https://img10.naventcdn.com/avisos/18/01/48/64/83/49/1200x1200/1581422725.jpg|https://img10.naventcdn.com/avisos/18/01/48/64/83/49/1200x1200/1581422721.jpg|https://img10.naventcdn.com/avisos/18/01/48/64/83/49/1200x1200/1581422726.jpg|https://img10.naventcdn.com/avisos/18/01/48/64/83/49/1200x1200/1581422719.jpg|https://img10.naventcdn.com/avisos/18/01/48/64/83/49/1200x1200/1581422715.jpg,22298.0,52 2229803957,WALL BROKERS REAL ESTATE PUEBLA,102301017,https://www.inmuebles24.com/inmobiliarias/wall-brokers-real-estate-puebla_102301017-inmuebles.html,2026-01-14T23:29:46Z,2026-08-25T10:03:07.396083+00:00,https://www.inmuebles24.com/casas-o-casa-en-condominio-o-departamentos-en-venta-en-tlaxcala-provincia-ordenado-por-fechaonline-descendente.html-pagina-7.html
https://www.inmuebles24.com/propiedades/clasificado/veclcain-preventa-de-casas-con-tres-recamaras-en-belen-148836743.html,148836743,NHO7689257,sale,"Preventa de Casas con Tres Recamaras en Belen, Tlaxcala","Preventa de Casa en Belén – Excelente Ubicación y Plusvalía Invierte hoy en tu nuevo hogar ubicado en Belén, dentro de una privada cerrada con portón automático, ideal para quienes buscan seguridad, comodidad y una excelente ubicación. La propiedad se encuentra a solo 5 minutos de Plaza Gran Patio, 5 minutos de la carretera Tlaxcala–Apizaco y a 20 minutos de la ciudad de Tlaxcala, lo que la convierte en una opción perfecta para vivir o invertir. Distribución: ???? Planta baja: Sala, comedor, cocina, área de servicio, medio baño, cochera para un auto ???? Planta alta: Tres recámaras y un baño completo Vive en un entorno tranquilo, con fácil acceso a vialidades principales y servicios. ¡Aprovecha precio de preventa y asegura tu patrimonio! *Casas disponibles de la 9 a la 12 *Se aceptan todos los créditos, a excepción de Infonavit tradicional e Infonavit corresidencial. *Precio sujeto a cambios sin previo aviso. *Los gastos de escrituración, impuestos etc. No están incluidos en el precio En Nazarit Bienes Raíces te ofrecemos las mejores opciones que se adecuen a tus necesidades, te apoyamos en todo el tramite y asesoría sin costo extra. ¡Contactanos!",1300000,"MN 1,300,000",MXN,venta,Casa,"Casas en Preventa - Belen Atzitzimititlán, Tlaxcala",Pueblo San Esteban Tizatlan,Tlaxcala,Tlaxcala,19.3415965,-98.2158297,3.0,1.0,102.0,55.0,1.0,0.0,A estrenar,Publicado hace 204 días,,https://img10.naventcdn.com/avisos/18/01/48/83/67/43/1200x1200/1599704507.jpg?isFirstImage=true|https://img10.naventcdn.com/avisos/18/01/48/83/67/43/1200x1200/1599704510.jpg|https://img10.naventcdn.com/avisos/18/01/48/83/67/43/1200x1200/1599704500.jpg|https://img10.naventcdn.com/avisos/18/01/48/83/67/43/1200x1200/1599704496.jpg|https://img10.naventcdn.com/avisos/18/01/48/83/67/43/1200x1200/1599704493.jpg|https://img10.naventcdn.com/avisos/18/01/48/83/67/43/1200x1200/1599704499.jpg|https://img10.naventcdn.com/avisos/18/01/48/83/67/43/1200x1200/1599704492.jpg,,52 2461390017,Nazarit Bienes Raíces,51357399,https://www.inmuebles24.com/inmobiliarias/nazarit-bienes-raices_51357399-inmuebles.html,2026-02-03T01:29:53Z,2026-08-25T10:03:07.396083+00:00,https://www.inmuebles24.com/casas-o-casa-en-condominio-o-departamentos-en-venta-en-tlaxcala-provincia-ordenado-por-fechaonline-descendente.html-pagina-7.html
https://www.inmuebles24.com/propiedades/clasificado/veclcain-terreno-con-construccion-habitacional-en-venta-en-148870559.html,148870559,02,sale,Terreno con Construcción Habitacional en Venta en Apizaco Col Centro,"Metros cuadrados de terreno: 540.00 m2 Frente: 12.00 m2 Fondo: 45.00 m2 Construcción: 293.00 m2 Características: Propiedad con piso de granito, área de sala comedor cocina, recamaras, cocina, consultorio, baños y jardín amplio.",6372000,"MN 6,372,000",MXN,venta,Casa,Aquiles Serdán 704,,Apizaco,Tlaxcala,19.4147414,-98.1454756,4.0,2.0,293.0,540.0,1.0,,30,Publicado hace 201 días,,https://img10.naventcdn.com/avisos/18/01/48/87/05/59/1200x1200/1586044056.jpg?isFirstImage=true|https://img10.naventcdn.com/avisos/18/01/48/87/05/59/1200x1200/1586044047.jpg|https://img10.naventcdn.com/avisos/18/01/48/87/05/59/1200x1200/1586044051.jpg|https://img10.naventcdn.com/avisos/18/01/48/87/05/59/1200x1200/1586044057.jpg|https://img10.naventcdn.com/avisos/18/01/48/87/05/59/1200x1200/1586044046.jpg|https://img10.naventcdn.com/avisos/18/01/48/87/05/59/1200x1200/1586044048.jpg|https://img10.naventcdn.com/avisos/18/01/48/87/05/59/1200x1200/1586044050.jpg|https://img10.naventcdn.com/avisos/18/01/48/87/05/59/1200x1200/1586044059.jpg|https://img10.naventcdn.com/avisos/18/01/48/87/05/59/1200x1200/1586044055.jpg|https://img10.naventcdn.com/avisos/18/01/48/87/05/59/1200x1200/1586044058.jpg|https://img10.naventcdn.com/avisos/18/01/48/87/05/59/1200x1200/1586044049.jpg|https://img10.naventcdn.com/avisos/18/01/48/87/05/59/1200x1200/1586044054.jpg,,52 2411152416,KALI INMOBILIARIA,653778,https://www.inmuebles24.com/inmobiliarias/kali-inmobiliaria_653778-inmuebles.html,2026-02-05T17:50:48Z,2026-08-25T10:03:07.396083+00:00,https://www.inmuebles24.com/casas-o-casa-en-condominio-o-departamentos-en-venta-en-tlaxcala-provincia-ordenado-por-fechaonline-descendente.html-pagina-7.html
https://www.inmuebles24.com/propiedades/clasificado/veclcain-venta-de-casa-en-san-cosme-atlamaxac-tepeyanco-149210186.html,149210186,VHO7846792,sale,"Venta de Casa en San Cosme Atlamaxac, Tepeyanco","Venta de casa en San Cosme Atlamaxac, Municipio de Tepeyanco, Tlaxcala Casa en 2 niveles con área de sala, comedor, cocina, medio baño y cochera para un auto. Planta alta 3 habitaciones y un baño completo. Acabados: Piso de cerámica en toda la casa, azulejo en baño, tarja en cocina, calentador de gas. Aceptamos crédito Infonavit. Los precios de VHO Ver datos pueden variar sin previo aviso, contáctenos para verificar el mismo.",1200000,"MN 1,200,000",MXN,venta,Casa,"Venta de Casa en San Cosme Atlamaxac Tepeyanco, Tlaxcala",Pueblo San Cosme Atlamaxac,Tepeyanco,Tlaxcala,19.2360104337,-98.2286823934,3.0,1.0,72.0,72.0,1.0,0.0,A estrenar,Publicado hace 169 días,,https://img10.naventcdn.com/avisos/18/01/49/21/01/86/1200x1200/1592685782.jpg?isFirstImage=true|https://img10.naventcdn.com/avisos/18/01/49/21/01/86/1200x1200/1592685780.jpg|https://img10.naventcdn.com/avisos/18/01/49/21/01/86/1200x1200/1592685781.jpg,,52 2461110456,Ricardo Canul J.,84162,https://www.inmuebles24.com/inmobiliarias/ricardo-canul-j._84162-inmuebles.html,2026-03-10T03:37Z,2026-08-25T10:03:07.396083+00:00,https://www.inmuebles24.com/casas-o-casa-en-condominio-o-departamentos-en-venta-en-tlaxcala-provincia-ordenado-por-fechaonline-descendente.html-pagina-7.html
https://www.inmuebles24.com/propiedades/clasificado/veclcain-venta-de-loft-amueblado-en-tlaxcala-148837137.html,148837137,NHO7751658,sale,Venta de Loft Amueblado en Tlaxcala,"Loft Industrial Amueblado en Venta | Estilo Urbano Vive en un loft estilo industrial, con diseño moderno y espacios que inspiran. Ideal para quienes buscan independencia, estilo y una ubicación estratégica. A solo 5 minutos de Gran Patio y 5 minutos de la carretera Tlaxcala–Apizaco. Distribución: -Sala de doble altura -Comedor y cocina integral -Medio baño -Recámara con balcón, clóset y baño completo -Cochera para un auto Se vende totalmente amueblado, listo para habitar o generar ingresos. Un espacio único para un estilo de vida urbano y contemporáneo. *Contactanos para más información *Precio sujeto a cambios sin previo aviso. *Los gastos de escrituración, impuestos etc. No están incluidos en el precio En Nazarit Bienes Raíces te ofrecemos las mejores opciones que se adecuen a tus necesidades, te apoyamos en todo el tramite y asesoría sin costo extra. ¡Contactanos!",1640000,"MN 1,640,000",MXN,venta,Casa,"Loft Amueblado en Venta - Tizatlan, Tlaxcala",Pueblo San Esteban Tizatlan,Tlaxcala,Tlaxcala,19.3415965,-98.2158297,,1.0,81.0,81.0,1.0,0.0,A estrenar,Publicado hace 204 días,,https://img10.naventcdn.com/avisos/18/01/48/83/71/37/1200x1200/1626510727.jpg?isFirstImage=true|https://img10.naventcdn.com/avisos/18/01/48/83/71/37/1200x1200/1626510758.jpg|https://img10.naventcdn.com/avisos/18/01/48/83/71/37/1200x1200/1626510730.jpg|https://img10.naventcdn.com/avisos/18/01/48/83/71/37/1200x1200/1626510743.jpg|https://img10.naventcdn.com/avisos/18/01/48/83/71/37/1200x1200/1626510755.jpg|https://img10.naventcdn.com/avisos/18/01/48/83/71/37/1200x1200/1626510746.jpg|https://img10.naventcdn.com/avisos/18/01/48/83/71/37/1200x1200/1626510761.jpg|https://img10.naventcdn.com/avisos/18/01/48/83/71/37/1200x1200/1626510739.jpg|https://img10.naventcdn.com/avisos/18/01/48/83/71/37/1200x1200/1626510731.jpg|https://img10.naventcdn.com/avisos/18/01/48/83/71/37/1200x1200/1626510762.jpg|https://img10.naventcdn.com/avisos/18/01/48/83/71/37/1200x1200/1626510732.jpg|https://img10.naventcdn.com/avisos/18/01/48/83/71/37/1200x1200/1626510766.jpg|https://img10.naventcdn.com/avisos/18/01/48/83/71/37/1200x1200/1626510741.jpg|https://img10.naventcdn.com/avisos/18/01/48/83/71/37/1200x1200/1626510765.jpg|https://img10.naventcdn.com/avisos/18/01/48/83/71/37/1200x1200/1626510764.jpg|https://img10.naventcdn.com/avisos/18/01/48/83/71/37/1200x1200/1626510759.jpg|https://img10.naventcdn.com/avisos/18/01/48/83/71/37/1200x1200/1626510725.jpg|https://img10.naventcdn.com/avisos/18/01/48/83/71/37/1200x1200/1626510729.jpg|https://img10.naventcdn.com/avisos/18/01/48/83/71/37/1200x1200/1626510726.jpg|https://img10.naventcdn.com/avisos/18/01/48/83/71/37/1200x1200/1626510752.jpg|https://img10.naventcdn.com/avisos/18/01/48/83/71/37/1200x1200/1626510733.jpg|https://img10.naventcdn.com/avisos/18/01/48/83/71/37/1200x1200/1626510724.jpg|https://img10.naventcdn.com/avisos/18/01/48/83/71/37/1200x1200/1599704931.jpg|https://img10.naventcdn.com/avisos/18/01/48/83/71/37/1200x1200/1626510763.jpg|https://img10.naventcdn.com/avisos/18/01/48/83/71/37/1200x1200/1626510760.jpg|https://img10.naventcdn.com/avisos/18/01/48/83/71/37/1200x1200/1599704913.jpg|https://img10.naventcdn.com/avisos/18/01/48/83/71/37/1200x1200/1626510748.jpg|https://img10.naventcdn.com/avisos/18/01/48/83/71/37/1200x1200/1626510728.jpg,,52 2461390017,Nazarit Bienes Raíces,51357399,https://www.inmuebles24.com/inmobiliarias/nazarit-bienes-raices_51357399-inmuebles.html,2026-02-03T02:29:37Z,2026-08-25T10:03:07.396083+00:00,https://www.inmuebles24.com/casas-o-casa-en-condominio-o-departamentos-en-venta-en-tlaxcala-provincia-ordenado-por-fechaonline-descendente.html-pagina-7.html
https://www.inmuebles24.com/propiedades/clasificado/veclcain-venta-hermosa-casa-en-tlaxcala-tlax.-148749600.html,148749600,63J7A0,sale,"Venta Hermosa Casa en Tlaxcala, Tlax.","Exclusiva residencia en venta en Tlaxcala, ubicada en una privada de tan solo 3 casas, que ofrece privacidad, seguridad y un entorno priviligiado. La propiedad se desarrolla en 2 niveles sobre un terreno de 737 m2 con 600 m2 de construcción rodeada de areas verdes que invitan a disfrutar cada espacio. Cuenta con 4 amplias recamaras , cada una con excelente iluminación, y 5.5 baños, diseñados para brindar comodidad y funcionabilidad. Destaca una amplia biblioteca, ideal como espacio de lectura, estudio, home office, aportando un carácter elegante y único en la residencia. El gran jardín privado es perfecto para reuniones familiares o momentos de descanso, mientras que las areas comunes de la privada incluyen, alberca, juegos infantiles y extensas areas verdes, creando un ambiente ideal para toda la familia. Una propiedad para quienes buscan exclusividad, amplitud y calidad de vida, ya sea como residencia familiar o inversión patrimonial.",15300000,"MN 15,300,000",MXN,venta,Casa,Carpinteros  55,Fraccionamiento Loma Linda,Tlaxcala,Tlaxcala,19.3152978,-98.219505,4.0,5.0,600.0,732.0,4.0,,20,Publicado hace 212 días,,https://img10.naventcdn.com/avisos/18/01/48/74/96/00/1200x1200/1583766951.jpg?isFirstImage=true|https://img10.naventcdn.com/avisos/18/01/48/74/96/00/1200x1200/1583766950.jpg|https://img10.naventcdn.com/avisos/18/01/48/74/96/00/1200x1200/1583766949.jpg|https://img10.naventcdn.com/avisos/18/01/48/74/96/00/1200x1200/1583755938.jpg|https://img10.naventcdn.com/avisos/18/01/48/74/96/00/1200x1200/1583755934.jpg|https://img10.naventcdn.com/avisos/18/01/48/74/96/00/1200x1200/1583755940.jpg|https://img10.naventcdn.com/avisos/18/01/48/74/96/00/1200x1200/1583755932.jpg|https://img10.naventcdn.com/avisos/18/01/48/74/96/00/1200x1200/1583755930.jpg|https://img10.naventcdn.com/avisos/18/01/48/74/96/00/1200x1200/1583755939.jpg|https://img10.naventcdn.com/avisos/18/01/48/74/96/00/1200x1200/1583755941.jpg|https://img10.naventcdn.com/avisos/18/01/48/74/96/00/1200x1200/1583755945.jpg|https://img10.naventcdn.com/avisos/18/01/48/74/96/00/1200x1200/1583755937.jpg|https://img10.naventcdn.com/avisos/18/01/48/74/96/00/1200x1200/1583755943.jpg|https://img10.naventcdn.com/avisos/18/01/48/74/96/00/1200x1200/1583755942.jpg|https://img10.naventcdn.com/avisos/18/01/48/74/96/00/1200x1200/1583755944.jpg|https://img10.naventcdn.com/avisos/18/01/48/74/96/00/1200x1200/1583755935.jpg|https://img10.naventcdn.com/avisos/18/01/48/74/96/00/1200x1200/1583755931.jpg|https://img10.naventcdn.com/avisos/18/01/48/74/96/00/1200x1200/1583755946.jpg|https://img10.naventcdn.com/avisos/18/01/48/74/96/00/1200x1200/1583755933.jpg|https://img10.naventcdn.com/avisos/18/01/48/74/96/00/1200x1200/1583755936.jpg,,52 5513959503,INMOBILIARIA IMPERIO FAHEL,50026847,https://www.inmuebles24.com/inmobiliarias/inmobiliaria-imperio-fahel_50026847-inmuebles.html,2026-01-25T16:00:33Z,2026-08-25T10:03:07.396083+00:00,https://www.inmuebles24.com/casas-o-casa-en-condominio-o-departamentos-en-venta-en-tlaxcala-provincia-ordenado-por-fechaonline-descendente.html-pagina-7.html
https://www.inmuebles24.com/propiedades/clasificado/veclapin-departamento-en-val-quirico-tlaxcala-puebla-2-148408371.html,148408371,UAP7594325,sale,"Departamento en val'Quirico Tlaxcala, Puebla, 2 Recamaras y Amenidades.","Departamento en Venta con Jardín Privado en EQUIAH Villa Sustentable, junto a Val’Quirico | $5,350,000 Departamento modelo Encino C1 en venta en EQUIAH Villa Sustentable, exclusivo desarrollo residencial de baja densidad ubicado a un costado de Val’Quirico. Una excelente opción para quienes buscan la comodidad de un departamento con la ventaja de contar con jardín privado y amplios espacios interiores. Ubicado en planta baja, este departamento cuenta con 238.4 m² de superficie total, incluyendo 161.64 m² de construcción techada y 42.34 m² de jardín privado, un espacio exterior ideal para reuniones, descanso o convivencia familiar. Su distribución incorpora dos recámaras, estudio y amplias áreas sociales. Características Precio: $5,350,000 MXN Modelo: Encino C1 Ubicación: EQUIAH Villa Sustentable, junto a Val’Quirico Nivel 1 / Planta baja Superficie total: 238.4 m² Construcción techada: 161.64 m² Jardín privado: 42.34 m² Bodega asignada: 6.40 m² 2 recámaras 2.5 baños Estudio Sala-comedor Cocina con barra desayunadora Despensa Cuarto de lavado Terraza techada Bodega 2 cajones de estacionamiento con pérgola Entrega: marzo de 2027 Equipamiento incluido Cocina integral Clósets principales en ambas recámaras Canceles de baño de vidrio templado Repisas en despensa y perchero 4 paneles solares Piso vinílico imitación madera Piso cerámico en terraza y baños completos Apagadores inteligentes Cerradura inteligente Amenidades de EQUIAH Alberca techada con carriles de nado Gimnasio equipado Sala de yoga Cancha de tenis Cancha de futbolito y voleibol Hípico EQUIAH Terraza panorámica Salón de eventos Lobby Elevador Una excelente alternativa para quienes buscan un departamento en planta baja con jardín privado cerca de Val’Quirico, amplios espacios y un concepto residencial que combina privacidad, naturaleza y calidad de vida. Para más información o agendar una visita, comunícate al Ver datos . Precio y disponibilidad sujetos a cambio sin previo aviso.",5350000,"MN 5,350,000",MXN,venta,Apartamento,"Equiah, Villas Sustentables, Val'quirico, Tlaxcala, México. Encino Blanca",Fraccionamiento Santa Agueda,Tlaxcala,Tlaxcala,19.3075825,-98.2271213,2.0,2.0,161.0,161.0,,0.0,A estrenar,Publicado hace 259 días,,https://img10.naventcdn.com/avisos/18/01/48/40/83/71/1200x1200/1610593637.jpg?isFirstImage=true|https://img10.naventcdn.com/avisos/18/01/48/40/83/71/1200x1200/1610593659.jpg|https://img10.naventcdn.com/avisos/18/01/48/40/83/71/1200x1200/1610593594.jpg|https://img10.naventcdn.com/avisos/18/01/48/40/83/71/1200x1200/1610593595.jpg|https://img10.naventcdn.com/avisos/18/01/48/40/83/71/1200x1200/1610593649.jpg|https://img10.naventcdn.com/avisos/18/01/48/40/83/71/1200x1200/1610593640.jpg|https://img10.naventcdn.com/avisos/18/01/48/40/83/71/1200x1200/1610593660.jpg|https://img10.naventcdn.com/avisos/18/01/48/40/83/71/1200x1200/1610593600.jpg|https://img10.naventcdn.com/avisos/18/01/48/40/83/71/1200x1200/1610593604.jpg|https://img10.naventcdn.com/avisos/18/01/48/40/83/71/1200x1200/1610593654.jpg|https://img10.naventcdn.com/avisos/18/01/48/40/83/71/1200x1200/1610593596.jpg|https://img10.naventcdn.com/avisos/18/01/48/40/83/71/1200x1200/1610593606.jpg|https://img10.naventcdn.com/avisos/18/01/48/40/83/71/1200x1200/1610593598.jpg|https://img10.naventcdn.com/avisos/18/01/48/40/83/71/1200x1200/1610593646.jpg|https://img10.naventcdn.com/avisos/18/01/48/40/83/71/1200x1200/1610593663.jpg|https://img10.naventcdn.com/avisos/18/01/48/40/83/71/1200x1200/1610593642.jpg|https://img10.naventcdn.com/avisos/18/01/48/40/83/71/1200x1200/1610593613.jpg|https://img10.naventcdn.com/avisos/18/01/48/40/83/71/1200x1200/1610593634.jpg|https://img10.naventcdn.com/avisos/18/01/48/40/83/71/1200x1200/1610593614.jpg|https://img10.naventcdn.com/avisos/18/01/48/40/83/71/1200x1200/1610593592.jpg|https://img10.naventcdn.com/avisos/18/01/48/40/83/71/1200x1200/1610593652.jpg|https://img10.naventcdn.com/avisos/18/01/48/40/83/71/1200x1200/1610593609.jpg|https://img10.naventcdn.com/avisos/18/01/48/40/83/71/1200x1200/1610593657.jpg|https://img10.naventcdn.com/avisos/18/01/48/40/83/71/1200x1200/1610593591.jpg|https://img10.naventcdn.com/avisos/18/01/48/40/83/71/1200x1200/1610593611.jpg|https://img10.naventcdn.com/avisos/18/01/48/40/83/71/1200x1200/1610593665.jpg,,52 2228415760,Urban,102413210,https://www.inmuebles24.com/inmobiliarias/urban_102413210-inmuebles.html,2025-12-10T00:02:48Z,2026-08-25T10:03:07.396083+00:00,https://www.inmuebles24.com/casas-o-casa-en-condominio-o-departamentos-en-venta-en-tlaxcala-provincia-ordenado-por-fechaonline-descendente.html-pagina-8.html
https://www.inmuebles24.com/propiedades/clasificado/veclapin-departamento-en-venta-4-147033560.html,147033560,647935,sale,Departamento en Venta - (4),"ATENCIÓN INVERSIONISTAS, bonito departamento en Val´Quirico, lugar con afluencia de turismo, cuenta con sala comedor, cocina integral, 2 recámaras la principal con baño y vestidor, baño completo para la 2da recámara, área de lavado, ven y conócelo te va encantar la ubicación y el entorno, excelente para vivir o para rentarlo a los turistas que llegan. “Llama y te lo mostramos “ (4)",5990000,"MN 5,990,000",MXN,venta,Apartamento,Val´Quirico,,Natívitas,Tlaxcala,19.1899,-98.2917,2.0,2.0,99.0,99.0,,,4,Publicado hace más de 1 año,,https://img10.naventcdn.com/avisos/18/01/47/03/35/60/1200x1200/1619471486.jpg?isFirstImage=true|https://img10.naventcdn.com/avisos/18/01/47/03/35/60/1200x1200/1619473119.jpg|https://img10.naventcdn.com/avisos/18/01/47/03/35/60/1200x1200/1619470932.jpg|https://img10.naventcdn.com/avisos/18/01/47/03/35/60/1200x1200/1619465007.jpg|https://img10.naventcdn.com/avisos/18/01/47/03/35/60/1200x1200/1619468386.jpg|https://img10.naventcdn.com/avisos/18/01/47/03/35/60/1200x1200/1619466897.jpg|https://img10.naventcdn.com/avisos/18/01/47/03/35/60/1200x1200/1619470307.jpg|https://img10.naventcdn.com/avisos/18/01/47/03/35/60/1200x1200/1619469067.jpg|https://img10.naventcdn.com/avisos/18/01/47/03/35/60/1200x1200/1619467487.jpg|https://img10.naventcdn.com/avisos/18/01/47/03/35/60/1200x1200/1619463344.jpg|https://img10.naventcdn.com/avisos/18/01/47/03/35/60/1200x1200/1619469701.jpg|https://img10.naventcdn.com/avisos/18/01/47/03/35/60/1200x1200/1619471968.jpg|https://img10.naventcdn.com/avisos/18/01/47/03/35/60/1200x1200/1619472506.jpg,,52 2226370300,REMAX ANGELOPOLIS,50011416,https://www.inmuebles24.com/inmobiliarias/remax-angelopolis_50011416-inmuebles.html,2025-07-17T03:13:43Z,2026-08-25T10:03:07.396083+00:00,https://www.inmuebles24.com/casas-o-casa-en-condominio-o-departamentos-en-venta-en-tlaxcala-provincia-ordenado-por-fechaonline-descendente.html-pagina-8.html
https://www.inmuebles24.com/propiedades/clasificado/veclapin-departamento-en-venta-en-val-quirico-tlaxcala-148061488.html,148061488,CMA35DepaEquiah,sale,Departamento en Venta en val'Quirico Tlaxcala,"Exclusivos departamentos en pre venta de 2 y 3 recámaras, en fraccionamiento pequeño con amenidades e instalaciones ecuestres. Respira calidad de vida, vive junto a Valquirico, a 20 min de Cholula, 30min de Angelópolis, 40 min del centro de Puebla y a 17 min del aeropuerto. Te ofrecemos 2 prototipos de departamentos, con amenidades del subcondominio de departamentos (elevador, salón de usos múltiples, baños, recepción y cajones de estacionamiento para visitas) Prototipo ENCINO - Nivel 2 161.6m2 de construcción, 6.4m2 de bodega. Gran diseño arquitectónico, 2 recámaras, 2.5 baños, 1 estudio, sala/comedor, cocina integral con despensa, bodega, área de lavado, 2 terrazas y estacionamiento para dos autos. Departamento en planta baja con jardín privado de 42.34m2. Departamentos en tercer y cuarto nivel con roofgarden privado desde 77.89m2. Prototipo SAUCE - Nivel 2 Departamento de 3 recámaras desde 271.9m2 EQUIPAMIENTO: * Isla con cubierta de granito o similar * Clósets principales en recamaras * Canceles de baño de vidrio templado * Repisas en la despensa y perchero * 2 Cajones de estacionamiento con pérgola * 4 paneles solares * Calentador eléctrico * Piso vinílico imitación madera, en recamaras, medio baño, cocina y estancia * Piso cerámico en terrazas y baños * Apagadores inteligentes * Cerradura inteligente Además, disfruta de la naturaleza, la tranquilidad, las inigualables vistas y de nuestras hermosas amenidades. Casa club con 2 carriles de nado, alberca y chapoteadero. Baños y vestidores Gimnasio Salón de yoga con terraza Cafetería con baños Pista de jogging Cancha de tenis y de futbol Pregunta por atractivos descuentos. * PRECIOS SUJETOS A CAMBIO SIN PREVIO AVISO. En EQUIAH DEPARTAMENTOS, descubrirás un estilo de vida en equilibrio con la naturaleza, diseño y bienestar, te ofrece residencias diseñadas para quienes buscan calidad de vida, exclusividad y una inversión sólida.",5350000,"MN 5,350,000",MXN,venta,Apartamento,Paseo de la Concepcion no. 3 km 2 carretera Xoxtla a Tlaxcala,Val'Quirico,Tetlatlahuca,Tlaxcala,19.1898967,-98.2917371,2.0,2.0,168.0,168.0,2.0,2800.0,A estrenar,Publicado hace 296 días,,https://img10.naventcdn.com/avisos/18/01/48/06/14/88/1200x1200/1569610217.jpg?isFirstImage=true|https://img10.naventcdn.com/avisos/18/01/48/06/14/88/1200x1200/1569610221.jpg|https://img10.naventcdn.com/avisos/18/01/48/06/14/88/1200x1200/1603597961.jpg|https://img10.naventcdn.com/avisos/18/01/48/06/14/88/1200x1200/1603597962.jpg|https://img10.naventcdn.com/avisos/18/01/48/06/14/88/1200x1200/1569610223.jpg|https://img10.naventcdn.com/avisos/18/01/48/06/14/88/1200x1200/1569610218.jpg|https://img10.naventcdn.com/avisos/18/01/48/06/14/88/1200x1200/1569610205.jpg|https://img10.naventcdn.com/avisos/18/01/48/06/14/88/1200x1200/1569610214.jpg|https://img10.naventcdn.com/avisos/18/01/48/06/14/88/1200x1200/1569610207.jpg|https://img10.naventcdn.com/avisos/18/01/48/06/14/88/1200x1200/1569610215.jpg|https://img10.naventcdn.com/avisos/18/01/48/06/14/88/1200x1200/1569610208.jpg|https://img10.naventcdn.com/avisos/18/01/48/06/14/88/1200x1200/1569610230.jpg|https://img10.naventcdn.com/avisos/18/01/48/06/14/88/1200x1200/1569610227.jpg|https://img10.naventcdn.com/avisos/18/01/48/06/14/88/1200x1200/1569610219.jpg|https://img10.naventcdn.com/avisos/18/01/48/06/14/88/1200x1200/1569610226.jpg|https://img10.naventcdn.com/avisos/18/01/48/06/14/88/1200x1200/1569610224.jpg|https://img10.naventcdn.com/avisos/18/01/48/06/14/88/1200x1200/1569610228.jpg|https://img10.naventcdn.com/avisos/18/01/48/06/14/88/1200x1200/1569610229.jpg|https://img10.naventcdn.com/avisos/18/01/48/06/14/88/1200x1200/1569610225.jpg|https://img10.naventcdn.com/avisos/18/01/48/06/14/88/1200x1200/1569610206.jpg|https://img10.naventcdn.com/avisos/18/01/48/06/14/88/1200x1200/1569610209.jpg|https://img10.naventcdn.com/avisos/18/01/48/06/14/88/1200x1200/1569610220.jpg|https://img10.naventcdn.com/avisos/18/01/48/06/14/88/1200x1200/1569610222.jpg|https://img10.naventcdn.com/avisos/18/01/48/06/14/88/1200x1200/1569610216.jpg|https://img10.naventcdn.com/avisos/18/01/48/06/14/88/1200x1200/1569610883.jpg|https://img10.naventcdn.com/avisos/18/01/48/06/14/88/1200x1200/1569610884.jpg|https://img10.naventcdn.com/avisos/18/01/48/06/14/88/1200x1200/1569610885.jpg,22248.0,52 2224818305,Claudia Muñoz Aguirre,50858266,https://www.inmuebles24.com/inmobiliarias/claudia-munoz-aguirre_50858266-inmuebles.html,2025-11-02T20:01:01Z,2026-08-25T10:03:59.006754+00:00,https://www.inmuebles24.com/casas-o-casa-en-condominio-o-departamentos-en-venta-en-tlaxcala-provincia-ordenado-por-fechaonline-descendente.html-pagina-8.html
https://www.inmuebles24.com/propiedades/clasificado/veclapin-departamento-en-venta-en-val-quirico-tlaxcala-2-148408319.html,148408319,UAP7594313,sale,"Departamento en Venta en val'Quirico, Tlaxcala, 2 Recamaras y Amenidades","Departamento en Venta Modelo Encino en EQUIAH Villa Sustentable, junto a Val’Quirico | $5,350,000 Departamento de 2 recámaras en venta en EQUIAH Villa Sustentable, exclusivo desarrollo residencial de baja densidad ubicado a un costado de Val’Quirico. Una opción ideal para quienes buscan amplitud, privacidad, amenidades y un entorno residencial rodeado de naturaleza. Ubicado en el nivel 2, el modelo Encino cuenta con 162.21 m² de construcción techada y 196 m² de superficie total, ofreciendo espacios considerablemente amplios para un departamento de dos recámaras. Su distribución integra sala-comedor, estudio, cocina, terraza techada y áreas de servicio, logrando una vivienda cómoda y funcional. Características Precio: $5,350,000 MXN Modelo: Encino Ubicación: EQUIAH Villa Sustentable, junto a Val’Quirico Nivel: 2 Superficie total: 196 m² Construcción techada: 162.21 m² Bodega asignada: 6.40 m² 2 recámaras 2.5 baños Estudio Sala-comedor Cocina con barra desayunadora Despensa Cuarto de lavado Terraza techada Bodega 2 cajones de estacionamiento con pérgola Entrega: mayo de 2027 Equipamiento incluido Cocina integral Clósets principales en ambas recámaras Canceles de baño de vidrio templado Repisas en despensa y perchero 4 paneles solares Piso vinílico imitación madera Piso cerámico en terraza y baños completos Apagadores inteligentes Cerradura inteligente Amenidades de EQUIAH Alberca techada con carriles de nado Gimnasio equipado Sala de yoga Cancha de tenis Cancha de futbolito y voleibol Hípico EQUIAH Terraza panorámica Salón de eventos Lobby Elevador Una excelente alternativa para quienes buscan un departamento en venta cerca de Val’Quirico, con espacios amplios, amenidades y un concepto residencial que integra naturaleza, privacidad y calidad de vida. Para más información o agendar una visita, comunícate al Ver datos . Precio y disponibilidad sujetos a cambio sin previo aviso.",5350000,"MN 5,350,000",MXN,venta,Apartamento,"Equiah, Villas Sustentables, Val'quirico, Tlaxcala Puebla.",Fraccionamiento Santa Agueda,Tlaxcala,Tlaxcala,19.1865272,-98.2903442,2.0,2.0,161.0,161.0,,0.0,A estrenar,Publicado hace 259 días,,https://img10.naventcdn.com/avisos/18/01/48/40/83/19/1200x1200/1610595115.jpg?isFirstImage=true|https://img10.naventcdn.com/avisos/18/01/48/40/83/19/1200x1200/1610595088.jpg|https://img10.naventcdn.com/avisos/18/01/48/40/83/19/1200x1200/1576527321.jpg|https://img10.naventcdn.com/avisos/18/01/48/40/83/19/1200x1200/1610595044.jpg|https://img10.naventcdn.com/avisos/18/01/48/40/83/19/1200x1200/1610595058.jpg|https://img10.naventcdn.com/avisos/18/01/48/40/83/19/1200x1200/1610594807.jpg|https://img10.naventcdn.com/avisos/18/01/48/40/83/19/1200x1200/1610595046.jpg|https://img10.naventcdn.com/avisos/18/01/48/40/83/19/1200x1200/1610595123.jpg|https://img10.naventcdn.com/avisos/18/01/48/40/83/19/1200x1200/1610595129.jpg|https://img10.naventcdn.com/avisos/18/01/48/40/83/19/1200x1200/1610595083.jpg|https://img10.naventcdn.com/avisos/18/01/48/40/83/19/1200x1200/1610595102.jpg|https://img10.naventcdn.com/avisos/18/01/48/40/83/19/1200x1200/1610594842.jpg|https://img10.naventcdn.com/avisos/18/01/48/40/83/19/1200x1200/1610595049.jpg|https://img10.naventcdn.com/avisos/18/01/48/40/83/19/1200x1200/1610595042.jpg|https://img10.naventcdn.com/avisos/18/01/48/40/83/19/1200x1200/1610594802.jpg|https://img10.naventcdn.com/avisos/18/01/48/40/83/19/1200x1200/1610595091.jpg|https://img10.naventcdn.com/avisos/18/01/48/40/83/19/1200x1200/1610595051.jpg|https://img10.naventcdn.com/avisos/18/01/48/40/83/19/1200x1200/1610595127.jpg|https://img10.naventcdn.com/avisos/18/01/48/40/83/19/1200x1200/1610595039.jpg|https://img10.naventcdn.com/avisos/18/01/48/40/83/19/1200x1200/1610595131.jpg|https://img10.naventcdn.com/avisos/18/01/48/40/83/19/1200x1200/1610595061.jpg|https://img10.naventcdn.com/avisos/18/01/48/40/83/19/1200x1200/1610595106.jpg|https://img10.naventcdn.com/avisos/18/01/48/40/83/19/1200x1200/1610595096.jpg|https://img10.naventcdn.com/avisos/18/01/48/40/83/19/1200x1200/1610595109.jpg|https://img10.naventcdn.com/avisos/18/01/48/40/83/19/1200x1200/1610595119.jpg|https://img10.naventcdn.com/avisos/18/01/48/40/83/19/1200x1200/1610595053.jpg,,52 2228415760,Urban,102413210,https://www.inmuebles24.com/inmobiliarias/urban_102413210-inmuebles.html,2025-12-09T23:55:54Z,2026-08-25T10:03:59.006754+00:00,https://www.inmuebles24.com/casas-o-casa-en-condominio-o-departamentos-en-venta-en-tlaxcala-provincia-ordenado-por-fechaonline-descendente.html-pagina-8.html
https://www.inmuebles24.com/propiedades/clasificado/veclapin-departamentos-a-1-calle-del-zocalo-de-tlaxcala-capital-148341666.html,148341666,634426,sale,Departamentos a 1 Calle del Zocalo de Tlaxcala Capital,"¡Gran oportunidad! Venta de 02 departamentos en el Zócalo de Tlaxcala Capital. ¡A solo una cuadra de Los Portales y Plaza de la Constitución! Excelentes para oficinas ó consultorios. En esquina sobre la calle José Ma. Morelos. Precio de cada departamento: $2,500,000.00 Superficie Construida: 140 m2 Distribución: Estacionamiento para 01 auto dentro de privada. Sala. Comedor. Cocina. 1.5 baños. Área de lavado. 03 recamaras (opción a 04 según distribución). Agenda tu cita a los teléfonos: Ver datos Ver datos Ver datos",2500000,"MN 2,500,000",MXN,venta,Apartamento,Zócalo - Plaza de la Constitución,Tlaxcala Centro,Tlaxcala,Tlaxcala,19.315332593369888,-98.23678660713196,3.0,1.0,140.0,140.0,1.0,,30,Publicado hace 266 días,,https://img10.naventcdn.com/avisos/18/01/48/34/16/66/1200x1200/1576240829.jpg?isFirstImage=true|https://img10.naventcdn.com/avisos/18/01/48/34/16/66/1200x1200/1576240827.jpg|https://img10.naventcdn.com/avisos/18/01/48/34/16/66/1200x1200/1576240830.jpg|https://img10.naventcdn.com/avisos/18/01/48/34/16/66/1200x1200/1576240825.jpg|https://img10.naventcdn.com/avisos/18/01/48/34/16/66/1200x1200/1576240828.jpg|https://img10.naventcdn.com/avisos/18/01/48/34/16/66/1200x1200/1576240824.jpg|https://img10.naventcdn.com/avisos/18/01/48/34/16/66/1200x1200/1576240826.jpg|https://img10.naventcdn.com/avisos/18/01/48/34/16/66/1200x1200/1576242730.jpg|https://img10.naventcdn.com/avisos/18/01/48/34/16/66/1200x1200/1576242731.jpg|https://img10.naventcdn.com/avisos/18/01/48/34/16/66/1200x1200/1576242735.jpg|https://img10.naventcdn.com/avisos/18/01/48/34/16/66/1200x1200/1576242733.jpg|https://img10.naventcdn.com/avisos/18/01/48/34/16/66/1200x1200/1576242734.jpg|https://img10.naventcdn.com/avisos/18/01/48/34/16/66/1200x1200/1576242732.jpg|https://img10.naventcdn.com/avisos/18/01/48/34/16/66/1200x1200/1576243204.jpg|https://img10.naventcdn.com/avisos/18/01/48/34/16/66/1200x1200/1576243208.jpg|https://img10.naventcdn.com/avisos/18/01/48/34/16/66/1200x1200/1576243206.jpg|https://img10.naventcdn.com/avisos/18/01/48/34/16/66/1200x1200/1576243207.jpg|https://img10.naventcdn.com/avisos/18/01/48/34/16/66/1200x1200/1576243544.jpg|https://img10.naventcdn.com/avisos/18/01/48/34/16/66/1200x1200/1576243542.jpg|https://img10.naventcdn.com/avisos/18/01/48/34/16/66/1200x1200/1576243543.jpg|https://img10.naventcdn.com/avisos/18/01/48/34/16/66/1200x1200/1576243541.jpg|https://img10.naventcdn.com/avisos/18/01/48/34/16/66/1200x1200/1576243545.jpg|https://img10.naventcdn.com/avisos/18/01/48/34/16/66/1200x1200/1576243546.jpg,22128.0,52 2461266157,ULISES,51367647,https://www.inmuebles24.com/inmobiliarias/ulises_51367647-inmuebles.html,2025-12-02T20:15:26Z,2026-08-25T10:03:59.006754+00:00,https://www.inmuebles24.com/casas-o-casa-en-condominio-o-departamentos-en-venta-en-tlaxcala-provincia-ordenado-por-fechaonline-descendente.html-pagina-8.html
https://www.inmuebles24.com/propiedades/clasificado/veclapin-se-vende-departamento-en-valquirico-vive-al-puro-147265862.html,147265862,HDV-497-65303,sale,Se Vende Departamento en Valquirico - Vive Al Puro Estilo de Italia,"Hermoso departamento en el corazón de Valquirico Tlaxcala, Vive en un ambiente de la Toscana, rodeado de hermosas vistas, con toda la atmósfera italiana, pero con los Volcanes Popocatepetl e Iztaccíhuatl enmarcando el cielo azul de esta idílica propiedad en el fascinante desarrollo Val´quirico en Tlaxcala México, muy cerca de la ciudad de Puebla de los Angeles y a solo 1.5 Horas desde la Ciudad de México. Este hermoso departamento distribuido en 2 niveles cuenta con una cochera privada (un privilegio deseado por todos en Valquirico.) El primer nivel cuenta con una acogedora estancia con chimenea, una espectacular cocina con cuarto de despensa, sala, comedor, 1/2 baño y 2 recamaras secundarias con closet que comparten un baño completo. En el segundo piso se encuentra una amplia Recamara Principal con Closet y con un lujoso Baño completo con doble lavamanos, un idílico Balcón, Área de TV y un Cuarto de Lavado. Vive rodeado de un ambiente encantador y suma la experiencia de visitar el hípico de Valquirico, come en alguno de los restaurantes gourmet de la zona o pasea por las hermosas calles empedradas de esta comunidad que evoca la arquitectura medieval Europea y el ambiente romántico de la Toscana, especialmente de San Quirico d’Orcia. Esta propiedad también pude significar para ti, abrir la puerta a una inversión inmobiliaria con retornos atractivos en el mercado de renta de estancias cortas, tales como lo son el esquema de Airbnb o renta tradicional. No lo pienses más y contáctanos para agendar tu visita.",9180000,"MN 9,180,000",MXN,venta,Apartamento,Val'Quirico,Val'Quirico,Tetlatlahuca,Tlaxcala,19.1898967,-98.2917371,3.0,2.0,199.0,162.0,1.0,3500.0,4,Publicado hace más de 1 año,,https://img10.naventcdn.com/avisos/18/01/47/26/58/62/1200x1200/1552125417.jpg?isFirstImage=true|https://img10.naventcdn.com/avisos/18/01/47/26/58/62/1200x1200/1552125424.jpg|https://img10.naventcdn.com/avisos/18/01/47/26/58/62/1200x1200/1552125419.jpg|https://img10.naventcdn.com/avisos/18/01/47/26/58/62/1200x1200/1552125406.jpg|https://img10.naventcdn.com/avisos/18/01/47/26/58/62/1200x1200/1552125416.jpg|https://img10.naventcdn.com/avisos/18/01/47/26/58/62/1200x1200/1552125422.jpg|https://img10.naventcdn.com/avisos/18/01/47/26/58/62/1200x1200/1552125413.jpg|https://img10.naventcdn.com/avisos/18/01/47/26/58/62/1200x1200/1552125415.jpg|https://img10.naventcdn.com/avisos/18/01/47/26/58/62/1200x1200/1552125409.jpg|https://img10.naventcdn.com/avisos/18/01/47/26/58/62/1200x1200/1552125408.jpg|https://img10.naventcdn.com/avisos/18/01/47/26/58/62/1200x1200/1552125414.jpg|https://img10.naventcdn.com/avisos/18/01/47/26/58/62/1200x1200/1552125405.jpg|https://img10.naventcdn.com/avisos/18/01/47/26/58/62/1200x1200/1552125411.jpg|https://img10.naventcdn.com/avisos/18/01/47/26/58/62/1200x1200/1552125418.jpg|https://img10.naventcdn.com/avisos/18/01/47/26/58/62/1200x1200/1552125412.jpg|https://img10.naventcdn.com/avisos/18/01/47/26/58/62/1200x1200/1552125410.jpg|https://img10.naventcdn.com/avisos/18/01/47/26/58/62/1200x1200/1552125407.jpg|https://img10.naventcdn.com/avisos/18/01/47/26/58/62/1200x1200/1552125420.jpg|https://img10.naventcdn.com/avisos/18/01/47/26/58/62/1200x1200/1552125423.jpg|https://img10.naventcdn.com/avisos/18/01/47/26/58/62/1200x1200/1552125421.jpg|https://img10.naventcdn.com/avisos/18/01/47/26/58/62/1200x1200/1552125436.jpg,,52 5525222321,HAOSDVAY BIENES RAICES,102785042,https://www.inmuebles24.com/inmobiliarias/haosdvay-bienes-raices_102785042-inmuebles.html,2025-08-12T00:32:56Z,2026-08-25T10:03:59.006754+00:00,https://www.inmuebles24.com/casas-o-casa-en-condominio-o-departamentos-en-venta-en-tlaxcala-provincia-ordenado-por-fechaonline-descendente.html-pagina-8.html
https://www.inmuebles24.com/propiedades/clasificado/veclcain--oportunidad-amplisima-casa-en-el-centro-de-148367910.html,148367910,HCV-497-67201,sale,*oportunidad * Amplisima Casa en El Centro de Huamantla Tlaxcala,"Casa habitación en dos niveles: Planta baja: Sala, comedor, chimenea, cocina integral, 1 recamara con baño,2 recamaras con closet, 2 baños completos, 2 alacenas, 1 1/2 baño, biblioteca, cochera para 8 autos. Planta alta: 2 recamaras con baño completo, 1 recamara con closet, 1 cuarto de blancos, patio de tendido, recamara amplia vista, zona de lavaderos y tendido",7500000,"MN 7,500,000",MXN,venta,Casa,Hidalgo Pte. 406,Huamantla Centro,Huamantla,Tlaxcala,19.3132148,-97.9276415,6.0,5.0,571.0,458.0,8.0,0.0,30,Publicado hace 264 días,,https://img10.naventcdn.com/avisos/18/01/48/36/79/10/1200x1200/1575724453.jpg?isFirstImage=true|https://img10.naventcdn.com/avisos/18/01/48/36/79/10/1200x1200/1575724464.jpg|https://img10.naventcdn.com/avisos/18/01/48/36/79/10/1200x1200/1575724459.jpg|https://img10.naventcdn.com/avisos/18/01/48/36/79/10/1200x1200/1575724460.jpg|https://img10.naventcdn.com/avisos/18/01/48/36/79/10/1200x1200/1575724461.jpg|https://img10.naventcdn.com/avisos/18/01/48/36/79/10/1200x1200/1575724454.jpg|https://img10.naventcdn.com/avisos/18/01/48/36/79/10/1200x1200/1575724462.jpg|https://img10.naventcdn.com/avisos/18/01/48/36/79/10/1200x1200/1575724457.jpg|https://img10.naventcdn.com/avisos/18/01/48/36/79/10/1200x1200/1575724463.jpg|https://img10.naventcdn.com/avisos/18/01/48/36/79/10/1200x1200/1575724456.jpg|https://img10.naventcdn.com/avisos/18/01/48/36/79/10/1200x1200/1575724455.jpg|https://img10.naventcdn.com/avisos/18/01/48/36/79/10/1200x1200/1575724458.jpg|https://img10.naventcdn.com/avisos/18/01/48/36/79/10/1200x1200/1575724466.jpg|https://img10.naventcdn.com/avisos/18/01/48/36/79/10/1200x1200/1575724465.jpg,,52 5525222321,HAOSDVAY BIENES RAICES,102785042,https://www.inmuebles24.com/inmobiliarias/haosdvay-bienes-raices_102785042-inmuebles.html,2025-12-04T23:10:35Z,2026-08-25T10:03:59.006754+00:00,https://www.inmuebles24.com/casas-o-casa-en-condominio-o-departamentos-en-venta-en-tlaxcala-provincia-ordenado-por-fechaonline-descendente.html-pagina-8.html
https://www.inmuebles24.com/propiedades/clasificado/veclcain-casa-con-4-recamaras-en-ocotlan-tlaxcala-147297507.html,147297507,61PDQR,sale,Casa con 4 Recamaras en Ocotlan Tlaxcala,"VENTA CASAS RESIDENCIAL $1¨950,000 PLANTA BAJA *ESTACIONAMIENTO PARA DOS AUTOS CON PORTÓN. *CISTERNA. *SALA *COMEDOR *COCINA *ÁREA DE SERVICIO *MEDIO BAÑO PLANTA ALTA *3 RECÁMARAS *1 BAÑO COMPLETO PARA COMPARTIR. *1 RECÁMARA PRINCIPAL CON BAÑO COMPLETO. ROOF GARDEN TERRENO: 108 MTS CONSTRUCCIÓN: 150 MTS VALOR 1'950,000",1950000,"MN 1,950,000",MXN,venta,Casa,Avenida Ocotlán,Ocotlán,Tlaxcala,Tlaxcala,19.3167651,-98.222159,4.0,3.0,150.0,100.0,2.0,0.0,A estrenar,Publicado hace más de 1 año,,https://img10.naventcdn.com/avisos/18/01/47/29/75/07/1200x1200/1552928219.jpg?isFirstImage=true|https://img10.naventcdn.com/avisos/18/01/47/29/75/07/1200x1200/1552928208.jpg|https://img10.naventcdn.com/avisos/18/01/47/29/75/07/1200x1200/1552928218.jpg|https://img10.naventcdn.com/avisos/18/01/47/29/75/07/1200x1200/1552928212.jpg|https://img10.naventcdn.com/avisos/18/01/47/29/75/07/1200x1200/1552928206.jpg|https://img10.naventcdn.com/avisos/18/01/47/29/75/07/1200x1200/1552928211.jpg|https://img10.naventcdn.com/avisos/18/01/47/29/75/07/1200x1200/1552928216.jpg|https://img10.naventcdn.com/avisos/18/01/47/29/75/07/1200x1200/1552928215.jpg|https://img10.naventcdn.com/avisos/18/01/47/29/75/07/1200x1200/1552928221.jpg|https://img10.naventcdn.com/avisos/18/01/47/29/75/07/1200x1200/1552928222.jpg|https://img10.naventcdn.com/avisos/18/01/47/29/75/07/1200x1200/1552928214.jpg,,52 2467576579,OPCIÓN INMOBILIARIA,51070963,https://www.inmuebles24.com/inmobiliarias/opcion-inmobiliaria_51070963-inmuebles.html,2025-08-15T00:17:49Z,2026-08-25T10:03:59.006754+00:00,https://www.inmuebles24.com/casas-o-casa-en-condominio-o-departamentos-en-venta-en-tlaxcala-provincia-ordenado-por-fechaonline-descendente.html-pagina-8.html
https://www.inmuebles24.com/propiedades/clasificado/veclcain-casa-con-amplio-terreno-en-autopista-tlaxcala-146576695.html,146576695,CQET 003/24,sale,Casa con Amplio Terreno en Autopista Tlaxcala - Apizaco,"¡Casa en Venta en Tizatlán! con EXCELENTE UBICACIÓN, sobre la autopista Tlaxcala-Apizaco. Descubre tu nuevo hogar en Tlaxcala. Esta hermosa casa de dos niveles no solo te ofrece todo lo que siempre has soñado para vivir con comodidad y estilo, también cuenta con una impresionante vista al majestuoso Volcán La Malinche. Características de la Propiedad: • Dos Niveles: Espacios bien distribuidos y diseñados para tu confort. • Cuatro Habitaciones: Cada una con baño privado. • Sala: Amplia y luminosa. • Comedor. • Cocina Integral. • Bar. • Medio Baño • Amplio terreno: 2,800 m2 • Asador. Detalles Adicionales: • Excelente Ubicación: Con fácil acceso a servicios, escuelas y centros comerciales. • Iluminación Natural: Grandes ventanas que permiten la entrada de luz natural, creando ambientes cálidos y acogedores. • Espacios Amplios: Cada rincón de esta casa está pensado para ofrecerte el máximo confort y funcionalidad.",16500000,"MN 16,500,000",MXN,venta,Casa,"Calle 12 de mayo, No. ",Pueblo San Esteban Tizatlan,Tlaxcala,Tlaxcala,19.340416,-98.2083585,4.0,4.0,210.0,2974.0,6.0,0.0,10,Publicado hace más de 1 año,,https://img10.naventcdn.com/avisos/resize/18/01/46/57/66/95/1200x1200/1535239465.jpg?isFirstImage=true|https://img10.naventcdn.com/avisos/resize/18/01/46/57/66/95/1200x1200/1535239462.jpg|https://img10.naventcdn.com/avisos/resize/18/01/46/57/66/95/1200x1200/1535239466.jpg|https://img10.naventcdn.com/avisos/resize/18/01/46/57/66/95/1200x1200/1535239467.jpg|https://img10.naventcdn.com/avisos/resize/18/01/46/57/66/95/1200x1200/1535239464.jpg|https://img10.naventcdn.com/avisos/resize/18/01/46/57/66/95/1200x1200/1535239461.jpg|https://img10.naventcdn.com/avisos/resize/18/01/46/57/66/95/1200x1200/1535239463.jpg,,52 2215712602,QUALITY INMOBILIARIA ELITE,102845244,https://www.inmuebles24.com/inmobiliarias/quality-inmobiliaria-elite_102845244-inmuebles.html,2025-05-29T20:16:39Z,2026-08-25T10:03:59.006754+00:00,https://www.inmuebles24.com/casas-o-casa-en-condominio-o-departamentos-en-venta-en-tlaxcala-provincia-ordenado-por-fechaonline-descendente.html-pagina-8.html
https://www.inmuebles24.com/propiedades/clasificado/veclcain-casa-con-excelente-ubicacion-en-la-loma-xicohtencatl-146576975.html,146576975,CQET 013/26,sale,"Casa con Excelente Ubicación en La Loma Xicohtencatl, Tlaxcala","BONITA CASA UBICADA EN LA LOMA XICOHTÉNCATL!! Esta casa de estilo colonial cuenta con 4 recámaras, un baño completo y 2 medios baños, ideal para una familia. La sala está equipada con una bonita chimenea, adicional a su hermosa cocina y comedor Además, cuenta con un local comercial con medio baño, lo que te brinda la posibilidad de iniciar tu propio negocio o generar ingresos adicionales. La propiedad incluye una bodega de 100 m², ideal para almacenamiento o como espacio de trabajo. Ubicada en La Loma Xicohténcatl, una de las zonas más centricas de la ciudad, disfrutarás de un entorno tranquilo y accesible, cercano a escuelas, tiendas y servicios. ¡Contáctanos para agendar una visita y conocer tu nuevo hogar!",2680000,"MN 2,680,000",MXN,venta,Casa,"Calle 2, ",La Loma Xicotencatl,Tlaxcala,Tlaxcala,19.305541,-98.2420701,4.0,1.0,250.0,350.0,5.0,0.0,20,Publicado hace más de 1 año,,https://img10.naventcdn.com/avisos/resize/18/01/46/57/69/75/1200x1200/1535246187.jpg?isFirstImage=true|https://img10.naventcdn.com/avisos/resize/18/01/46/57/69/75/1200x1200/1535246182.jpg|https://img10.naventcdn.com/avisos/resize/18/01/46/57/69/75/1200x1200/1535246180.jpg|https://img10.naventcdn.com/avisos/resize/18/01/46/57/69/75/1200x1200/1535246183.jpg|https://img10.naventcdn.com/avisos/resize/18/01/46/57/69/75/1200x1200/1535246184.jpg|https://img10.naventcdn.com/avisos/resize/18/01/46/57/69/75/1200x1200/1535246185.jpg|https://img10.naventcdn.com/avisos/resize/18/01/46/57/69/75/1200x1200/1535246179.jpg|https://img10.naventcdn.com/avisos/resize/18/01/46/57/69/75/1200x1200/1535246181.jpg|https://img10.naventcdn.com/avisos/resize/18/01/46/57/69/75/1200x1200/1535246186.jpg,,52 2215712602,QUALITY INMOBILIARIA ELITE,102845244,https://www.inmuebles24.com/inmobiliarias/quality-inmobiliaria-elite_102845244-inmuebles.html,2025-05-29T20:36:19Z,2026-08-25T10:03:59.006754+00:00,https://www.inmuebles24.com/casas-o-casa-en-condominio-o-departamentos-en-venta-en-tlaxcala-provincia-ordenado-por-fechaonline-descendente.html-pagina-8.html
https://www.inmuebles24.com/propiedades/clasificado/veclcain-casa-en-residencial-3-recamaras-amplias-a-8-min-de-147438652.html,147438652,NHO7247830,sale,Casa en Residencial | 3 Recamaras Amplias | a 8 Min de Apizaco,"Casa en Venta en Tetla – Seguridad, Comodidad y Alta Plusvalía Invierte en el bienestar de tu familia con esta casa en venta dentro de residencial en Tetla, ubicada a solo 8 minutos de Apizaco y a un costado del deportivo de la comunidad, ideal para disfrutar de un entorno tranquilo y con espacios para actividades al aire libre. El residencial cuenta con área de jardín y juegos infantiles y portón automático, brindando seguridad y privacidad para tu familia, en una zona con crecimiento constante y excelente proyección de plusvalía. Distribución +Planta baja: Sala y comedor, Cocina , Medio baño para visitas, Cochera para dos autos, Cisterna +Planta alta: Recámara principal con área de vestidor y baño completo, Dos recámaras secundarias, Baño completo compartido Una excelente opción para quienes buscan un hogar seguro, funcional y bien ubicado. *Se aceptan todos los créditos a excepción de infonavit tradicional e infonavit corresidencial. *Precio sujeto a cambios sin previo aviso. *Los gastos de escrituración, impuestos etc. No están incluidos en el precio En Nazarit Bienes Raíces te ofrecemos las mejores opciones que se adecuen a tus necesidades, te apoyamos en todo el tramite y asesoría sin costo extra. ¡Contáctanos!",1980000,"MN 1,980,000",MXN,venta,Casa,"Casa en Venta - Tetla, Tlaxcala",Barrio Teotlalpan,Tetla de la Solidaridad,Tlaxcala,19.4335485,-98.0908563,3.0,2.0,150.0,105.0,2.0,0.0,A estrenar,Publicado hace 362 días,,https://img10.naventcdn.com/avisos/18/01/47/43/86/52/1200x1200/1594416435.jpg?isFirstImage=true|https://img10.naventcdn.com/avisos/18/01/47/43/86/52/1200x1200/1594416424.jpg|https://img10.naventcdn.com/avisos/18/01/47/43/86/52/1200x1200/1594416414.jpg|https://img10.naventcdn.com/avisos/18/01/47/43/86/52/1200x1200/1594416419.jpg|https://img10.naventcdn.com/avisos/18/01/47/43/86/52/1200x1200/1594416472.jpg|https://img10.naventcdn.com/avisos/18/01/47/43/86/52/1200x1200/1594416425.jpg|https://img10.naventcdn.com/avisos/18/01/47/43/86/52/1200x1200/1594416432.jpg|https://img10.naventcdn.com/avisos/18/01/47/43/86/52/1200x1200/1594416417.jpg|https://img10.naventcdn.com/avisos/18/01/47/43/86/52/1200x1200/1594416438.jpg|https://img10.naventcdn.com/avisos/18/01/47/43/86/52/1200x1200/1594416429.jpg|https://img10.naventcdn.com/avisos/18/01/47/43/86/52/1200x1200/1594416416.jpg|https://img10.naventcdn.com/avisos/18/01/47/43/86/52/1200x1200/1594416441.jpg|https://img10.naventcdn.com/avisos/18/01/47/43/86/52/1200x1200/1594416468.jpg|https://img10.naventcdn.com/avisos/18/01/47/43/86/52/1200x1200/1594416426.jpg|https://img10.naventcdn.com/avisos/18/01/47/43/86/52/1200x1200/1594416411.jpg|https://img10.naventcdn.com/avisos/18/01/47/43/86/52/1200x1200/1594416413.jpg|https://img10.naventcdn.com/avisos/18/01/47/43/86/52/1200x1200/1594416415.jpg|https://img10.naventcdn.com/avisos/18/01/47/43/86/52/1200x1200/1594416422.jpg|https://img10.naventcdn.com/avisos/18/01/47/43/86/52/1200x1200/1594416421.jpg|https://img10.naventcdn.com/avisos/18/01/47/43/86/52/1200x1200/1594416465.jpg|https://img10.naventcdn.com/avisos/18/01/47/43/86/52/1200x1200/1594416439.jpg|https://img10.naventcdn.com/avisos/18/01/47/43/86/52/1200x1200/1594416430.jpg|https://img10.naventcdn.com/avisos/18/01/47/43/86/52/1200x1200/1594416466.jpg|https://img10.naventcdn.com/avisos/18/01/47/43/86/52/1200x1200/1594416431.jpg|https://img10.naventcdn.com/avisos/18/01/47/43/86/52/1200x1200/1594416434.jpg|https://img10.naventcdn.com/avisos/18/01/47/43/86/52/1200x1200/1594416423.jpg|https://img10.naventcdn.com/avisos/18/01/47/43/86/52/1200x1200/1594416418.jpg|https://img10.naventcdn.com/avisos/18/01/47/43/86/52/1200x1200/1594416470.jpg|https://img10.naventcdn.com/avisos/18/01/47/43/86/52/1200x1200/1594416427.jpg|https://img10.naventcdn.com/avisos/18/01/47/43/86/52/1200x1200/1594416467.jpg|https://img10.naventcdn.com/avisos/18/01/47/43/86/52/1200x1200/1594416436.jpg|https://img10.naventcdn.com/avisos/18/01/47/43/86/52/1200x1200/1594416433.jpg|https://img10.naventcdn.com/avisos/18/01/47/43/86/52/1200x1200/1594416440.jpg,,52 2461390017,Nazarit Bienes Raíces,51357399,https://www.inmuebles24.com/inmobiliarias/nazarit-bienes-raices_51357399-inmuebles.html,2025-08-28T20:40:27Z,2026-08-25T10:03:59.006754+00:00,https://www.inmuebles24.com/casas-o-casa-en-condominio-o-departamentos-en-venta-en-tlaxcala-provincia-ordenado-por-fechaonline-descendente.html-pagina-8.html
https://www.inmuebles24.com/propiedades/clasificado/veclcain-casa-en-tlaxcala-147530688.html,147530688,VHO5784698,sale,Casa en Tlaxcala,"**** ¡Estrena casa en Acuitlapilco, Tlaxcala! Ubicada en una zona tranquila y con excelente conectividad, muy cerca del Centro Cultural Universitario de la UAT, ideal para vivir o invertir. * Características principales: **** Casa de dos niveles con muros independientes **** Cochera para 2 autos al frente **** Planta baja: Sala y comedor amplios Cocina funcional Medio baño Patio de servicio **** Planta alta: 3 habitaciones cómodas Baño completo *Acabados de calidad: Piso tipo porcelanato 60x60 Cristal de 6 mm Tarja en cocina Baño con azulejo Calentador de paso Instalación de gas Llaves y WC ecológicos Cisterna de 8,000 litros **** Aceptamos todos los créditos: Infonavit, Fovissste, bancario o pago de contado **** ¡Agenda tu cita hoy mismo! Nosotros te asesoramos en todo el proceso para que estrenes sin complicaciones. Las imágenes del mobiliario solo es ilustrativo. Los precios de VHO Ver datos pueden variar sin previo aviso, contáctenos para verificar el mismo.",1500000,"MN 1,500,000",MXN,venta,Casa,Venta de Casas en Tlaxcala,Pueblo Santa Maria Acuitlapilco,Tlaxcala,Tlaxcala,19.2921315003,-98.242500416,3.0,1.0,90.0,90.0,2.0,0.0,A estrenar,Publicado hace 353 días,,https://img10.naventcdn.com/avisos/18/01/47/53/06/88/1200x1200/1558730056.jpg?isFirstImage=true|https://img10.naventcdn.com/avisos/18/01/47/53/06/88/1200x1200/1597900076.jpg|https://img10.naventcdn.com/avisos/18/01/47/53/06/88/1200x1200/1610158959.jpg|https://img10.naventcdn.com/avisos/18/01/47/53/06/88/1200x1200/1597900092.jpg|https://img10.naventcdn.com/avisos/18/01/47/53/06/88/1200x1200/1597900074.jpg|https://img10.naventcdn.com/avisos/18/01/47/53/06/88/1200x1200/1597900073.jpg|https://img10.naventcdn.com/avisos/18/01/47/53/06/88/1200x1200/1597900067.jpg|https://img10.naventcdn.com/avisos/18/01/47/53/06/88/1200x1200/1597900075.jpg|https://img10.naventcdn.com/avisos/18/01/47/53/06/88/1200x1200/1610158964.jpg|https://img10.naventcdn.com/avisos/18/01/47/53/06/88/1200x1200/1597900071.jpg|https://img10.naventcdn.com/avisos/18/01/47/53/06/88/1200x1200/1597900086.jpg|https://img10.naventcdn.com/avisos/18/01/47/53/06/88/1200x1200/1597900088.jpg|https://img10.naventcdn.com/avisos/18/01/47/53/06/88/1200x1200/1597900081.jpg|https://img10.naventcdn.com/avisos/18/01/47/53/06/88/1200x1200/1597900077.jpg|https://img10.naventcdn.com/avisos/18/01/47/53/06/88/1200x1200/1610158962.jpg|https://img10.naventcdn.com/avisos/18/01/47/53/06/88/1200x1200/1597900093.jpg|https://img10.naventcdn.com/avisos/18/01/47/53/06/88/1200x1200/1597900082.jpg|https://img10.naventcdn.com/avisos/18/01/47/53/06/88/1200x1200/1597900091.jpg|https://img10.naventcdn.com/avisos/18/01/47/53/06/88/1200x1200/1610158966.jpg|https://img10.naventcdn.com/avisos/18/01/47/53/06/88/1200x1200/1597900083.jpg|https://img10.naventcdn.com/avisos/18/01/47/53/06/88/1200x1200/1597900068.jpg|https://img10.naventcdn.com/avisos/18/01/47/53/06/88/1200x1200/1597900089.jpg|https://img10.naventcdn.com/avisos/18/01/47/53/06/88/1200x1200/1597900065.jpg|https://img10.naventcdn.com/avisos/18/01/47/53/06/88/1200x1200/1597900080.jpg|https://img10.naventcdn.com/avisos/18/01/47/53/06/88/1200x1200/1597900090.jpg|https://img10.naventcdn.com/avisos/18/01/47/53/06/88/1200x1200/1597900085.jpg|https://img10.naventcdn.com/avisos/18/01/47/53/06/88/1200x1200/1558730051.jpg|https://img10.naventcdn.com/avisos/18/01/47/53/06/88/1200x1200/1558730054.jpg|https://img10.naventcdn.com/avisos/18/01/47/53/06/88/1200x1200/1558730040.jpg|https://img10.naventcdn.com/avisos/18/01/47/53/06/88/1200x1200/1558730049.jpg|https://img10.naventcdn.com/avisos/18/01/47/53/06/88/1200x1200/1558730058.jpg|https://img10.naventcdn.com/avisos/18/01/47/53/06/88/1200x1200/1558730060.jpg|https://img10.naventcdn.com/avisos/18/01/47/53/06/88/1200x1200/1558730050.jpg|https://img10.naventcdn.com/avisos/18/01/47/53/06/88/1200x1200/1597935453.jpg|https://img10.naventcdn.com/avisos/18/01/47/53/06/88/1200x1200/1597935452.jpg,,52 2461110456,Ricardo Canul J.,84162,https://www.inmuebles24.com/inmobiliarias/ricardo-canul-j._84162-inmuebles.html,2025-09-06T19:59:20Z,2026-08-25T10:03:59.006754+00:00,https://www.inmuebles24.com/casas-o-casa-en-condominio-o-departamentos-en-venta-en-tlaxcala-provincia-ordenado-por-fechaonline-descendente.html-pagina-8.html
https://www.inmuebles24.com/propiedades/clasificado/veclcain-casa-en-venta-con-tres-recamaras-en-amaxac-tlaxcala.-147736887.html,147736887,NHO7376353,sale,"Casa en Venta con Tres Recamaras en Amaxac, Tlaxcala.","Casa en venta en Santa Cruz Tlaxcala, ideal para quienes buscan comodidad y accesibilidad. Ubicada a solo 3 minutos del centro de la comunidad, con cercanía a escuelas, transporte público y tiendas de conveniencia. Distribución: Planta Baja: - Sala - Comedor - Cocina - Área de servicio - Cisterna - Cochera para un auto con portón Planta Alta: - Tres recámaras - Un baño completo Servicios públicos disponibles: alcantarillado, internet, electricidad, pavimento, teléfono, cable y agua potable. *Aceptamos todos los créditos, excepto Infonavit tradicional y corresidencial. *Precio sujeto a cambios sin previo aviso. *Gastos de escrituración e impuestos no incluidos. En Nazarit Bienes Raíces te brindamos asesoría sin costo extra para encontrar la mejor opción para ti. ¡Contáctanos para más información!",1090000,"MN 1,090,000",MXN,venta,Casa,Casa en Venta - Pueblo  Santa Cruz Tlaxcala.,,Amaxac de Guerrero,Tlaxcala,19.3527871,-98.1639023,3.0,1.0,90.0,78.0,1.0,0.0,A estrenar,Publicado hace 330 días,,https://img10.naventcdn.com/avisos/18/01/47/73/68/87/1200x1200/1599704352.jpg?isFirstImage=true|https://img10.naventcdn.com/avisos/18/01/47/73/68/87/1200x1200/1599704347.jpg|https://img10.naventcdn.com/avisos/18/01/47/73/68/87/1200x1200/1599704339.jpg|https://img10.naventcdn.com/avisos/18/01/47/73/68/87/1200x1200/1563137055.jpg|https://img10.naventcdn.com/avisos/18/01/47/73/68/87/1200x1200/1599704361.jpg|https://img10.naventcdn.com/avisos/18/01/47/73/68/87/1200x1200/1599704349.jpg|https://img10.naventcdn.com/avisos/18/01/47/73/68/87/1200x1200/1599704336.jpg|https://img10.naventcdn.com/avisos/18/01/47/73/68/87/1200x1200/1599704357.jpg|https://img10.naventcdn.com/avisos/18/01/47/73/68/87/1200x1200/1599704346.jpg|https://img10.naventcdn.com/avisos/18/01/47/73/68/87/1200x1200/1599704365.jpg|https://img10.naventcdn.com/avisos/18/01/47/73/68/87/1200x1200/1599704356.jpg|https://img10.naventcdn.com/avisos/18/01/47/73/68/87/1200x1200/1599704343.jpg|https://img10.naventcdn.com/avisos/18/01/47/73/68/87/1200x1200/1599704359.jpg|https://img10.naventcdn.com/avisos/18/01/47/73/68/87/1200x1200/1599704342.jpg|https://img10.naventcdn.com/avisos/18/01/47/73/68/87/1200x1200/1599704372.jpg,,52 2461390017,Nazarit Bienes Raíces,51357399,https://www.inmuebles24.com/inmobiliarias/nazarit-bienes-raices_51357399-inmuebles.html,2025-09-30T00:11:41Z,2026-08-25T10:05:02.869634+00:00,https://www.inmuebles24.com/casas-o-casa-en-condominio-o-departamentos-en-venta-en-tlaxcala-provincia-ordenado-por-fechaonline-descendente.html-pagina-8.html
https://www.inmuebles24.com/propiedades/clasificado/veclcain-casa-en-venta-con-tres-recamaras-roof-garden-y-147924034.html,147924034,NHO5883368,sale,"Casa en Venta con Tres Recamaras, Roof Garden y Alberca en Ocotlán, Tlaxcala","A 10 minutos del centro de Tlaxcala a pie. A 5 minutos de Walmart Casa en venta con excelente ubicación a unos metros del centro de Tlaxcala. Cuenta con la siguiente distribución en 4 niveles. Planta baja: acceso, cochera techada hasta para 4 autos, área de alberca, medio baño, cuarto de máquinas y cubo de escalera, 1er nivel: vestíbulo, sala, comedor, cocina, medio baño, balcón, estudio y cubo de escaleras. 2do nivel.: lobby, un baño completo de uso general, 2 recamaras, recamara principal con vestidor y baño completo. 3er nivel: cuarto de servicio, roof garden, área para medio baño y bodega. *Se aceptan todos los créditos. *Precio sujeto a cambios sin previo aviso. *Los gastos de escrituración, impuestos etc. No están incluidos en el precio En Nazarit Bienes Raíces te ofrecemos las mejores opciones que se adecuen a tus necesidades, te apoyamos en todo el tramite y asesoria sin costo extra. ¡Contactanos!",4500000,"MN 4,500,000",MXN,venta,Casa,"Casa en Venta - Ocotlán, Tlaxcala",Tlaxcala Centro,Tlaxcala,Tlaxcala,19.3130493,-98.235312,3.0,2.0,358.0,147.0,4.0,0.0,A estrenar,Publicado hace 313 días,,https://img10.naventcdn.com/avisos/18/01/47/92/40/34/1200x1200/1599705001.jpg?isFirstImage=true|https://img10.naventcdn.com/avisos/18/01/47/92/40/34/1200x1200/1599704958.jpg|https://img10.naventcdn.com/avisos/18/01/47/92/40/34/1200x1200/1599705010.jpg|https://img10.naventcdn.com/avisos/18/01/47/92/40/34/1200x1200/1599704979.jpg|https://img10.naventcdn.com/avisos/18/01/47/92/40/34/1200x1200/1599704952.jpg|https://img10.naventcdn.com/avisos/18/01/47/92/40/34/1200x1200/1599704985.jpg|https://img10.naventcdn.com/avisos/18/01/47/92/40/34/1200x1200/1599705033.jpg|https://img10.naventcdn.com/avisos/18/01/47/92/40/34/1200x1200/1599704990.jpg|https://img10.naventcdn.com/avisos/18/01/47/92/40/34/1200x1200/1599704991.jpg|https://img10.naventcdn.com/avisos/18/01/47/92/40/34/1200x1200/1599704998.jpg|https://img10.naventcdn.com/avisos/18/01/47/92/40/34/1200x1200/1599704997.jpg|https://img10.naventcdn.com/avisos/18/01/47/92/40/34/1200x1200/1599704995.jpg|https://img10.naventcdn.com/avisos/18/01/47/92/40/34/1200x1200/1599704967.jpg|https://img10.naventcdn.com/avisos/18/01/47/92/40/34/1200x1200/1599705004.jpg|https://img10.naventcdn.com/avisos/18/01/47/92/40/34/1200x1200/1599705019.jpg|https://img10.naventcdn.com/avisos/18/01/47/92/40/34/1200x1200/1599704980.jpg|https://img10.naventcdn.com/avisos/18/01/47/92/40/34/1200x1200/1599704984.jpg|https://img10.naventcdn.com/avisos/18/01/47/92/40/34/1200x1200/1599704978.jpg|https://img10.naventcdn.com/avisos/18/01/47/92/40/34/1200x1200/1599705007.jpg|https://img10.naventcdn.com/avisos/18/01/47/92/40/34/1200x1200/1599704972.jpg|https://img10.naventcdn.com/avisos/18/01/47/92/40/34/1200x1200/1599704974.jpg|https://img10.naventcdn.com/avisos/18/01/47/92/40/34/1200x1200/1599705012.jpg|https://img10.naventcdn.com/avisos/18/01/47/92/40/34/1200x1200/1599704961.jpg|https://img10.naventcdn.com/avisos/18/01/47/92/40/34/1200x1200/1599704989.jpg|https://img10.naventcdn.com/avisos/18/01/47/92/40/34/1200x1200/1599705005.jpg|https://img10.naventcdn.com/avisos/18/01/47/92/40/34/1200x1200/1599704999.jpg|https://img10.naventcdn.com/avisos/18/01/47/92/40/34/1200x1200/1599704975.jpg|https://img10.naventcdn.com/avisos/18/01/47/92/40/34/1200x1200/1599704970.jpg|https://img10.naventcdn.com/avisos/18/01/47/92/40/34/1200x1200/1599705036.jpg|https://img10.naventcdn.com/avisos/18/01/47/92/40/34/1200x1200/1599704987.jpg|https://img10.naventcdn.com/avisos/18/01/47/92/40/34/1200x1200/1599704992.jpg|https://img10.naventcdn.com/avisos/18/01/47/92/40/34/1200x1200/1599704983.jpg,,52 2461390017,Nazarit Bienes Raíces,51357399,https://www.inmuebles24.com/inmobiliarias/nazarit-bienes-raices_51357399-inmuebles.html,2025-10-17T03:48:56Z,2026-08-25T10:05:02.869634+00:00,https://www.inmuebles24.com/casas-o-casa-en-condominio-o-departamentos-en-venta-en-tlaxcala-provincia-ordenado-por-fechaonline-descendente.html-pagina-8.html
https://www.inmuebles24.com/propiedades/clasificado/veclcain-casa-en-venta-con-tres-recamaras-y-terraza-en-tlaxcala-148458626.html,148458626,NHO7612136,sale,Casa en Venta con Tres Recamaras y Terraza en Tlaxcala,"Casa en Venta en Fraccionamiento Cerrado – Exclusividad, Seguridad y Plusvalía Invierte en el patrimonio de tu familia con esta casa en venta dentro de fraccionamiento cerrado con portón, un entorno privado y tranquilo donde solo son 16 casas, ideal para quienes buscan seguridad, convivencia y una excelente calidad de vida. Ubicada a 7 minutos de Plaza Galerías y 8 minutos del centro de Tlaxcala, en una zona con gran crecimiento, fácil acceso a vialidades principales y alta proyección de plusvalía. Distribución +Planta baja: Sala y comedor, cocina con alacenas, cochera para dos autos, cisterna +Primer nivel: Recámara principal con clóset y baño completo, dos recámaras secundarias con clósets, baño completo compartido +Segundo nivel: Terraza y área de servicio Una propiedad ideal para familias que buscan seguridad y tranquilidad, así como para inversionistas que desean una casa con excelente ubicación y alto potencial de valorización. *Se aceptan todos los créditos, a excepción de Infonavit tradicional e Infonavit corresidencial. *Precio sujeto a cambios sin previo aviso. *Los gastos de escrituración, impuestos etc. No están incluidos en el precio En Nazarit Bienes Raíces te ofrecemos las mejores opciones que se adecuen a tus necesidades, te apoyamos en todo el tramite y asesoría sin costo extra. ¡Contáctanos!",2350000,"MN 2,350,000",MXN,venta,Casa,"Casa en Venta - San Gabriel Cuauhtla, Tlaxcala",San Gabriel Cuauhtla,Tlaxcala,Tlaxcala,19.3148279,-98.2357524,3.0,2.0,160.0,102.0,2.0,0.0,A estrenar,Publicado hace 253 días,,https://img10.naventcdn.com/avisos/18/01/48/45/86/26/1200x1200/1599704960.jpg?isFirstImage=true|https://img10.naventcdn.com/avisos/18/01/48/45/86/26/1200x1200/1599704953.jpg|https://img10.naventcdn.com/avisos/18/01/48/45/86/26/1200x1200/1599704982.jpg|https://img10.naventcdn.com/avisos/18/01/48/45/86/26/1200x1200/1599704981.jpg|https://img10.naventcdn.com/avisos/18/01/48/45/86/26/1200x1200/1599704993.jpg|https://img10.naventcdn.com/avisos/18/01/48/45/86/26/1200x1200/1599704959.jpg|https://img10.naventcdn.com/avisos/18/01/48/45/86/26/1200x1200/1599704946.jpg|https://img10.naventcdn.com/avisos/18/01/48/45/86/26/1200x1200/1599704956.jpg|https://img10.naventcdn.com/avisos/18/01/48/45/86/26/1200x1200/1599704968.jpg|https://img10.naventcdn.com/avisos/18/01/48/45/86/26/1200x1200/1599704951.jpg|https://img10.naventcdn.com/avisos/18/01/48/45/86/26/1200x1200/1599704976.jpg|https://img10.naventcdn.com/avisos/18/01/48/45/86/26/1200x1200/1599704988.jpg|https://img10.naventcdn.com/avisos/18/01/48/45/86/26/1200x1200/1599704955.jpg|https://img10.naventcdn.com/avisos/18/01/48/45/86/26/1200x1200/1599704969.jpg|https://img10.naventcdn.com/avisos/18/01/48/45/86/26/1200x1200/1599704941.jpg|https://img10.naventcdn.com/avisos/18/01/48/45/86/26/1200x1200/1599704936.jpg|https://img10.naventcdn.com/avisos/18/01/48/45/86/26/1200x1200/1599704977.jpg|https://img10.naventcdn.com/avisos/18/01/48/45/86/26/1200x1200/1599704948.jpg|https://img10.naventcdn.com/avisos/18/01/48/45/86/26/1200x1200/1599704986.jpg|https://img10.naventcdn.com/avisos/18/01/48/45/86/26/1200x1200/1599704942.jpg|https://img10.naventcdn.com/avisos/18/01/48/45/86/26/1200x1200/1599704973.jpg|https://img10.naventcdn.com/avisos/18/01/48/45/86/26/1200x1200/1599704954.jpg|https://img10.naventcdn.com/avisos/18/01/48/45/86/26/1200x1200/1599704971.jpg|https://img10.naventcdn.com/avisos/18/01/48/45/86/26/1200x1200/1599704957.jpg|https://img10.naventcdn.com/avisos/18/01/48/45/86/26/1200x1200/1599704949.jpg|https://img10.naventcdn.com/avisos/18/01/48/45/86/26/1200x1200/1599704945.jpg|https://img10.naventcdn.com/avisos/18/01/48/45/86/26/1200x1200/1599704939.jpg,,52 2461390017,Nazarit Bienes Raíces,51357399,https://www.inmuebles24.com/inmobiliarias/nazarit-bienes-raices_51357399-inmuebles.html,2025-12-15T23:18:54Z,2026-08-25T10:05:02.869634+00:00,https://www.inmuebles24.com/casas-o-casa-en-condominio-o-departamentos-en-venta-en-tlaxcala-provincia-ordenado-por-fechaonline-descendente.html-pagina-8.html
https://www.inmuebles24.com/propiedades/clasificado/veclcain-casa-en-venta-con-vista-panoramica-al-club-de-golf-146805552.html,146805552,61778C,sale,"Casa en Venta con Vista Panorámica Al Club de Golf Huamantla, Tlaxcala.","Casa en Venta con Vista Panorámica al Campo de Golf – Club de Golf La Escondida, Huamantla, Tlaxcala. Esta residencia de ensueño combina amplitud, funcionalidad y vistas espectaculares que te acompañarán todos los días. Situada dentro de un fraccionamiento privado con vigilancia y acceso controlado, vivir aquí es sinónimo de privacidad, confort y contacto con la naturaleza. INTERIORES DISEÑADOS PARA EL BIENESTAR Desde que entras, la casa te envuelve con una doble altura que inunda los espacios de luz natural. El diseño abierto y la distribución funcional invitan al descanso, la convivencia familiar y al disfrute diario de cada rincón. La recámara principal es una verdadera suite: cuenta con vestidor, baño completo con dos regaderas y acceso a un balcón privado de 20 m² con una vista panorámica al campo de golf y al jardín. Dos recámaras adicionales ofrecen espacio cómodo y acogedor, además de compartir un baño completo. En planta baja, un cuarto de TV o cuarta recámara brinda flexibilidad para visitas o para adaptar una oficina o estudio. La sala y comedor fluyen en un ambiente amplio y cálido, conectados a la cocina abierta, equipada con estufa de 6 quemadores, horno empotrado y filtro de agua . Además, cuenta con cuarto de almacenaje, cuarto de lavado, y un medio baño para visitas. El jardín de 200 m² es perfecto para eventos, tardes en familia o simplemente relajarte con la vista al verde del campo. Detalles técnicos que marcan la diferencia: Cisterna de 10,000 litros Filtro de agua con luz UV para toda la casa Internet de fibra óptica Ventanas de doble vidrio que aíslan temperatura y ruido Cochera techada con espacio para 4 autos Aquí no solo compras una casa, inviertes en calidad de vida. El fraccionamiento está ubicado en una zona campestre con vigilancia 24/7, calles arboladas, ambiente sereno y vecinos que comparten el mismo gusto por la tranquilidad. Podrás caminar entre áreas verdes, disfrutar de la cancha de golf, contemplar el atardecer desde tu balcón y despertar con vistas al Pico de Orizaba y La Malinche. Este lugar te reconecta contigo mismo y con lo que verdaderamente importa. Ubicación privilegiada: A 10 minutos del centro de Huamantla Acceso rápido a Apizaco, Tlaxcala capital y carretera México–Veracruz Cercanía a escuelas, supermercados, hospitales y zonas comerciales Ven a conocerla y descubre por qué esta casa es más que una propiedad: es un estilo de vida. Agenda tu visita y enamórate de cada espacio. Precios sujetos a cambio sin previo aviso.",5500000,"MN 5,500,000",MXN,venta,Casa,LOS ALAMOS  CLUB DE GOLF SOLTEPEC HUAMANTLA,Huamantla Centro,Huamantla,Tlaxcala,19.3108404,-97.9251893,4.0,2.0,380.0,600.0,4.0,,10,Publicado hace más de 1 año,,https://img10.naventcdn.com/avisos/18/01/46/80/55/52/1200x1200/1540969232.jpg?isFirstImage=true|https://img10.naventcdn.com/avisos/18/01/46/80/55/52/1200x1200/1540969234.jpg|https://img10.naventcdn.com/avisos/18/01/46/80/55/52/1200x1200/1540969235.jpg|https://img10.naventcdn.com/avisos/18/01/46/80/55/52/1200x1200/1540969202.jpg|https://img10.naventcdn.com/avisos/18/01/46/80/55/52/1200x1200/1540969231.jpg|https://img10.naventcdn.com/avisos/resize/18/01/46/80/55/52/1200x1200/1540969210.jpg|https://img10.naventcdn.com/avisos/resize/18/01/46/80/55/52/1200x1200/1540969215.jpg|https://img10.naventcdn.com/avisos/resize/18/01/46/80/55/52/1200x1200/1540969233.jpg|https://img10.naventcdn.com/avisos/resize/18/01/46/80/55/52/1200x1200/1540969230.jpg|https://img10.naventcdn.com/avisos/resize/18/01/46/80/55/52/1200x1200/1540969201.jpg|https://img10.naventcdn.com/avisos/resize/18/01/46/80/55/52/1200x1200/1540969207.jpg|https://img10.naventcdn.com/avisos/18/01/46/80/55/52/1200x1200/1540969226.jpg|https://img10.naventcdn.com/avisos/18/01/46/80/55/52/1200x1200/1540969227.jpg|https://img10.naventcdn.com/avisos/18/01/46/80/55/52/1200x1200/1540969228.jpg|https://img10.naventcdn.com/avisos/18/01/46/80/55/52/1200x1200/1540969229.jpg|https://img10.naventcdn.com/avisos/18/01/46/80/55/52/1200x1200/1540969173.jpg|https://img10.naventcdn.com/avisos/18/01/46/80/55/52/1200x1200/1540969209.jpg,,52 2211660490,Carlos Chambers,22730,https://www.inmuebles24.com/inmobiliarias/carlos-chambers_22730-inmuebles.html,2025-06-23T22:17:30Z,2026-08-25T10:05:02.869634+00:00,https://www.inmuebles24.com/casas-o-casa-en-condominio-o-departamentos-en-venta-en-tlaxcala-provincia-ordenado-por-fechaonline-descendente.html-pagina-8.html
https://www.inmuebles24.com/propiedades/clasificado/veclcain-casa-en-venta-de-3-recamaras-en-cuapiaxtla-tlaxcala-148338308.html,148338308,6340A8,sale,"Casa en Venta de 3 Recámaras en Cuapiaxtla, Tlaxcala","Bonita e iluminada casa en venta de 3 recámaras en Cuapiaxtla, Tlaxcala. Precio $1,595,000 (No incluye gastos de escrituración) Distribución: Planta baja: sala, comedor, cocina integral y medio baño para visitas. Primer nivel: 3 amplias recámaras, la principal con clóset y baño completo con cancel. Amplio patio con capacidad hasta para 3 autos, jardín trasero, cisterna y patio de servicio. Ubicación privilegiada, cerca de la autopista Amozoc, Perote, Parque Industrial Finsa, a 25 min del pueblo mágico de Huamantla y del Parque Nacional La Malinche y a 10 minutos de San José Chiapa Audi. Zona residencial que ofrece un ambiente familiar y tranquilo. Servicios educativos cercanos, desde preescolar hasta universidades. La zona cuenta con supermercados, tiendas de conveniencia y mercados locales. Hay parques y jardines. Además, acceso a servicios de salud como hospitales y consultorios médicos. Informes solo por WhatsApp: Ver datos",1595000,"MN 1,595,000",MXN,venta,Casa,Cristóbal Colón 37,Barrio San Antoniio,Cuapiaxtla,Tlaxcala,19.2991167,-97.7772519,3.0,1.0,150.0,172.0,3.0,,10,Publicado hace 266 días,,https://img10.naventcdn.com/avisos/18/01/48/33/83/08/1200x1200/1575212963.jpg?isFirstImage=true|https://img10.naventcdn.com/avisos/18/01/48/33/83/08/1200x1200/1575213212.jpg|https://img10.naventcdn.com/avisos/18/01/48/33/83/08/1200x1200/1575212931.jpg|https://img10.naventcdn.com/avisos/18/01/48/33/83/08/1200x1200/1575212938.jpg|https://img10.naventcdn.com/avisos/18/01/48/33/83/08/1200x1200/1575212932.jpg|https://img10.naventcdn.com/avisos/18/01/48/33/83/08/1200x1200/1575213193.jpg|https://img10.naventcdn.com/avisos/18/01/48/33/83/08/1200x1200/1575213206.jpg|https://img10.naventcdn.com/avisos/18/01/48/33/83/08/1200x1200/1575213198.jpg|https://img10.naventcdn.com/avisos/18/01/48/33/83/08/1200x1200/1575213195.jpg|https://img10.naventcdn.com/avisos/18/01/48/33/83/08/1200x1200/1575212949.jpg|https://img10.naventcdn.com/avisos/18/01/48/33/83/08/1200x1200/1575213203.jpg|https://img10.naventcdn.com/avisos/18/01/48/33/83/08/1200x1200/1575212962.jpg|https://img10.naventcdn.com/avisos/18/01/48/33/83/08/1200x1200/1575213219.jpg|https://img10.naventcdn.com/avisos/18/01/48/33/83/08/1200x1200/1575212964.jpg|https://img10.naventcdn.com/avisos/18/01/48/33/83/08/1200x1200/1575212959.jpg|https://img10.naventcdn.com/avisos/18/01/48/33/83/08/1200x1200/1575213197.jpg|https://img10.naventcdn.com/avisos/18/01/48/33/83/08/1200x1200/1575212961.jpg|https://img10.naventcdn.com/avisos/18/01/48/33/83/08/1200x1200/1575213222.jpg|https://img10.naventcdn.com/avisos/18/01/48/33/83/08/1200x1200/1575212933.jpg|https://img10.naventcdn.com/avisos/18/01/48/33/83/08/1200x1200/1575213225.jpg|https://img10.naventcdn.com/avisos/18/01/48/33/83/08/1200x1200/1575213208.jpg|https://img10.naventcdn.com/avisos/18/01/48/33/83/08/1200x1200/1575213211.jpg|https://img10.naventcdn.com/avisos/18/01/48/33/83/08/1200x1200/1575213216.jpg|https://img10.naventcdn.com/avisos/18/01/48/33/83/08/1200x1200/1575213202.jpg|https://img10.naventcdn.com/avisos/18/01/48/33/83/08/1200x1200/1575212935.jpg,,52 5545109383,Gloria Rosas Bautista,51265529,https://www.inmuebles24.com/inmobiliarias/gloria-rosas-bautista_51265529-inmuebles.html,2025-12-02T17:12:48Z,2026-08-25T10:05:02.869634+00:00,https://www.inmuebles24.com/casas-o-casa-en-condominio-o-departamentos-en-venta-en-tlaxcala-provincia-ordenado-por-fechaonline-descendente.html-pagina-8.html
https://www.inmuebles24.com/propiedades/clasificado/veclcain-casa-en-venta-en-chiautempan-tlaxcala-146499997.html,146499997,EB-TA5327,sale,"Casa en Venta en Chiautempan, Tlaxcala","Casa Amplia en Chiautempan, Tlaxcala: Espacios Confortables y Modernos Ubicada en el municipio de Chiautempan, Tlaxcala, esta hermosa casa de 420 m² (12 m de frente x 35 m de fondo) ofrece todo lo que necesitas para tu comodidad. Cuenta con 2 cocheras , una sala de 4x5 m² , un comedor de 4x6 m² y una cocina de 6x6 m² . Además, tiene 4 recámaras , todas con clóset y baño propio . También podrás disfrutar de una sala de TV , un espacio para despensa y un increíble roof garden . Características: 420 m² de construcción 2 cocheras 4 recámaras con baño y clóset Sala de TV y despensa Roof garden con vistas espectaculares ¡Una casa ideal para quienes buscan espacio, comodidad y estilo!",3500000,"MN 3,500,000",MXN,venta,Casa,"Allende Oriente, Chiautempan",Santa Ana Chiautempan Centro,Chiautempan,Tlaxcala,19.3155529,-98.1928294,4.0,4.0,420.0,420.0,2.0,0.0,30,Publicado hace más de 1 año,,https://img10.naventcdn.com/avisos/18/01/46/49/99/97/1200x1200/1533524136.jpg?isFirstImage=true|https://img10.naventcdn.com/avisos/18/01/46/49/99/97/1200x1200/1533524144.jpg|https://img10.naventcdn.com/avisos/18/01/46/49/99/97/1200x1200/1533524141.jpg|https://img10.naventcdn.com/avisos/18/01/46/49/99/97/1200x1200/1533524149.jpg|https://img10.naventcdn.com/avisos/18/01/46/49/99/97/1200x1200/1533524150.jpg|https://img10.naventcdn.com/avisos/18/01/46/49/99/97/1200x1200/1533524142.jpg|https://img10.naventcdn.com/avisos/18/01/46/49/99/97/1200x1200/1533524135.jpg|https://img10.naventcdn.com/avisos/18/01/46/49/99/97/1200x1200/1533524151.jpg|https://img10.naventcdn.com/avisos/18/01/46/49/99/97/1200x1200/1533524140.jpg|https://img10.naventcdn.com/avisos/18/01/46/49/99/97/1200x1200/1533524138.jpg|https://img10.naventcdn.com/avisos/18/01/46/49/99/97/1200x1200/1533524139.jpg|https://img10.naventcdn.com/avisos/18/01/46/49/99/97/1200x1200/1533524137.jpg|https://img10.naventcdn.com/avisos/18/01/46/49/99/97/1200x1200/1533524143.jpg|https://img10.naventcdn.com/avisos/18/01/46/49/99/97/1200x1200/1533524145.jpg|https://img10.naventcdn.com/avisos/18/01/46/49/99/97/1200x1200/1533524147.jpg|https://img10.naventcdn.com/avisos/18/01/46/49/99/97/1200x1200/1533524146.jpg|https://img10.naventcdn.com/avisos/18/01/46/49/99/97/1200x1200/1533524148.jpg,,52 5547991675,CASA ROMA,51244632,https://www.inmuebles24.com/inmobiliarias/casa-roma_51244632-inmuebles.html,2025-05-21T15:33:43Z,2026-08-25T10:05:02.869634+00:00,https://www.inmuebles24.com/casas-o-casa-en-condominio-o-departamentos-en-venta-en-tlaxcala-provincia-ordenado-por-fechaonline-descendente.html-pagina-8.html
https://www.inmuebles24.com/propiedades/clasificado/veclcain-casa-en-venta-en-colonia-santa-anita-huiloac-apizaco-147092821.html,147092821,NX-254336,sale,"Casa en Venta en Colonia Santa Anita Huiloac, Apizaco, Tlaxcala","Ref: 2 5 4 3 3 6 Esta espaciosa propiedad se encuentra ubicada en Santa Anita Huiloac, Apizaco, Tlaxcala, ofreciendo una excelente oportunidad de adquirir una casa en venta con características ideales para una familia que busca comodidad y seguridad. Con una superficie de construcción de 226 m2, esta propiedad cuenta con 3 recamaras, 2 baños completos, 1 medio baño, closets en todas las habitaciones, cocina equipada, walk in closet en la recamara principal, sala y comedor, piso de cerámica de alta calidad, y es pet friendly. Además, cuenta con seguridad privada para la tranquilidad de sus habitantes. Santa Anita Huiloac es una zona residencial tranquila y segura, con fácil acceso a zonas comerciales, parques y escuelas. Entre las zonas de interés cercanas se encuentra el Centro Comercial Plaza Apizaco, ideal para realizar compras y disfrutar de una amplia oferta de restaurantes y entretenimiento. Asimismo, se encuentra el Parque Cuauhtémoc, un lugar perfecto para disfrutar de actividades al aire libre en familia. Las principales vías de acceso a esta propiedad son la Carretera Federal Apizaco-Tlaxcala y el Libramiento Apizaco, lo que facilita la movilidad hacia otros puntos de la ciudad y zonas circundantes. Con una ubicación estratégica y todas las comodidades necesarias, esta casa en venta en Santa Anita Huiloac es una excelente opción para quienes buscan un hogar espacioso, funcional y seguro en la encantadora ciudad de Apizaco, Tlaxcala.",2750000,"MN 2,750,000",MXN,venta,Casa,"Privada Juan Pablo Paredes 102  , Santa Anita Huiloac , 90407 Apizaco, Tlaxcala, México",Pueblo Santa Anita Huiloac,Apizaco,Tlaxcala,19.33497750000004,-98.117782,3.0,2.0,226.0,118.0,1.0,0.0,4,Publicado hace más de 1 año,,https://img10.naventcdn.com/avisos/resize/18/01/47/09/28/21/1200x1200/1605665801.jpg?isFirstImage=true|https://img10.naventcdn.com/avisos/18/01/47/09/28/21/1200x1200/1605665802.jpg|https://img10.naventcdn.com/avisos/18/01/47/09/28/21/1200x1200/1605665797.jpg|https://img10.naventcdn.com/avisos/18/01/47/09/28/21/1200x1200/1605665800.jpg|https://img10.naventcdn.com/avisos/18/01/47/09/28/21/1200x1200/1605665796.jpg|https://img10.naventcdn.com/avisos/18/01/47/09/28/21/1200x1200/1605665822.jpg|https://img10.naventcdn.com/avisos/18/01/47/09/28/21/1200x1200/1605665823.jpg|https://img10.naventcdn.com/avisos/18/01/47/09/28/21/1200x1200/1605665803.jpg|https://img10.naventcdn.com/avisos/18/01/47/09/28/21/1200x1200/1605665824.jpg|https://img10.naventcdn.com/avisos/18/01/47/09/28/21/1200x1200/1605665799.jpg|https://img10.naventcdn.com/avisos/18/01/47/09/28/21/1200x1200/1605665798.jpg|https://img10.naventcdn.com/avisos/18/01/47/09/28/21/1200x1200/1605665804.jpg|https://img10.naventcdn.com/avisos/resize/18/01/47/09/28/21/1200x1200/1547942119.jpg|https://img10.naventcdn.com/avisos/18/01/47/09/28/21/1200x1200/1605665821.jpg,,52 5574117755,iad Inmobiliaria,50956067,https://www.inmuebles24.com/inmobiliarias/iad-inmobiliaria_50956067-inmuebles.html,2025-07-24T15:27:27Z,2026-08-25T10:05:02.869634+00:00,https://www.inmuebles24.com/casas-o-casa-en-condominio-o-departamentos-en-venta-en-tlaxcala-provincia-ordenado-por-fechaonline-descendente.html-pagina-8.html
https://www.inmuebles24.com/propiedades/clasificado/veclcain-casa-en-venta-en-tlaxco-tlaxco-tlaxcala-147969738.html,147969738,597075--205,sale,"Casa en Venta en Tlaxco, Tlaxco, Tlaxcala","Características:\r • Tipo de propiedad: Casa\r • Superficie terreno: 188.86 m2.\r • Superficie construcción: 84.37 m2.\r • Edad: mas de 30 años.\r • Niveles totales: Una sola planta.\r \r Distribución planta baja:\r • Sala comedor.\r • cocina / solo mueble con Tarja \r • Área de lavado con lavadero.\r • 2 lugares de estacionamiento.\r • 2 habitaciones\r • 1 baño completo \r \r Acabados:\r • Pisos de loseta en sala, cocina-comedor, recamaras y baño\r \r Equipamiento de la casa:\r • Tanque de gas estacionario.\r • Timbre.\r • Cámaras de seguridad.\r • Canceles de aluminio.\r • Extractor en el baño.\r \r Consideraciones:\r • No incluye muebles.\r • El inmueble se encuentra ocupado.\r • Recién remodelada.\r \r Servicios en el área:\r • Agua.\r • CFE.\r • Drenaje.\r • Servicios del Municipio\r • Gas.\r • Transporte público.\r \r Ubicación:\r • A 250 m de la Escuela Primaria Máximo Rojas.\r • A 400 m del Hospital Regional.\r • A 1 cuadra de la carretera El Peñón\r • A 500 m de la carretera Libre Zacatlán.\r • A 1.2 km del Juzgado Civil y Familiar del Distrito Judicial de Morelos.\r \r Formas de pago:\r • Recursos propios.\r • Créditos hipotecarios bancarios. La aprobación de los créditos está sujeta a las políticas de cada institución.\r \r Información PROFECO:\r Contrato de Adhesión de Intermediación para la compraventa de inmuebles registrado en la Procuraduría Federal del Consumidor (PROFECO) número Ver datos , de fecha 31 de mayo de 2024.",1250000,"MN 1,250,000",MXN,venta,Casa,EDUARDO M HERNANDEZ,Tepatlaxco,Tlaxco,Tlaxcala,19.622591686592106,-98.12884466622316,2.0,1.0,84.0,188.0,2.0,,21,Publicado hace 307 días,,https://img10.naventcdn.com/avisos/18/01/47/96/97/38/1200x1200/1589304544.jpg?isFirstImage=true|https://img10.naventcdn.com/avisos/18/01/47/96/97/38/1200x1200/1589304540.jpg|https://img10.naventcdn.com/avisos/18/01/47/96/97/38/1200x1200/1589304543.jpg|https://img10.naventcdn.com/avisos/18/01/47/96/97/38/1200x1200/1589304542.jpg|https://img10.naventcdn.com/avisos/18/01/47/96/97/38/1200x1200/1589304541.jpg|https://img10.naventcdn.com/avisos/18/01/47/96/97/38/1200x1200/1589304538.jpg|https://img10.naventcdn.com/avisos/18/01/47/96/97/38/1200x1200/1589304537.jpg|https://img10.naventcdn.com/avisos/18/01/47/96/97/38/1200x1200/1589304539.jpg|https://img10.naventcdn.com/avisos/18/01/47/96/97/38/1200x1200/1589304547.jpg|https://img10.naventcdn.com/avisos/18/01/47/96/97/38/1200x1200/1589304548.jpg|https://img10.naventcdn.com/avisos/18/01/47/96/97/38/1200x1200/1589304545.jpg|https://img10.naventcdn.com/avisos/18/01/47/96/97/38/1200x1200/1567761087.jpg|https://img10.naventcdn.com/avisos/18/01/47/96/97/38/1200x1200/1567761086.jpg|https://img10.naventcdn.com/avisos/18/01/47/96/97/38/1200x1200/1596573051.jpg|https://img10.naventcdn.com/avisos/18/01/47/96/97/38/1200x1200/1596573052.jpg,,52 5552553232,CENTURY 21 UNIVERSUM (C21),22344,https://www.inmuebles24.com/inmobiliarias/century-21-universum-c21_22344-inmuebles.html,2025-10-22T17:24:13Z,2026-08-25T10:05:02.869634+00:00,https://www.inmuebles24.com/casas-o-casa-en-condominio-o-departamentos-en-venta-en-tlaxcala-provincia-ordenado-por-fechaonline-descendente.html-pagina-8.html
https://www.inmuebles24.com/propiedades/clasificado/veclcain-casa-en-venta-miraflores-tlaxcala-147223193.html,147223193,NHO7216818,sale,"Casa en Venta - Miraflores, Tlaxcala","Casa en Venta – Oportunidad de Inversión con Alta Plusvalía Ubicada en el creciente Barrio Miraflores, Tlaxcala, esta casa en preventa es ideal para quienes buscan patrimonio y rentabilidad. A solo 3 minutos de Soriana y cercana a Av. Gasoducto, ofrece fácil acceso a vialidades, comercios y servicios. Distribución: Planta Baja: Sala-comedor, cocina equipada con alacenas, área de servicio, medio baño, cochera techada para dos autos y cisterna. Primer Nivel: Recámara principal con clóset y baño completo, dos recámaras secundarias con clósets, baño completo compartido. Segundo Nivel: Cuarto de lavado y roof garden con asador, perfecto para aumentar el atractivo en renta o reventa. Beneficios: Proyección de valor excelente, apta para habitar o generar ingresos. *Se aceptan todos los créditos, excepto Infonavit tradicional y corresidencial. *Precio sujeto a cambios sin previo aviso. *Gastos de escrituración e impuestos no incluidos. En Nazarit Bienes Raíces te ofrecemos las mejores opciones que se ajusten a tus necesidades, te apoyamos con todo el trámite y asesoría gratuita. ¡Contáctanos!",2300000,"MN 2,300,000",MXN,venta,Casa,"Casa en Venta - Miraflores, Tlaxcala",Barrio Miraflores,Tlaxcala,Tlaxcala,19.3057283,-98.2136084,3.0,2.0,178.0,82.0,,0.0,A estrenar,Publicado hace más de 1 año,,https://img10.naventcdn.com/avisos/18/01/47/22/31/93/1200x1200/1624184797.jpg?isFirstImage=true|https://img10.naventcdn.com/avisos/18/01/47/22/31/93/1200x1200/1624184808.jpg|https://img10.naventcdn.com/avisos/18/01/47/22/31/93/1200x1200/1624184788.jpg|https://img10.naventcdn.com/avisos/18/01/47/22/31/93/1200x1200/1624184813.jpg|https://img10.naventcdn.com/avisos/18/01/47/22/31/93/1200x1200/1624184810.jpg|https://img10.naventcdn.com/avisos/18/01/47/22/31/93/1200x1200/1624184816.jpg|https://img10.naventcdn.com/avisos/18/01/47/22/31/93/1200x1200/1624184804.jpg|https://img10.naventcdn.com/avisos/18/01/47/22/31/93/1200x1200/1624184814.jpg|https://img10.naventcdn.com/avisos/18/01/47/22/31/93/1200x1200/1624184815.jpg|https://img10.naventcdn.com/avisos/18/01/47/22/31/93/1200x1200/1624184805.jpg|https://img10.naventcdn.com/avisos/18/01/47/22/31/93/1200x1200/1597245575.jpg|https://img10.naventcdn.com/avisos/18/01/47/22/31/93/1200x1200/1624184817.jpg|https://img10.naventcdn.com/avisos/18/01/47/22/31/93/1200x1200/1624184811.jpg|https://img10.naventcdn.com/avisos/18/01/47/22/31/93/1200x1200/1624184801.jpg|https://img10.naventcdn.com/avisos/18/01/47/22/31/93/1200x1200/1624184809.jpg|https://img10.naventcdn.com/avisos/18/01/47/22/31/93/1200x1200/1624184799.jpg|https://img10.naventcdn.com/avisos/18/01/47/22/31/93/1200x1200/1624184812.jpg|https://img10.naventcdn.com/avisos/18/01/47/22/31/93/1200x1200/1624184807.jpg|https://img10.naventcdn.com/avisos/18/01/47/22/31/93/1200x1200/1624184803.jpg|https://img10.naventcdn.com/avisos/18/01/47/22/31/93/1200x1200/1624184800.jpg|https://img10.naventcdn.com/avisos/18/01/47/22/31/93/1200x1200/1624184802.jpg,,52 2461390017,Nazarit Bienes Raíces,51357399,https://www.inmuebles24.com/inmobiliarias/nazarit-bienes-raices_51357399-inmuebles.html,2025-08-07T01:04:33Z,2026-08-25T10:05:02.869634+00:00,https://www.inmuebles24.com/casas-o-casa-en-condominio-o-departamentos-en-venta-en-tlaxcala-provincia-ordenado-por-fechaonline-descendente.html-pagina-8.html
https://www.inmuebles24.com/propiedades/clasificado/veclcain-casa-en-venta-moderna-y-acabados-de-lujo-en-el-sabinal-147109360.html,147109360,61IEPA,sale,"Casa en Venta Moderna y Acabados de Lujo en El Sabinal Apizaco, Tlaxcala.","Residencia Moderna en Zona Exclusiva de Apizaco – Fraccionamiento El Sabinal Esta residencia impone presencia con un diseño contemporáneo y un jardín frontal cuidadosamente diseñado, ideal para recibir con calidez y distinción. La cochera techada, con pérgola de vidrio templado y estructura metálica, brinda espacio para tres autos y realza la estética del acceso principal. Al ingresar, se abre un ambiente de gran amplitud y luz natural que recorre la zona social. El área de sala-comedor fluye armónicamente, perfecta para convivencias familiares, con pisos cerámicos en acabado tipo madera que aportan calidez al entorno. La cocina está equipada con muebles de cedro rojo de alta calidad y cubiertas en Quarzita Griega, un material elegante y duradero. Se incluye refrigerador dúplex, estufa con horno digital, y una distribución práctica para preparar y compartir momentos especiales. El cuarto de lavado, funcional y discreto, incluye mueble a medida y centro de lavado y secado, además de conexión directa al patio de servicio, con bajada de gas desde el tanque estacionario. La oficina privada en planta baja te permite trabajar desde casa con tranquilidad y profesionalismo, mientras que una bodega bien ubicada resuelve tus necesidades de almacenaje. El jardín trasero y la amplia terraza son el alma exterior de la casa. Espacio ideal para reuniones al aire libre, con diseño que favorece la privacidad, áreas verdes listas para disfrutar y la posibilidad de personalizar un ambiente de descanso o juego. En el nivel superior, las habitaciones ofrecen privacidad, amplitud y funcionalidad. Cada una cuenta con excelente iluminación natural, y los baños están terminados con materiales resistentes, combinando losetas cerámicas de diseño actual con muebles contemporáneos. La casa incorpora tecnología para tu seguridad y confort: sistema de cámaras 4K HD con tecnología POE, red cableada con distribuidor principal, presurizador hidráulico para presión constante en toda la casa y acabados que facilitan su mantenimiento diario. Ubicada en una zona residencial tranquila y bien conectada: A solo 2.5 km del centro de Apizaco 2 km de Galerías Apizaco 3.2 km de la terminal de autobuses 4 km de hospitales, colegios y universidades Con rápida salida a la Carretera Federal y acceso a Puebla Agenda tu visita hoy y descubre por qué esta puede ser la mejor inversión en tu patrimonio. Precios sujetos a cambios sin previo aviso.",7250000,"MN 7,250,000",MXN,venta,Casa,El Sabinal. Fraccionamiento,Pueblo Santa Anita Huiloac,Apizaco,Tlaxcala,19.3954622,-98.1463271,4.0,5.0,311.0,312.0,3.0,,2,Publicado hace más de 1 año,,https://img10.naventcdn.com/avisos/18/01/47/10/93/60/1200x1200/1548362275.jpg?isFirstImage=true|https://img10.naventcdn.com/avisos/18/01/47/10/93/60/1200x1200/1548362276.jpg|https://img10.naventcdn.com/avisos/18/01/47/10/93/60/1200x1200/1548362238.jpg|https://img10.naventcdn.com/avisos/18/01/47/10/93/60/1200x1200/1548362239.jpg|https://img10.naventcdn.com/avisos/18/01/47/10/93/60/1200x1200/1548362265.jpg|https://img10.naventcdn.com/avisos/18/01/47/10/93/60/1200x1200/1548362262.jpg|https://img10.naventcdn.com/avisos/18/01/47/10/93/60/1200x1200/1548362260.jpg|https://img10.naventcdn.com/avisos/18/01/47/10/93/60/1200x1200/1548362264.jpg|https://img10.naventcdn.com/avisos/18/01/47/10/93/60/1200x1200/1548362268.jpg|https://img10.naventcdn.com/avisos/18/01/47/10/93/60/1200x1200/1548362259.jpg|https://img10.naventcdn.com/avisos/18/01/47/10/93/60/1200x1200/1548362257.jpg|https://img10.naventcdn.com/avisos/18/01/47/10/93/60/1200x1200/1548362250.jpg|https://img10.naventcdn.com/avisos/18/01/47/10/93/60/1200x1200/1548362251.jpg|https://img10.naventcdn.com/avisos/18/01/47/10/93/60/1200x1200/1548362241.jpg|https://img10.naventcdn.com/avisos/18/01/47/10/93/60/1200x1200/1548362255.jpg|https://img10.naventcdn.com/avisos/18/01/47/10/93/60/1200x1200/1548362242.jpg|https://img10.naventcdn.com/avisos/18/01/47/10/93/60/1200x1200/1548362253.jpg|https://img10.naventcdn.com/avisos/18/01/47/10/93/60/1200x1200/1548362240.jpg|https://img10.naventcdn.com/avisos/18/01/47/10/93/60/1200x1200/1548362245.jpg|https://img10.naventcdn.com/avisos/18/01/47/10/93/60/1200x1200/1548362246.jpg|https://img10.naventcdn.com/avisos/18/01/47/10/93/60/1200x1200/1548362252.jpg|https://img10.naventcdn.com/avisos/18/01/47/10/93/60/1200x1200/1548362247.jpg|https://img10.naventcdn.com/avisos/18/01/47/10/93/60/1200x1200/1548362243.jpg|https://img10.naventcdn.com/avisos/18/01/47/10/93/60/1200x1200/1548362249.jpg|https://img10.naventcdn.com/avisos/18/01/47/10/93/60/1200x1200/1548362258.jpg|https://img10.naventcdn.com/avisos/18/01/47/10/93/60/1200x1200/1548362254.jpg|https://img10.naventcdn.com/avisos/18/01/47/10/93/60/1200x1200/1548362244.jpg|https://img10.naventcdn.com/avisos/18/01/47/10/93/60/1200x1200/1548362248.jpg|https://img10.naventcdn.com/avisos/18/01/47/10/93/60/1200x1200/1548362256.jpg|https://img10.naventcdn.com/avisos/18/01/47/10/93/60/1200x1200/1548362272.jpg|https://img10.naventcdn.com/avisos/18/01/47/10/93/60/1200x1200/1548362261.jpg|https://img10.naventcdn.com/avisos/18/01/47/10/93/60/1200x1200/1548362263.jpg|https://img10.naventcdn.com/avisos/18/01/47/10/93/60/1200x1200/1548362266.jpg|https://img10.naventcdn.com/avisos/18/01/47/10/93/60/1200x1200/1548362271.jpg|https://img10.naventcdn.com/avisos/18/01/47/10/93/60/1200x1200/1548362270.jpg|https://img10.naventcdn.com/avisos/18/01/47/10/93/60/1200x1200/1548362273.jpg|https://img10.naventcdn.com/avisos/18/01/47/10/93/60/1200x1200/1548362274.jpg|https://img10.naventcdn.com/avisos/18/01/47/10/93/60/1200x1200/1548362269.jpg|https://img10.naventcdn.com/avisos/18/01/47/10/93/60/1200x1200/1548362267.jpg,,52 2211660490,Carlos Chambers,22730,https://www.inmuebles24.com/inmobiliarias/carlos-chambers_22730-inmuebles.html,2025-07-25T23:52:44Z,2026-08-25T10:05:02.869634+00:00,https://www.inmuebles24.com/casas-o-casa-en-condominio-o-departamentos-en-venta-en-tlaxcala-provincia-ordenado-por-fechaonline-descendente.html-pagina-8.html
https://www.inmuebles24.com/propiedades/clasificado/veclcain-casas-en-venta-con-dos-recamaras-en-san-miguel-contla-148244029.html,148244029,NHO7549101,sale,"Casas en Venta con Dos Recamaras en San Miguel Contla, Tlaxcala","Casas en Venta de Un Nivel – Seguridad, Comodidad y Plusvalía Invierte en el patrimonio de tu familia con estas casas de un nivel dentro de fraccionamiento cerrado con portón automático, ideales para quienes buscan practicidad, seguridad y una excelente ubicación. Ubicadas a solo 3 minutos del Libramiento Apizaco–Huamantla y 15 minutos del centro de Apizaco, con fácil acceso a vialidades principales, comercios y servicios. Su diseño en una sola planta brinda mayor comodidad y funcionalidad, perfecta para familias pequeñas, adultos mayores o como inversión con alta demanda en renta. Distribución Sala, comedor, cocina, área de servicio, cochera para un auto, dos recámaras Una excelente oportunidad para adquirir vivienda dentro de un entorno privado, con buena conectividad y potencial de valorización. + Pregunta por la disponibilidad. *Se aceptan todos los créditos *Aplica para Infonavit tradicional e Infonavit corresidencial. *Cuota de mantenimiento $400.00 mensuales.*Precio sujeto a cambios sin previo aviso. *Los gastos de escrituración, impuestos etc. No están incluidos en el precio En Nazarit Bienes Raíces te ofrecemos las mejores opciones que se adecuen a tus necesidades, te apoyamos en todo el tramite y asesoría sin costo extra. ¡Contáctanos!",850000,"MN 850,000",MXN,venta,Casa,"Casas en Venta - San Miguel Contla, Tlaxcala",Pueblo San Miguel Contla,Santa Cruz Tlaxcala,Tlaxcala,19.3837742,-98.1311249,2.0,1.0,68.0,91.0,1.0,0.0,A estrenar,Publicado hace 278 días,,https://img10.naventcdn.com/avisos/18/01/48/24/40/29/1200x1200/1599704714.jpg?isFirstImage=true|https://img10.naventcdn.com/avisos/18/01/48/24/40/29/1200x1200/1599704721.jpg|https://img10.naventcdn.com/avisos/18/01/48/24/40/29/1200x1200/1599704739.jpg|https://img10.naventcdn.com/avisos/18/01/48/24/40/29/1200x1200/1599704724.jpg|https://img10.naventcdn.com/avisos/18/01/48/24/40/29/1200x1200/1599704727.jpg|https://img10.naventcdn.com/avisos/18/01/48/24/40/29/1200x1200/1599704718.jpg|https://img10.naventcdn.com/avisos/18/01/48/24/40/29/1200x1200/1599704702.jpg|https://img10.naventcdn.com/avisos/18/01/48/24/40/29/1200x1200/1599704733.jpg|https://img10.naventcdn.com/avisos/18/01/48/24/40/29/1200x1200/1599704715.jpg|https://img10.naventcdn.com/avisos/18/01/48/24/40/29/1200x1200/1599704722.jpg|https://img10.naventcdn.com/avisos/18/01/48/24/40/29/1200x1200/1599704683.jpg|https://img10.naventcdn.com/avisos/18/01/48/24/40/29/1200x1200/1599704737.jpg|https://img10.naventcdn.com/avisos/18/01/48/24/40/29/1200x1200/1599704728.jpg|https://img10.naventcdn.com/avisos/18/01/48/24/40/29/1200x1200/1599704725.jpg|https://img10.naventcdn.com/avisos/18/01/48/24/40/29/1200x1200/1599704719.jpg|https://img10.naventcdn.com/avisos/18/01/48/24/40/29/1200x1200/1599704734.jpg|https://img10.naventcdn.com/avisos/18/01/48/24/40/29/1200x1200/1599704729.jpg|https://img10.naventcdn.com/avisos/18/01/48/24/40/29/1200x1200/1599704723.jpg|https://img10.naventcdn.com/avisos/18/01/48/24/40/29/1200x1200/1599704704.jpg|https://img10.naventcdn.com/avisos/18/01/48/24/40/29/1200x1200/1599704731.jpg|https://img10.naventcdn.com/avisos/18/01/48/24/40/29/1200x1200/1599704720.jpg|https://img10.naventcdn.com/avisos/18/01/48/24/40/29/1200x1200/1599704726.jpg|https://img10.naventcdn.com/avisos/18/01/48/24/40/29/1200x1200/1599704730.jpg,,52 2461390017,Nazarit Bienes Raíces,51357399,https://www.inmuebles24.com/inmobiliarias/nazarit-bienes-raices_51357399-inmuebles.html,2025-11-21T02:59:37Z,2026-08-25T10:06:03.366951+00:00,https://www.inmuebles24.com/casas-o-casa-en-condominio-o-departamentos-en-venta-en-tlaxcala-provincia-ordenado-por-fechaonline-descendente.html-pagina-8.html
https://www.inmuebles24.com/propiedades/clasificado/veclcain-casas-en-venta-con-tres-recamaras-en-san-miguel-148244082.html,148244082,NHO7549123,sale,"Casas en Venta con Tres Recamaras en San Miguel Contla, Tlaxcala.","Casas en Venta de Un Nivel – Seguridad, Comodidad y Plusvalía Invierte en el patrimonio de tu familia con estas casas de un nivel dentro de fraccionamiento cerrado con portón automático, ideales para quienes buscan practicidad, seguridad y una excelente ubicación. Ubicadas a solo 3 minutos del Libramiento Apizaco–Huamantla y 15 minutos del centro de Apizaco, con fácil acceso a vialidades principales, comercios y servicios. Su diseño en una sola planta brinda mayor comodidad y funcionalidad, perfecta para familias pequeñas, adultos mayores o como inversión con alta demanda en renta. Distribución Sala, comedor, cocina, área de servicio, cochera para un auto, tres recámaras Una excelente oportunidad para adquirir vivienda dentro de un entorno privado, con buena conectividad y potencial de valorización. + Pregunta por la disponibilidad. *Se aceptan todos los créditos *Aplica para Infonavit tradicional e Infonavit corresidencial. *Cuota de mantenimiento $400.00 mensuales.*Precio sujeto a cambios sin previo aviso. *Los gastos de escrituración, impuestos etc. No están incluidos en el precio En Nazarit Bienes Raíces te ofrecemos las mejores opciones que se adecuen a tus necesidades, te apoyamos en todo el tramite y asesoría sin costo extra. ¡Contáctanos!",950000,"MN 950,000",MXN,venta,Casa,"Casas en Venta - San Miguel Contla, Tlaxcala",Pueblo San Miguel Contla,Santa Cruz Tlaxcala,Tlaxcala,19.4013239,-98.1323168,3.0,1.0,76.0,97.0,1.0,0.0,A estrenar,Publicado hace 278 días,,https://img10.naventcdn.com/avisos/18/01/48/24/40/82/1200x1200/1599704548.jpg?isFirstImage=true|https://img10.naventcdn.com/avisos/18/01/48/24/40/82/1200x1200/1599704593.jpg|https://img10.naventcdn.com/avisos/18/01/48/24/40/82/1200x1200/1599704595.jpg|https://img10.naventcdn.com/avisos/18/01/48/24/40/82/1200x1200/1599704529.jpg|https://img10.naventcdn.com/avisos/18/01/48/24/40/82/1200x1200/1599704544.jpg|https://img10.naventcdn.com/avisos/18/01/48/24/40/82/1200x1200/1599704546.jpg|https://img10.naventcdn.com/avisos/18/01/48/24/40/82/1200x1200/1599704578.jpg|https://img10.naventcdn.com/avisos/18/01/48/24/40/82/1200x1200/1599704527.jpg|https://img10.naventcdn.com/avisos/18/01/48/24/40/82/1200x1200/1599704538.jpg|https://img10.naventcdn.com/avisos/18/01/48/24/40/82/1200x1200/1599704559.jpg|https://img10.naventcdn.com/avisos/18/01/48/24/40/82/1200x1200/1599704537.jpg|https://img10.naventcdn.com/avisos/18/01/48/24/40/82/1200x1200/1599704561.jpg|https://img10.naventcdn.com/avisos/18/01/48/24/40/82/1200x1200/1599704564.jpg|https://img10.naventcdn.com/avisos/18/01/48/24/40/82/1200x1200/1599704589.jpg|https://img10.naventcdn.com/avisos/18/01/48/24/40/82/1200x1200/1599704560.jpg|https://img10.naventcdn.com/avisos/18/01/48/24/40/82/1200x1200/1599704594.jpg|https://img10.naventcdn.com/avisos/18/01/48/24/40/82/1200x1200/1599704565.jpg|https://img10.naventcdn.com/avisos/18/01/48/24/40/82/1200x1200/1599704592.jpg,,52 2461390017,Nazarit Bienes Raíces,51357399,https://www.inmuebles24.com/inmobiliarias/nazarit-bienes-raices_51357399-inmuebles.html,2025-11-21T03:08:03Z,2026-08-25T10:06:03.366951+00:00,https://www.inmuebles24.com/casas-o-casa-en-condominio-o-departamentos-en-venta-en-tlaxcala-provincia-ordenado-por-fechaonline-descendente.html-pagina-8.html
https://www.inmuebles24.com/propiedades/clasificado/veclcain-casas-en-venta-con-tres-recamaras-y-terraza-en-147999709.html,147999709,NHO7455826,sale,"Casas en Venta con Tres Recamaras y Terraza en Magdalena, Tlaxcala","A 5 minutos de Plaza Galerias A 10 minutos del centro de Tlaxcala últimas dos casa en venta en fraccionamiento cerrado con portón automático y caseta de vigilancia en la Magdalena, Tlaxcala. Precios desde $2,300,000.00 Agenda tu cita para conocer los proyectos. Cuenta con la siguiente distribución: Planta baja: sala, comedor, cocina de granito, cisterna, medio baño, cochera para dos autos. Primer nivel: habitación principal con baño completo y tina, dos recamaras secundarias y baño completo con tina. Segundo nivel: amplio roof garden con pergola, medio baño y sala de juegos o sala de T.V. *Se aceptan todos los créditos a excepción de infonavit total e infonavit corresidencial . *Precio sujeto a cambios sin previo aviso. *Los gastos de escrituración, impuestos etc. No están incluidos en el precio En Nazarit Bienes Raíces te ofrecemos las mejores opciones que se adecuen a tus necesidades, te apoyamos en todo el tramite y asesoria sin costo extra. ¡Contactanos!",2300000,"MN 2,300,000",MXN,venta,Casa,"Casas en Venta - La Magdalena Tlaltelulco, Tlaxcala",,La Magdalena Tlaltelulco,Tlaxcala,19.3003524,-98.2039272,3.0,2.0,,,2.0,0.0,A estrenar,Publicado hace 304 días,,https://img10.naventcdn.com/avisos/18/01/47/99/97/09/1200x1200/1599704772.jpg?isFirstImage=true|https://img10.naventcdn.com/avisos/18/01/47/99/97/09/1200x1200/1599704781.jpg|https://img10.naventcdn.com/avisos/18/01/47/99/97/09/1200x1200/1599704788.jpg|https://img10.naventcdn.com/avisos/18/01/47/99/97/09/1200x1200/1599704780.jpg|https://img10.naventcdn.com/avisos/18/01/47/99/97/09/1200x1200/1599704810.jpg|https://img10.naventcdn.com/avisos/18/01/47/99/97/09/1200x1200/1599704796.jpg|https://img10.naventcdn.com/avisos/18/01/47/99/97/09/1200x1200/1599704795.jpg|https://img10.naventcdn.com/avisos/18/01/47/99/97/09/1200x1200/1599704782.jpg|https://img10.naventcdn.com/avisos/18/01/47/99/97/09/1200x1200/1599704803.jpg|https://img10.naventcdn.com/avisos/18/01/47/99/97/09/1200x1200/1599704805.jpg|https://img10.naventcdn.com/avisos/18/01/47/99/97/09/1200x1200/1599704778.jpg|https://img10.naventcdn.com/avisos/18/01/47/99/97/09/1200x1200/1599704817.jpg|https://img10.naventcdn.com/avisos/18/01/47/99/97/09/1200x1200/1599704799.jpg|https://img10.naventcdn.com/avisos/18/01/47/99/97/09/1200x1200/1599704797.jpg|https://img10.naventcdn.com/avisos/18/01/47/99/97/09/1200x1200/1599704792.jpg|https://img10.naventcdn.com/avisos/18/01/47/99/97/09/1200x1200/1599704779.jpg|https://img10.naventcdn.com/avisos/18/01/47/99/97/09/1200x1200/1599704793.jpg|https://img10.naventcdn.com/avisos/18/01/47/99/97/09/1200x1200/1599704791.jpg|https://img10.naventcdn.com/avisos/18/01/47/99/97/09/1200x1200/1599704798.jpg|https://img10.naventcdn.com/avisos/18/01/47/99/97/09/1200x1200/1599704789.jpg|https://img10.naventcdn.com/avisos/18/01/47/99/97/09/1200x1200/1599704790.jpg|https://img10.naventcdn.com/avisos/18/01/47/99/97/09/1200x1200/1599704804.jpg|https://img10.naventcdn.com/avisos/18/01/47/99/97/09/1200x1200/1599704806.jpg|https://img10.naventcdn.com/avisos/18/01/47/99/97/09/1200x1200/1599704794.jpg|https://img10.naventcdn.com/avisos/18/01/47/99/97/09/1200x1200/1599704807.jpg|https://img10.naventcdn.com/avisos/18/01/47/99/97/09/1200x1200/1599704812.jpg|https://img10.naventcdn.com/avisos/18/01/47/99/97/09/1200x1200/1599704800.jpg|https://img10.naventcdn.com/avisos/18/01/47/99/97/09/1200x1200/1599704785.jpg|https://img10.naventcdn.com/avisos/18/01/47/99/97/09/1200x1200/1599704783.jpg,,52 2461390017,Nazarit Bienes Raíces,51357399,https://www.inmuebles24.com/inmobiliarias/nazarit-bienes-raices_51357399-inmuebles.html,2025-10-25T17:45:01Z,2026-08-25T10:06:03.366951+00:00,https://www.inmuebles24.com/casas-o-casa-en-condominio-o-departamentos-en-venta-en-tlaxcala-provincia-ordenado-por-fechaonline-descendente.html-pagina-8.html
https://www.inmuebles24.com/propiedades/clasificado/veclcain-casas-en-venta-con-tres-recamaras-y-terraza-en-147999951.html,147999951,NHO7455857,sale,"Casas en Venta con Tres Recamaras y Terraza en Yauhquemecan, Tlaxcala.","A 800 metros de la carretera Apizaco - Tlaxcala A 10 minutos del centro de Apizaco Casas en venta dentro de privada de 6 casas con portón automático. Distribución: Planta baja: cochera para dos autos, sala, comedor, jardin, cocina integral con espacio para parrilla o estufa (no incluida), cisterna, medio baño. Primer nivel: recámara principal con baño completo y vestidor, dos recamaras secundarias con baño completo para compartir. Segundo nivel: terraza con pergola y malla sombra, asador y tarja, medio baño y area de servicio independiente. Equipamiento: -Calentador solar de 16 tubos, tinaco 1100 lts, cisterna 5,000 litros, cocina integral espacio para estufa o parrilla, espacio para refrigerador 90*1.80, chapa de acceso principal de huella , llave o clave, interfon con cámara, Recámara principal con baño completo , vestidor amplio, espejo grande. -Escaleras de madera natural de pino tratada, Escalera de vigueta de acero. -Cancel jardín doble hoja se hace un solo. Casas disponibles: casa 6: $2,095,000.00 casa 5: $2,045,000.00 casa 4: $1,995,000.00 *Los costos varían por los m2 de terreno *Se aceptan todos los créditos, a excepción de Infonavit tradicional e Infonavit corresidencial.*Precio sujeto a cambios sin previo aviso. *Los gastos de escrituración, impuestos etc. No están incluidos en el precio En Nazarit Bienes Raíces te ofrecemos las mejores opciones que se adecuen a tus necesidades, te apoyamos en todo el tramite y asesoria sin costo extra. ¡Contactanos!",2045000,"MN 2,045,000",MXN,venta,Casa,"Casas en Venta - Santa Ursula Zimatepec, Tlaxcala",Pueblo Santa Ursula Zimatepec,Yauhquemecan,Tlaxcala,19.4151355,-98.1600274,3.0,2.0,185.0,100.0,2.0,0.0,A estrenar,Publicado hace 304 días,,https://img10.naventcdn.com/avisos/18/01/47/99/99/51/1200x1200/1599705006.jpg?isFirstImage=true|https://img10.naventcdn.com/avisos/18/01/47/99/99/51/1200x1200/1599705038.jpg|https://img10.naventcdn.com/avisos/18/01/47/99/99/51/1200x1200/1599705029.jpg|https://img10.naventcdn.com/avisos/18/01/47/99/99/51/1200x1200/1599705017.jpg|https://img10.naventcdn.com/avisos/18/01/47/99/99/51/1200x1200/1599705564.jpg|https://img10.naventcdn.com/avisos/18/01/47/99/99/51/1200x1200/1599705003.jpg|https://img10.naventcdn.com/avisos/18/01/47/99/99/51/1200x1200/1599705042.jpg|https://img10.naventcdn.com/avisos/18/01/47/99/99/51/1200x1200/1599705513.jpg|https://img10.naventcdn.com/avisos/18/01/47/99/99/51/1200x1200/1599705026.jpg|https://img10.naventcdn.com/avisos/18/01/47/99/99/51/1200x1200/1599705011.jpg|https://img10.naventcdn.com/avisos/18/01/47/99/99/51/1200x1200/1599705008.jpg|https://img10.naventcdn.com/avisos/18/01/47/99/99/51/1200x1200/1599705383.jpg|https://img10.naventcdn.com/avisos/18/01/47/99/99/51/1200x1200/1599705046.jpg|https://img10.naventcdn.com/avisos/18/01/47/99/99/51/1200x1200/1599705021.jpg|https://img10.naventcdn.com/avisos/18/01/47/99/99/51/1200x1200/1599705262.jpg|https://img10.naventcdn.com/avisos/18/01/47/99/99/51/1200x1200/1599705027.jpg|https://img10.naventcdn.com/avisos/18/01/47/99/99/51/1200x1200/1599705034.jpg|https://img10.naventcdn.com/avisos/18/01/47/99/99/51/1200x1200/1599705018.jpg|https://img10.naventcdn.com/avisos/18/01/47/99/99/51/1200x1200/1599704994.jpg|https://img10.naventcdn.com/avisos/18/01/47/99/99/51/1200x1200/1599705025.jpg|https://img10.naventcdn.com/avisos/18/01/47/99/99/51/1200x1200/1599705032.jpg|https://img10.naventcdn.com/avisos/18/01/47/99/99/51/1200x1200/1599705014.jpg|https://img10.naventcdn.com/avisos/18/01/47/99/99/51/1200x1200/1599705000.jpg|https://img10.naventcdn.com/avisos/18/01/47/99/99/51/1200x1200/1599704996.jpg|https://img10.naventcdn.com/avisos/18/01/47/99/99/51/1200x1200/1599705023.jpg|https://img10.naventcdn.com/avisos/18/01/47/99/99/51/1200x1200/1599705022.jpg|https://img10.naventcdn.com/avisos/18/01/47/99/99/51/1200x1200/1599705030.jpg|https://img10.naventcdn.com/avisos/18/01/47/99/99/51/1200x1200/1599705024.jpg|https://img10.naventcdn.com/avisos/18/01/47/99/99/51/1200x1200/1599705013.jpg|https://img10.naventcdn.com/avisos/18/01/47/99/99/51/1200x1200/1599705002.jpg|https://img10.naventcdn.com/avisos/18/01/47/99/99/51/1200x1200/1599705516.jpg|https://img10.naventcdn.com/avisos/18/01/47/99/99/51/1200x1200/1599705053.jpg|https://img10.naventcdn.com/avisos/18/01/47/99/99/51/1200x1200/1599705044.jpg|https://img10.naventcdn.com/avisos/18/01/47/99/99/51/1200x1200/1599705061.jpg|https://img10.naventcdn.com/avisos/18/01/47/99/99/51/1200x1200/1599705493.jpg|https://img10.naventcdn.com/avisos/18/01/47/99/99/51/1200x1200/1599705020.jpg|https://img10.naventcdn.com/avisos/18/01/47/99/99/51/1200x1200/1599705031.jpg|https://img10.naventcdn.com/avisos/18/01/47/99/99/51/1200x1200/1599705009.jpg|https://img10.naventcdn.com/avisos/18/01/47/99/99/51/1200x1200/1599705016.jpg|https://img10.naventcdn.com/avisos/18/01/47/99/99/51/1200x1200/1599705385.jpg|https://img10.naventcdn.com/avisos/18/01/47/99/99/51/1200x1200/1599705035.jpg|https://img10.naventcdn.com/avisos/18/01/47/99/99/51/1200x1200/1599705015.jpg|https://img10.naventcdn.com/avisos/18/01/47/99/99/51/1200x1200/1599705380.jpg|https://img10.naventcdn.com/avisos/18/01/47/99/99/51/1200x1200/1599705028.jpg,,52 2461390017,Nazarit Bienes Raíces,51357399,https://www.inmuebles24.com/inmobiliarias/nazarit-bienes-raices_51357399-inmuebles.html,2025-10-25T18:41Z,2026-08-25T10:06:03.366951+00:00,https://www.inmuebles24.com/casas-o-casa-en-condominio-o-departamentos-en-venta-en-tlaxcala-provincia-ordenado-por-fechaonline-descendente.html-pagina-8.html
https://www.inmuebles24.com/propiedades/clasificado/veclcain-preventa-de-casa-con-cuatro-recamaras-y-jardin-en-146751372.html,146751372,NHO7080055,sale,"Preventa de Casa con Cuatro Recámaras y Jardín en Santa Anita Huiloac, Apizaco, Tlaxcala.","A solo 7 minutos de Apizaco, en el encantador Pueblo San Matías Tepetomatitlan, se encuentra esta espectacular casa en preventa. Con un diseño arquitectónico moderno y funcional, la propiedad ofrece una distribución ideal para el confort familiar. En la planta baja, se destaca una cochera con capacidad para dos autos, una imponente sala de doble altura que se conecta con el comedor, y una cocina totalmente equipada. Además, cuenta con un cuarto de servicio, una habitación que puede funcionar como recámara o sala de TV, un baño completo para visitantes, y dos jardines: uno frontal y otro trasero, perfectos para disfrutar del aire libre. La planta alta alberga la habitación principal, que incluye un baño completo y un vestidor. También se encuentran dos habitaciones secundarias que comparten un baño completo. Para aquellos que buscan un plus de estilo, existe la opción de incluir un Roof Garden, ideal para reuniones al aire libre. ¡No pierdas la oportunidad de vivir en un entorno tranquilo con todas las comodidades a tu alcance! *Casa es apta para todo tipo de crédito *Precio sujeto a cambios sin previo aviso. *Los gastos de escrituración, impuestos etc. No están incluidos en el precio En Nazarit Bienes Raíces te ofrecemos las mejores opciones que se adecuen a tus necesidades, te apoyamos en todo el tramite y asesoría sin costo extra. ¡Contáctanos!",2900000,"MN 2,900,000",MXN,venta,Casa,"Casas en Preventa - Santa Anita Huiloac, Apizaco, Tlaxcala.",Pueblo San Matías Tepetomatitlan,ApetatitlAn de Antonio Carvajal,Tlaxcala,19.3551936,-98.1949814,3.0,3.0,208.0,200.0,2.0,0.0,A estrenar,Publicado hace más de 1 año,,https://img10.naventcdn.com/avisos/18/01/46/75/13/72/1200x1200/1599704616.jpg?isFirstImage=true|https://img10.naventcdn.com/avisos/18/01/46/75/13/72/1200x1200/1599704620.jpg|https://img10.naventcdn.com/avisos/18/01/46/75/13/72/1200x1200/1599704587.jpg|https://img10.naventcdn.com/avisos/18/01/46/75/13/72/1200x1200/1599704566.jpg|https://img10.naventcdn.com/avisos/18/01/46/75/13/72/1200x1200/1599704568.jpg|https://img10.naventcdn.com/avisos/18/01/46/75/13/72/1200x1200/1599704622.jpg|https://img10.naventcdn.com/avisos/18/01/46/75/13/72/1200x1200/1599704572.jpg|https://img10.naventcdn.com/avisos/18/01/46/75/13/72/1200x1200/1599704615.jpg|https://img10.naventcdn.com/avisos/18/01/46/75/13/72/1200x1200/1599704582.jpg|https://img10.naventcdn.com/avisos/18/01/46/75/13/72/1200x1200/1599704606.jpg|https://img10.naventcdn.com/avisos/18/01/46/75/13/72/1200x1200/1599704591.jpg|https://img10.naventcdn.com/avisos/18/01/46/75/13/72/1200x1200/1599704602.jpg|https://img10.naventcdn.com/avisos/18/01/46/75/13/72/1200x1200/1599704608.jpg|https://img10.naventcdn.com/avisos/18/01/46/75/13/72/1200x1200/1599704613.jpg|https://img10.naventcdn.com/avisos/18/01/46/75/13/72/1200x1200/1599704579.jpg|https://img10.naventcdn.com/avisos/18/01/46/75/13/72/1200x1200/1599704604.jpg|https://img10.naventcdn.com/avisos/18/01/46/75/13/72/1200x1200/1599704609.jpg|https://img10.naventcdn.com/avisos/18/01/46/75/13/72/1200x1200/1599704597.jpg|https://img10.naventcdn.com/avisos/18/01/46/75/13/72/1200x1200/1599704614.jpg|https://img10.naventcdn.com/avisos/18/01/46/75/13/72/1200x1200/1599704580.jpg|https://img10.naventcdn.com/avisos/18/01/46/75/13/72/1200x1200/1599704583.jpg|https://img10.naventcdn.com/avisos/18/01/46/75/13/72/1200x1200/1599704588.jpg|https://img10.naventcdn.com/avisos/18/01/46/75/13/72/1200x1200/1599704581.jpg|https://img10.naventcdn.com/avisos/18/01/46/75/13/72/1200x1200/1599704569.jpg|https://img10.naventcdn.com/avisos/18/01/46/75/13/72/1200x1200/1599704576.jpg,,52 2461390017,Nazarit Bienes Raíces,51357399,https://www.inmuebles24.com/inmobiliarias/nazarit-bienes-raices_51357399-inmuebles.html,2025-06-18T02:17:57Z,2026-08-25T10:06:03.366951+00:00,https://www.inmuebles24.com/casas-o-casa-en-condominio-o-departamentos-en-venta-en-tlaxcala-provincia-ordenado-por-fechaonline-descendente.html-pagina-8.html
https://www.inmuebles24.com/propiedades/clasificado/veclcain-preventa-de-casa-con-tres-recamaras-y-roof-garden-en-147191786.html,147191786,NHO7216701,sale,"Preventa de Casa con Tres Recamaras y Roof Garden En, Apizaco, Tlaxcala","Descubra su próximo hogar en Santa Anita Huiloac, Apizaco, Tlaxcala, a tan solo 100 metros de la Guardia Nacional. Ubicada en una zona de alta plusvalía, esta casa ofrece una combinación perfecta de estilo y funcionalidad. La planta baja cuenta con una sala de estar acogedora, comedor y una moderna cocina integral con isla, ideal para los amantes de la cocina. Un área de servicio conveniente y un medio baño complementan este nivel. La cochera tiene espacio para dos autos, y el jardín es perfecto para disfrutar de momentos al aire libre. En el primer nivel, la recámara principal ofrece un vestidor, baño completo y clóset. Dos recámaras secundarias comparten un baño completo adicional, proporcionando comodidad para toda la familia. El segundo nivel presenta un atractivo roof garden con asador, ideal para reuniones y eventos al aire libre. La propiedad es apta para crédito y se encuentra en un entorno con servicios esenciales como alcantarillado, electricidad, agua potable, e internet. Además, cuenta con instalaciones adicionales que incluyen un gimnasio, juegos para niños y un centro deportivo. El precio está sujeto a cambios, y los gastos de escrituración e impuestos no están incluidos. En Nazarit Bienes Raíces, nuestro equipo le ofrece asesoría sin costo adicional para encontrar la mejor opción que se ajuste a sus necesidades. ¡Contáctenos para más información!",2100000,"MN 2,100,000",MXN,venta,Casa,"Casa en Preventa - Santa Anita Huiloac, Apizaco, Tlaxcala",Pueblo Santa Anita Huiloac,Apizaco,Tlaxcala,19.3840417,-98.1444799,3.0,2.0,120.0,139.0,2.0,0.0,A estrenar,Publicado hace más de 1 año,,https://img10.naventcdn.com/avisos/18/01/47/19/17/86/1200x1200/1599704641.jpg?isFirstImage=true|https://img10.naventcdn.com/avisos/18/01/47/19/17/86/1200x1200/1599704611.jpg|https://img10.naventcdn.com/avisos/18/01/47/19/17/86/1200x1200/1599704642.jpg|https://img10.naventcdn.com/avisos/18/01/47/19/17/86/1200x1200/1599704632.jpg|https://img10.naventcdn.com/avisos/18/01/47/19/17/86/1200x1200/1599704623.jpg|https://img10.naventcdn.com/avisos/18/01/47/19/17/86/1200x1200/1599704618.jpg|https://img10.naventcdn.com/avisos/18/01/47/19/17/86/1200x1200/1599704639.jpg|https://img10.naventcdn.com/avisos/18/01/47/19/17/86/1200x1200/1599704636.jpg|https://img10.naventcdn.com/avisos/18/01/47/19/17/86/1200x1200/1599704634.jpg|https://img10.naventcdn.com/avisos/18/01/47/19/17/86/1200x1200/1599704610.jpg|https://img10.naventcdn.com/avisos/18/01/47/19/17/86/1200x1200/1599704626.jpg|https://img10.naventcdn.com/avisos/18/01/47/19/17/86/1200x1200/1599704638.jpg|https://img10.naventcdn.com/avisos/18/01/47/19/17/86/1200x1200/1599704617.jpg|https://img10.naventcdn.com/avisos/18/01/47/19/17/86/1200x1200/1599704631.jpg|https://img10.naventcdn.com/avisos/18/01/47/19/17/86/1200x1200/1599704643.jpg|https://img10.naventcdn.com/avisos/18/01/47/19/17/86/1200x1200/1599704621.jpg|https://img10.naventcdn.com/avisos/18/01/47/19/17/86/1200x1200/1599704619.jpg|https://img10.naventcdn.com/avisos/18/01/47/19/17/86/1200x1200/1599704635.jpg|https://img10.naventcdn.com/avisos/18/01/47/19/17/86/1200x1200/1599704627.jpg|https://img10.naventcdn.com/avisos/18/01/47/19/17/86/1200x1200/1599704612.jpg|https://img10.naventcdn.com/avisos/18/01/47/19/17/86/1200x1200/1599704640.jpg|https://img10.naventcdn.com/avisos/18/01/47/19/17/86/1200x1200/1599704605.jpg,,52 2461390017,Nazarit Bienes Raíces,51357399,https://www.inmuebles24.com/inmobiliarias/nazarit-bienes-raices_51357399-inmuebles.html,2025-08-04T23:03:08Z,2026-08-25T10:06:03.366951+00:00,https://www.inmuebles24.com/casas-o-casa-en-condominio-o-departamentos-en-venta-en-tlaxcala-provincia-ordenado-por-fechaonline-descendente.html-pagina-8.html
https://www.inmuebles24.com/propiedades/clasificado/veclcain-residencia-casa-en-super-ubicacion-a-5-minutos-de-147999555.html,147999555,NN-QF1000283,sale,Residencia Casa en Super Ubicación a 5 Minutos de Santa Ana Centro y Tlaxcala Centro Salidas Especia,"VENTA DE CASA EN SANTA MARIA IXTULCO SALA COMEDOR COCINA EQUIPADA CON CAMPANA, BARRA DE GRANITO, MICROONDAS, PARILLA Y CAMPANA. CUARTO DE BLANCOS MEDIO BAÑO LIBRERO JARDIN LATERAL Y TRASERO CISTERNA 6,000 LITROS FACHADA MINIMALISTA AREA DE Cava O DE LIBROS SALA DE TV 2 RECAMARAS CON BAÑO PRINCIPAL COMPARTIDO RECAMARA PRINCIPAL CON VESTIDOR Y BAÑO COMPLETO PROPIO ROOF GARDEN YA CON BARDA Y MEDIO BAÑO. ESTA CASA SE HIZO CON LOS MEJORES MATERIALES Y CALCULOS DE INGENIERIA ARRIBA, USANDO VARILLAS DE HASTA UNA PULGADA, ESTA CASA AGUANTA EN EL ROOF OTRO PISO. ACEPTAMOS TODOS LOS CREDITOS",2350000,"MN 2,350,000",MXN,venta,Casa,"Santa Maria Ixtulco, Tlaxcala, Tlaxcala",Santa María Ixtulco,Tlaxcala,Tlaxcala,19.285821451,-98.233513671,3.0,2.0,175.0,128.0,2.0,250.0,1,Publicado hace 304 días,,https://img10.naventcdn.com/avisos/18/01/47/99/95/55/1200x1200/1568305254.jpg?isFirstImage=true|https://img10.naventcdn.com/avisos/18/01/47/99/95/55/1200x1200/1568305253.jpg|https://img10.naventcdn.com/avisos/18/01/47/99/95/55/1200x1200/1568305258.jpg|https://img10.naventcdn.com/avisos/18/01/47/99/95/55/1200x1200/1568305243.jpg|https://img10.naventcdn.com/avisos/18/01/47/99/95/55/1200x1200/1568305261.jpg|https://img10.naventcdn.com/avisos/18/01/47/99/95/55/1200x1200/1568305244.jpg|https://img10.naventcdn.com/avisos/18/01/47/99/95/55/1200x1200/1568305248.jpg|https://img10.naventcdn.com/avisos/18/01/47/99/95/55/1200x1200/1568305262.jpg|https://img10.naventcdn.com/avisos/18/01/47/99/95/55/1200x1200/1568305255.jpg|https://img10.naventcdn.com/avisos/18/01/47/99/95/55/1200x1200/1568305260.jpg|https://img10.naventcdn.com/avisos/18/01/47/99/95/55/1200x1200/1568305251.jpg|https://img10.naventcdn.com/avisos/18/01/47/99/95/55/1200x1200/1568305250.jpg|https://img10.naventcdn.com/avisos/18/01/47/99/95/55/1200x1200/1568305249.jpg|https://img10.naventcdn.com/avisos/18/01/47/99/95/55/1200x1200/1568305242.jpg|https://img10.naventcdn.com/avisos/18/01/47/99/95/55/1200x1200/1568305246.jpg|https://img10.naventcdn.com/avisos/18/01/47/99/95/55/1200x1200/1568305241.jpg|https://img10.naventcdn.com/avisos/18/01/47/99/95/55/1200x1200/1568305245.jpg|https://img10.naventcdn.com/avisos/18/01/47/99/95/55/1200x1200/1568305240.jpg|https://img10.naventcdn.com/avisos/18/01/47/99/95/55/1200x1200/1568305247.jpg|https://img10.naventcdn.com/avisos/18/01/47/99/95/55/1200x1200/1568305257.jpg|https://img10.naventcdn.com/avisos/18/01/47/99/95/55/1200x1200/1568305239.jpg|https://img10.naventcdn.com/avisos/18/01/47/99/95/55/1200x1200/1568305252.jpg|https://img10.naventcdn.com/avisos/18/01/47/99/95/55/1200x1200/1568305256.jpg|https://img10.naventcdn.com/avisos/18/01/47/99/95/55/1200x1200/1568305259.jpg,22298.0,52 2229803957,WALL BROKERS REAL ESTATE PUEBLA,102301017,https://www.inmuebles24.com/inmobiliarias/wall-brokers-real-estate-puebla_102301017-inmuebles.html,2025-10-25T17:09:14Z,2026-08-25T10:06:03.366951+00:00,https://www.inmuebles24.com/casas-o-casa-en-condominio-o-departamentos-en-venta-en-tlaxcala-provincia-ordenado-por-fechaonline-descendente.html-pagina-8.html
https://www.inmuebles24.com/propiedades/clasificado/veclcain-venta-de-casas-con-tres-habitaciones-en-apizaco-146828852.html,146828852,NHO7100115,sale,"Venta de Casas con Tres Habitaciones en Apizaco, Tlaxcala","Ubicada en el atractivo vecindario de Granjas de Guadalupe, en Apizaco, Tlaxcala, esta casa ofrece una combinación perfecta de comodidad y accesibilidad. A solo 500 metros del Colegio Montessori y Newton, y a 2 minutos de la carretera Tlaxco - Apizaco, su ubicación es ideal para quienes buscan un fácil acceso a servicios educativos y vías principales. Apizaco se encuentra a tan solo 7 minutos, lo que permite disfrutar de las comodidades de la ciudad sin perder la tranquilidad del entorno residencial. La propiedad se distribuye en dos niveles. En la planta baja, encontrará una acogedora sala, un comedor, y una cocina funcional, además de un área de servicio. La cochera tiene espacio para un auto y hay un práctico medio baño. En la planta alta, tres recámaras comparten un baño completo, proporcionando un espacio confortable para toda la familia. Este inmueble acepta todos los créditos, lo que lo convierte en una opción accesible para diversos perfiles de comprador. El precio está sujeto a cambios sin previo aviso y no incluye gastos de escrituración ni impuestos. En Nazarit Bienes Raíces, nos comprometemos a ofrecer las mejores opciones ajustadas a sus necesidades, brindando asesoría gratuita durante todo el proceso. ¡Contáctenos para más información! La casa cuenta con servicios esenciales como alcantarillado, internet, electricidad, teléfono, agua potable y alumbrado público. Además, es apta para mascotas y profesionales, y está rodeada de rutas de transporte, brindando luminosidad y confort.",1300000,"MN 1,300,000",MXN,venta,Casa,"Casas en Venta - Apizaco, Tlaxcala",Pueblo San Bartolome Matlalohcan,Tetla de la Solidaridad,Tlaxcala,19.4255264,-98.1231631,3.0,1.0,130.0,89.0,1.0,0.0,A estrenar,Publicado hace más de 1 año,,https://img10.naventcdn.com/avisos/18/01/46/82/88/52/1200x1200/1620266347.jpg?isFirstImage=true|https://img10.naventcdn.com/avisos/18/01/46/82/88/52/1200x1200/1620266349.jpg|https://img10.naventcdn.com/avisos/18/01/46/82/88/52/1200x1200/1620266356.jpg|https://img10.naventcdn.com/avisos/18/01/46/82/88/52/1200x1200/1620266354.jpg|https://img10.naventcdn.com/avisos/18/01/46/82/88/52/1200x1200/1620266336.jpg|https://img10.naventcdn.com/avisos/18/01/46/82/88/52/1200x1200/1620266348.jpg|https://img10.naventcdn.com/avisos/18/01/46/82/88/52/1200x1200/1620266353.jpg|https://img10.naventcdn.com/avisos/18/01/46/82/88/52/1200x1200/1620266340.jpg|https://img10.naventcdn.com/avisos/18/01/46/82/88/52/1200x1200/1620266342.jpg|https://img10.naventcdn.com/avisos/18/01/46/82/88/52/1200x1200/1620266290.jpg|https://img10.naventcdn.com/avisos/18/01/46/82/88/52/1200x1200/1620266344.jpg|https://img10.naventcdn.com/avisos/18/01/46/82/88/52/1200x1200/1620266335.jpg|https://img10.naventcdn.com/avisos/18/01/46/82/88/52/1200x1200/1620266355.jpg|https://img10.naventcdn.com/avisos/18/01/46/82/88/52/1200x1200/1620266350.jpg|https://img10.naventcdn.com/avisos/18/01/46/82/88/52/1200x1200/1620266346.jpg|https://img10.naventcdn.com/avisos/18/01/46/82/88/52/1200x1200/1620266341.jpg|https://img10.naventcdn.com/avisos/18/01/46/82/88/52/1200x1200/1620266345.jpg|https://img10.naventcdn.com/avisos/18/01/46/82/88/52/1200x1200/1620266337.jpg|https://img10.naventcdn.com/avisos/18/01/46/82/88/52/1200x1200/1620266339.jpg|https://img10.naventcdn.com/avisos/18/01/46/82/88/52/1200x1200/1620266351.jpg|https://img10.naventcdn.com/avisos/18/01/46/82/88/52/1200x1200/1620266352.jpg|https://img10.naventcdn.com/avisos/18/01/46/82/88/52/1200x1200/1620266047.jpg|https://img10.naventcdn.com/avisos/18/01/46/82/88/52/1200x1200/1599704377.jpg,,52 2461390017,Nazarit Bienes Raíces,51357399,https://www.inmuebles24.com/inmobiliarias/nazarit-bienes-raices_51357399-inmuebles.html,2025-06-25T19:59:08Z,2026-08-25T10:06:03.366951+00:00,https://www.inmuebles24.com/casas-o-casa-en-condominio-o-departamentos-en-venta-en-tlaxcala-provincia-ordenado-por-fechaonline-descendente.html-pagina-8.html
https://www.inmuebles24.com/propiedades/clasificado/veclapin-departamento-en-venta-en-val-quirico-146508433.html,146508433,MAP7009921,sale,Departamento en Venta en Val´quirico,"PREVENTA DE DEPARTAMENTOS EN VAL´QUIRICO DESARROLLO INMOBILIARIO ÚNICO EN SU TIPO, CUENTA CON UNA ARQUITECTURA CLÁSICA DE GRAN PLUSVALIA, SEGURIDAD Y AMBIENTE FAMILIAR. VAL´QUIRICO ESTÁ CATALOGADO COMO UN DESTINO DE INVERSIÓN DE ALTA PLUSVALIA. TAN CERCANA A LA CIUDAD Y TAN LEJOS DE LO CONVENCIONAL. EL BARRIO DE BOSQUES DE VAL´QUIRICO CUENTA CON LA MEJOR UBICACIÓN AL CENTRO YA QUE ESTÁ UBICADA A TAN SOLO UNOS METROS DE LA ZONA COMERCIAL. EL DEPARTAMENTO CUENTA CON: SALA/COMEDOR COCINA DOS RECÁMARAS, CADA UNA CON CLOSET, BAÑO COMPLETO Y BALCÓN BAÑO DE VISITAS ÁREA DE LAVADO ESTACIONAMIENTO PARA UN AUTO EL DESARROLLO SE ENTREGA EN 24 MESES",4518350,"MN 4,518,350",MXN,venta,Apartamento,"Barrio DEL Bosque, Val´quirico",Exhacienda Santa Águeda,Tetlatlahuca,Tlaxcala,19.1931727,-98.2883712,2.0,2.0,78.0,78.0,1.0,0.0,A estrenar,Publicado hace más de 1 año,,https://img10.naventcdn.com/avisos/18/01/46/50/84/33/1200x1200/1533721431.jpg?isFirstImage=true|https://img10.naventcdn.com/avisos/18/01/46/50/84/33/1200x1200/1533721434.jpg|https://img10.naventcdn.com/avisos/18/01/46/50/84/33/1200x1200/1533721734.jpg|https://img10.naventcdn.com/avisos/18/01/46/50/84/33/1200x1200/1533721435.jpg|https://img10.naventcdn.com/avisos/18/01/46/50/84/33/1200x1200/1533721432.jpg|https://img10.naventcdn.com/avisos/18/01/46/50/84/33/1200x1200/1533721436.jpg|https://img10.naventcdn.com/avisos/18/01/46/50/84/33/1200x1200/1533721433.jpg|https://img10.naventcdn.com/avisos/18/01/46/50/84/33/1200x1200/1533721437.jpg|https://img10.naventcdn.com/avisos/18/01/46/50/84/33/1200x1200/1533721429.jpg|https://img10.naventcdn.com/avisos/18/01/46/50/84/33/1200x1200/1533721428.jpg|https://img10.naventcdn.com/avisos/18/01/46/50/84/33/1200x1200/1533721430.jpg,,52 1 2224554400,Madely Castelán SERVICIOS INMOBILIARIOS,102437120,https://www.inmuebles24.com/inmobiliarias/madely-castelan-servicios-inmobiliarios_102437120-inmuebles.html,2025-05-22T01:03:49Z,2026-08-25T10:06:03.366951+00:00,https://www.inmuebles24.com/casas-o-casa-en-condominio-o-departamentos-en-venta-en-tlaxcala-provincia-ordenado-por-fechaonline-descendente.html-pagina-9.html
https://www.inmuebles24.com/propiedades/clasificado/veclapin-departamento-en-venta-en-val-quirico-146508434.html,146508434,MAP7009921,sale,Departamento en Venta en Val´quirico,"PREVENTA DE DEPARTAMENTOS EN VAL´QUIRICO DESARROLLO INMOBILIARIO ÚNICO EN SU TIPO, CUENTA CON UNA ARQUITECTURA CLÁSICA DE GRAN PLUSVALIA, SEGURIDAD Y AMBIENTE FAMILIAR. VAL´QUIRICO ESTÁ CATALOGADO COMO UN DESTINO DE INVERSIÓN DE ALTA PLUSVALIA. TAN CERCANA A LA CIUDAD Y TAN LEJOS DE LO CONVENCIONAL. EL BARRIO DE BOSQUES DE VAL´QUIRICO CUENTA CON LA MEJOR UBICACIÓN AL CENTRO YA QUE ESTÁ UBICADA A TAN SOLO UNOS METROS DE LA ZONA COMERCIAL. EL DEPARTAMENTO CUENTA CON: SALA/COMEDOR COCINA DOS RECÁMARAS, CADA UNA CON CLOSET, BAÑO COMPLETO Y BALCÓN BAÑO DE VISITAS ÁREA DE LAVADO ESTACIONAMIENTO PARA UN AUTO EL DESARROLLO SE ENTREGA EN 24 MESES",4518350,"MN 4,518,350",MXN,venta,Apartamento,"Barrio DEL Bosque, Val´quirico",Exhacienda Santa Águeda,Tetlatlahuca,Tlaxcala,19.1931727,-98.2883712,2.0,2.0,78.0,78.0,1.0,0.0,A estrenar,Publicado hace más de 1 año,,https://img10.naventcdn.com/avisos/18/01/46/50/84/34/1200x1200/1533721485.jpg?isFirstImage=true|https://img10.naventcdn.com/avisos/18/01/46/50/84/34/1200x1200/1533721487.jpg|https://img10.naventcdn.com/avisos/18/01/46/50/84/34/1200x1200/1533721733.jpg|https://img10.naventcdn.com/avisos/18/01/46/50/84/34/1200x1200/1533721484.jpg|https://img10.naventcdn.com/avisos/18/01/46/50/84/34/1200x1200/1533721483.jpg|https://img10.naventcdn.com/avisos/18/01/46/50/84/34/1200x1200/1533721488.jpg|https://img10.naventcdn.com/avisos/18/01/46/50/84/34/1200x1200/1533721486.jpg|https://img10.naventcdn.com/avisos/18/01/46/50/84/34/1200x1200/1533721489.jpg|https://img10.naventcdn.com/avisos/18/01/46/50/84/34/1200x1200/1533721481.jpg|https://img10.naventcdn.com/avisos/18/01/46/50/84/34/1200x1200/1533721482.jpg|https://img10.naventcdn.com/avisos/18/01/46/50/84/34/1200x1200/1533721480.jpg,,52 1 2224554400,Madely Castelán SERVICIOS INMOBILIARIOS,102437120,https://www.inmuebles24.com/inmobiliarias/madely-castelan-servicios-inmobiliarios_102437120-inmuebles.html,2025-05-22T01:04:04Z,2026-08-25T10:06:03.366951+00:00,https://www.inmuebles24.com/casas-o-casa-en-condominio-o-departamentos-en-venta-en-tlaxcala-provincia-ordenado-por-fechaonline-descendente.html-pagina-9.html
https://www.inmuebles24.com/propiedades/clasificado/veclapin-estrena-loft-de-descanso-en-val-quirico-65915714.html,65915714,EB-LZ6348,sale,Estrena Loft de Descanso en val'Quirico,"Estilo arquitectónico inspirado en la campiña europea. Desde 85 m2 hasta 158 m2, más terraza. Elige tu loft de descanso de dos recamaras, baño completo, cocina, sala-comedor, terraza, elevador. En Val'Quirico a 10 min del aeropuerto de Puebla, y centros comerciales, a 25 min de hospitales y zonas turísticas, a hora y media de CDMX. Desde $3'930.000, elige la mejor la mejor vista dentro de la villa. ****el precio del inmueble no incluye gastos notariales ni impuestos por escrituración, sujeto a disponibilidad sin previo aviso, buzón para quejas y sugerencias*",3930000,"MN 3,930,000",MXN,venta,Apartamento,Donatelo,Pueblo San Miguel Analco,Natívitas,Tlaxcala,19.1813888,-98.3383333,2.0,1.0,101.0,101.0,,0.0,A estrenar,Publicado hace más de 1 año,,https://img10.naventcdn.com/avisos/18/00/65/91/57/14/1200x1200/1617295044.jpg?isFirstImage=true|https://img10.naventcdn.com/avisos/18/00/65/91/57/14/1200x1200/1617295043.jpg|https://img10.naventcdn.com/avisos/18/00/65/91/57/14/1200x1200/1617295040.jpg|https://img10.naventcdn.com/avisos/18/00/65/91/57/14/1200x1200/1617295041.jpg|https://img10.naventcdn.com/avisos/18/00/65/91/57/14/1200x1200/1617295042.jpg|https://img10.naventcdn.com/avisos/18/00/65/91/57/14/1200x1200/1617295047.jpg|https://img10.naventcdn.com/avisos/18/00/65/91/57/14/1200x1200/1617295048.jpg|https://img10.naventcdn.com/avisos/18/00/65/91/57/14/1200x1200/1617295046.jpg|https://img10.naventcdn.com/avisos/18/00/65/91/57/14/1200x1200/1617295045.jpg|https://img10.naventcdn.com/avisos/18/00/65/91/57/14/1200x1200/1617295049.jpg|https://img10.naventcdn.com/avisos/18/00/65/91/57/14/1200x1200/1617295050.jpg|https://img10.naventcdn.com/avisos/18/00/65/91/57/14/1200x1200/1617295051.jpg,,52 5636360622,UKO INMOBILIARIA,51358642,https://www.inmuebles24.com/inmobiliarias/uko-inmobiliaria_51358642-inmuebles.html,2023-01-06T20:45:04Z,2026-08-25T10:07:04.065419+00:00,https://www.inmuebles24.com/casas-o-casa-en-condominio-o-departamentos-en-venta-en-tlaxcala-provincia-ordenado-por-fechaonline-descendente.html-pagina-9.html
https://www.inmuebles24.com/propiedades/clasificado/veclcain-casa-diseno-industrial-en-huamantla-tlaxcala-90152097.html,90152097,3L8STR,sale,"Casa Diseño Industrial en Huamantla, Tlaxcala, Fraccionamiento Cerrado","Casa de una planta con excelente distribución. Cuenta con sala-comedor corridos, ideal para reuniones familiares. La cocina, funcional y práctica, se integra al área social. Disfruta de 3 recámaras, un baño completo y un medio baño para visitas. Un lugar de estacionamiento disponible. La propiedad ofrece 190 m2 de terreno y construcción, con espacios bien aprovechados. El patio trasero es perfecto para crear un jardín o área de asador. Cuenta con pisos de cerámica y ventanas de aluminio. Ubicada en Santa Anita, una colonia tranquila y bien comunicada. Encontrarás escuelas, parques y mercados cercanos. A pocos minutos de avenidas principales y centros comerciales. Fácil acceso a transporte público. Ideal para familias que buscan un hogar cómodo y funcional. Se venden casas tipo industrial en Huamantla Tlaxcala Ubicada a 15 minutos de planta Audi Tres recamaras La recámara principal con baño Sala de tv Sala Comedor Cocina integral Jardín Cochera dos autos Fraccionamiento de 22 casas Se recibe todo tipo de crédito Precio 1,950,000",1950000,"MN 1,950,000",MXN,venta,Casa,Barrio Santa Anita,Barrio Santa Anita,Huamantla,Tlaxcala,,,3.0,1.0,190.0,190.0,1.0,0.0,A estrenar,Publicado hace más de 1 año,,https://img10.naventcdn.com/avisos/18/00/90/15/20/97/1200x1200/1022990405.jpg?isFirstImage=true|https://img10.naventcdn.com/avisos/18/00/90/15/20/97/1200x1200/1022983665.jpg|https://img10.naventcdn.com/avisos/18/00/90/15/20/97/1200x1200/1022983672.jpg|https://img10.naventcdn.com/avisos/18/00/90/15/20/97/1200x1200/1022983681.jpg|https://img10.naventcdn.com/avisos/18/00/90/15/20/97/1200x1200/1022983671.jpg|https://img10.naventcdn.com/avisos/18/00/90/15/20/97/1200x1200/1022983673.jpg|https://img10.naventcdn.com/avisos/18/00/90/15/20/97/1200x1200/1022983667.jpg|https://img10.naventcdn.com/avisos/18/00/90/15/20/97/1200x1200/1022983682.jpg|https://img10.naventcdn.com/avisos/18/00/90/15/20/97/1200x1200/1022983679.jpg|https://img10.naventcdn.com/avisos/18/00/90/15/20/97/1200x1200/1022983678.jpg|https://img10.naventcdn.com/avisos/18/00/90/15/20/97/1200x1200/1022983677.jpg|https://img10.naventcdn.com/avisos/18/00/90/15/20/97/1200x1200/1022983676.jpg|https://img10.naventcdn.com/avisos/18/00/90/15/20/97/1200x1200/1022983669.jpg|https://img10.naventcdn.com/avisos/18/00/90/15/20/97/1200x1200/1022983675.jpg|https://img10.naventcdn.com/avisos/18/00/90/15/20/97/1200x1200/1022983666.jpg|https://img10.naventcdn.com/avisos/18/00/90/15/20/97/1200x1200/1022983668.jpg|https://img10.naventcdn.com/avisos/18/00/90/15/20/97/1200x1200/1022983664.jpg|https://img10.naventcdn.com/avisos/18/00/90/15/20/97/1200x1200/1022983670.jpg|https://img10.naventcdn.com/avisos/18/00/90/15/20/97/1200x1200/1022983674.jpg,,52 2225176573,CORPORATIVO INMOBILIARIO,51181859,https://www.inmuebles24.com/inmobiliarias/corporativo-inmobiliario_51181859-inmuebles.html,2023-06-13T16:42:30Z,2026-08-25T10:07:04.065419+00:00,https://www.inmuebles24.com/casas-o-casa-en-condominio-o-departamentos-en-venta-en-tlaxcala-provincia-ordenado-por-fechaonline-descendente.html-pagina-9.html
https://www.inmuebles24.com/propiedades/clasificado/veclcain-casa-en-calle-cerrada-san-martin-de-porres-apizaco-145163968.html,145163968,HCV-168-60324,sale,"Casa en Calle Cerrada, San Martin de Porres, Apizaco","Casa amplia, iluminada y con la mejor distribución en la zona de San Martin de Porres, Apizaco, Tlaxcala. Esta casa cuenta con área para un lugar de estacionamiento techado; y la ventaja de encontrarse localizada en calle privada o cerrada, por lo que el aspecto de seguridad le proporciona un valor agregado, en comparación con muchos otros inmuebles en la zona. Considera la oportunidad para ejercer cualquier tipo de crédito hipotecario y aprovechar al máximo los beneficios de encontrarse en la cercanía de los Hospitales, General Zona 2 Apizaco y Central de Apizaco, así como la tienda Soriana de Avenida Ignacio Zaragoza. Casa con distribución tradicional: en Planta Baja, estancia, sala comedor, baño completo, desayunador, barra en cocina y barra, y como el mejor complemento a ésta gran espacio funcional como alacena o cuarto de despensa. En Planta Alta, 3 recámaras, la recámara principal con baño completo y tina. En Planta Azotea área funcional como bodega y cuarto de lavado o tendido, con la comodidad de un medio baño.",2400000,"MN 2,400,000",MXN,venta,Casa,Calle Emilio Carranza,San Martin de Porres,Apizaco,Tlaxcala,19.4131631,-98.1493034,3.0,2.0,230.0,106.0,2.0,0.0,30,Publicado hace más de 1 año,,https://img10.naventcdn.com/avisos/18/01/45/16/39/68/1200x1200/1498134458.jpg?isFirstImage=true|https://img10.naventcdn.com/avisos/18/01/45/16/39/68/1200x1200/1498134448.jpg|https://img10.naventcdn.com/avisos/18/01/45/16/39/68/1200x1200/1498134447.jpg|https://img10.naventcdn.com/avisos/18/01/45/16/39/68/1200x1200/1498134449.jpg|https://img10.naventcdn.com/avisos/18/01/45/16/39/68/1200x1200/1498134453.jpg|https://img10.naventcdn.com/avisos/18/01/45/16/39/68/1200x1200/1498134451.jpg|https://img10.naventcdn.com/avisos/18/01/45/16/39/68/1200x1200/1498134455.jpg|https://img10.naventcdn.com/avisos/18/01/45/16/39/68/1200x1200/1498134452.jpg|https://img10.naventcdn.com/avisos/18/01/45/16/39/68/1200x1200/1498134457.jpg|https://img10.naventcdn.com/avisos/18/01/45/16/39/68/1200x1200/1498134450.jpg|https://img10.naventcdn.com/avisos/18/01/45/16/39/68/1200x1200/1498134454.jpg|https://img10.naventcdn.com/avisos/18/01/45/16/39/68/1200x1200/1498134456.jpg,,52 5585437325,Coldwell Banker ABC,51301747,https://www.inmuebles24.com/inmobiliarias/coldwell-banker-abc_51301747-inmuebles.html,2024-11-26T22:33:01Z,2026-08-25T10:07:04.065419+00:00,https://www.inmuebles24.com/casas-o-casa-en-condominio-o-departamentos-en-venta-en-tlaxcala-provincia-ordenado-por-fechaonline-descendente.html-pagina-9.html
https://www.inmuebles24.com/propiedades/clasificado/veclcain-casa-en-preventa-en-papalotla-tlaxcala-via-corta-145207858.html,145207858,EB-RU3212,sale,"Casa en Preventa en Papalotla, Tlaxcala - Vía Corta Santa Ana Puebla","Casa en preventa en Papalotla, Tlaxcala. Un proyecto en construcción con fecha de entrega durante el primer semestre del año 2026. Se muestra avance de obra en fotos y video. Características: Exterior: • 1 Cajón de estacionamiento. • Área para segundo cajón o jardín. • Cisterna de 5,000 lt Planta baja: • Sala - comedor. • Cocina con barra e isla. • Habitación de usos múltiples. • 1 Medio baño. • Área de lavado y servicio. Planta alta: • Recámara principal con terraza. • 2 Recámaras secundarias. • 2 Baños. • Estancia. Azotea: • Calentador solar. • Calentador a gas. • Tanque estacionario. Acceso a fraccionamiento: • Acceso peatonal. • Portón para vehículos. • Calle de acceso adoquinada. • Barda delimitadora. Datos de construcción: • Cimientos de piedra. • Castillos de varilla. • Alto refuerzo de varilla en trabes. • Muros de tabique y block. Vías de acceso: • Sobre carretera vía corta, Puebla - Santa Ana. • 18 Minutos de carretera federal Puebla Tlaxcala. • 18 min de Finsa. • 18 min de CAPU. Servicios de la zona: • Transporte público. • Gasolineras. • Super mercados. • Escuelas. • Áreas deportivas. Medios de pago: • Crédito FOVISSSTE. • Crédito bancario. • Contado.",3265000,"MN 3,265,000",MXN,venta,Casa,Benito Juárez,Xolalpa,Papalotla de Xicohténcatl,Tlaxcala,19.1746464,-98.1967906,3.0,2.0,175.0,147.0,1.0,0.0,A estrenar,Publicado hace más de 1 año,,https://img10.naventcdn.com/avisos/18/01/45/20/78/58/1200x1200/1580650213.jpg?isFirstImage=true|https://img10.naventcdn.com/avisos/18/01/45/20/78/58/1200x1200/1580650189.jpg|https://img10.naventcdn.com/avisos/18/01/45/20/78/58/1200x1200/1580650203.jpg|https://img10.naventcdn.com/avisos/18/01/45/20/78/58/1200x1200/1580650212.jpg|https://img10.naventcdn.com/avisos/18/01/45/20/78/58/1200x1200/1580650210.jpg|https://img10.naventcdn.com/avisos/18/01/45/20/78/58/1200x1200/1580650190.jpg|https://img10.naventcdn.com/avisos/18/01/45/20/78/58/1200x1200/1580650205.jpg|https://img10.naventcdn.com/avisos/18/01/45/20/78/58/1200x1200/1580650183.jpg|https://img10.naventcdn.com/avisos/18/01/45/20/78/58/1200x1200/1580650184.jpg|https://img10.naventcdn.com/avisos/18/01/45/20/78/58/1200x1200/1580650177.jpg|https://img10.naventcdn.com/avisos/18/01/45/20/78/58/1200x1200/1580650172.jpg|https://img10.naventcdn.com/avisos/18/01/45/20/78/58/1200x1200/1580650198.jpg|https://img10.naventcdn.com/avisos/18/01/45/20/78/58/1200x1200/1580650196.jpg|https://img10.naventcdn.com/avisos/18/01/45/20/78/58/1200x1200/1580650174.jpg|https://img10.naventcdn.com/avisos/18/01/45/20/78/58/1200x1200/1580650204.jpg|https://img10.naventcdn.com/avisos/18/01/45/20/78/58/1200x1200/1580650175.jpg|https://img10.naventcdn.com/avisos/18/01/45/20/78/58/1200x1200/1580650209.jpg|https://img10.naventcdn.com/avisos/18/01/45/20/78/58/1200x1200/1580650178.jpg|https://img10.naventcdn.com/avisos/18/01/45/20/78/58/1200x1200/1580650187.jpg|https://img10.naventcdn.com/avisos/18/01/45/20/78/58/1200x1200/1580650208.jpg|https://img10.naventcdn.com/avisos/18/01/45/20/78/58/1200x1200/1580650185.jpg|https://img10.naventcdn.com/avisos/18/01/45/20/78/58/1200x1200/1580650181.jpg|https://img10.naventcdn.com/avisos/18/01/45/20/78/58/1200x1200/1580650193.jpg|https://img10.naventcdn.com/avisos/18/01/45/20/78/58/1200x1200/1580650179.jpg|https://img10.naventcdn.com/avisos/18/01/45/20/78/58/1200x1200/1580650197.jpg|https://img10.naventcdn.com/avisos/18/01/45/20/78/58/1200x1200/1580650182.jpg|https://img10.naventcdn.com/avisos/18/01/45/20/78/58/1200x1200/1580650199.jpg|https://img10.naventcdn.com/avisos/18/01/45/20/78/58/1200x1200/1580650176.jpg|https://img10.naventcdn.com/avisos/18/01/45/20/78/58/1200x1200/1580650173.jpg|https://img10.naventcdn.com/avisos/18/01/45/20/78/58/1200x1200/1580650180.jpg|https://img10.naventcdn.com/avisos/18/01/45/20/78/58/1200x1200/1580650201.jpg|https://img10.naventcdn.com/avisos/18/01/45/20/78/58/1200x1200/1580650206.jpg|https://img10.naventcdn.com/avisos/18/01/45/20/78/58/1200x1200/1580650171.jpg|https://img10.naventcdn.com/avisos/18/01/45/20/78/58/1200x1200/1580650211.jpg|https://img10.naventcdn.com/avisos/18/01/45/20/78/58/1200x1200/1580650194.jpg|https://img10.naventcdn.com/avisos/18/01/45/20/78/58/1200x1200/1580650200.jpg|https://img10.naventcdn.com/avisos/18/01/45/20/78/58/1200x1200/1580650202.jpg|https://img10.naventcdn.com/avisos/18/01/45/20/78/58/1200x1200/1580650207.jpg|https://img10.naventcdn.com/avisos/18/01/45/20/78/58/1200x1200/1580650191.jpg|https://img10.naventcdn.com/avisos/18/01/45/20/78/58/1200x1200/1580650195.jpg|https://img10.naventcdn.com/avisos/18/01/45/20/78/58/1200x1200/1580650188.jpg|https://img10.naventcdn.com/avisos/18/01/45/20/78/58/1200x1200/1580650192.jpg|https://img10.naventcdn.com/avisos/18/01/45/20/78/58/1200x1200/1580650186.jpg,,52 2212620310,Inmovisión Soluciones Inmobiliarias,50023023,https://www.inmuebles24.com/inmobiliarias/inmovision-soluciones-inmobiliarias_50023023-inmuebles.html,2024-12-02T22:57:17Z,2026-08-25T10:07:04.065419+00:00,https://www.inmuebles24.com/casas-o-casa-en-condominio-o-departamentos-en-venta-en-tlaxcala-provincia-ordenado-por-fechaonline-descendente.html-pagina-9.html
https://www.inmuebles24.com/propiedades/clasificado/veclcain-casa-en-venta-2-recamaras-en-pueblo-san-miguel-contla-145831963.html,145831963,NHO6808728,sale,Casa en Venta 2 Recámaras en Pueblo San Miguel Contla,"A 5 minutos de la universidad Metropolitana A 6 minutos del Centro Vacacional La Trinidad A 14 minutos del centro de Apizaco Casas en venta dentro de Fraccionamiento cerrado ""Real del Bosque"" Distribución: Sala, comedor, cocina, dos recamaras, area de servicio, cochera para un auto. *Los precios pueden variar por el excedente de terreno Disponibles: Casa 11: $914,000.00 Terreno 112.42m2Construcción 79.37m2 *Se aceptan todos los créditos y recursos propios. *Precio sujeto a cambios sin previo aviso. *Los gastos de escrituración, impuestos etc. No están incluidos en el precio En Nazarit Bienes Raíces te ofrecemos las mejores opciones que se adecuen a tus necesidades, te apoyamos en todo el tramite y asesoria sin costo extra. ¡Contactanos!",914000,"MN 914,000",MXN,venta,Casa,"Casas en Venta - Santa Cruz, Tlaxcala.",Pueblo San Miguel Contla,Santa Cruz Tlaxcala,Tlaxcala,19.3837742,-98.1311249,2.0,1.0,68.0,97.0,1.0,0.0,A estrenar,Publicado hace más de 1 año,,https://img10.naventcdn.com/avisos/18/01/45/83/19/63/1200x1200/1599704409.jpg?isFirstImage=true|https://img10.naventcdn.com/avisos/18/01/45/83/19/63/1200x1200/1599704418.jpg|https://img10.naventcdn.com/avisos/18/01/45/83/19/63/1200x1200/1599704393.jpg|https://img10.naventcdn.com/avisos/18/01/45/83/19/63/1200x1200/1599704413.jpg|https://img10.naventcdn.com/avisos/18/01/45/83/19/63/1200x1200/1599704398.jpg|https://img10.naventcdn.com/avisos/18/01/45/83/19/63/1200x1200/1599704407.jpg|https://img10.naventcdn.com/avisos/18/01/45/83/19/63/1200x1200/1599704417.jpg|https://img10.naventcdn.com/avisos/18/01/45/83/19/63/1200x1200/1599704419.jpg|https://img10.naventcdn.com/avisos/18/01/45/83/19/63/1200x1200/1599704411.jpg|https://img10.naventcdn.com/avisos/18/01/45/83/19/63/1200x1200/1599704395.jpg|https://img10.naventcdn.com/avisos/18/01/45/83/19/63/1200x1200/1599704391.jpg|https://img10.naventcdn.com/avisos/18/01/45/83/19/63/1200x1200/1599704406.jpg|https://img10.naventcdn.com/avisos/18/01/45/83/19/63/1200x1200/1599704405.jpg|https://img10.naventcdn.com/avisos/18/01/45/83/19/63/1200x1200/1599704400.jpg|https://img10.naventcdn.com/avisos/18/01/45/83/19/63/1200x1200/1599704416.jpg,,52 2461390017,Nazarit Bienes Raíces,51357399,https://www.inmuebles24.com/inmobiliarias/nazarit-bienes-raices_51357399-inmuebles.html,2025-02-27T20:25:07Z,2026-08-25T10:07:04.065419+00:00,https://www.inmuebles24.com/casas-o-casa-en-condominio-o-departamentos-en-venta-en-tlaxcala-provincia-ordenado-por-fechaonline-descendente.html-pagina-9.html
https://www.inmuebles24.com/propiedades/clasificado/veclcain-casa-en-venta-cerrada-de-abasolo-no.-107-huamantla-145918530.html,145918530,60305,sale,"Casa en Venta, Cerrada de Abasolo No. 107, Huamantla, Tlaxcala, Cesión de Derechos Adjudicatarios C","CESIÓN DE DERECHOS ADJUDICATARIOS CON POSESIÓN Clave:1 - Ver datos Tipo: Vivienda –Casa Ubicación: Cerrada de Abasolo No.107 en Huamantla, Tlaxcala. Descripción: Casa habitación, PB: Acceso pasillo, recibidor, sala, comedor, cocina, con mueble integral, 2 recamaras, un baño completo y escalera. PA: 3 recamaras con closet, una con baño completo, tina y vestidor. Mts Terreno: 233.35 m2 Mts construcción: 233.35 m2 Precio de Venta: $2,726,000.00 Forma de Pago: Solo Contado Muy Negociable ¡Agenda una visita! Permítenos ofrecerte atención personalizada. Gerardo Sarmiento Cel. Ver datos Agenda una visita! Permítenos ofrecerte atención personalizada.",2726000,"MN 2,726,000",MXN,venta,Casa,"Casa en Venta, Cerrada de Abasolo No. 107 , Huamantla, Tlaxcala, Cesión de Derechos Adjudicatarios con Posesión, Solo Contado muy Negociable, Clave 60305",Huamantla Centro,Huamantla,Tlaxcala,19.3165379,-97.9231446,5.0,4.0,233.0,233.0,,0.0,A estrenar,Publicado hace más de 1 año,,https://img10.naventcdn.com/avisos/18/01/45/91/85/30/1200x1200/1519227731.jpg?isFirstImage=true|https://img10.naventcdn.com/avisos/18/01/45/91/85/30/1200x1200/1519227933.jpg|https://img10.naventcdn.com/avisos/18/01/45/91/85/30/1200x1200/1519227735.jpg,,52 1 9982429053,MEX REALTY,102239017,https://www.inmuebles24.com/inmobiliarias/mex-realty_102239017-inmuebles.html,2025-03-10T22:10:05Z,2026-08-25T10:07:04.065419+00:00,https://www.inmuebles24.com/casas-o-casa-en-condominio-o-departamentos-en-venta-en-tlaxcala-provincia-ordenado-por-fechaonline-descendente.html-pagina-9.html
https://www.inmuebles24.com/propiedades/clasificado/veclcain-casa-en-venta-como-inversion-en-san-lorenzo-cuapiaxtla-146010616.html,146010616,EB-IM6036,sale,Casa en Venta Como Inversión en San Lorenzo Cuapiaxtla Tlaxcala,"Casa Histórica en San Lorenzo Cuapiaxtla Tlaxcala, un pueblito en donde podrás conocer el desierto mas pequeño de México con la flora originaria, sus dunas y fauna. La parroquia de San Lorenzo ubicada en el zocalo tiene un arco estilo neoclásico. Esta casa que tiene un arco histórico resguardado por el INHA, , la casa esta ubicada a un costado del palacio municipal, la entrada a la casa puede ser por la calle peatonal Leonarda Gómez Blanco y la calle Manuel Doblado, por la cual se puede dejar un auto en el estacionamiento de la casa de 156, tiene 3 recamaras , sala comedor ,2 baños, alberca techada, un corredor el cual se podría ocupar como restaurante, salón de eventos o bar, hotel boutique, salón de fiestas, Spa a 10 minutos de San José Chiapa Audi, a 5 minutos de Lara Grajales, las personas no tendrán que trasladarse mas lejos para accesar al restaurant, Spa, Bar o a lo que sea que se destine esta casa. El precio del inmueble no incluye gastos de escrituración.",8000000,"MN 8,000,000",MXN,venta,Casa,Manuel Doblado S/N,Barrio San Miguel,Cuapiaxtla,Tlaxcala,19.2985527,-97.7694064,3.0,2.0,1500.0,1500.0,7.0,0.0,A estrenar,Publicado hace más de 1 año,,https://img10.naventcdn.com/avisos/18/01/46/01/06/16/1200x1200/1521475200.jpg?isFirstImage=true|https://img10.naventcdn.com/avisos/18/01/46/01/06/16/1200x1200/1521475187.jpg|https://img10.naventcdn.com/avisos/18/01/46/01/06/16/1200x1200/1521475202.jpg|https://img10.naventcdn.com/avisos/18/01/46/01/06/16/1200x1200/1521475182.jpg|https://img10.naventcdn.com/avisos/18/01/46/01/06/16/1200x1200/1521475171.jpg|https://img10.naventcdn.com/avisos/18/01/46/01/06/16/1200x1200/1521475174.jpg|https://img10.naventcdn.com/avisos/18/01/46/01/06/16/1200x1200/1521475196.jpg|https://img10.naventcdn.com/avisos/18/01/46/01/06/16/1200x1200/1521475186.jpg|https://img10.naventcdn.com/avisos/18/01/46/01/06/16/1200x1200/1521475189.jpg|https://img10.naventcdn.com/avisos/18/01/46/01/06/16/1200x1200/1521475172.jpg|https://img10.naventcdn.com/avisos/18/01/46/01/06/16/1200x1200/1521475180.jpg|https://img10.naventcdn.com/avisos/18/01/46/01/06/16/1200x1200/1521475173.jpg|https://img10.naventcdn.com/avisos/18/01/46/01/06/16/1200x1200/1521475168.jpg|https://img10.naventcdn.com/avisos/18/01/46/01/06/16/1200x1200/1521475201.jpg|https://img10.naventcdn.com/avisos/18/01/46/01/06/16/1200x1200/1521475198.jpg|https://img10.naventcdn.com/avisos/18/01/46/01/06/16/1200x1200/1521475175.jpg|https://img10.naventcdn.com/avisos/18/01/46/01/06/16/1200x1200/1521475179.jpg|https://img10.naventcdn.com/avisos/18/01/46/01/06/16/1200x1200/1521475164.jpg|https://img10.naventcdn.com/avisos/18/01/46/01/06/16/1200x1200/1521475169.jpg|https://img10.naventcdn.com/avisos/18/01/46/01/06/16/1200x1200/1521475193.jpg|https://img10.naventcdn.com/avisos/18/01/46/01/06/16/1200x1200/1521475184.jpg|https://img10.naventcdn.com/avisos/18/01/46/01/06/16/1200x1200/1521475206.jpg|https://img10.naventcdn.com/avisos/18/01/46/01/06/16/1200x1200/1521475166.jpg|https://img10.naventcdn.com/avisos/18/01/46/01/06/16/1200x1200/1521475165.jpg|https://img10.naventcdn.com/avisos/18/01/46/01/06/16/1200x1200/1521475199.jpg|https://img10.naventcdn.com/avisos/18/01/46/01/06/16/1200x1200/1521475207.jpg|https://img10.naventcdn.com/avisos/18/01/46/01/06/16/1200x1200/1521475183.jpg|https://img10.naventcdn.com/avisos/18/01/46/01/06/16/1200x1200/1521475190.jpg|https://img10.naventcdn.com/avisos/18/01/46/01/06/16/1200x1200/1521475194.jpg|https://img10.naventcdn.com/avisos/18/01/46/01/06/16/1200x1200/1521475204.jpg|https://img10.naventcdn.com/avisos/18/01/46/01/06/16/1200x1200/1521475195.jpg|https://img10.naventcdn.com/avisos/18/01/46/01/06/16/1200x1200/1521475197.jpg|https://img10.naventcdn.com/avisos/18/01/46/01/06/16/1200x1200/1521475192.jpg|https://img10.naventcdn.com/avisos/18/01/46/01/06/16/1200x1200/1521475176.jpg|https://img10.naventcdn.com/avisos/18/01/46/01/06/16/1200x1200/1521475167.jpg|https://img10.naventcdn.com/avisos/18/01/46/01/06/16/1200x1200/1521475188.jpg|https://img10.naventcdn.com/avisos/18/01/46/01/06/16/1200x1200/1521475203.jpg|https://img10.naventcdn.com/avisos/18/01/46/01/06/16/1200x1200/1521475191.jpg|https://img10.naventcdn.com/avisos/18/01/46/01/06/16/1200x1200/1521475170.jpg|https://img10.naventcdn.com/avisos/18/01/46/01/06/16/1200x1200/1521475185.jpg|https://img10.naventcdn.com/avisos/18/01/46/01/06/16/1200x1200/1521475178.jpg|https://img10.naventcdn.com/avisos/18/01/46/01/06/16/1200x1200/1521475177.jpg|https://img10.naventcdn.com/avisos/18/01/46/01/06/16/1200x1200/1521475181.jpg|https://img10.naventcdn.com/avisos/18/01/46/01/06/16/1200x1200/1521475205.jpg,,52 1 5522854566,CM Asesoría Inmobiliaria,694339,https://www.inmuebles24.com/inmobiliarias/cm-asesoria-inmobiliaria_694339-inmuebles.html,2025-03-21T19:06:16Z,2026-08-25T10:07:04.065419+00:00,https://www.inmuebles24.com/casas-o-casa-en-condominio-o-departamentos-en-venta-en-tlaxcala-provincia-ordenado-por-fechaonline-descendente.html-pagina-9.html
https://www.inmuebles24.com/propiedades/clasificado/veclcain-casa-en-venta-con-credito-infonavit-desde-950-000-146124687.html,146124687,VHO6891667,sale,"Casa en Venta con Credito Infonavit Desde 950,000","Venta de casa en la Magdalena Tlaltelulco, Localidad de Teotlalpan, Tlaxcala. Casa en 2 niveles con la siguiente distribución: Planta Baja: Sala, comedor, cocina, medio baño, area de servicio y cochera para 2 autos. Planta Alta: 3 habitaciones y baño completo. Acabados: Piso de cerámica, azulejo en baño, calentador de gas, tarja en cocina, cisterna de 3000 lts., luces let y calentador solar Aceptamos credito Infonavit. Los precios de VHO Ver datos pueden variar sin previo aviso, contáctenos para verificar el mismo.",1350000,"MN 1,350,000",MXN,venta,Casa,Calle 2 de Noviembre Teotlalpan La Magdalena Tlaxcala,Barrio Teotlalpan,La Magdalena Tlaltelulco,Tlaxcala,19.2848454404,-98.2042594112,3.0,1.0,112.0,112.0,2.0,0.0,A estrenar,Publicado hace más de 1 año,,https://img10.naventcdn.com/avisos/18/01/46/12/46/87/1200x1200/1524114881.jpg?isFirstImage=true|https://img10.naventcdn.com/avisos/18/01/46/12/46/87/1200x1200/1524114887.jpg|https://img10.naventcdn.com/avisos/18/01/46/12/46/87/1200x1200/1524114888.jpg|https://img10.naventcdn.com/avisos/18/01/46/12/46/87/1200x1200/1524114889.jpg|https://img10.naventcdn.com/avisos/18/01/46/12/46/87/1200x1200/1524114886.jpg|https://img10.naventcdn.com/avisos/18/01/46/12/46/87/1200x1200/1524114879.jpg|https://img10.naventcdn.com/avisos/18/01/46/12/46/87/1200x1200/1524114880.jpg|https://img10.naventcdn.com/avisos/18/01/46/12/46/87/1200x1200/1524115678.jpg,,52 2461110456,Ricardo Canul J.,84162,https://www.inmuebles24.com/inmobiliarias/ricardo-canul-j._84162-inmuebles.html,2025-04-03T18:03:16Z,2026-08-25T10:07:04.065419+00:00,https://www.inmuebles24.com/casas-o-casa-en-condominio-o-departamentos-en-venta-en-tlaxcala-provincia-ordenado-por-fechaonline-descendente.html-pagina-9.html
https://www.inmuebles24.com/propiedades/clasificado/veclcain-casa-en-venta-con-cuatro-habitaciones-en-ocotlan-143766740.html,143766740,NHO6172517,sale,"Casa en Venta con Cuatro Habitaciones en Ocotlán, Tlaxcala","Casa en Venta – Excelente Ubicación y Gran Plusvalía Invierte en el bienestar y patrimonio de tu familia con esta casa en venta de excelente ubicación, a solo 5 minutos de Soriana y 7 minutos del centro de Tlaxcala, en una zona rodeada de escuelas, transporte público, centros comerciales, restaurantes, hospitales y todos los servicios necesarios para una vida cómoda. Gracias a su conectividad y entorno, esta propiedad es ideal tanto para vivir en familia como para invertir con alta proyección de plusvalía. Distribución +Planta baja: Estacionamiento para dos autos, cisterna, sala y comedor, cocina, área de servicio, medio baño para visitas, recámara o estudio, ideal para home office o visitas +Primer nivel: Habitación principal con vestidor y baño completo, dos habitaciones secundarias con clósets, baño completo compartido +Segundo nivel: Terraza y área de lavado Una propiedad funcional, bien ubicada y con gran potencial de valorización, perfecta para familias que buscan comodidad y una inversión segura. *Se aceptan todos los créditos. *Precio sujeto a cambios sin previo aviso. *Los gastos de escrituración, impuestos etc. No están incluidos en el precio En Nazarit Bienes Raíces te ofrecemos las mejores opciones que se adecuen a tus necesidades, te apoyamos en todo el tramite y asesoría sin costo extra. ¡Contáctanos!",2200000,"MN 2,200,000",MXN,venta,Casa,"Casa en Venta - Barrio Miraflores Ocotlan, Tlaxcala",Tlaxcala Centro,Tlaxcala,Tlaxcala,19.3094507,-98.2251117,4.0,2.0,149.0,106.0,2.0,0.0,A estrenar,Publicado hace más de 1 año,,https://img10.naventcdn.com/avisos/18/01/43/76/67/40/1200x1200/1599704444.jpg?isFirstImage=true|https://img10.naventcdn.com/avisos/18/01/43/76/67/40/1200x1200/1599704508.jpg|https://img10.naventcdn.com/avisos/18/01/43/76/67/40/1200x1200/1599704449.jpg|https://img10.naventcdn.com/avisos/18/01/43/76/67/40/1200x1200/1599704458.jpg|https://img10.naventcdn.com/avisos/18/01/43/76/67/40/1200x1200/1599704454.jpg|https://img10.naventcdn.com/avisos/18/01/43/76/67/40/1200x1200/1599704501.jpg|https://img10.naventcdn.com/avisos/18/01/43/76/67/40/1200x1200/1599704438.jpg|https://img10.naventcdn.com/avisos/18/01/43/76/67/40/1200x1200/1599704451.jpg|https://img10.naventcdn.com/avisos/18/01/43/76/67/40/1200x1200/1599704428.jpg|https://img10.naventcdn.com/avisos/18/01/43/76/67/40/1200x1200/1599704478.jpg|https://img10.naventcdn.com/avisos/18/01/43/76/67/40/1200x1200/1599704431.jpg|https://img10.naventcdn.com/avisos/18/01/43/76/67/40/1200x1200/1599704461.jpg|https://img10.naventcdn.com/avisos/18/01/43/76/67/40/1200x1200/1599704439.jpg|https://img10.naventcdn.com/avisos/18/01/43/76/67/40/1200x1200/1599704460.jpg|https://img10.naventcdn.com/avisos/18/01/43/76/67/40/1200x1200/1599704432.jpg|https://img10.naventcdn.com/avisos/18/01/43/76/67/40/1200x1200/1599704464.jpg|https://img10.naventcdn.com/avisos/18/01/43/76/67/40/1200x1200/1599704436.jpg|https://img10.naventcdn.com/avisos/18/01/43/76/67/40/1200x1200/1599704457.jpg|https://img10.naventcdn.com/avisos/18/01/43/76/67/40/1200x1200/1599704456.jpg|https://img10.naventcdn.com/avisos/18/01/43/76/67/40/1200x1200/1599704429.jpg|https://img10.naventcdn.com/avisos/18/01/43/76/67/40/1200x1200/1599704434.jpg|https://img10.naventcdn.com/avisos/18/01/43/76/67/40/1200x1200/1599704455.jpg|https://img10.naventcdn.com/avisos/18/01/43/76/67/40/1200x1200/1599704450.jpg|https://img10.naventcdn.com/avisos/18/01/43/76/67/40/1200x1200/1599704443.jpg|https://img10.naventcdn.com/avisos/18/01/43/76/67/40/1200x1200/1599704465.jpg|https://img10.naventcdn.com/avisos/18/01/43/76/67/40/1200x1200/1599704448.jpg|https://img10.naventcdn.com/avisos/18/01/43/76/67/40/1200x1200/1599704447.jpg|https://img10.naventcdn.com/avisos/18/01/43/76/67/40/1200x1200/1599704430.jpg|https://img10.naventcdn.com/avisos/18/01/43/76/67/40/1200x1200/1599704466.jpg|https://img10.naventcdn.com/avisos/18/01/43/76/67/40/1200x1200/1599704490.jpg,,52 2461390017,Nazarit Bienes Raíces,51357399,https://www.inmuebles24.com/inmobiliarias/nazarit-bienes-raices_51357399-inmuebles.html,2024-06-10T16:31:49Z,2026-08-25T10:07:04.065419+00:00,https://www.inmuebles24.com/casas-o-casa-en-condominio-o-departamentos-en-venta-en-tlaxcala-provincia-ordenado-por-fechaonline-descendente.html-pagina-9.html
https://www.inmuebles24.com/propiedades/clasificado/veclcain-casa-en-venta-con-excelentes-acabados-cuenta-con-143895383.html,143895383,605709,sale,"Casa en Venta, con Excelentes Acabados, Cuenta con Jardín, Asador, Cerca de Apizaco Tlaxcala - (4)","PROPIEDAD EN VENTA – SANTA ÚRSULA ZIMATEPEC, TLAxcala Ideal para vivienda, descanso o proyecto con local comercial Se ofrece propiedad de dos niveles , ubicada en la comunidad de Santa Úrsula Zimatepec , dentro del municipio de Yauhquemehcan , en un entorno que combina tranquilidad, naturaleza y excelente conectividad regional . Superficies: Terreno: 260 m⊃2; Construcción: 256 m⊃2; Distribución y características 3 habitaciones 1.5 baños Cocina integral Sala Comedor Sala de televisión Cuarto de lavado Terraza 2 lugares de estacionamiento Local comercial integrado Patio delantero Patio trasero con jardín y asador , ideal para reuniones familiares Servicios: Cisterna Ubicación y cercanía La propiedad se encuentra estratégicamente ubicada, con fácil acceso a: Apizaco Cascadas de Yauhquemehcan Lo que permite disfrutar de un entorno natural sin perder cercanía con servicios urbanos, comercios y vialidades principales. Detalles que agregan valor Entorno natural y actividades al aire libre La comunidad está rodeada de paisajes ideales para caminatas, exploración y descanso . El Cerro de Zimatepec , que da nombre a la localidad, es reconocido por la presencia del frijol silvestre y por ofrecer vistas panorámicas de la región . Atractivos cercanos en Yauhquemehcan Zoológico del Altiplano (Apetatitlán): Espacio familiar con diversas especies. Parque Nacional La Malinche: A corta distancia, ideal para senderismo y contacto directo con la naturaleza. Gastronomía y tradición Santa Úrsula Zimatepec conserva una rica tradición gastronómica , especialmente durante sus festividades, reflejo de una comunidad que mantiene vivas sus costumbres y ofrece una experiencia auténtica y culturalmente enriquecedora . Una propiedad versátil, con amplios espacios , local comercial , áreas exteriores y un entorno natural privilegiado, ideal para quienes buscan calidad de vida, inversión o un proyecto híbrido de vivienda y comercio . (4)",3700000,"MN 3,700,000",MXN,venta,Casa,Aquiles Serdán,,Yauhquemehcan,Tlaxcala,19.4214,-98.1594,3.0,2.0,256.0,260.0,2.0,,6,Publicado hace más de 1 año,,https://img10.naventcdn.com/avisos/18/01/43/89/53/83/1200x1200/1619368840.jpg?isFirstImage=true|https://img10.naventcdn.com/avisos/18/01/43/89/53/83/1200x1200/1619371449.jpg|https://img10.naventcdn.com/avisos/18/01/43/89/53/83/1200x1200/1619376700.jpg|https://img10.naventcdn.com/avisos/18/01/43/89/53/83/1200x1200/1619439027.jpg|https://img10.naventcdn.com/avisos/18/01/43/89/53/83/1200x1200/1619428836.jpg|https://img10.naventcdn.com/avisos/18/01/43/89/53/83/1200x1200/1619380675.jpg|https://img10.naventcdn.com/avisos/18/01/43/89/53/83/1200x1200/1619399555.jpg|https://img10.naventcdn.com/avisos/18/01/43/89/53/83/1200x1200/1619432142.jpg|https://img10.naventcdn.com/avisos/18/01/43/89/53/83/1200x1200/1619373759.jpg|https://img10.naventcdn.com/avisos/18/01/43/89/53/83/1200x1200/1619370131.jpg|https://img10.naventcdn.com/avisos/18/01/43/89/53/83/1200x1200/1619370712.jpg|https://img10.naventcdn.com/avisos/18/01/43/89/53/83/1200x1200/1619435286.jpg|https://img10.naventcdn.com/avisos/18/01/43/89/53/83/1200x1200/1619381416.jpg|https://img10.naventcdn.com/avisos/18/01/43/89/53/83/1200x1200/1619378410.jpg|https://img10.naventcdn.com/avisos/18/01/43/89/53/83/1200x1200/1619369831.jpg|https://img10.naventcdn.com/avisos/18/01/43/89/53/83/1200x1200/1619433830.jpg|https://img10.naventcdn.com/avisos/18/01/43/89/53/83/1200x1200/1619443856.jpg|https://img10.naventcdn.com/avisos/18/01/43/89/53/83/1200x1200/1619414780.jpg|https://img10.naventcdn.com/avisos/18/01/43/89/53/83/1200x1200/1619377366.jpg|https://img10.naventcdn.com/avisos/18/01/43/89/53/83/1200x1200/1619436986.jpg|https://img10.naventcdn.com/avisos/18/01/43/89/53/83/1200x1200/1619447894.jpg|https://img10.naventcdn.com/avisos/18/01/43/89/53/83/1200x1200/1619391859.jpg|https://img10.naventcdn.com/avisos/18/01/43/89/53/83/1200x1200/1619382095.jpg|https://img10.naventcdn.com/avisos/18/01/43/89/53/83/1200x1200/1619369177.jpg|https://img10.naventcdn.com/avisos/18/01/43/89/53/83/1200x1200/1619383271.jpg|https://img10.naventcdn.com/avisos/18/01/43/89/53/83/1200x1200/1619403563.jpg|https://img10.naventcdn.com/avisos/18/01/43/89/53/83/1200x1200/1619411360.jpg|https://img10.naventcdn.com/avisos/18/01/43/89/53/83/1200x1200/1619401696.jpg|https://img10.naventcdn.com/avisos/18/01/43/89/53/83/1200x1200/1619422010.jpg|https://img10.naventcdn.com/avisos/18/01/43/89/53/83/1200x1200/1619420234.jpg|https://img10.naventcdn.com/avisos/18/01/43/89/53/83/1200x1200/1619372438.jpg|https://img10.naventcdn.com/avisos/18/01/43/89/53/83/1200x1200/1619378959.jpg|https://img10.naventcdn.com/avisos/18/01/43/89/53/83/1200x1200/1619413161.jpg|https://img10.naventcdn.com/avisos/18/01/43/89/53/83/1200x1200/1619379716.jpg|https://img10.naventcdn.com/avisos/18/01/43/89/53/83/1200x1200/1619394237.jpg|https://img10.naventcdn.com/avisos/18/01/43/89/53/83/1200x1200/1619377822.jpg|https://img10.naventcdn.com/avisos/18/01/43/89/53/83/1200x1200/1619416718.jpg|https://img10.naventcdn.com/avisos/18/01/43/89/53/83/1200x1200/1619418691.jpg|https://img10.naventcdn.com/avisos/18/01/43/89/53/83/1200x1200/1619397707.jpg|https://img10.naventcdn.com/avisos/18/01/43/89/53/83/1200x1200/1619376202.jpg|https://img10.naventcdn.com/avisos/18/01/43/89/53/83/1200x1200/1619371143.jpg|https://img10.naventcdn.com/avisos/18/01/43/89/53/83/1200x1200/1619430628.jpg|https://img10.naventcdn.com/avisos/18/01/43/89/53/83/1200x1200/1619395974.jpg|https://img10.naventcdn.com/avisos/18/01/43/89/53/83/1200x1200/1619369488.jpg|https://img10.naventcdn.com/avisos/18/01/43/89/53/83/1200x1200/1619370466.jpg|https://img10.naventcdn.com/avisos/18/01/43/89/53/83/1200x1200/1619377143.jpg|https://img10.naventcdn.com/avisos/18/01/43/89/53/83/1200x1200/1619372016.jpg|https://img10.naventcdn.com/avisos/18/01/43/89/53/83/1200x1200/1619375366.jpg|https://img10.naventcdn.com/avisos/18/01/43/89/53/83/1200x1200/1619384975.jpg,,52 5662986968,REMAX DAIA,51266214,https://www.inmuebles24.com/inmobiliarias/remax-daia_51266214-inmuebles.html,2024-06-25T03:24:54Z,2026-08-25T10:07:04.065419+00:00,https://www.inmuebles24.com/casas-o-casa-en-condominio-o-departamentos-en-venta-en-tlaxcala-provincia-ordenado-por-fechaonline-descendente.html-pagina-9.html
https://www.inmuebles24.com/propiedades/clasificado/veclcain-casa-en-venta-con-tres-recamaras-y-terraza-en-metepec-144852908.html,144852908,NHO6505668,sale,"Casa en Venta con Tres Recamaras y Terraza en Metepec, Tlaxcala.","Casa en venta en San Diego Metepec A 60 metros del libramiento. A 10 minutos del centro de Tlaxcala Cuenta con la siguiente distribución: Planta baja; sala, comedor, cocina con cocina integral, cochera para dos autos, área de servicio y medio baño. Primer nivel; recamara principal con baño completo (cancel en regadera), vestidor y balcón, dos recamaras secundarias con closets y baño completo para compartir. Segundo nivel: roof garden *Se aceptan todos los créditos, a excepción de Infonavit tradicional e Infonavit co-residencial. *Precio sujeto a cambios sin previo aviso. *Los gastos de escrituración, impuestos etc. No están incluidos en el precio En Nazarit Bienes Raíces te ofrecemos las mejores opciones que se adecuen a tus necesidades, te apoyamos en todo el tramite y asesoría sin costo extra. ¡Contáctanos!",2390000,"MN 2,390,000",MXN,venta,Casa,"Casa en Venta - San Diego Metepec, Tlaxcala.",Pueblo La Trinidad Tepehitec,Tlaxcala,Tlaxcala,19.3085356,-98.2612459,3.0,2.0,168.0,100.0,2.0,0.0,A estrenar,Publicado hace más de 1 año,,https://img10.naventcdn.com/avisos/18/01/44/85/29/08/1200x1200/1599704483.jpg?isFirstImage=true|https://img10.naventcdn.com/avisos/18/01/44/85/29/08/1200x1200/1599704491.jpg|https://img10.naventcdn.com/avisos/18/01/44/85/29/08/1200x1200/1599704467.jpg|https://img10.naventcdn.com/avisos/18/01/44/85/29/08/1200x1200/1599704489.jpg|https://img10.naventcdn.com/avisos/18/01/44/85/29/08/1200x1200/1599704550.jpg|https://img10.naventcdn.com/avisos/18/01/44/85/29/08/1200x1200/1599704495.jpg|https://img10.naventcdn.com/avisos/18/01/44/85/29/08/1200x1200/1599704468.jpg|https://img10.naventcdn.com/avisos/18/01/44/85/29/08/1200x1200/1599704479.jpg|https://img10.naventcdn.com/avisos/18/01/44/85/29/08/1200x1200/1599704481.jpg|https://img10.naventcdn.com/avisos/18/01/44/85/29/08/1200x1200/1599704545.jpg|https://img10.naventcdn.com/avisos/18/01/44/85/29/08/1200x1200/1599704463.jpg|https://img10.naventcdn.com/avisos/18/01/44/85/29/08/1200x1200/1599704486.jpg|https://img10.naventcdn.com/avisos/18/01/44/85/29/08/1200x1200/1599704485.jpg|https://img10.naventcdn.com/avisos/18/01/44/85/29/08/1200x1200/1599704473.jpg|https://img10.naventcdn.com/avisos/18/01/44/85/29/08/1200x1200/1599704484.jpg|https://img10.naventcdn.com/avisos/18/01/44/85/29/08/1200x1200/1599704482.jpg|https://img10.naventcdn.com/avisos/18/01/44/85/29/08/1200x1200/1599704472.jpg|https://img10.naventcdn.com/avisos/18/01/44/85/29/08/1200x1200/1599704469.jpg|https://img10.naventcdn.com/avisos/18/01/44/85/29/08/1200x1200/1599704470.jpg|https://img10.naventcdn.com/avisos/18/01/44/85/29/08/1200x1200/1599704487.jpg|https://img10.naventcdn.com/avisos/18/01/44/85/29/08/1200x1200/1599704488.jpg|https://img10.naventcdn.com/avisos/18/01/44/85/29/08/1200x1200/1599704476.jpg|https://img10.naventcdn.com/avisos/18/01/44/85/29/08/1200x1200/1599704497.jpg|https://img10.naventcdn.com/avisos/18/01/44/85/29/08/1200x1200/1599704571.jpg|https://img10.naventcdn.com/avisos/18/01/44/85/29/08/1200x1200/1599704459.jpg|https://img10.naventcdn.com/avisos/18/01/44/85/29/08/1200x1200/1599704462.jpg,,52 2461390017,Nazarit Bienes Raíces,51357399,https://www.inmuebles24.com/inmobiliarias/nazarit-bienes-raices_51357399-inmuebles.html,2024-10-18T19:07:46Z,2026-08-25T10:08:05.894560+00:00,https://www.inmuebles24.com/casas-o-casa-en-condominio-o-departamentos-en-venta-en-tlaxcala-provincia-ordenado-por-fechaonline-descendente.html-pagina-9.html
https://www.inmuebles24.com/propiedades/clasificado/veclcain-casa-en-venta-en-ignacio-zaragoza-81497840.html,81497840,MX23-OQ5724,sale,Casa en Venta en Ignacio Zaragoza,"Nocnok ID: MX23-OQ5724. CASA EN VENTA EN EX HACIENDA SOLTEPEC HUAMANTLA. Se vende casa amueblada. De 500 m2 de terreno, 200 m2 de construcción y 2 plantas. Distribuida de la siguiente manera: 3 recámaras 1 cuarto TV o estudio 2 ½ baños Cocina integral equipada Refrijerador y horno de microondas 1 cuarto de lavado (centro de lavado incluido) 1 cuarto de servicio con baño complerto Estacionamiento para 4 autos 2 recámaras con balcón 2 terrazas Invernadero Chimenea Anímate a conocerla. ADVERTENCIA: Recuerda que nunca debes dar un anticipo sin validar que esta publicación sea legítima. NOCNOK no se hace responsable por la información contenida en los anuncios publicados por los usuarios a través de su sistema.",2935000,"MN 2,935,000",MXN,venta,Casa,Duraznos 30,Ignacio Zaragoza,Huamantla,Tlaxcala,19.2962245,-97.9145682,3.0,3.0,200.0,500.0,1.0,,5,Publicado hace más de 1 año,,,,52 2211660490,Carlos Chambers,22730,https://www.inmuebles24.com/inmobiliarias/carlos-chambers_22730-inmuebles.html,2023-05-07T04:00Z,2026-08-25T10:08:05.894560+00:00,https://www.inmuebles24.com/casas-o-casa-en-condominio-o-departamentos-en-venta-en-tlaxcala-provincia-ordenado-por-fechaonline-descendente.html-pagina-9.html
https://www.inmuebles24.com/propiedades/clasificado/veclcain-casa-en-venta-en-tlaxcala-calle-bugambilia-4-66444951.html,66444951,516447,sale,"Casa en Venta en Tlaxcala, Calle Bugambilia - (4)","ESTRENA HERMOSA CASA EN VENTA. A TRES CUADRAS DEL RECINTO FERIAL, A CINCO MINUTOS DEL ZÓCALO Y DE LA CENTRAL DE AUTOBUSES DE TLAXCALA. EXCELENTES ACABADOS. LA CASA CUENTA CON AMPLIOS ESPACIOS. CONSTA DE TRES RECÁMARAS, LA RECÁMARA PRINCIPAL (5X7M) CUENTA CON BAÑO COMPLETO Y BALCÓN. LAS DOS RECÁMARAS SECUNDARIAS (5X5) Y (6.5 X 6.5 CON TERRAZA) COMPARTEN BAÑO COMPLETO ADICIONAL. SALA, COMEDOR, COCINA, CUARTO DE LAVADO Y MEDIO BAÑO EN PLANTA BAJA. COCHERA PARA CINCO AUTOS, JARDÍN TRASERO. LA CASA CUENTA CON LOCAL COMERCIAL DE 28m2. ADEMÁS DE UN AMPLIO DEPARTAMENTO DE DOS RECÁMARAS TOTALMENTE INDEPENDIENTE EN LA PLANTA ALTA. (4)",2470000,"MN 2,470,000",MXN,venta,Casa,BUGAMBILIAS,Adolfo López Mateos,Tlaxcala,Tlaxcala,19.323,-98.2431,5.0,4.0,440.0,181.0,4.0,,12,Publicado hace más de 1 año,,https://img10.naventcdn.com/avisos/18/00/66/44/49/51/1200x1200/1216784582.jpg?isFirstImage=true|https://img10.naventcdn.com/avisos/18/00/66/44/49/51/1200x1200/1468578691.jpg|https://img10.naventcdn.com/avisos/18/00/66/44/49/51/1200x1200/1136596667.jpg|https://img10.naventcdn.com/avisos/18/00/66/44/49/51/1200x1200/361395853.jpg|https://img10.naventcdn.com/avisos/18/00/66/44/49/51/1200x1200/361395872.jpg|https://img10.naventcdn.com/avisos/18/00/66/44/49/51/1200x1200/361395874.jpg|https://img10.naventcdn.com/avisos/18/00/66/44/49/51/1200x1200/361396427.jpg|https://img10.naventcdn.com/avisos/18/00/66/44/49/51/1200x1200/361395855.jpg|https://img10.naventcdn.com/avisos/18/00/66/44/49/51/1200x1200/361395851.jpg|https://img10.naventcdn.com/avisos/18/00/66/44/49/51/1200x1200/1123390916.jpg|https://img10.naventcdn.com/avisos/18/00/66/44/49/51/1200x1200/1185370758.jpg|https://img10.naventcdn.com/avisos/18/00/66/44/49/51/1200x1200/361395873.jpg|https://img10.naventcdn.com/avisos/18/00/66/44/49/51/1200x1200/1486897637.jpg|https://img10.naventcdn.com/avisos/18/00/66/44/49/51/1200x1200/361395856.jpg|https://img10.naventcdn.com/avisos/18/00/66/44/49/51/1200x1200/1225613176.jpg|https://img10.naventcdn.com/avisos/18/00/66/44/49/51/1200x1200/1216784580.jpg|https://img10.naventcdn.com/avisos/18/00/66/44/49/51/1200x1200/361395861.jpg|https://img10.naventcdn.com/avisos/18/00/66/44/49/51/1200x1200/1124016244.jpg|https://img10.naventcdn.com/avisos/18/00/66/44/49/51/1200x1200/361395871.jpg|https://img10.naventcdn.com/avisos/18/00/66/44/49/51/1200x1200/361396430.jpg|https://img10.naventcdn.com/avisos/18/00/66/44/49/51/1200x1200/361396429.jpg|https://img10.naventcdn.com/avisos/18/00/66/44/49/51/1200x1200/361395863.jpg|https://img10.naventcdn.com/avisos/18/00/66/44/49/51/1200x1200/361395857.jpg|https://img10.naventcdn.com/avisos/18/00/66/44/49/51/1200x1200/1124016246.jpg|https://img10.naventcdn.com/avisos/18/00/66/44/49/51/1200x1200/361395875.jpg|https://img10.naventcdn.com/avisos/18/00/66/44/49/51/1200x1200/361396444.jpg|https://img10.naventcdn.com/avisos/18/00/66/44/49/51/1200x1200/361395850.jpg|https://img10.naventcdn.com/avisos/18/00/66/44/49/51/1200x1200/361396442.jpg|https://img10.naventcdn.com/avisos/18/00/66/44/49/51/1200x1200/361395868.jpg|https://img10.naventcdn.com/avisos/18/00/66/44/49/51/1200x1200/361396595.jpg|https://img10.naventcdn.com/avisos/18/00/66/44/49/51/1200x1200/361395870.jpg|https://img10.naventcdn.com/avisos/18/00/66/44/49/51/1200x1200/361396443.jpg|https://img10.naventcdn.com/avisos/18/00/66/44/49/51/1200x1200/1609404453.jpg|https://img10.naventcdn.com/avisos/18/00/66/44/49/51/1200x1200/361395862.jpg|https://img10.naventcdn.com/avisos/18/00/66/44/49/51/1200x1200/1619395576.jpg|https://img10.naventcdn.com/avisos/18/00/66/44/49/51/1200x1200/1619398552.jpg|https://img10.naventcdn.com/avisos/18/00/66/44/49/51/1200x1200/1619401988.jpg|https://img10.naventcdn.com/avisos/18/00/66/44/49/51/1200x1200/1619408025.jpg,,52 5534098971,Remax Genesis Polanco,44888,https://www.inmuebles24.com/inmobiliarias/remax-genesis-polanco_44888-inmuebles.html,2023-03-15T17:26:31Z,2026-08-25T10:08:05.894560+00:00,https://www.inmuebles24.com/casas-o-casa-en-condominio-o-departamentos-en-venta-en-tlaxcala-provincia-ordenado-por-fechaonline-descendente.html-pagina-9.html
https://www.inmuebles24.com/propiedades/clasificado/veclcain-casa-en-venta-santa-cruz-tlaxcala-146513297.html,146513297,NHO7009097,sale,"Casa en Venta - Santa Cruz, Tlaxcala","Casa en Venta en Santa Cruz Tlaxcala Ubicada a solo 1 minuto de la unidad deportiva y a 2 minutos del centro de Santa Cruz, esta casa ofrece una excelente oportunidad de inversión. Distribución: - Planta baja: sala, comedor, cocina, área de servicio, cochera para dos autos, cisterna. - Planta alta: tres recámaras y un baño completo. Precio: $1,090,000.00 en Privada Servicios disponibles: agua potable, electricidad, internet, pavimento y más. *Se aceptan todos los créditos, excepto Infonavit tradicional. *Precio sujeto a cambios. *Escrituras no incluidas. En Nazarit Bienes Raíces brindamos asesoría sin costo. ¡Contáctanos para más información!",1090000,"MN 1,090,000",MXN,venta,Casa,"Casa en Venta - Santa Cruz, Tlaxcala",,Santa Cruz Tlaxcala,Tlaxcala,19.3539314,-98.1514914,3.0,1.0,90.0,80.0,2.0,0.0,A estrenar,Publicado hace más de 1 año,,https://img10.naventcdn.com/avisos/18/01/46/51/32/97/1200x1200/1615119994.jpg?isFirstImage=true|https://img10.naventcdn.com/avisos/18/01/46/51/32/97/1200x1200/1599704221.jpg|https://img10.naventcdn.com/avisos/18/01/46/51/32/97/1200x1200/1599704254.jpg|https://img10.naventcdn.com/avisos/18/01/46/51/32/97/1200x1200/1599704250.jpg|https://img10.naventcdn.com/avisos/18/01/46/51/32/97/1200x1200/1599704220.jpg|https://img10.naventcdn.com/avisos/18/01/46/51/32/97/1200x1200/1599704223.jpg|https://img10.naventcdn.com/avisos/18/01/46/51/32/97/1200x1200/1599704219.jpg|https://img10.naventcdn.com/avisos/18/01/46/51/32/97/1200x1200/1599704222.jpg|https://img10.naventcdn.com/avisos/18/01/46/51/32/97/1200x1200/1599704258.jpg,,52 2461390017,Nazarit Bienes Raíces,51357399,https://www.inmuebles24.com/inmobiliarias/nazarit-bienes-raices_51357399-inmuebles.html,2025-05-22T17:59:41Z,2026-08-25T10:08:05.894560+00:00,https://www.inmuebles24.com/casas-o-casa-en-condominio-o-departamentos-en-venta-en-tlaxcala-provincia-ordenado-por-fechaonline-descendente.html-pagina-9.html
https://www.inmuebles24.com/propiedades/clasificado/veclcain-casa-en-venta-tlaxcala-145207238.html,145207238,5T81B8,sale,Casa en Venta Tlaxcala,"CASA EN VENTA BELEN ATZITZIMIITITLAN , TLAXCALA PLANTA BAJA Sala Comedor Antecomedor Cocina Integral ½ baño Cochera para 4 autos Cuarto de herramientas caballerizas 2 Bodegas Jardin Terraza con bar y 2 medios baños Cuarto de lavado cuarto de servicio con baño completo PLANTA ALTA Habitación con baño completo Habitación con baño completo y Closet Habitación principal con 2 closets, baño completo y jacuzzi",7000000,"MN 7,000,000",MXN,venta,Casa,segunda cerrada de guadalupe,Pueblo Belén Atzitzimititlan,ApetatitlAn de Antonio Carvajal,Tlaxcala,19.3393401,-98.1824912,3.0,4.0,396.0,775.0,4.0,,6,Publicado hace más de 1 año,,https://img10.naventcdn.com/avisos/18/01/45/20/72/38/1200x1200/1499024297.jpg?isFirstImage=true|https://img10.naventcdn.com/avisos/18/01/45/20/72/38/1200x1200/1499024292.jpg|https://img10.naventcdn.com/avisos/18/01/45/20/72/38/1200x1200/1499024289.jpg|https://img10.naventcdn.com/avisos/18/01/45/20/72/38/1200x1200/1499024293.jpg|https://img10.naventcdn.com/avisos/18/01/45/20/72/38/1200x1200/1499024298.jpg|https://img10.naventcdn.com/avisos/18/01/45/20/72/38/1200x1200/1499024294.jpg|https://img10.naventcdn.com/avisos/18/01/45/20/72/38/1200x1200/1499024290.jpg|https://img10.naventcdn.com/avisos/18/01/45/20/72/38/1200x1200/1499024295.jpg|https://img10.naventcdn.com/avisos/18/01/45/20/72/38/1200x1200/1499024291.jpg|https://img10.naventcdn.com/avisos/18/01/45/20/72/38/1200x1200/1499024296.jpg|https://img10.naventcdn.com/avisos/18/01/45/20/72/38/1200x1200/1499024300.jpg|https://img10.naventcdn.com/avisos/18/01/45/20/72/38/1200x1200/1499024299.jpg|https://img10.naventcdn.com/avisos/18/01/45/20/72/38/1200x1200/1499024301.jpg,,52 2224306115,Matissa33,50131822,https://www.inmuebles24.com/inmobiliarias/matissa33_50131822-inmuebles.html,2024-12-02T21:47:35Z,2026-08-25T10:08:05.894560+00:00,https://www.inmuebles24.com/casas-o-casa-en-condominio-o-departamentos-en-venta-en-tlaxcala-provincia-ordenado-por-fechaonline-descendente.html-pagina-9.html
https://www.inmuebles24.com/propiedades/clasificado/veclcain-casas-en-venta-acuitlapilco-tlaxcala.-141643140.html,141643140,NHO5571807,sale,"Casas en Venta - Acuitlapilco, Tlaxcala.","Casas en Venta en Residencial Guadalupe – Ubicación, Seguridad y Amplios Espacios Invierte en el bienestar y patrimonio de tu familia con estas casas ubicadas en Residencial Guadalupe, a solo 3 minutos del libramiento y 5 minutos del centro de Tlaxcala, con excelente conectividad y acceso a servicios. El desarrollo se encuentra a 1 minuto a pie de la carretera federal Tlaxcala–Puebla, cerca de escuelas y transporte público, lo que garantiza comodidad diaria y alta demanda en renta, fortaleciendo su plusvalía. El residencial ofrece: -Portón eléctrico -Acceso controlado mediante aplicación de alta seguridad -Áreas verdes -Dos tiendas de artículos de primera necesidad dentro del fraccionamiento Distribución +Planta baja: Sala y comedor amplios, cocina, cochera para dos autos, cisterna, jardín +Planta alta: Recámara principal con balcón, dos habitaciones secundarias, baño completo Una excelente oportunidad para familias que buscan seguridad y amplitud, así como para inversionistas que desean una propiedad con ubicación estratégica y gran proyección de valorización. *Contáctanos para validar inventario y disponibilidad. *Se aceptan todos los créditos. *Precio sujeto a cambios sin previo aviso. *Los gastos de escrituración, impuestos etc. No están incluidos en el precio En Nazarit Bienes Raíces te ofrecemos las mejores opciones que se adecuen a tus necesidades, te apoyamos en todo el tramite y asesoría sin costo extra. ¡Contáctanos!",1500000,"MN 1,500,000",MXN,venta,Casa,"Casas en Venta - Acuitlapilco, Tlaxcala.",Pueblo Santa Maria Acuitlapilco,Tlaxcala,Tlaxcala,19.2641911,-98.2376028,3.0,1.0,104.0,92.0,2.0,0.0,A estrenar,Publicado hace más de 1 año,,https://img10.naventcdn.com/avisos/18/01/41/64/31/40/1200x1200/1599704256.jpg?isFirstImage=true|https://img10.naventcdn.com/avisos/18/01/41/64/31/40/1200x1200/1599704211.jpg|https://img10.naventcdn.com/avisos/18/01/41/64/31/40/1200x1200/1599704217.jpg|https://img10.naventcdn.com/avisos/18/01/41/64/31/40/1200x1200/1599704191.jpg|https://img10.naventcdn.com/avisos/18/01/41/64/31/40/1200x1200/1599704198.jpg|https://img10.naventcdn.com/avisos/18/01/41/64/31/40/1200x1200/1599704207.jpg|https://img10.naventcdn.com/avisos/18/01/41/64/31/40/1200x1200/1599704208.jpg|https://img10.naventcdn.com/avisos/18/01/41/64/31/40/1200x1200/1599704205.jpg|https://img10.naventcdn.com/avisos/18/01/41/64/31/40/1200x1200/1599704228.jpg|https://img10.naventcdn.com/avisos/18/01/41/64/31/40/1200x1200/1599704209.jpg|https://img10.naventcdn.com/avisos/18/01/41/64/31/40/1200x1200/1599704206.jpg|https://img10.naventcdn.com/avisos/18/01/41/64/31/40/1200x1200/1599704199.jpg|https://img10.naventcdn.com/avisos/18/01/41/64/31/40/1200x1200/1599704216.jpg|https://img10.naventcdn.com/avisos/18/01/41/64/31/40/1200x1200/1599704195.jpg|https://img10.naventcdn.com/avisos/18/01/41/64/31/40/1200x1200/1599704213.jpg|https://img10.naventcdn.com/avisos/18/01/41/64/31/40/1200x1200/1599704261.jpg|https://img10.naventcdn.com/avisos/18/01/41/64/31/40/1200x1200/1599704200.jpg|https://img10.naventcdn.com/avisos/18/01/41/64/31/40/1200x1200/1599704225.jpg|https://img10.naventcdn.com/avisos/18/01/41/64/31/40/1200x1200/1599704227.jpg|https://img10.naventcdn.com/avisos/18/01/41/64/31/40/1200x1200/1599704203.jpg|https://img10.naventcdn.com/avisos/18/01/41/64/31/40/1200x1200/1599704224.jpg|https://img10.naventcdn.com/avisos/18/01/41/64/31/40/1200x1200/1599704230.jpg|https://img10.naventcdn.com/avisos/18/01/41/64/31/40/1200x1200/1599704212.jpg|https://img10.naventcdn.com/avisos/18/01/41/64/31/40/1200x1200/1599704210.jpg|https://img10.naventcdn.com/avisos/18/01/41/64/31/40/1200x1200/1599704193.jpg,,52 2461390017,Nazarit Bienes Raíces,51357399,https://www.inmuebles24.com/inmobiliarias/nazarit-bienes-raices_51357399-inmuebles.html,2023-10-18T18:26:19Z,2026-08-25T10:08:05.894560+00:00,https://www.inmuebles24.com/casas-o-casa-en-condominio-o-departamentos-en-venta-en-tlaxcala-provincia-ordenado-por-fechaonline-descendente.html-pagina-9.html
https://www.inmuebles24.com/propiedades/clasificado/veclcain-casas-en-venta-con-tres-habitaciones-en-belen-145208892.html,145208892,NHO6626197,sale,"Casas en Venta con Tres Habitaciones en Belen, Tlaxcala.","Casas en venta en Belen, Tlaxcala. A 2 minutos de la carretera A 10 minutos de Plaza Gran Patio Casas en venta cerca de vías de comunicación, escuelas, parques, etc. Cuentan con la siguiente distribución: Planta baja: Cochera para dos autos con portón, cisterna, sala, comedor, cocina integral, una recamara o estudio, área de servicio y amplio patio. Planta alta: dos recamaras amplias con closet y un baño completo con canceles. *Se aceptan todos los créditos, a excepción de Infonavit tradicional. *Precio sujeto a cambios sin previo aviso. *Los gastos de escrituración, impuestos etc. No están incluidos en el precio En Nazarit Bienes Raíces te ofrecemos las mejores opciones que se adecuen a tus necesidades, te apoyamos en todo el tramite y asesoría sin costo extra. ¡Contáctanos!",1340000,"MN 1,340,000",MXN,venta,Casa,"Casa en Venta - Belen, Tlaxcala.",Barrio La Conchita,Contla de Juan Cuamatzi,Tlaxcala,19.3398555,-98.1811706,3.0,1.0,104.0,105.0,2.0,0.0,A estrenar,Publicado hace más de 1 año,,https://img10.naventcdn.com/avisos/18/01/45/20/88/92/1200x1200/1599704387.jpg?isFirstImage=true|https://img10.naventcdn.com/avisos/18/01/45/20/88/92/1200x1200/1599704370.jpg|https://img10.naventcdn.com/avisos/18/01/45/20/88/92/1200x1200/1599704375.jpg|https://img10.naventcdn.com/avisos/18/01/45/20/88/92/1200x1200/1599704366.jpg|https://img10.naventcdn.com/avisos/18/01/45/20/88/92/1200x1200/1599704383.jpg|https://img10.naventcdn.com/avisos/18/01/45/20/88/92/1200x1200/1599704350.jpg|https://img10.naventcdn.com/avisos/18/01/45/20/88/92/1200x1200/1599704371.jpg|https://img10.naventcdn.com/avisos/18/01/45/20/88/92/1200x1200/1599704364.jpg|https://img10.naventcdn.com/avisos/18/01/45/20/88/92/1200x1200/1599704373.jpg|https://img10.naventcdn.com/avisos/18/01/45/20/88/92/1200x1200/1599704367.jpg|https://img10.naventcdn.com/avisos/18/01/45/20/88/92/1200x1200/1599704379.jpg|https://img10.naventcdn.com/avisos/18/01/45/20/88/92/1200x1200/1599704382.jpg|https://img10.naventcdn.com/avisos/18/01/45/20/88/92/1200x1200/1599704362.jpg|https://img10.naventcdn.com/avisos/18/01/45/20/88/92/1200x1200/1599704355.jpg|https://img10.naventcdn.com/avisos/18/01/45/20/88/92/1200x1200/1599704360.jpg|https://img10.naventcdn.com/avisos/18/01/45/20/88/92/1200x1200/1599704363.jpg|https://img10.naventcdn.com/avisos/18/01/45/20/88/92/1200x1200/1599704358.jpg,,52 2461390017,Nazarit Bienes Raíces,51357399,https://www.inmuebles24.com/inmobiliarias/nazarit-bienes-raices_51357399-inmuebles.html,2024-12-03T00:51:26Z,2026-08-25T10:08:05.894560+00:00,https://www.inmuebles24.com/casas-o-casa-en-condominio-o-departamentos-en-venta-en-tlaxcala-provincia-ordenado-por-fechaonline-descendente.html-pagina-9.html
https://www.inmuebles24.com/propiedades/clasificado/veclcain-invierte-en-casa-nueva-en-preventa-a-5-min-de-gran-146114837.html,146114837,NHO6889003,sale,Invierte en Casa Nueva en Preventa a 5 Min de Gran Patio | Personaliza Tu Proyecto,"Invierte en tu casa nueva en preventa a 5 min de Gran Patio | Proyectos personalizados Aprovecha la oportunidad de invertir en una casa en preventa, ideal para familias que buscan construir su patrimonio y para inversionistas que desean adquirir una propiedad con alto potencial de plusvalía. Ubicadas en una zona estratégica, a solo 3 minutos de la carretera Tlaxcala – Apizaco y a 5 minutos de Gran Patio, estas casas ofrecen una excelente conectividad con los principales puntos comerciales, educativos y de servicios de la zona. Comprar en preventa te brinda importantes ventajas: -Precio preferencial por lanzamiento - Posibilidad de personalizar espacios y acabados -Mayor plusvalía al momento de la entrega -Opción de elegir la mejor ubicación dentro del desarrollo Contamos con proyectos personalizados, por lo que los metros cuadrados de construcción pueden adaptarse a tus necesidades y estilo de vida. Distribución de la vivienda Planta baja: Cochera para 2 autos, sala, comedor, cocina, área de lavado, medio baño, jardín Planta alta: Recámara principal con baño completo y vestidor, 2 recámaras secundarias, baño completo compartido Lotes disponibles en Terrazas: Medidas: 10 x 16 (160 m²) Proyectos personalizados desde $1,400,000 Es la oportunidad perfecta para invertir hoy y asegurar el valor de tu patrimonio a futuro, en una ubicación con crecimiento y demanda. Contáctanos para conocer disponibilidad, ubicaciones de lotes y opciones de personalización. *El precio puede variar ya que son proyectos personalizados *Fotos de referencia *Se aceptan todos los créditos. *Precio sujeto a cambios sin previo aviso. *Los gastos de escrituración, impuestos etc. No están incluidos en el precio En Nazarit Bienes Raíces te ofrecemos las mejores opciones que se adecuen a tus necesidades, te apoyamos en todo el tramite y asesoría sin costo extra. ¡Contáctanos!",2000000,"MN 2,000,000",MXN,venta,Casa,"Casas en Preventa - San Matías Tepetomatitlan, Tlaxcala.",Pueblo San Matías Tepetomatitlan,ApetatitlAn de Antonio Carvajal,Tlaxcala,19.3529404,-98.1924274,3.0,2.0,160.0,160.0,2.0,0.0,A estrenar,Publicado hace más de 1 año,,https://img10.naventcdn.com/avisos/18/01/46/11/48/37/1200x1200/1599704105.jpg?isFirstImage=true|https://img10.naventcdn.com/avisos/18/01/46/11/48/37/1200x1200/1599704131.jpg|https://img10.naventcdn.com/avisos/18/01/46/11/48/37/1200x1200/1599704101.jpg|https://img10.naventcdn.com/avisos/18/01/46/11/48/37/1200x1200/1599704100.jpg|https://img10.naventcdn.com/avisos/18/01/46/11/48/37/1200x1200/1599704107.jpg|https://img10.naventcdn.com/avisos/18/01/46/11/48/37/1200x1200/1599704096.jpg|https://img10.naventcdn.com/avisos/18/01/46/11/48/37/1200x1200/1599704102.jpg|https://img10.naventcdn.com/avisos/18/01/46/11/48/37/1200x1200/1599704094.jpg|https://img10.naventcdn.com/avisos/18/01/46/11/48/37/1200x1200/1599704067.jpg|https://img10.naventcdn.com/avisos/18/01/46/11/48/37/1200x1200/1599704099.jpg|https://img10.naventcdn.com/avisos/18/01/46/11/48/37/1200x1200/1599704079.jpg,,52 2461390017,Nazarit Bienes Raíces,51357399,https://www.inmuebles24.com/inmobiliarias/nazarit-bienes-raices_51357399-inmuebles.html,2025-04-02T20:18:13Z,2026-08-25T10:08:05.894560+00:00,https://www.inmuebles24.com/casas-o-casa-en-condominio-o-departamentos-en-venta-en-tlaxcala-provincia-ordenado-por-fechaonline-descendente.html-pagina-9.html
https://www.inmuebles24.com/propiedades/clasificado/veclcain-linda-casa-en-venta-en-tlaxcala-ixtulco-66706068.html,66706068,NX-168688,sale,Linda ¡Casa en venta¡En Tlaxcala Ixtulco,"Ref: 1 6 8 6 8 8 CASA UBICADA EN LA LOCALIDAD DE IXTULCO TLAXCALA UBICADA EN EL CENTRO , LLEGAS POR VIAS PRIMARIAS, TALES COMO LA AUTOPISTA MEXICO- APIZACO, ESTA A CINCO MINUTOS DE LAS INSTALACIONES DE GUARDIA NACIONAL , SE TRATA DE UNA EDIFICACION DE RECIENTE CONSTRUCCION, RODEADA DE LINDOS JARDINES, SE ENCUENTRA EN UNA PRIIVADA DE SOLO TRES CASAS. EL INMUEBLE CUENTA CON TRES RECAMARAS, , CON ILUMINACION,, AMBIENTE , PISOS DE CERAMICA, COLOR BLANCO , PISO BRILLOSO, CADA UNA DE LAS RECAMARAS CUENTAN CON BAÑO COMPLETO, DE MOSAICOS Y LOSETA EN CERAMICA, LOS MUEBLES DE LOS MISMOS, SON DE MUY BUENA CALIDAD, EL DISEÑO DE LA PLATA ALTA, TIENE LAS RECAMARA EN SIMILITUD A UNA \""U\"" HAY UN HALL, EN DONDE ESTAN LAS ESCALERAS. EN ESTA AREA, SE ENCUENTRA UN DETALLE, DE DECORACION. (abajo de la escalera) AREA ILUMINADA CON PIEDRA BLANCA Y EN EL CENTRO HAY UNA FUENTE DE PIEDRA (FEN -SUI, COMENDOR, QUE TAMBIEN ES UN ESPACIO ILUMINADO, DONDE PODRAS PASAR MOMENTOS EN FAMILIA,. AL LLEGAR A LA COCINA NOS ENCONTRAMOS CON UN DISEÑO RECTAGULAR, DONDE SE APRECIA, UNA COCINA FABRICADA EN CEDRO, Y CUENTA CON SU ESTUFA, Y CAMPANA,EL HERRAJE DE LA CASA ES DE BUENA CALIDAD ES ALUMINIO BLANCO, LAS VENTANAS Y PUERTAS SON DE UN DISEÑO TIPO MINIMALISTA, LA EDIFICACION. LA PUERTA PRINCIAL ES DE MADERA, CON INSERTOS DE CRISTAL QUE LLAMAN A UNA HERMOSA COMBINACION,POR OTRA PARTE LA PRIVADA CUENTA CON ILUMINACION AUTOMATIZADA POR SENSORES , ASI COMO EL SISTEMA DE RIEGO DE AREAS VERDES, EL ESTACIONAMIENTO ES PARA DOS VEHICULOS, TIENE UN SISTEMA DE VIDEO-PORTERO,FUERA DE APERTURA ELECTRICA, Y PARA TU SEGURIDAD, CUENTAS CON UN SISTEMA DE CIRCUITO CERRADO SI ERES DE LAS PERSONA EXIGENTES, DONDE REINE LA ARMONIA, DE LA ILUMINACION Y BUEN GUSTO, ESTA CASA ES PARA TI¡¡",2300000,"MN 2,300,000",MXN,venta,Casa,"AV 5 55, Santa María Ixtulco, 90105, Tlaxcala, México",Santa María Ixtulco,Tlaxcala,Tlaxcala,19.3256724,-98.208995,3.0,3.0,150.0,125.0,1.0,0.0,2,Publicado hace más de 1 año,,https://img10.naventcdn.com/avisos/18/00/66/70/60/68/1200x1200/1453659843.jpg?isFirstImage=true|https://img10.naventcdn.com/avisos/18/00/66/70/60/68/1200x1200/1492913504.jpg|https://img10.naventcdn.com/avisos/18/00/66/70/60/68/1200x1200/1453659840.jpg|https://img10.naventcdn.com/avisos/18/00/66/70/60/68/1200x1200/1453767138.jpg|https://img10.naventcdn.com/avisos/18/00/66/70/60/68/1200x1200/1453767132.jpg|https://img10.naventcdn.com/avisos/18/00/66/70/60/68/1200x1200/1453767149.jpg|https://img10.naventcdn.com/avisos/18/00/66/70/60/68/1200x1200/1453659842.jpg|https://img10.naventcdn.com/avisos/18/00/66/70/60/68/1200x1200/1492913272.jpg|https://img10.naventcdn.com/avisos/18/00/66/70/60/68/1200x1200/1453767148.jpg|https://img10.naventcdn.com/avisos/18/00/66/70/60/68/1200x1200/1492196568.jpg|https://img10.naventcdn.com/avisos/18/00/66/70/60/68/1200x1200/1453767133.jpg|https://img10.naventcdn.com/avisos/18/00/66/70/60/68/1200x1200/1453767142.jpg|https://img10.naventcdn.com/avisos/18/00/66/70/60/68/1200x1200/1453767102.jpg|https://img10.naventcdn.com/avisos/18/00/66/70/60/68/1200x1200/1486901822.jpg|https://img10.naventcdn.com/avisos/18/00/66/70/60/68/1200x1200/1453767143.jpg|https://img10.naventcdn.com/avisos/18/00/66/70/60/68/1200x1200/1453767098.jpg|https://img10.naventcdn.com/avisos/18/00/66/70/60/68/1200x1200/1453767130.jpg|https://img10.naventcdn.com/avisos/18/00/66/70/60/68/1200x1200/1453767100.jpg|https://img10.naventcdn.com/avisos/18/00/66/70/60/68/1200x1200/1491809681.jpg|https://img10.naventcdn.com/avisos/18/00/66/70/60/68/1200x1200/1486901821.jpg|https://img10.naventcdn.com/avisos/18/00/66/70/60/68/1200x1200/1453767135.jpg|https://img10.naventcdn.com/avisos/18/00/66/70/60/68/1200x1200/1458327556.jpg|https://img10.naventcdn.com/avisos/18/00/66/70/60/68/1200x1200/1488567442.jpg|https://img10.naventcdn.com/avisos/18/00/66/70/60/68/1200x1200/1453767150.jpg|https://img10.naventcdn.com/avisos/18/00/66/70/60/68/1200x1200/1453767139.jpg|https://img10.naventcdn.com/avisos/18/00/66/70/60/68/1200x1200/1453767096.jpg|https://img10.naventcdn.com/avisos/18/00/66/70/60/68/1200x1200/1453767151.jpg|https://img10.naventcdn.com/avisos/18/00/66/70/60/68/1200x1200/1453659841.jpg|https://img10.naventcdn.com/avisos/18/00/66/70/60/68/1200x1200/1453767099.jpg|https://img10.naventcdn.com/avisos/18/00/66/70/60/68/1200x1200/1453767141.jpg|https://img10.naventcdn.com/avisos/18/00/66/70/60/68/1200x1200/1453767108.jpg|https://img10.naventcdn.com/avisos/18/00/66/70/60/68/1200x1200/1453767109.jpg|https://img10.naventcdn.com/avisos/18/00/66/70/60/68/1200x1200/1453767122.jpg|https://img10.naventcdn.com/avisos/18/00/66/70/60/68/1200x1200/1491809680.jpg|https://img10.naventcdn.com/avisos/18/00/66/70/60/68/1200x1200/1453767140.jpg|https://img10.naventcdn.com/avisos/18/00/66/70/60/68/1200x1200/1453767097.jpg|https://img10.naventcdn.com/avisos/18/00/66/70/60/68/1200x1200/1453767146.jpg|https://img10.naventcdn.com/avisos/18/00/66/70/60/68/1200x1200/1453767111.jpg|https://img10.naventcdn.com/avisos/18/00/66/70/60/68/1200x1200/1453767136.jpg|https://img10.naventcdn.com/avisos/18/00/66/70/60/68/1200x1200/1453767119.jpg,55498.0,52 5574117755,iad Inmobiliaria,50956067,https://www.inmuebles24.com/inmobiliarias/iad-inmobiliaria_50956067-inmuebles.html,2023-04-18T17:09:47Z,2026-08-25T10:08:05.894560+00:00,https://www.inmuebles24.com/casas-o-casa-en-condominio-o-departamentos-en-venta-en-tlaxcala-provincia-ordenado-por-fechaonline-descendente.html-pagina-9.html
https://www.inmuebles24.com/propiedades/clasificado/veclcain-preventa-de-casa-con-jardin-y-cuatro-habitaciones-en-146112771.html,146112771,NHO5144023,sale,"Preventa de Casa con Jardín y Cuatro Habitaciones en San Andrés Ahuashuatepec, Tlaxcala.","A 15 minutos de Apizaco Casa en venta con espacios amplios, sala de doble altura en ubicacion tranquila. Cuenta con la siguiente distribución: Planta baja: Cochera para 3 autos, sala, comedor, cocina-desayunador, habitación que puede ser área de juegos, recamara o estudio, area de lavado y baño completo. Planta alta: Habitación principal con baño completo y vestidor, dos habitaciones secundarias y baño completo para compartir. *Son proyectos personalizados por lo que el precio puede variar *Se aceptan todos los créditos. *Fotos de referencia *Precio sujeto a cambios sin previo aviso. *Los gastos de escrituración, impuestos etc. No están incluidos en el precio En Nazarit Bienes Raíces te ofrecemos las mejores opciones que se adecuen a tus necesidades, te apoyamos en todo el tramite y asesoria sin costo extra. ¡Contactanos!",2000000,"MN 2,000,000",MXN,venta,Casa,"Casa en Preventa - San Andrés Ahuashuatepec, Tlaxcala.",Pueblo San Andres Ahuashuatepec,Tzompantepec,Tlaxcala,19.3790492,-98.1061629,4.0,3.0,162.0,240.0,2.0,0.0,A estrenar,Publicado hace más de 1 año,,https://img10.naventcdn.com/avisos/18/01/46/11/27/71/1200x1200/1599703882.jpg?isFirstImage=true|https://img10.naventcdn.com/avisos/18/01/46/11/27/71/1200x1200/1599703879.jpg|https://img10.naventcdn.com/avisos/18/01/46/11/27/71/1200x1200/1599703883.jpg|https://img10.naventcdn.com/avisos/18/01/46/11/27/71/1200x1200/1599703876.jpg|https://img10.naventcdn.com/avisos/18/01/46/11/27/71/1200x1200/1599703875.jpg|https://img10.naventcdn.com/avisos/18/01/46/11/27/71/1200x1200/1599703878.jpg|https://img10.naventcdn.com/avisos/18/01/46/11/27/71/1200x1200/1599703870.jpg|https://img10.naventcdn.com/avisos/18/01/46/11/27/71/1200x1200/1599703869.jpg|https://img10.naventcdn.com/avisos/18/01/46/11/27/71/1200x1200/1599703868.jpg|https://img10.naventcdn.com/avisos/18/01/46/11/27/71/1200x1200/1599703874.jpg|https://img10.naventcdn.com/avisos/18/01/46/11/27/71/1200x1200/1599703881.jpg,,52 2461390017,Nazarit Bienes Raíces,51357399,https://www.inmuebles24.com/inmobiliarias/nazarit-bienes-raices_51357399-inmuebles.html,2025-04-02T19:07:38Z,2026-08-25T10:08:05.894560+00:00,https://www.inmuebles24.com/casas-o-casa-en-condominio-o-departamentos-en-venta-en-tlaxcala-provincia-ordenado-por-fechaonline-descendente.html-pagina-9.html
https://www.inmuebles24.com/propiedades/clasificado/veclcain-preventa-de-casa-con-jardin-y-tres-recamaras-en-san-141616457.html,141616457,NHO5568989,sale,"Preventa de Casa con Jardín y Tres Recamaras en San Andrés Ahuashuatepec, Tlaxcala.","A 15 minutos de Apizaco Preventa de casas en San Andrés Ahuashuatepec, Tlaxcala. Cuenta con la siguiente distribución: Planta baja: Cochera para 2 autos, sala, comedor, cocina, área de lavado, medio baño y jardín.. Planta alta: Habitación principal con baño completo y vestidor, dos habitaciones secundarias y baño completo para compartir. *El precio puede variar ya que son proyectos personalizados *Fotos de referencia *Se aceptan todos los créditos a excepción de Infonavit tradicional. *Precio sujeto a cambios sin previo aviso. *Los gastos de escrituración, impuestos etc. No están incluidos en el precio En Nazarit Bienes Raíces te ofrecemos las mejores opciones que se adecuen a tus necesidades, te apoyamos en todo el tramite y asesoría sin costo extra. ¡Contáctanos!",1400000,"MN 1,400,000",MXN,venta,Casa,"Casa en Preventa - San Andrés Ahuashuatepec, Tlaxcala..",Pueblo San Andres Ahuashuatepec,Tzompantepec,Tlaxcala,19.3799216,-98.1027903,3,2,119,140,,0,A estrenar,Publicado hace más de 1 año,,https://img10.naventcdn.com/avisos/18/01/41/61/64/57/1200x1200/1599703914.jpg?isFirstImage=true|https://img10.naventcdn.com/avisos/18/01/41/61/64/57/1200x1200/1599703917.jpg|https://img10.naventcdn.com/avisos/18/01/41/61/64/57/1200x1200/1599703907.jpg|https://img10.naventcdn.com/avisos/18/01/41/61/64/57/1200x1200/1599703906.jpg|https://img10.naventcdn.com/avisos/18/01/41/61/64/57/1200x1200/1599703913.jpg|https://img10.naventcdn.com/avisos/18/01/41/61/64/57/1200x1200/1599703905.jpg|https://img10.naventcdn.com/avisos/18/01/41/61/64/57/1200x1200/1599703915.jpg|https://img10.naventcdn.com/avisos/18/01/41/61/64/57/1200x1200/1599703911.jpg|https://img10.naventcdn.com/avisos/18/01/41/61/64/57/1200x1200/1599703910.jpg|https://img10.naventcdn.com/avisos/18/01/41/61/64/57/1200x1200/1599703916.jpg|https://img10.naventcdn.com/avisos/18/01/41/61/64/57/1200x1200/1599703908.jpg|https://img10.naventcdn.com/avisos/18/01/41/61/64/57/1200x1200/1599703909.jpg|https://img10.naventcdn.com/avisos/18/01/41/61/64/57/1200x1200/1599703912.jpg|https://img10.naventcdn.com/avisos/18/01/41/61/64/57/1200x1200/1599703904.jpg|https://img10.naventcdn.com/avisos/18/01/41/61/64/57/1200x1200/1126698482.jpg|https://img10.naventcdn.com/avisos/18/01/41/61/64/57/1200x1200/1599703918.jpg,,52 2461390017,Nazarit Bienes Raíces,51357399,https://www.inmuebles24.com/inmobiliarias/nazarit-bienes-raices_51357399-inmuebles.html,2023-10-16T18:58:24Z,2026-08-25T10:08:37.062141+00:00,https://www.inmuebles24.com/casas-o-casa-en-condominio-o-departamentos-en-venta-en-tlaxcala-provincia-ordenado-por-fechaonline-descendente.html-pagina-9.html
https://www.inmuebles24.com/propiedades/clasificado/veclcain-preventa-de-casas-con-tres-habitaciones-terraza-y-143886447.html,143886447,NHO6048243,sale,"Preventa de Casas con Tres Habitaciones, Terraza y Jardín en Tlaxcala.","ULTIMOS LOTES DISPONIBLES 5, 6 Y 7 Preventa de casas dentro de privada cerrada de 8 casas, con portón eléctrico. Al ser proyectos en preventa se pueden personalizar algunos detalles (Validar que se puede modificar o cambiar, algunos cambios pueden generar costo extra) Cuentan con la siguiente distribución: Planta baja: sala, comedor, cocina (NO cocina integral ni alacenas), area de servicio, jardín, cisterna, cochera para dos autos. Primer nivel: recamara principal con balcón y baño completo, dos habitaciones secundarias y un baño para compartir. Segundo nivel: terraza A 3 minutos de la Av. Gasoducto A 5 minutos del libramiento Apizaco Tlaxcala. *Fotos muestra, los acabados pueden variar *Se aceptan todos los créditos. *Precio sujeto a cambios sin previo aviso. *Los gastos de escrituración, impuestos etc. No están incluidos en el precio En Nazarit Bienes Raíces te ofrecemos las mejores opciones que se adecuen a tus necesidades, te apoyamos en todo el tramite y asesoría sin costo extra. ¡Contactanos!",1550000,"MN 1,550,000",MXN,venta,Casa,"Casas en Preventa - Barrio Tlacomulco, Tlaxcala.",Barrio Tlacomulco,Tlaxcala,Tlaxcala,19.3090095,-98.2185637,3,2,110,113,2,0,A estrenar,Publicado hace más de 1 año,,https://img10.naventcdn.com/avisos/18/01/43/88/64/47/1200x1200/1618330440.jpg?isFirstImage=true|https://img10.naventcdn.com/avisos/18/01/43/88/64/47/1200x1200/1599703984.jpg|https://img10.naventcdn.com/avisos/18/01/43/88/64/47/1200x1200/1599703977.jpg|https://img10.naventcdn.com/avisos/18/01/43/88/64/47/1200x1200/1599703985.jpg|https://img10.naventcdn.com/avisos/18/01/43/88/64/47/1200x1200/1599703982.jpg|https://img10.naventcdn.com/avisos/18/01/43/88/64/47/1200x1200/1599703989.jpg|https://img10.naventcdn.com/avisos/18/01/43/88/64/47/1200x1200/1599703981.jpg|https://img10.naventcdn.com/avisos/18/01/43/88/64/47/1200x1200/1599703976.jpg|https://img10.naventcdn.com/avisos/18/01/43/88/64/47/1200x1200/1599703990.jpg|https://img10.naventcdn.com/avisos/18/01/43/88/64/47/1200x1200/1599703987.jpg|https://img10.naventcdn.com/avisos/18/01/43/88/64/47/1200x1200/1599703978.jpg|https://img10.naventcdn.com/avisos/18/01/43/88/64/47/1200x1200/1599703988.jpg|https://img10.naventcdn.com/avisos/18/01/43/88/64/47/1200x1200/1599703979.jpg|https://img10.naventcdn.com/avisos/18/01/43/88/64/47/1200x1200/1599703986.jpg|https://img10.naventcdn.com/avisos/18/01/43/88/64/47/1200x1200/1599703983.jpg|https://img10.naventcdn.com/avisos/18/01/43/88/64/47/1200x1200/1599703980.jpg,,52 2461390017,Nazarit Bienes Raíces,51357399,https://www.inmuebles24.com/inmobiliarias/nazarit-bienes-raices_51357399-inmuebles.html,2024-06-24T16:38:27Z,2026-08-25T10:08:37.062141+00:00,https://www.inmuebles24.com/casas-o-casa-en-condominio-o-departamentos-en-venta-en-tlaxcala-provincia-ordenado-por-fechaonline-descendente.html-pagina-9.html
https://www.inmuebles24.com/propiedades/clasificado/veclcain-se-vende-casa-fracc-san-luis-apizaquito-ocupada-71099120.html,71099120,ORIE-107,sale,Se Vende Casa Fracc San Luis Apizaquito / Ocupada,"Casa desarrollada en un nivel con Sala-comedor, cocina, dos recamaras, un baño, patio de servicio, y área descubierta de estacionamiento. Superficies: 105 m2 terreno y 48 m2 Const. Casa en calle Primera No. 203, Fracc. San Luis Apizaquito, Apizaco, Tlaxcala",260000,"MN 260,000",MXN,venta,Casa,CALLE PRIMERA 203,Fraccionamiento San Luis Apizaquito,Apizaco,Tlaxcala,19.426403832861066,-98.11723385407562,2,1,48,105,,,17,Publicado hace más de 1 año,,https://img10.naventcdn.com/avisos/18/00/71/09/91/20/1200x1200/1475512183.jpg?isFirstImage=true|https://img10.naventcdn.com/avisos/18/00/71/09/91/20/1200x1200/1475512184.jpg|https://img10.naventcdn.com/avisos/18/00/71/09/91/20/1200x1200/1475512182.jpg|https://img10.naventcdn.com/avisos/18/00/71/09/91/20/1200x1200/1475512180.jpg|https://img10.naventcdn.com/avisos/18/00/71/09/91/20/1200x1200/1475512181.jpg|https://img10.naventcdn.com/avisos/18/00/71/09/91/20/1200x1200/1475512178.jpg|https://img10.naventcdn.com/avisos/18/00/71/09/91/20/1200x1200/1475512179.jpg,,,"Dimensión Asesores, S.A. de C.V.",659198,https://www.inmuebles24.com/inmobiliarias/dimension-asesores-s.a.-de-c.v._659198-inmuebles.html,2017-02-15T05:00Z,2026-08-25T10:08:37.062141+00:00,https://www.inmuebles24.com/casas-o-casa-en-condominio-o-departamentos-en-venta-en-tlaxcala-provincia-ordenado-por-fechaonline-descendente.html-pagina-9.html
https://www.inmuebles24.com/propiedades/clasificado/veclcain-venta-de-casas-en-san-miguel-contla-municipio-e-santa-145017179.html,145017179,VHO6567120,sale,Venta de Casas en San Miguel Contla Municipio E Santa Cruz Tlaxcala,"Venta de casa nueva ubicada en San Miguel Contla, Municipio de Santa Cruz Tlaxcala. Casas en dos niveles con 68.88 mts2 de construcción y terreno de 72.50 mts2 Cuenta con área de sala, comedor, cocina, 2 habitaciones, baño y medio, patio de servicio y cochera para un auto. Aceptamos crédito infonavit, issfam, bancario y de contado. Contrato de Agua $ 3000 a la firma de escrituras Los precios de VHO Ver datos pueden variar sin previo aviso, contáctenos para verificar el mismo.",891000,"MN 891,000",MXN,venta,Casa,"Venta de Casa en San Miguel Contla, Santa Cruz Tlaxcala",Pueblo Santa Cruz Tlaxcala,Santa Cruz Tlaxcala,Tlaxcala,19.3918561579,-98.1341857874,2,1,72,72,1,0,A estrenar,Publicado hace más de 1 año,,https://img10.naventcdn.com/avisos/18/01/45/01/71/79/1200x1200/1517738095.jpg?isFirstImage=true|https://img10.naventcdn.com/avisos/18/01/45/01/71/79/1200x1200/1517738102.jpg|https://img10.naventcdn.com/avisos/18/01/45/01/71/79/1200x1200/1517738610.jpg|https://img10.naventcdn.com/avisos/18/01/45/01/71/79/1200x1200/1513624950.jpg|https://img10.naventcdn.com/avisos/18/01/45/01/71/79/1200x1200/1513624959.jpg|https://img10.naventcdn.com/avisos/18/01/45/01/71/79/1200x1200/1513624961.jpg|https://img10.naventcdn.com/avisos/18/01/45/01/71/79/1200x1200/1513624962.jpg|https://img10.naventcdn.com/avisos/18/01/45/01/71/79/1200x1200/1513624949.jpg|https://img10.naventcdn.com/avisos/18/01/45/01/71/79/1200x1200/1513624948.jpg|https://img10.naventcdn.com/avisos/18/01/45/01/71/79/1200x1200/1513624953.jpg|https://img10.naventcdn.com/avisos/18/01/45/01/71/79/1200x1200/1513624955.jpg|https://img10.naventcdn.com/avisos/18/01/45/01/71/79/1200x1200/1513624952.jpg|https://img10.naventcdn.com/avisos/18/01/45/01/71/79/1200x1200/1513624958.jpg|https://img10.naventcdn.com/avisos/18/01/45/01/71/79/1200x1200/1513624956.jpg|https://img10.naventcdn.com/avisos/18/01/45/01/71/79/1200x1200/1513624957.jpg|https://img10.naventcdn.com/avisos/18/01/45/01/71/79/1200x1200/1513624960.jpg|https://img10.naventcdn.com/avisos/18/01/45/01/71/79/1200x1200/1513624963.jpg,,52 2461110456,Ricardo Canul J.,84162,https://www.inmuebles24.com/inmobiliarias/ricardo-canul-j._84162-inmuebles.html,2024-11-07T19:55:09Z,2026-08-25T10:08:37.062141+00:00,https://www.inmuebles24.com/casas-o-casa-en-condominio-o-departamentos-en-venta-en-tlaxcala-provincia-ordenado-por-fechaonline-descendente.html-pagina-9.html
https://www.inmuebles24.com/propiedades/clasificado/veclcapa-casa-residencial-de-3-habitaciones-con-roofgarden-142728488.html,142728488,5Q6768,sale,Casa Residencial de 3 Habitaciones con Roofgarden,"Casa de dos pisos con 3recamaras con grandes espacios, habitacion principal con baño y vestidor , cuenta con un roofgarden, zona de lavado con jardín trasero y lateral, con un estacionamiento para dos vehículos Granjas de Guadalupe Esta casa cuenta con Excelente Ubicación a unas cuadras de escuelas privadas de Apizaco, a 5 min de centro de Apizaco. c. barda La zona es sumamente tranquila, con vecinos amables, para que puedas hacer caminatas por la tarde. Recibes luz natural desde todas las direcciones.. (finalizando detalles) Construcción 220m2 Terreno 256m2 visita sin compromiso se aceptan todo tipo de cred precio negociable $2,200,000",2200000,"MN 2,200,000",MXN,venta,Casa,Tepetzala,Granjas de Guadalupe,Apizaco,Tlaxcala,19.425957837467788,-98.13623669391785,3,4,256,220,2,,A estrenar,Publicado hace más de 1 año,,https://img10.naventcdn.com/avisos/18/01/42/72/84/88/1200x1200/1508341489.jpg?isFirstImage=true|https://img10.naventcdn.com/avisos/18/01/42/72/84/88/1200x1200/1508341487.jpg|https://img10.naventcdn.com/avisos/18/01/42/72/84/88/1200x1200/1508341494.jpg|https://img10.naventcdn.com/avisos/18/01/42/72/84/88/1200x1200/1508341495.jpg|https://img10.naventcdn.com/avisos/18/01/42/72/84/88/1200x1200/1508341484.jpg|https://img10.naventcdn.com/avisos/18/01/42/72/84/88/1200x1200/1508341485.jpg|https://img10.naventcdn.com/avisos/18/01/42/72/84/88/1200x1200/1508341496.jpg|https://img10.naventcdn.com/avisos/18/01/42/72/84/88/1200x1200/1601412584.jpg|https://img10.naventcdn.com/avisos/18/01/42/72/84/88/1200x1200/1601412583.jpg|https://img10.naventcdn.com/avisos/18/01/42/72/84/88/1200x1200/1601412581.jpg|https://img10.naventcdn.com/avisos/18/01/42/72/84/88/1200x1200/1601412582.jpg,,52 2411641941,Mónica Romero Rivera,50848193,https://www.inmuebles24.com/inmobiliarias/monica-romero-rivera_50848193-inmuebles.html,2024-02-16T12:37:33Z,2026-08-25T10:08:37.062141+00:00,https://www.inmuebles24.com/casas-o-casa-en-condominio-o-departamentos-en-venta-en-tlaxcala-provincia-ordenado-por-fechaonline-descendente.html-pagina-9.html
