url,price,price_text,currency,operation,property_type,neighborhood,city,state,built_m2,land_m2,publication_age,published_date,scraped_at,source_page
https://www.inmuebles24.com/propiedades/clasificado/veclapin-departamento-en-venta-en-atelier-jurica-queretaro-150796306.html,3400000,"MN 3,400,000",MXN,venta,Apartamento,Juriquilla,Querétaro,Querétaro,93.0,93.0,Publicado hoy,2026-08-13T20:55:52Z,2026-08-14T00:59:36.737366+00:00,https://www.inmuebles24.com/casas-o-casa-en-condominio-o-departamentos-en-venta-en-queretaro-provincia-ordenado-por-fechaonline-descendente.html.html
https://www.inmuebles24.com/propiedades/clasificado/veclapin-departamento-en-venta-en-centro-sur-150789425.html,2900000,"MN 2,900,000",MXN,venta,Apartamento,Centro Sur,Querétaro,Querétaro,86.0,86.0,Publicado hoy,2026-08-13T04:52:33Z,2026-08-14T00:59:36.737366+00:00,https://www.inmuebles24.com/casas-o-casa-en-condominio-o-departamentos-en-venta-en-queretaro-provincia-ordenado-por-fechaonline-descendente.html.html
https://www.inmuebles24.com/propiedades/clasificado/veclapin-departamento-en-venta-en-providencia-150795970.html,3315320,"MN 3,315,320",MXN,venta,Apartamento,,Corregidora,Querétaro,106.0,106.0,Publicado hoy,2026-08-13T20:42:17Z,2026-08-14T00:59:36.737366+00:00,https://www.inmuebles24.com/casas-o-casa-en-condominio-o-departamentos-en-venta-en-queretaro-provincia-ordenado-por-fechaonline-descendente.html.html
https://www.inmuebles24.com/propiedades/clasificado/veclapin-departamento-en-venta-renta-a-3-minutos-de-uvm-unam-150788571.html,2450000,"MN 2,450,000",MXN,venta,Apartamento,Juriquilla,Querétaro,Querétaro,71.0,71.0,Publicado hoy,2026-08-13T03:53:55Z,2026-08-14T00:59:36.737366+00:00,https://www.inmuebles24.com/casas-o-casa-en-condominio-o-departamentos-en-venta-en-queretaro-provincia-ordenado-por-fechaonline-descendente.html.html
https://www.inmuebles24.com/propiedades/clasificado/veclapin-makalu:-departamento-en-venta-en-lomas-de-juriquilla-150788774.html,3550904,"MN 3,550,904",MXN,venta,Apartamento,Lomas de Juriquilla,Querétaro,Querétaro,108.0,136.0,Publicado hoy,2026-08-13T04:31:51Z,2026-08-14T00:59:36.737366+00:00,https://www.inmuebles24.com/casas-o-casa-en-condominio-o-departamentos-en-venta-en-queretaro-provincia-ordenado-por-fechaonline-descendente.html.html
https://www.inmuebles24.com/propiedades/clasificado/veclapin-thr-grand-living-juriquilla:-departamento-en-venta-en-150788881.html,4350000,"MN 4,350,000",MXN,venta,Apartamento,Juriquilla Santa Fe,Querétaro,Querétaro,168.0,168.0,Publicado hoy,2026-08-13T04:34:54Z,2026-08-14T00:59:36.737366+00:00,https://www.inmuebles24.com/casas-o-casa-en-condominio-o-departamentos-en-venta-en-queretaro-provincia-ordenado-por-fechaonline-descendente.html.html
https://www.inmuebles24.com/propiedades/clasificado/veclapin-venta-departamento-en-queretaro-zakia-150796678.html,1970000,"MN 1,970,000",MXN,venta,Apartamento,,El Marqués,Querétaro,92.0,92.0,Publicado hoy,2026-08-13T21:29:19Z,2026-08-14T00:59:36.737366+00:00,https://www.inmuebles24.com/casas-o-casa-en-condominio-o-departamentos-en-venta-en-queretaro-provincia-ordenado-por-fechaonline-descendente.html.html
https://www.inmuebles24.com/propiedades/clasificado/veclcain-casa-a-estrenar-en-lagos-con-4-habitaciones-150790373.html,17650000,"MN 17,650,000",MXN,venta,Casa,El Campanario,Querétaro,Querétaro,390.0,320.0,Publicado hoy,2026-08-13T13:30:48Z,2026-08-14T00:59:36.737366+00:00,https://www.inmuebles24.com/casas-o-casa-en-condominio-o-departamentos-en-venta-en-queretaro-provincia-ordenado-por-fechaonline-descendente.html.html
https://www.inmuebles24.com/propiedades/clasificado/veclcain-casa-en-vena-en-altozano-arquitectura-moderna.-150796582.html,20890000,"MN 20,890,000",MXN,venta,Casa,Altozano el Nuevo Querétaro,Querétaro,Querétaro,550.0,500.0,Publicado hoy,2026-08-13T21:19:37Z,2026-08-14T00:59:36.737366+00:00,https://www.inmuebles24.com/casas-o-casa-en-condominio-o-departamentos-en-venta-en-queretaro-provincia-ordenado-por-fechaonline-descendente.html.html
https://www.inmuebles24.com/propiedades/clasificado/veclcain-casa-en-venta-5-habitaciones-amplio-jardin-en-150790385.html,32900000,"MN 32,900,000",MXN,venta,Casa,El Campanario,Querétaro,Querétaro,543.0,720.0,Publicado hoy,2026-08-13T13:39:53Z,2026-08-14T00:59:36.737366+00:00,https://www.inmuebles24.com/casas-o-casa-en-condominio-o-departamentos-en-venta-en-queretaro-provincia-ordenado-por-fechaonline-descendente.html.html
https://www.inmuebles24.com/propiedades/clasificado/veclcain-casa-en-venta-en-altozano-queretaro-150792270.html,7990000,"MN 7,990,000",MXN,venta,Casa,Altozano el Nuevo Querétaro,Querétaro,Querétaro,280.0,268.0,Publicado hoy,2026-08-13T16:51:07Z,2026-08-14T01:01:17.539715+00:00,https://www.inmuebles24.com/casas-o-casa-en-condominio-o-departamentos-en-venta-en-queretaro-provincia-ordenado-por-fechaonline-descendente.html.html
https://www.inmuebles24.com/propiedades/clasificado/veclcain-casa-en-venta-en-arboledas-del-parque.-150791429.html,5400000,"MN 5,400,000",MXN,venta,Casa,Arboledas del Parque,Querétaro,Querétaro,287.0,189.0,Publicado hoy,2026-08-13T16:26:36Z,2026-08-14T01:01:17.539715+00:00,https://www.inmuebles24.com/casas-o-casa-en-condominio-o-departamentos-en-venta-en-queretaro-provincia-ordenado-por-fechaonline-descendente.html.html
https://www.inmuebles24.com/propiedades/clasificado/veclcain-casa-en-venta-en-desarrollo-san-pablo-excelente-150794596.html,3300000,"MN 3,300,000",MXN,venta,Casa,Desarrollo San Pablo,Querétaro,Querétaro,104.0,170.0,Publicado hoy,2026-08-13T19:41:52Z,2026-08-14T01:01:17.539715+00:00,https://www.inmuebles24.com/casas-o-casa-en-condominio-o-departamentos-en-venta-en-queretaro-provincia-ordenado-por-fechaonline-descendente.html.html
https://www.inmuebles24.com/propiedades/clasificado/veclcain-casa-en-venta-en-el-campanario-con-4-recamaras-y-150790368.html,23900000,"MN 23,900,000",MXN,venta,Casa,El Campanario,Querétaro,Querétaro,600.0,600.0,Publicado hoy,2026-08-13T13:25:35Z,2026-08-14T01:01:17.539715+00:00,https://www.inmuebles24.com/casas-o-casa-en-condominio-o-departamentos-en-venta-en-queretaro-provincia-ordenado-por-fechaonline-descendente.html.html
https://www.inmuebles24.com/propiedades/clasificado/veclcain-casa-en-venta-en-huertas-la-joya-estilo-campestre.-150791434.html,10950000,"MN 10,950,000",MXN,venta,Casa,Huertas La Joya,Querétaro,Querétaro,400.0,2007.0,Publicado hoy,2026-08-13T16:27:10Z,2026-08-14T01:01:17.539715+00:00,https://www.inmuebles24.com/casas-o-casa-en-condominio-o-departamentos-en-venta-en-queretaro-provincia-ordenado-por-fechaonline-descendente.html.html
https://www.inmuebles24.com/propiedades/clasificado/veclcain-casa-en-venta-en-plazas-del-sol-2a-seccion-150789424.html,2680000,"MN 2,680,000",MXN,venta,Casa,El Marqués,Querétaro,Querétaro,150.0,160.0,Publicado hoy,2026-08-13T04:52:31Z,2026-08-14T01:01:17.539715+00:00,https://www.inmuebles24.com/casas-o-casa-en-condominio-o-departamentos-en-venta-en-queretaro-provincia-ordenado-por-fechaonline-descendente.html.html
https://www.inmuebles24.com/propiedades/clasificado/veclcain-casa-en-venta-en-tequisquiapan-barrio-de-san-juan-150796927.html,6985000,"MN 6,985,000",MXN,venta,Casa,,Tequisquiapan,Querétaro,413.0,725.0,Publicado hoy,2026-08-13T21:51:13Z,2026-08-14T01:01:17.539715+00:00,https://www.inmuebles24.com/casas-o-casa-en-condominio-o-departamentos-en-venta-en-queretaro-provincia-ordenado-por-fechaonline-descendente.html.html
https://www.inmuebles24.com/propiedades/clasificado/veclcain-casa-en-venta-en-tequisquiapan-condominio-el-dorado-150796547.html,6850000,"MN 6,850,000",MXN,venta,Casa,,Tequisquiapan,Querétaro,198.0,250.0,Publicado hoy,2026-08-13T21:15:08Z,2026-08-14T01:01:17.539715+00:00,https://www.inmuebles24.com/casas-o-casa-en-condominio-o-departamentos-en-venta-en-queretaro-provincia-ordenado-por-fechaonline-descendente.html.html
https://www.inmuebles24.com/propiedades/clasificado/veclcain-casa-en-venta-o-renta-en-el-campanario-150790359.html,18000000,"MN 18,000,000",MXN,venta,Casa,El Campanario,Querétaro,Querétaro,485.0,1349.0,Publicado hoy,2026-08-13T13:16:55Z,2026-08-14T01:01:17.539715+00:00,https://www.inmuebles24.com/casas-o-casa-en-condominio-o-departamentos-en-venta-en-queretaro-provincia-ordenado-por-fechaonline-descendente.html.html
https://www.inmuebles24.com/propiedades/clasificado/veclcain-casa-en-venta-zona-los-arcos-y-loma-dorada-muy-150791466.html,8300000,"MN 8,300,000",MXN,venta,Casa,Loma Dorada,Querétaro,Querétaro,460.0,374.0,Publicado hoy,2026-08-13T16:28:59Z,2026-08-14T01:01:17.539715+00:00,https://www.inmuebles24.com/casas-o-casa-en-condominio-o-departamentos-en-venta-en-queretaro-provincia-ordenado-por-fechaonline-descendente.html.html
https://www.inmuebles24.com/propiedades/clasificado/veclcain-casa-en-venta-en-acacia-a-estrenar-150789670.html,5200000,"MN 5,200,000",MXN,venta,Casa,Zibatá,El Marqués,Querétaro,259.0,132.0,Publicado hoy,2026-08-13T05:40:01Z,2026-08-14T01:08:02.512972+00:00,https://www.inmuebles24.com/casas-o-casa-en-condominio-o-departamentos-en-venta-en-queretaro-provincia-ordenado-por-fechaonline-descendente.html-pagina-2.html
https://www.inmuebles24.com/propiedades/clasificado/veclcain-casa-en-venta-en-colinas-de-menchaca-150789012.html,1650000,"MN 1,650,000",MXN,venta,Casa,Colinas de Menchaca,Querétaro,Querétaro,224.0,120.0,Publicado hoy,2026-08-13T04:40Z,2026-08-14T01:08:02.512972+00:00,https://www.inmuebles24.com/casas-o-casa-en-condominio-o-departamentos-en-venta-en-queretaro-provincia-ordenado-por-fechaonline-descendente.html-pagina-2.html
https://www.inmuebles24.com/propiedades/clasificado/veclcain-casa-en-venta-en-fairway-en-balvanera-polo-country-150788741.html,20900000,"MN 20,900,000",MXN,venta,Casa,Club de golf Balvanera Polo y Country Club,Corregidora,Querétaro,523.0,1015.0,Publicado hoy,2026-08-13T04:29:32Z,2026-08-14T01:08:02.512972+00:00,https://www.inmuebles24.com/casas-o-casa-en-condominio-o-departamentos-en-venta-en-queretaro-provincia-ordenado-por-fechaonline-descendente.html-pagina-2.html
https://www.inmuebles24.com/propiedades/clasificado/veclcain-casa-en-venta-en-fracc-hacienda-santa-fe-150798480.html,0,MN ,MXN,venta,Casa,Juriquilla Santa Fe,Querétaro,Querétaro,278.0,184.0,Publicado hoy,2026-08-14T00:22:21Z,2026-08-14T01:08:02.512972+00:00,https://www.inmuebles24.com/casas-o-casa-en-condominio-o-departamentos-en-venta-en-queretaro-provincia-ordenado-por-fechaonline-descendente.html-pagina-2.html
https://www.inmuebles24.com/propiedades/clasificado/veclcain-casa-en-venta-en-jurica-de-un-nivel-con-amplio-jardin.-150791442.html,11500000,"MN 11,500,000",MXN,venta,Casa,Jurica,Querétaro,Querétaro,386.0,1100.0,Publicado hoy,2026-08-13T16:28:04Z,2026-08-14T01:08:02.512972+00:00,https://www.inmuebles24.com/casas-o-casa-en-condominio-o-departamentos-en-venta-en-queretaro-provincia-ordenado-por-fechaonline-descendente.html-pagina-2.html
https://www.inmuebles24.com/propiedades/clasificado/veclcain-casa-en-venta-zibata-3-rec-150791289.html,3000000,"MN 3,000,000",MXN,venta,Casa,Zibatá,El Marqués,Querétaro,132.0,126.0,Publicado hoy,2026-08-13T16:17:06Z,2026-08-14T01:08:02.512972+00:00,https://www.inmuebles24.com/casas-o-casa-en-condominio-o-departamentos-en-venta-en-queretaro-provincia-ordenado-por-fechaonline-descendente.html-pagina-2.html
https://www.inmuebles24.com/propiedades/clasificado/veclcain-casa-venta-jardines-de-la-hacienda-150793637.html,5500000,"MN 5,500,000",MXN,venta,Casa,Jardines de La Hacienda,Querétaro,Querétaro,287.0,167.0,Publicado hoy,2026-08-13T18:23:39Z,2026-08-14T01:08:02.512972+00:00,https://www.inmuebles24.com/casas-o-casa-en-condominio-o-departamentos-en-venta-en-queretaro-provincia-ordenado-por-fechaonline-descendente.html-pagina-2.html
https://www.inmuebles24.com/propiedades/clasificado/veclcain-casa-venta-real-del-bosque-150792262.html,7200000,"MN 7,200,000",MXN,venta,Casa,Fraccionamiento Real del Bosque,Corregidora,Querétaro,342.0,278.0,Publicado hoy,2026-08-13T16:50:19Z,2026-08-14T01:08:02.512972+00:00,https://www.inmuebles24.com/casas-o-casa-en-condominio-o-departamentos-en-venta-en-queretaro-provincia-ordenado-por-fechaonline-descendente.html-pagina-2.html
https://www.inmuebles24.com/propiedades/clasificado/veclcain-casa-venta-renta-en-la-canada-juriquilla-de-un-nivel-150791459.html,14700000,"MN 14,700,000",MXN,venta,Casa,Juriquilla,Querétaro,Querétaro,475.0,790.0,Publicado hoy,2026-08-13T16:28:22Z,2026-08-14T01:08:02.512972+00:00,https://www.inmuebles24.com/casas-o-casa-en-condominio-o-departamentos-en-venta-en-queretaro-provincia-ordenado-por-fechaonline-descendente.html-pagina-2.html
https://www.inmuebles24.com/propiedades/clasificado/veclcain-lomas-norte-campanario-casa-en-venta-con-vigilancia-150791426.html,8300000,"MN 8,300,000",MXN,venta,Casa,Lomas del Campanario I,Querétaro,Querétaro,268.0,236.0,Publicado hoy,2026-08-13T16:26:19Z,2026-08-14T01:08:02.512972+00:00,https://www.inmuebles24.com/casas-o-casa-en-condominio-o-departamentos-en-venta-en-queretaro-provincia-ordenado-por-fechaonline-descendente.html-pagina-2.html
https://www.inmuebles24.com/propiedades/clasificado/veclcain-venta-casa-en-gran-reserva-preserve-con-roof-garden-y-150791463.html,3850000,"MN 3,850,000",MXN,venta,Casa,Juriquilla,Querétaro,Querétaro,220.0,170.0,Publicado hoy,2026-08-13T16:28:40Z,2026-08-14T01:09:37.351918+00:00,https://www.inmuebles24.com/casas-o-casa-en-condominio-o-departamentos-en-venta-en-queretaro-provincia-ordenado-por-fechaonline-descendente.html-pagina-2.html
https://www.inmuebles24.com/propiedades/clasificado/veclcain-venta-casa-la-piedad-3-recamaras-3-banos-150798298.html,1718000,"MN 1,718,000",MXN,venta,Casa,La Piedad,El Marqués,Querétaro,93.0,78.0,Publicado hoy,2026-08-13T23:58:38Z,2026-08-14T01:09:37.351918+00:00,https://www.inmuebles24.com/casas-o-casa-en-condominio-o-departamentos-en-venta-en-queretaro-provincia-ordenado-por-fechaonline-descendente.html-pagina-2.html
https://www.inmuebles24.com/propiedades/clasificado/veclccin-casa-cactus-zibata-150794656.html,7000000,"MN 7,000,000",MXN,venta,Casa en condominio,Zibatá,El Marqués,Querétaro,321.0,220.0,Publicado hoy,2026-08-13T19:46:30Z,2026-08-14T01:09:37.351918+00:00,https://www.inmuebles24.com/casas-o-casa-en-condominio-o-departamentos-en-venta-en-queretaro-provincia-ordenado-por-fechaonline-descendente.html-pagina-2.html
https://www.inmuebles24.com/propiedades/clasificado/veclccin-casa-en-venta-en-altos-juriquilla-150791340.html,4575000,"MN 4,575,000",MXN,venta,Casa en condominio,Fraccionamiento Real de Juriquilla,Querétaro,Querétaro,215.0,296.0,Publicado hoy,2026-08-13T16:22:03Z,2026-08-14T01:09:37.351918+00:00,https://www.inmuebles24.com/casas-o-casa-en-condominio-o-departamentos-en-venta-en-queretaro-provincia-ordenado-por-fechaonline-descendente.html-pagina-2.html
https://www.inmuebles24.com/propiedades/clasificado/veclccin-casa-gabriela-zibata-150794516.html,4800000,"MN 4,800,000",MXN,venta,Casa en condominio,Zibatá,El Marqués,Querétaro,200.0,200.0,Publicado hoy,2026-08-13T19:35:18Z,2026-08-14T01:09:37.351918+00:00,https://www.inmuebles24.com/casas-o-casa-en-condominio-o-departamentos-en-venta-en-queretaro-provincia-ordenado-por-fechaonline-descendente.html-pagina-2.html
https://www.inmuebles24.com/propiedades/clasificado/veclccin-casa-mariana-corregidora-150793948.html,4600000,"MN 4,600,000",MXN,venta,Casa en condominio,Fraccionamiento Puerta Real,Corregidora,Querétaro,224.0,391.0,Publicado hoy,2026-08-13T18:48:05Z,2026-08-14T01:09:37.351918+00:00,https://www.inmuebles24.com/casas-o-casa-en-condominio-o-departamentos-en-venta-en-queretaro-provincia-ordenado-por-fechaonline-descendente.html-pagina-2.html
https://www.inmuebles24.com/propiedades/clasificado/veclccin-casa-nogal-nuevo-refugio-150793144.html,4990000,"MN 4,990,000",MXN,venta,Casa en condominio,Nuevo Refugio,Querétaro,Querétaro,245.0,160.0,Publicado hoy,2026-08-13T17:45:49Z,2026-08-14T01:09:37.351918+00:00,https://www.inmuebles24.com/casas-o-casa-en-condominio-o-departamentos-en-venta-en-queretaro-provincia-ordenado-por-fechaonline-descendente.html-pagina-2.html
https://www.inmuebles24.com/propiedades/clasificado/veclccin-el-mayorazgo:-casa-en-condominio-en-venta-en-cerro-150788884.html,6500000,"MN 6,500,000",MXN,venta,Casa en condominio,,El Marqués,Querétaro,270.0,185.0,Publicado hoy,2026-08-13T04:35:05Z,2026-08-14T01:09:37.351918+00:00,https://www.inmuebles24.com/casas-o-casa-en-condominio-o-departamentos-en-venta-en-queretaro-provincia-ordenado-por-fechaonline-descendente.html-pagina-2.html
https://www.inmuebles24.com/propiedades/clasificado/veclccin-grand-juriquilla-venta-casa-con-estudio-y-sala-de-tv-150791407.html,4290000,"MN 4,290,000",MXN,venta,Casa en condominio,Juriquilla,Querétaro,Querétaro,220.0,219.0,Publicado hoy,2026-08-13T16:25:47Z,2026-08-14T01:09:37.351918+00:00,https://www.inmuebles24.com/casas-o-casa-en-condominio-o-departamentos-en-venta-en-queretaro-provincia-ordenado-por-fechaonline-descendente.html-pagina-2.html
https://www.inmuebles24.com/propiedades/clasificado/veclccin-venta-hermosa-residencia-lomas-de-juriquilla-ubicacion-150797938.html,5900000,"MN 5,900,000",MXN,venta,Casa en condominio,Juriquilla,Querétaro,Querétaro,301.0,250.0,Publicado hoy,2026-08-13T23:16:56Z,2026-08-14T01:09:37.351918+00:00,https://www.inmuebles24.com/casas-o-casa-en-condominio-o-departamentos-en-venta-en-queretaro-provincia-ordenado-por-fechaonline-descendente.html-pagina-2.html
https://www.inmuebles24.com/propiedades/clasificado/veclapin-departamento-en-venta-2-rec-zakia-150791052.html,2150000,"MN 2,150,000",MXN,venta,Apartamento,Zákia,El Marqués,Querétaro,84.0,84.0,Publicado hoy,2026-08-13T15:56:21Z,2026-08-14T01:11:12.096301+00:00,https://www.inmuebles24.com/casas-o-casa-en-condominio-o-departamentos-en-venta-en-queretaro-provincia-ordenado-por-fechaonline-descendente.html-pagina-3.html
https://www.inmuebles24.com/propiedades/clasificado/veclapin-departamento-en-venta-en-jurica-150791356.html,8562235,"MN 8,562,235",MXN,venta,Apartamento,Jurica,Querétaro,Querétaro,182.0,182.0,Publicado hoy,2026-08-13T16:22:21Z,2026-08-14T01:11:12.096301+00:00,https://www.inmuebles24.com/casas-o-casa-en-condominio-o-departamentos-en-venta-en-queretaro-provincia-ordenado-por-fechaonline-descendente.html-pagina-3.html
https://www.inmuebles24.com/propiedades/clasificado/veclapin-departamento-en-venta-en-milenio-iii-171-m-sup2--y-150798284.html,4890000,"MN 4,890,000",MXN,venta,Apartamento,Milenio III,Querétaro,Querétaro,171.0,171.0,Publicado hoy,2026-08-13T23:57:04Z,2026-08-14T01:11:12.096301+00:00,https://www.inmuebles24.com/casas-o-casa-en-condominio-o-departamentos-en-venta-en-queretaro-provincia-ordenado-por-fechaonline-descendente.html-pagina-3.html
https://www.inmuebles24.com/propiedades/clasificado/veclapin-increible-suite-en-venta-frente-a-la-universidad-150788633.html,2550000,"MN 2,550,000",MXN,venta,Apartamento,Zibatá,El Marqués,Querétaro,58.0,58.0,Publicado hoy,2026-08-13T04:06:46Z,2026-08-14T01:11:12.096301+00:00,https://www.inmuebles24.com/casas-o-casa-en-condominio-o-departamentos-en-venta-en-queretaro-provincia-ordenado-por-fechaonline-descendente.html-pagina-3.html
https://www.inmuebles24.com/propiedades/clasificado/veclapin-juriquilla-venta-o-renta-departamento-2-habitaciones-150791432.html,4100000,"MN 4,100,000",MXN,venta,Apartamento,Juriquilla,Querétaro,Querétaro,153.0,153.0,Publicado hoy,2026-08-13T16:26:53Z,2026-08-14T01:11:12.096301+00:00,https://www.inmuebles24.com/casas-o-casa-en-condominio-o-departamentos-en-venta-en-queretaro-provincia-ordenado-por-fechaonline-descendente.html-pagina-3.html
https://www.inmuebles24.com/propiedades/clasificado/veclapin-venta-departamento-circuito-universidades-2-150798470.html,1510000,"MN 1,510,000",MXN,venta,Apartamento,,El Marqués,Querétaro,72.0,72.0,Publicado hoy,2026-08-14T00:21:32Z,2026-08-14T01:11:12.096301+00:00,https://www.inmuebles24.com/casas-o-casa-en-condominio-o-departamentos-en-venta-en-queretaro-provincia-ordenado-por-fechaonline-descendente.html-pagina-3.html
https://www.inmuebles24.com/propiedades/clasificado/veclapin-venta-departamento-queretaro-zakia-2-recamaras-150794452.html,2170000,"MN 2,170,000",MXN,venta,Apartamento,Zákia,El Marqués,Querétaro,84.0,84.0,Publicado hoy,2026-08-13T19:29:47Z,2026-08-14T01:11:12.096301+00:00,https://www.inmuebles24.com/casas-o-casa-en-condominio-o-departamentos-en-venta-en-queretaro-provincia-ordenado-por-fechaonline-descendente.html-pagina-3.html
https://www.inmuebles24.com/propiedades/clasificado/veclapin-venta-departamento-royal-view-zibata-2-recamaras-3-150798263.html,5170000,"MN 5,170,000",MXN,venta,Apartamento,Zibatá,El Marqués,Querétaro,133.0,133.0,Publicado hoy,2026-08-13T23:53:26Z,2026-08-14T01:11:12.096301+00:00,https://www.inmuebles24.com/casas-o-casa-en-condominio-o-departamentos-en-venta-en-queretaro-provincia-ordenado-por-fechaonline-descendente.html-pagina-3.html
https://www.inmuebles24.com/propiedades/clasificado/veclapin-venta-departamento-zibata-3-recamaras-2-banos-150798395.html,2505000,"MN 2,505,000",MXN,venta,Apartamento,Zibatá,El Marqués,Querétaro,83.0,83.0,Publicado hoy,2026-08-14T00:09:27Z,2026-08-14T01:11:12.096301+00:00,https://www.inmuebles24.com/casas-o-casa-en-condominio-o-departamentos-en-venta-en-queretaro-provincia-ordenado-por-fechaonline-descendente.html-pagina-3.html
https://www.inmuebles24.com/propiedades/clasificado/veclapin-venta-hermoso-departamento-en-piso-7-excelentes-150798300.html,2850000,"MN 2,850,000",MXN,venta,Apartamento,El Salitre,Querétaro,Querétaro,90.0,90.0,Publicado hoy,2026-08-13T23:58:55Z,2026-08-14T01:11:12.096301+00:00,https://www.inmuebles24.com/casas-o-casa-en-condominio-o-departamentos-en-venta-en-queretaro-provincia-ordenado-por-fechaonline-descendente.html-pagina-3.html
https://www.inmuebles24.com/propiedades/clasificado/veclapin-zibata-loft-en-venta-en-planta-baja-3-recamaras-y-150797555.html,2800000,"MN 2,800,000",MXN,venta,Apartamento,Zibatá,El Marqués,Querétaro,83.0,83.0,Publicado hoy,2026-08-13T23:01:31Z,2026-08-14T01:12:35.737009+00:00,https://www.inmuebles24.com/casas-o-casa-en-condominio-o-departamentos-en-venta-en-queretaro-provincia-ordenado-por-fechaonline-descendente.html-pagina-3.html
https://www.inmuebles24.com/propiedades/clasificado/veclcain--gran-oportunidad-casa-en-venta-con-excedente-en-150789601.html,4350000,"MN 4,350,000",MXN,venta,Casa,Zibatá,El Marqués,Querétaro,184.0,271.0,Publicado hoy,2026-08-13T05:13:14Z,2026-08-14T01:12:35.737009+00:00,https://www.inmuebles24.com/casas-o-casa-en-condominio-o-departamentos-en-venta-en-queretaro-provincia-ordenado-por-fechaonline-descendente.html-pagina-3.html
https://www.inmuebles24.com/propiedades/clasificado/veclcain-adquiere-patrimonio-a-un-precio-preferencial-bonita-150796836.html,665000,"MN 665,000",MXN,venta,Casa,Niños Héroes,Querétaro,Querétaro,400.0,260.0,Publicado hoy,2026-08-13T21:41:20Z,2026-08-14T01:12:35.737009+00:00,https://www.inmuebles24.com/casas-o-casa-en-condominio-o-departamentos-en-venta-en-queretaro-provincia-ordenado-por-fechaonline-descendente.html-pagina-3.html
https://www.inmuebles24.com/propiedades/clasificado/veclcain-altos-de-juriquilla-casa-en-preventa-diseno-150796844.html,3969000,"MN 3,969,000",MXN,venta,Casa,,Querétaro,Querétaro,121.0,114.0,Publicado hoy,2026-08-13T21:42:31Z,2026-08-14T01:12:35.737009+00:00,https://www.inmuebles24.com/casas-o-casa-en-condominio-o-departamentos-en-venta-en-queretaro-provincia-ordenado-por-fechaonline-descendente.html-pagina-3.html
https://www.inmuebles24.com/propiedades/clasificado/veclcain-casa-en-venta-con-excelente-ubicacion-y-potencial-de-150790916.html,4300000,"MN 4,300,000",MXN,venta,Casa,El Prado,Querétaro,Querétaro,187.0,168.0,Publicado hoy,2026-08-13T15:40:25Z,2026-08-14T01:12:35.737009+00:00,https://www.inmuebles24.com/casas-o-casa-en-condominio-o-departamentos-en-venta-en-queretaro-provincia-ordenado-por-fechaonline-descendente.html-pagina-3.html
https://www.inmuebles24.com/propiedades/clasificado/veclcain-casa-en-venta-en-altozano-club-deportivo-y-seguridad-150798344.html,4900000,"MN 4,900,000",MXN,venta,Casa,Altozano el Nuevo Querétaro,Querétaro,Querétaro,194.0,189.0,Publicado hoy,2026-08-14T00:04:05Z,2026-08-14T01:12:35.737009+00:00,https://www.inmuebles24.com/casas-o-casa-en-condominio-o-departamentos-en-venta-en-queretaro-provincia-ordenado-por-fechaonline-descendente.html-pagina-3.html
https://www.inmuebles24.com/propiedades/clasificado/veclcain-casa-en-venta-en-ciudad-maderas-el-marques-queretaro-150790841.html,2600000,"MN 2,600,000",MXN,venta,Casa,Ciudad Maderas Residencial,El Marqués,Querétaro,113.0,138.0,Publicado hoy,2026-08-13T15:31:20Z,2026-08-14T01:12:35.737009+00:00,https://www.inmuebles24.com/casas-o-casa-en-condominio-o-departamentos-en-venta-en-queretaro-provincia-ordenado-por-fechaonline-descendente.html-pagina-3.html
https://www.inmuebles24.com/propiedades/clasificado/veclcain-casa-en-venta-en-el-refugio-150789010.html,4900000,"MN 4,900,000",MXN,venta,Casa,Residencial El Refugio,Querétaro,Querétaro,280.0,120.0,Publicado hoy,2026-08-13T04:39:52Z,2026-08-14T01:12:35.737009+00:00,https://www.inmuebles24.com/casas-o-casa-en-condominio-o-departamentos-en-venta-en-queretaro-provincia-ordenado-por-fechaonline-descendente.html-pagina-3.html
https://www.inmuebles24.com/propiedades/clasificado/veclcain-casa-en-venta-en-zibata-150789011.html,6500000,"MN 6,500,000",MXN,venta,Casa,,El Marqués,Querétaro,270.0,185.0,Publicado hoy,2026-08-13T04:39:55Z,2026-08-14T01:12:35.737009+00:00,https://www.inmuebles24.com/casas-o-casa-en-condominio-o-departamentos-en-venta-en-queretaro-provincia-ordenado-por-fechaonline-descendente.html-pagina-3.html
https://www.inmuebles24.com/propiedades/clasificado/veclcain-casa-habitacion-en-venta-en-fraccionamiento-vinedos-150798083.html,1200000,"MN 1,200,000",MXN,venta,Casa,Unidad habitacional Vicente Guerrero,Querétaro,Querétaro,154.0,61.0,Publicado hoy,2026-08-13T23:32:22Z,2026-08-14T01:12:35.737009+00:00,https://www.inmuebles24.com/casas-o-casa-en-condominio-o-departamentos-en-venta-en-queretaro-provincia-ordenado-por-fechaonline-descendente.html-pagina-3.html
https://www.inmuebles24.com/propiedades/clasificado/veclcain-casa-venta-una-planta-corregidora-queretaro-150790809.html,1600000,"MN 1,600,000",MXN,venta,Casa,Colinas de Balvanera,Corregidora,Querétaro,76.0,96.0,Publicado hoy,2026-08-13T15:25:13Z,2026-08-14T01:14:03.954166+00:00,https://www.inmuebles24.com/casas-o-casa-en-condominio-o-departamentos-en-venta-en-queretaro-provincia-ordenado-por-fechaonline-descendente.html-pagina-3.html
https://www.inmuebles24.com/propiedades/clasificado/veclcain-el-mirador-av-prolongacion-constituyentes-vendo-casas-150797943.html,3398000,"MN 3,398,000",MXN,venta,Casa,Fraccionamiento El Mirador,El Marqués,Querétaro,153.0,165.0,Publicado hoy,2026-08-13T23:17:47Z,2026-08-14T01:14:03.954166+00:00,https://www.inmuebles24.com/casas-o-casa-en-condominio-o-departamentos-en-venta-en-queretaro-provincia-ordenado-por-fechaonline-descendente.html-pagina-3.html
https://www.inmuebles24.com/propiedades/clasificado/veclcain-venta-casa-zibata-queretaro-3-recamaras-y-150798199.html,3375000,"MN 3,375,000",MXN,venta,Casa,Zibatá,El Marqués,Querétaro,158.0,125.0,Publicado hoy,2026-08-13T23:45:11Z,2026-08-14T01:14:03.954166+00:00,https://www.inmuebles24.com/casas-o-casa-en-condominio-o-departamentos-en-venta-en-queretaro-provincia-ordenado-por-fechaonline-descendente.html-pagina-3.html
https://www.inmuebles24.com/propiedades/clasificado/veclcain-zakia-casa-en-venta-3-recamaras-2-minisplit-y-150796879.html,3150000,"MN 3,150,000",MXN,venta,Casa,Zákia,El Marqués,Querétaro,115.0,105.0,Publicado hoy,2026-08-13T21:45:40Z,2026-08-14T01:14:03.954166+00:00,https://www.inmuebles24.com/casas-o-casa-en-condominio-o-departamentos-en-venta-en-queretaro-provincia-ordenado-por-fechaonline-descendente.html-pagina-3.html
https://www.inmuebles24.com/propiedades/clasificado/veclcain-zibata-casa-en-venta-3-niveles-roof-garden-y-2-150798262.html,3200000,"MN 3,200,000",MXN,venta,Casa,,El Marqués,Querétaro,131.0,102.0,Publicado hoy,2026-08-13T23:53:13Z,2026-08-14T01:14:03.954166+00:00,https://www.inmuebles24.com/casas-o-casa-en-condominio-o-departamentos-en-venta-en-queretaro-provincia-ordenado-por-fechaonline-descendente.html-pagina-3.html
https://www.inmuebles24.com/propiedades/clasificado/veclcain-zibata-casa-en-venta-cerca-del-parque-jamadi-en-150788616.html,3375000,"MN 3,375,000",MXN,venta,Casa,Zibatá,El Marqués,Querétaro,158.0,125.0,Publicado hoy,2026-08-13T04:03:48Z,2026-08-14T01:14:03.954166+00:00,https://www.inmuebles24.com/casas-o-casa-en-condominio-o-departamentos-en-venta-en-queretaro-provincia-ordenado-por-fechaonline-descendente.html-pagina-3.html
https://www.inmuebles24.com/propiedades/clasificado/veclcain-zire-citadela-vendo-casa-a-estrenar-en-privada-c-2-150797026.html,2600000,"MN 2,600,000",MXN,venta,Casa,Ziré Citadela,El Marqués,Querétaro,107.0,102.0,Publicado hoy,2026-08-13T22:01:24Z,2026-08-14T01:14:03.954166+00:00,https://www.inmuebles24.com/casas-o-casa-en-condominio-o-departamentos-en-venta-en-queretaro-provincia-ordenado-por-fechaonline-descendente.html-pagina-3.html
https://www.inmuebles24.com/propiedades/clasificado/veclccin-ciudad-maderas-vendo-comoda-casa-de-una-planta-con-150792758.html,2250000,"MN 2,250,000",MXN,venta,Casa en condominio,Ciudad Maderas Residencial,El Marqués,Querétaro,85.0,126.0,Publicado hoy,2026-08-13T17:14:53Z,2026-08-14T01:14:03.954166+00:00,https://www.inmuebles24.com/casas-o-casa-en-condominio-o-departamentos-en-venta-en-queretaro-provincia-ordenado-por-fechaonline-descendente.html-pagina-3.html
https://www.inmuebles24.com/propiedades/clasificado/veclccin-el-mayorazgo-residencial:-casa-en-condominio-en-venta-150788886.html,5950000,"MN 5,950,000",MXN,venta,Casa en condominio,El Marqués Queretano,Querétaro,Querétaro,320.0,213.0,Publicado hoy,2026-08-13T04:35:10Z,2026-08-14T01:14:03.954166+00:00,https://www.inmuebles24.com/casas-o-casa-en-condominio-o-departamentos-en-venta-en-queretaro-provincia-ordenado-por-fechaonline-descendente.html-pagina-3.html
https://www.inmuebles24.com/propiedades/clasificado/veclccin-venta-hermosa-casa-en-zibata-qro-condominio-querzal-150798102.html,3200000,"MN 3,200,000",MXN,venta,Casa en condominio,Zibatá,El Marqués,Querétaro,122.0,128.0,Publicado hoy,2026-08-13T23:34:05Z,2026-08-14T01:14:03.954166+00:00,https://www.inmuebles24.com/casas-o-casa-en-condominio-o-departamentos-en-venta-en-queretaro-provincia-ordenado-por-fechaonline-descendente.html-pagina-3.html
https://www.inmuebles24.com/propiedades/clasificado/veclapin-departamento-con-espectacular-vista-alberca-y-150790079.html,3890000,"MN 3,890,000",MXN,venta,Apartamento,,Querétaro,Querétaro,244.0,244.0,Publicado hoy,2026-08-13T09:33:05Z,2026-08-14T01:15:33.087468+00:00,https://www.inmuebles24.com/casas-o-casa-en-condominio-o-departamentos-en-venta-en-queretaro-provincia-ordenado-por-fechaonline-descendente.html-pagina-4.html
https://www.inmuebles24.com/propiedades/clasificado/veclapin-departamento-en-magenta-zakia-150786942.html,2220000,"MN 2,220,000",MXN,venta,Apartamento,Zákia,El Marqués,Querétaro,84.0,105.0,Publicado desde ayer,2026-08-13T00:10:16Z,2026-08-14T01:15:33.087468+00:00,https://www.inmuebles24.com/casas-o-casa-en-condominio-o-departamentos-en-venta-en-queretaro-provincia-ordenado-por-fechaonline-descendente.html-pagina-4.html
https://www.inmuebles24.com/propiedades/clasificado/veclapin-departamento-en-venta-amueblado-150788948.html,4200000,"MN 4,200,000",MXN,venta,Apartamento,Zibatá,El Marqués,Querétaro,160.0,160.0,Publicado hoy,2026-08-13T04:37:36Z,2026-08-14T01:15:33.087468+00:00,https://www.inmuebles24.com/casas-o-casa-en-condominio-o-departamentos-en-venta-en-queretaro-provincia-ordenado-por-fechaonline-descendente.html-pagina-4.html
https://www.inmuebles24.com/propiedades/clasificado/veclapin-departamento-en-venta-queretaro-icaro-zibata-150790071.html,3200000,"MN 3,200,000",MXN,venta,Apartamento,Zibatá,El Marqués,Querétaro,,,Publicado hoy,2026-08-13T09:32:20Z,2026-08-14T01:15:33.087468+00:00,https://www.inmuebles24.com/casas-o-casa-en-condominio-o-departamentos-en-venta-en-queretaro-provincia-ordenado-por-fechaonline-descendente.html-pagina-4.html
https://www.inmuebles24.com/propiedades/clasificado/veclapin-departamento-equipado-en-villas-del-refugio-queretaro-150790759.html,1660000,"MN 1,660,000",MXN,venta,Apartamento,Villas del Refugio,El Marqués,Querétaro,75.0,75.0,Publicado hoy,2026-08-13T15:18:12Z,2026-08-14T01:15:33.087468+00:00,https://www.inmuebles24.com/casas-o-casa-en-condominio-o-departamentos-en-venta-en-queretaro-provincia-ordenado-por-fechaonline-descendente.html-pagina-4.html
https://www.inmuebles24.com/propiedades/clasificado/veclapin-venta-de-departamento-en-el-fraccionamiento-el-150784077.html,3900000,"MN 3,900,000",MXN,venta,Apartamento,Fraccionamiento El Mirador,El Marqués,Querétaro,160.0,160.0,Publicado desde ayer,2026-08-12T20:36:49Z,2026-08-14T01:15:33.087468+00:00,https://www.inmuebles24.com/casas-o-casa-en-condominio-o-departamentos-en-venta-en-queretaro-provincia-ordenado-por-fechaonline-descendente.html-pagina-4.html
https://www.inmuebles24.com/propiedades/clasificado/veclcain-casa-en-venta-en-la-colonia-san-pablo-150790043.html,2250000,"MN 2,250,000",MXN,venta,Casa,,Corregidora,Querétaro,82.0,90.0,Publicado hoy,2026-08-13T09:29:56Z,2026-08-14T01:15:33.087468+00:00,https://www.inmuebles24.com/casas-o-casa-en-condominio-o-departamentos-en-venta-en-queretaro-provincia-ordenado-por-fechaonline-descendente.html-pagina-4.html
https://www.inmuebles24.com/propiedades/clasificado/veclcain-casa-en-venta-en-lomas-de-banthi-150780201.html,2650000,"MN 2,650,000",MXN,venta,Casa,Banthí,San Juan del Río,Querétaro,165.0,120.0,Publicado desde ayer,2026-08-12T17:55:23Z,2026-08-14T01:15:33.087468+00:00,https://www.inmuebles24.com/casas-o-casa-en-condominio-o-departamentos-en-venta-en-queretaro-provincia-ordenado-por-fechaonline-descendente.html-pagina-4.html
https://www.inmuebles24.com/propiedades/clasificado/veclcain-casa-en-venta-en-preserve-juriquilla-150791337.html,3990000,"MN 3,990,000",MXN,venta,Casa,Juriquilla,Querétaro,Querétaro,191.0,136.0,Publicado hoy,2026-08-13T16:21:29Z,2026-08-14T01:15:33.087468+00:00,https://www.inmuebles24.com/casas-o-casa-en-condominio-o-departamentos-en-venta-en-queretaro-provincia-ordenado-por-fechaonline-descendente.html-pagina-4.html
https://www.inmuebles24.com/propiedades/clasificado/veclcain-casa-en-venta-en-zona-candiles-corregidora-con-doble-150798541.html,3043000,"MN 3,043,000",MXN,venta,Casa,Los Candiles,Corregidora,Querétaro,114.0,114.0,Publicado hoy,2026-08-14T00:29:12Z,2026-08-14T01:15:33.087468+00:00,https://www.inmuebles24.com/casas-o-casa-en-condominio-o-departamentos-en-venta-en-queretaro-provincia-ordenado-por-fechaonline-descendente.html-pagina-4.html
https://www.inmuebles24.com/propiedades/clasificado/veclcain-casa-en-venta-juriquilla-altarica-150778491.html,14450000,"MN 14,450,000",MXN,venta,Casa,Juriquilla,Querétaro,Querétaro,450.0,402.0,Publicado desde ayer,2026-08-12T16:00:48Z,2026-08-14T01:16:54.929520+00:00,https://www.inmuebles24.com/casas-o-casa-en-condominio-o-departamentos-en-venta-en-queretaro-provincia-ordenado-por-fechaonline-descendente.html-pagina-4.html
https://www.inmuebles24.com/propiedades/clasificado/veclcain-casa-en-venta-zibata-150790072.html,4500000,"MN 4,500,000",MXN,venta,Casa,Zibatá,El Marqués,Querétaro,200.0,148.0,Publicado hoy,2026-08-13T09:32:21Z,2026-08-14T01:16:54.929520+00:00,https://www.inmuebles24.com/casas-o-casa-en-condominio-o-departamentos-en-venta-en-queretaro-provincia-ordenado-por-fechaonline-descendente.html-pagina-4.html
https://www.inmuebles24.com/propiedades/clasificado/veclcain-casa-nueva-en-venta-en-corregidora-3-habitaciones-150797140.html,2856000,"MN 2,856,000",MXN,venta,Casa,Los Candiles,Corregidora,Querétaro,114.0,114.0,Publicado hoy,2026-08-13T22:12:40Z,2026-08-14T01:16:54.929520+00:00,https://www.inmuebles24.com/casas-o-casa-en-condominio-o-departamentos-en-venta-en-queretaro-provincia-ordenado-por-fechaonline-descendente.html-pagina-4.html
https://www.inmuebles24.com/propiedades/clasificado/veclcain-generic_title-150793024.html,2550000,"MN 2,550,000",MXN,venta,Casa,Fraccionamiento Zizana,El Marqués,Querétaro,108.0,100.0,Publicado hoy,2026-08-13T17:34:33Z,2026-08-14T01:16:54.929520+00:00,https://www.inmuebles24.com/casas-o-casa-en-condominio-o-departamentos-en-venta-en-queretaro-provincia-ordenado-por-fechaonline-descendente.html-pagina-4.html
https://www.inmuebles24.com/propiedades/clasificado/veclcain-oportunidad-arboledas:-casa-con-2-deptos-150777028.html,7000000,"MN 7,000,000",MXN,venta,Casa,Arboledas,Querétaro,Querétaro,395.0,252.0,Publicado desde ayer,2026-08-12T05:42:15Z,2026-08-14T01:16:54.929520+00:00,https://www.inmuebles24.com/casas-o-casa-en-condominio-o-departamentos-en-venta-en-queretaro-provincia-ordenado-por-fechaonline-descendente.html-pagina-4.html
https://www.inmuebles24.com/propiedades/clasificado/veclcain-rodeada-de-naturaleza-150793461.html,3500000,"MN 3,500,000",MXN,venta,Casa,Adolfo Lopez Mateos,Tequisquiapan,Querétaro,553.0,553.0,Publicado hoy,2026-08-13T18:10:05Z,2026-08-14T01:16:54.929520+00:00,https://www.inmuebles24.com/casas-o-casa-en-condominio-o-departamentos-en-venta-en-queretaro-provincia-ordenado-por-fechaonline-descendente.html-pagina-4.html
https://www.inmuebles24.com/propiedades/clasificado/veclcain-venta-casa-en-jurica-con-alberca-150790076.html,42800000,"MN 42,800,000",MXN,venta,Casa,Fraccionamiento Jurica,Querétaro,Querétaro,1261.0,2550.0,Publicado hoy,2026-08-13T09:33:02Z,2026-08-14T01:16:54.929520+00:00,https://www.inmuebles24.com/casas-o-casa-en-condominio-o-departamentos-en-venta-en-queretaro-provincia-ordenado-por-fechaonline-descendente.html-pagina-4.html
https://www.inmuebles24.com/propiedades/clasificado/veclcain-venta-casa-en-milenio-3-rec-3-est-4-bano-terraza-150777625.html,5350000,"MN 5,350,000",MXN,venta,Casa,Milenio III,Querétaro,Querétaro,234.0,247.0,Publicado desde ayer,2026-08-12T14:10:57Z,2026-08-14T01:16:54.929520+00:00,https://www.inmuebles24.com/casas-o-casa-en-condominio-o-departamentos-en-venta-en-queretaro-provincia-ordenado-por-fechaonline-descendente.html-pagina-4.html
https://www.inmuebles24.com/propiedades/clasificado/veclcain-venta-casa-privada-oportunidad-precio-arboledas-3-rec-150777326.html,4450000,"MN 4,450,000",MXN,venta,Casa,Arboledas,Querétaro,Querétaro,258.0,192.0,Publicado desde ayer,2026-08-12T09:35:36Z,2026-08-14T01:16:54.929520+00:00,https://www.inmuebles24.com/casas-o-casa-en-condominio-o-departamentos-en-venta-en-queretaro-provincia-ordenado-por-fechaonline-descendente.html-pagina-4.html
https://www.inmuebles24.com/propiedades/clasificado/veclcain-venta-de-casa-en-juriquilla-en-fraccionamiento-cumbres-150787349.html,11200000,"MN 11,200,000",MXN,venta,Casa,Juriquilla,Querétaro,Querétaro,378.0,460.0,Publicado desde ayer,2026-08-13T01:05:46Z,2026-08-14T01:16:54.929520+00:00,https://www.inmuebles24.com/casas-o-casa-en-condominio-o-departamentos-en-venta-en-queretaro-provincia-ordenado-por-fechaonline-descendente.html-pagina-4.html
https://www.inmuebles24.com/propiedades/clasificado/veclccin-casa-en-venta-3-recamaras-y-roof-garden-altos-150796577.html,4900000,"MN 4,900,000",MXN,venta,Casa en condominio,Juriquilla,Querétaro,Querétaro,209.0,155.0,Publicado hoy,2026-08-13T21:19:12Z,2026-08-14T01:18:27.614992+00:00,https://www.inmuebles24.com/casas-o-casa-en-condominio-o-departamentos-en-venta-en-queretaro-provincia-ordenado-por-fechaonline-descendente.html-pagina-4.html
https://www.inmuebles24.com/propiedades/clasificado/veclccin-casa-en-venta-en-metropoli-el-refugio-150788623.html,4290000,"MN 4,290,000",MXN,venta,Casa en condominio,Residencial El Refugio,Querétaro,Querétaro,180.0,150.0,Publicado hoy,2026-08-13T04:05:17Z,2026-08-14T01:18:27.614992+00:00,https://www.inmuebles24.com/casas-o-casa-en-condominio-o-departamentos-en-venta-en-queretaro-provincia-ordenado-por-fechaonline-descendente.html-pagina-4.html
https://www.inmuebles24.com/propiedades/clasificado/veclccin-casa-en-venta-en-santa-fe-dentro-de-condominio-150791406.html,5900000,"MN 5,900,000",MXN,venta,Casa en condominio,Juriquilla,Querétaro,Querétaro,280.0,300.0,Publicado hoy,2026-08-13T16:25:29Z,2026-08-14T01:18:27.614992+00:00,https://www.inmuebles24.com/casas-o-casa-en-condominio-o-departamentos-en-venta-en-queretaro-provincia-ordenado-por-fechaonline-descendente.html-pagina-4.html
https://www.inmuebles24.com/propiedades/clasificado/veclccin-propiedad-en-venta-privada-santiago-37-fracc-150790119.html,3300000,"MN 3,300,000",MXN,venta,Casa en condominio,,Corregidora,Querétaro,158.0,244.0,Publicado hoy,2026-08-13T09:34:14Z,2026-08-14T01:18:27.614992+00:00,https://www.inmuebles24.com/casas-o-casa-en-condominio-o-departamentos-en-venta-en-queretaro-provincia-ordenado-por-fechaonline-descendente.html-pagina-4.html
https://www.inmuebles24.com/propiedades/clasificado/veclccin-venta-de-casa-en-regency-club-en-jurica-en-queretaro-150798408.html,18900000,"MN 18,900,000",MXN,venta,Casa en condominio,Jurica,Querétaro,Querétaro,722.0,722.0,Publicado hoy,2026-08-14T00:12:03Z,2026-08-14T01:18:27.614992+00:00,https://www.inmuebles24.com/casas-o-casa-en-condominio-o-departamentos-en-venta-en-queretaro-provincia-ordenado-por-fechaonline-descendente.html-pagina-4.html
https://www.inmuebles24.com/propiedades/clasificado/veclccin-venta-de-casa-en-zakia-en-queretaro-150792639.html,3950000,"MN 3,950,000",MXN,venta,Casa en condominio,Zákia,El Marqués,Querétaro,185.0,185.0,Publicado hoy,2026-08-13T17:06:18Z,2026-08-14T01:18:27.614992+00:00,https://www.inmuebles24.com/casas-o-casa-en-condominio-o-departamentos-en-venta-en-queretaro-provincia-ordenado-por-fechaonline-descendente.html-pagina-4.html
https://www.inmuebles24.com/propiedades/clasificado/veclccin-venta-de-casa-rec-en-pb-en-lomas-de-juriquilla-en-150792646.html,5500000,"MN 5,500,000",MXN,venta,Casa en condominio,Juriquilla Santa Fe,Querétaro,Querétaro,252.0,252.0,Publicado hoy,2026-08-13T17:07:11Z,2026-08-14T01:18:27.614992+00:00,https://www.inmuebles24.com/casas-o-casa-en-condominio-o-departamentos-en-venta-en-queretaro-provincia-ordenado-por-fechaonline-descendente.html-pagina-4.html
https://www.inmuebles24.com/propiedades/clasificado/veclccpa-excelente-oportunidad-150792730.html,2700000,"MN 2,700,000",MXN,venta,Casa en condominio,Fraccionamiento Sonterra,Querétaro,Querétaro,110.0,184.0,Publicado hoy,2026-08-13T17:12:29Z,2026-08-14T01:18:27.614992+00:00,https://www.inmuebles24.com/casas-o-casa-en-condominio-o-departamentos-en-venta-en-queretaro-provincia-ordenado-por-fechaonline-descendente.html-pagina-4.html
https://www.inmuebles24.com/propiedades/clasificado/veclccpa-residencia-premium-en-zibata-con-doble-altura-roof-150792759.html,5590000,"MN 5,590,000",MXN,venta,Casa en condominio,Zibatá,El Marqués,Querétaro,291.0,190.0,Publicado hoy,2026-08-13T17:15:02Z,2026-08-14T01:18:27.614992+00:00,https://www.inmuebles24.com/casas-o-casa-en-condominio-o-departamentos-en-venta-en-queretaro-provincia-ordenado-por-fechaonline-descendente.html-pagina-4.html
https://www.inmuebles24.com/propiedades/clasificado/veclccpa-se-vende-bonita-casa-150796971.html,3000000,"MN 3,000,000",MXN,venta,Casa en condominio,Zákia,El Marqués,Querétaro,115.0,115.0,Publicado hoy,2026-08-13T21:55:35Z,2026-08-14T01:18:27.614992+00:00,https://www.inmuebles24.com/casas-o-casa-en-condominio-o-departamentos-en-venta-en-queretaro-provincia-ordenado-por-fechaonline-descendente.html-pagina-4.html
https://www.inmuebles24.com/propiedades/clasificado/veclapin-departamento-de-133-m-sup2--en-zibata-con-gran-terraza-150783049.html,5170000,"MN 5,170,000",MXN,venta,Apartamento,Zibatá,El Marqués,Querétaro,133.0,133.0,Publicado desde ayer,2026-08-12T19:51:58Z,2026-08-14T01:19:43.950369+00:00,https://www.inmuebles24.com/casas-o-casa-en-condominio-o-departamentos-en-venta-en-queretaro-provincia-ordenado-por-fechaonline-descendente.html-pagina-5.html
https://www.inmuebles24.com/propiedades/clasificado/veclapin-departamento-en-venta-amira-residencial-150781584.html,3650000,"MN 3,650,000",MXN,venta,Apartamento,Balcones Coloniales,Querétaro,Querétaro,113.0,113.0,Publicado desde ayer,2026-08-12T18:57:59Z,2026-08-14T01:19:43.950369+00:00,https://www.inmuebles24.com/casas-o-casa-en-condominio-o-departamentos-en-venta-en-queretaro-provincia-ordenado-por-fechaonline-descendente.html-pagina-5.html
https://www.inmuebles24.com/propiedades/clasificado/veclapin-departamento-venta-teide-queretaro-150782468.html,5980000,"MN 5,980,000",MXN,venta,Apartamento,Fraccionamiento Miradores,Querétaro,Querétaro,200.0,200.0,Publicado desde ayer,2026-08-12T19:27:53Z,2026-08-14T01:19:43.950369+00:00,https://www.inmuebles24.com/casas-o-casa-en-condominio-o-departamentos-en-venta-en-queretaro-provincia-ordenado-por-fechaonline-descendente.html-pagina-5.html
https://www.inmuebles24.com/propiedades/clasificado/veclapin-oportunidad-venta-departamento-muy-amplio-en-torres-150787675.html,4100000,"MN 4,100,000",MXN,venta,Apartamento,Residencial El Refugio,Querétaro,Querétaro,244.0,244.0,Publicado desde ayer,2026-08-13T02:03:20Z,2026-08-14T01:19:43.950369+00:00,https://www.inmuebles24.com/casas-o-casa-en-condominio-o-departamentos-en-venta-en-queretaro-provincia-ordenado-por-fechaonline-descendente.html-pagina-5.html
https://www.inmuebles24.com/propiedades/clasificado/veclapin-pent-house-en-venta-en-sierra-azul-exclusivo-150785830.html,15000000,"MN 15,000,000",MXN,venta,Apartamento,Lomas del Marqués,Querétaro,Querétaro,380.0,380.0,Publicado desde ayer,2026-08-12T22:46:01Z,2026-08-14T01:19:43.950369+00:00,https://www.inmuebles24.com/casas-o-casa-en-condominio-o-departamentos-en-venta-en-queretaro-provincia-ordenado-por-fechaonline-descendente.html-pagina-5.html
https://www.inmuebles24.com/propiedades/clasificado/veclcain-arboledas-casa-en-venta-6-rec-5-bano-cto-servicio-2-150777048.html,7000000,"MN 7,000,000",MXN,venta,Casa,Arboledas,Querétaro,Querétaro,395.0,252.0,Publicado desde ayer,2026-08-12T05:49:18Z,2026-08-14T01:19:43.950369+00:00,https://www.inmuebles24.com/casas-o-casa-en-condominio-o-departamentos-en-venta-en-queretaro-provincia-ordenado-por-fechaonline-descendente.html-pagina-5.html
https://www.inmuebles24.com/propiedades/clasificado/veclcain-arboledas-casa-en-venta-privada-3-recamara-1-pb-balcon-150777342.html,4450000,"MN 4,450,000",MXN,venta,Casa,Arboledas,Querétaro,Querétaro,258.0,192.0,Publicado desde ayer,2026-08-12T09:57:29Z,2026-08-14T01:19:43.950369+00:00,https://www.inmuebles24.com/casas-o-casa-en-condominio-o-departamentos-en-venta-en-queretaro-provincia-ordenado-por-fechaonline-descendente.html-pagina-5.html
https://www.inmuebles24.com/propiedades/clasificado/veclcain-casa-con-habitacion-en-planta-baja-en-preserve-150780277.html,3750000,"MN 3,750,000",MXN,venta,Casa,Grand Preserve,Querétaro,Querétaro,204.0,136.0,Publicado desde ayer,2026-08-12T17:56:20Z,2026-08-14T01:19:43.950369+00:00,https://www.inmuebles24.com/casas-o-casa-en-condominio-o-departamentos-en-venta-en-queretaro-provincia-ordenado-por-fechaonline-descendente.html-pagina-5.html
https://www.inmuebles24.com/propiedades/clasificado/veclcain-casa-en-venta-canadas-del-arroyo-corregidora-150786122.html,4500000,"MN 4,500,000",MXN,venta,Casa,Cañadas del Arroyo,Corregidora,Querétaro,200.0,160.0,Publicado desde ayer,2026-08-12T23:09:33Z,2026-08-14T01:19:43.950369+00:00,https://www.inmuebles24.com/casas-o-casa-en-condominio-o-departamentos-en-venta-en-queretaro-provincia-ordenado-por-fechaonline-descendente.html-pagina-5.html
https://www.inmuebles24.com/propiedades/clasificado/veclcain-casa-en-venta-centro-sur-4-recamaras-con-bano-cada-150781872.html,6670000,"MN 6,670,000",MXN,venta,Casa,Fraccionamiento Los Claustros,Querétaro,Querétaro,288.0,223.0,Publicado desde ayer,2026-08-12T19:07:30Z,2026-08-14T01:19:43.950369+00:00,https://www.inmuebles24.com/casas-o-casa-en-condominio-o-departamentos-en-venta-en-queretaro-provincia-ordenado-por-fechaonline-descendente.html-pagina-5.html
https://www.inmuebles24.com/propiedades/clasificado/veclcain-casa-en-venta-cumbres-del-lago-juriquilla-150779431.html,8790000,"MN 8,790,000",MXN,venta,Casa,Juriquilla,Querétaro,Querétaro,320.0,294.0,Publicado desde ayer,2026-08-12T17:02:20Z,2026-08-14T01:21:07.405098+00:00,https://www.inmuebles24.com/casas-o-casa-en-condominio-o-departamentos-en-venta-en-queretaro-provincia-ordenado-por-fechaonline-descendente.html-pagina-5.html
https://www.inmuebles24.com/propiedades/clasificado/veclcain-casa-en-venta-en-las-trojes-corregidora-150781731.html,2500000,"MN 2,500,000",MXN,venta,Casa,Residencial Hacienda las Trojes,Corregidora,Querétaro,160.0,160.0,Publicado desde ayer,2026-08-12T19:04:24Z,2026-08-14T01:21:07.405098+00:00,https://www.inmuebles24.com/casas-o-casa-en-condominio-o-departamentos-en-venta-en-queretaro-provincia-ordenado-por-fechaonline-descendente.html-pagina-5.html
https://www.inmuebles24.com/propiedades/clasificado/veclcain-casa-en-venta-quetetaro-fracc-tres-cantos-150786152.html,1850000,"MN 1,850,000",MXN,venta,Casa,Tres Cantos Residencial,Querétaro,Querétaro,79.0,107.0,Publicado desde ayer,2026-08-12T23:11:44Z,2026-08-14T01:21:07.405098+00:00,https://www.inmuebles24.com/casas-o-casa-en-condominio-o-departamentos-en-venta-en-queretaro-provincia-ordenado-por-fechaonline-descendente.html-pagina-5.html
https://www.inmuebles24.com/propiedades/clasificado/veclcain-casa-en-venta-y-renta-en-condominio-palmares-v-frente-150786527.html,2850000,"MN 2,850,000",MXN,venta,Casa,El Salitre,Querétaro,Querétaro,107.0,100.0,Publicado desde ayer,2026-08-12T23:42:20Z,2026-08-14T01:21:07.405098+00:00,https://www.inmuebles24.com/casas-o-casa-en-condominio-o-departamentos-en-venta-en-queretaro-provincia-ordenado-por-fechaonline-descendente.html-pagina-5.html
https://www.inmuebles24.com/propiedades/clasificado/veclcain-casa-venta-centro-sur-mallorca-privada-vista-150777997.html,6800000,"MN 6,800,000",MXN,venta,Casa,Cumbres del Cimatario,Querétaro,Querétaro,350.0,330.0,Publicado desde ayer,2026-08-12T15:22:23Z,2026-08-14T01:21:07.405098+00:00,https://www.inmuebles24.com/casas-o-casa-en-condominio-o-departamentos-en-venta-en-queretaro-provincia-ordenado-por-fechaonline-descendente.html-pagina-5.html
https://www.inmuebles24.com/propiedades/clasificado/veclcain-casa-venta-milenio-lll-3-rec-pb-4-bano-3-est-balcon-150777732.html,5350000,"MN 5,350,000",MXN,venta,Casa,Milenio III,Querétaro,Querétaro,234.0,247.0,Publicado desde ayer,2026-08-12T14:43:06Z,2026-08-14T01:21:07.405098+00:00,https://www.inmuebles24.com/casas-o-casa-en-condominio-o-departamentos-en-venta-en-queretaro-provincia-ordenado-por-fechaonline-descendente.html-pagina-5.html
https://www.inmuebles24.com/propiedades/clasificado/veclcain-casa-venta-privada-arboledas-3-rec-1-balcon-terraza-150777340.html,4450000,"MN 4,450,000",MXN,venta,Casa,Arboledas,Querétaro,Querétaro,258.0,192.0,Publicado desde ayer,2026-08-12T09:52:28Z,2026-08-14T01:21:07.405098+00:00,https://www.inmuebles24.com/casas-o-casa-en-condominio-o-departamentos-en-venta-en-queretaro-provincia-ordenado-por-fechaonline-descendente.html-pagina-5.html
https://www.inmuebles24.com/propiedades/clasificado/veclcain-milenio-lll-casa-en-venta-3-rec-3-est-4-banos-terraza-150777655.html,5350000,"MN 5,350,000",MXN,venta,Casa,Milenio III,Querétaro,Querétaro,234.0,247.0,Publicado desde ayer,2026-08-12T14:19:52Z,2026-08-14T01:21:07.405098+00:00,https://www.inmuebles24.com/casas-o-casa-en-condominio-o-departamentos-en-venta-en-queretaro-provincia-ordenado-por-fechaonline-descendente.html-pagina-5.html
https://www.inmuebles24.com/propiedades/clasificado/veclcain-privada-casa-venta-centro-sur-mallorca-vista-150777951.html,6800000,"MN 6,800,000",MXN,venta,Casa,Cumbres del Cimatario,Querétaro,Querétaro,350.0,330.0,Publicado desde ayer,2026-08-12T15:15:47Z,2026-08-14T01:21:07.405098+00:00,https://www.inmuebles24.com/casas-o-casa-en-condominio-o-departamentos-en-venta-en-queretaro-provincia-ordenado-por-fechaonline-descendente.html-pagina-5.html
https://www.inmuebles24.com/propiedades/clasificado/veclcain-queretaro-casa-en-venta-milenio-3-rec-pb-4-bano-3-est-150777674.html,5350000,"MN 5,350,000",MXN,venta,Casa,Milenio III,Querétaro,Querétaro,234.0,247.0,Publicado desde ayer,2026-08-12T14:29:10Z,2026-08-14T01:21:07.405098+00:00,https://www.inmuebles24.com/casas-o-casa-en-condominio-o-departamentos-en-venta-en-queretaro-provincia-ordenado-por-fechaonline-descendente.html-pagina-5.html
https://www.inmuebles24.com/propiedades/clasificado/veclcain-queretaro-casa-en-venta-privada-arboledas-3-rec-1-pb-150777331.html,4450000,"MN 4,450,000",MXN,venta,Casa,Arboledas,Querétaro,Querétaro,258.0,192.0,Publicado desde ayer,2026-08-12T09:43:11Z,2026-08-14T01:22:31.075396+00:00,https://www.inmuebles24.com/casas-o-casa-en-condominio-o-departamentos-en-venta-en-queretaro-provincia-ordenado-por-fechaonline-descendente.html-pagina-5.html
https://www.inmuebles24.com/propiedades/clasificado/veclcain-venta-casa-arboledas-6-recamaras-2-deptos5-banos-cto-150777086.html,7000000,"MN 7,000,000",MXN,venta,Casa,Arboledas,Querétaro,Querétaro,395.0,252.0,Publicado desde ayer,2026-08-12T05:56:12Z,2026-08-14T01:22:31.075396+00:00,https://www.inmuebles24.com/casas-o-casa-en-condominio-o-departamentos-en-venta-en-queretaro-provincia-ordenado-por-fechaonline-descendente.html-pagina-5.html
https://www.inmuebles24.com/propiedades/clasificado/veclcain-venta-casa-centro-sur-mallorca-privada-alberca-padel-150778042.html,6800000,"MN 6,800,000",MXN,venta,Casa,Cumbres del Cimatario,Querétaro,Querétaro,350.0,330.0,Publicado desde ayer,2026-08-12T15:30:31Z,2026-08-14T01:22:31.075396+00:00,https://www.inmuebles24.com/casas-o-casa-en-condominio-o-departamentos-en-venta-en-queretaro-provincia-ordenado-por-fechaonline-descendente.html-pagina-5.html
https://www.inmuebles24.com/propiedades/clasificado/veclcain-venta-de-casa-en-santa-fe-juriquilla-condominio-acqua-150781242.html,3280000,"MN 3,280,000",MXN,venta,Casa,Juriquilla,Querétaro,Querétaro,139.0,134.0,Publicado desde ayer,2026-08-12T18:42:13Z,2026-08-14T01:22:31.075396+00:00,https://www.inmuebles24.com/casas-o-casa-en-condominio-o-departamentos-en-venta-en-queretaro-provincia-ordenado-por-fechaonline-descendente.html-pagina-5.html
https://www.inmuebles24.com/propiedades/clasificado/veclcain-venta-de-casa-hacienda-la-gloria-con-terreno-excedente-150783459.html,3150000,"MN 3,150,000",MXN,venta,Casa,Hacienda La Gloria,Querétaro,Querétaro,142.0,136.0,Publicado desde ayer,2026-08-12T20:04:53Z,2026-08-14T01:22:31.075396+00:00,https://www.inmuebles24.com/casas-o-casa-en-condominio-o-departamentos-en-venta-en-queretaro-provincia-ordenado-por-fechaonline-descendente.html-pagina-5.html
https://www.inmuebles24.com/propiedades/clasificado/veclcapa-casa-en-venta-condominio-flama-altozano-el-nuevo-150773643.html,6900000,"MN 6,900,000",MXN,venta,Casa,Altozano el Nuevo Querétaro,Querétaro,Querétaro,238.0,180.0,Publicado desde ayer,2026-08-11T22:41:31Z,2026-08-14T01:22:31.075396+00:00,https://www.inmuebles24.com/casas-o-casa-en-condominio-o-departamentos-en-venta-en-queretaro-provincia-ordenado-por-fechaonline-descendente.html-pagina-5.html
https://www.inmuebles24.com/propiedades/clasificado/veclccin-casa-de-tres-recamaras-en-venta-en-argu-iii-zakia-150785709.html,3150000,"MN 3,150,000",MXN,venta,Casa en condominio,Zákia,El Marqués,Querétaro,115.0,105.0,Publicado desde ayer,2026-08-12T22:36:56Z,2026-08-14T01:22:31.075396+00:00,https://www.inmuebles24.com/casas-o-casa-en-condominio-o-departamentos-en-venta-en-queretaro-provincia-ordenado-por-fechaonline-descendente.html-pagina-5.html
https://www.inmuebles24.com/propiedades/clasificado/veclccin-casa-en-renta-y-venta-zibata-high-gardens-queretaro-150778614.html,5800000,"MN 5,800,000",MXN,venta,Casa en condominio,Zibatá,El Marqués,Querétaro,270.0,171.0,Publicado desde ayer,2026-08-12T16:17:05Z,2026-08-14T01:22:31.075396+00:00,https://www.inmuebles24.com/casas-o-casa-en-condominio-o-departamentos-en-venta-en-queretaro-provincia-ordenado-por-fechaonline-descendente.html-pagina-5.html
https://www.inmuebles24.com/propiedades/clasificado/veclccin-casa-en-venta-en-zibata-a-pasos-de-la-anahuac-150778441.html,5790000,"MN 5,790,000",MXN,venta,Casa en condominio,Zibatá,El Marqués,Querétaro,202.0,202.0,Publicado desde ayer,2026-08-12T15:55:01Z,2026-08-14T01:22:31.075396+00:00,https://www.inmuebles24.com/casas-o-casa-en-condominio-o-departamentos-en-venta-en-queretaro-provincia-ordenado-por-fechaonline-descendente.html-pagina-5.html
https://www.inmuebles24.com/propiedades/clasificado/veclccin-casa-venta-queretaro-zizana-150781319.html,3199000,"MN 3,199,000",MXN,venta,Casa en condominio,Fraccionamiento Zizana,El Marqués,Querétaro,142.0,126.0,Publicado desde ayer,2026-08-12T18:45:40Z,2026-08-14T01:22:31.075396+00:00,https://www.inmuebles24.com/casas-o-casa-en-condominio-o-departamentos-en-venta-en-queretaro-provincia-ordenado-por-fechaonline-descendente.html-pagina-5.html
https://www.inmuebles24.com/propiedades/clasificado/veclapin-departamento-de-50-m-sup2--con-2-recamaras-en-venta-en-150780810.html,1150000,"MN 1,150,000",MXN,venta,Apartamento,Real Solare,El Marqués,Querétaro,50.0,50.0,Publicado desde ayer,2026-08-12T18:18:12Z,2026-08-14T01:23:47.293122+00:00,https://www.inmuebles24.com/casas-o-casa-en-condominio-o-departamentos-en-venta-en-queretaro-provincia-ordenado-por-fechaonline-descendente.html-pagina-6.html
https://www.inmuebles24.com/propiedades/clasificado/veclapin-departamento-en-venta-en-loma-dorada-con-vista-150787698.html,3950000,"MN 3,950,000",MXN,venta,Apartamento,Loma Dorada,Querétaro,Querétaro,95.0,95.0,Publicado desde ayer,2026-08-13T02:06:28Z,2026-08-14T01:23:47.293122+00:00,https://www.inmuebles24.com/casas-o-casa-en-condominio-o-departamentos-en-venta-en-queretaro-provincia-ordenado-por-fechaonline-descendente.html-pagina-6.html
https://www.inmuebles24.com/propiedades/clasificado/veclapin-departamento-en-venta-en-zakia-150786356.html,1850000,"MN 1,850,000",MXN,venta,Apartamento,Fraccionamiento Zizana,El Marqués,Querétaro,84.0,80.0,Publicado desde ayer,2026-08-12T23:28:49Z,2026-08-14T01:23:47.293122+00:00,https://www.inmuebles24.com/casas-o-casa-en-condominio-o-departamentos-en-venta-en-queretaro-provincia-ordenado-por-fechaonline-descendente.html-pagina-6.html
https://www.inmuebles24.com/propiedades/clasificado/veclapin-el-refugio-departamento-de-85-m-sup2--con-jardin-150787695.html,2720848,"MN 2,720,848",MXN,venta,Apartamento,Residencial El Refugio,Querétaro,Querétaro,85.0,85.0,Publicado desde ayer,2026-08-13T02:06:27Z,2026-08-14T01:23:47.293122+00:00,https://www.inmuebles24.com/casas-o-casa-en-condominio-o-departamentos-en-venta-en-queretaro-provincia-ordenado-por-fechaonline-descendente.html-pagina-6.html
https://www.inmuebles24.com/propiedades/clasificado/veclapin-zibata-vendo-departamento-en-el-exclusivo-royal-view-2-150778660.html,5170000,"MN 5,170,000",MXN,venta,Apartamento,Zibatá,El Marqués,Querétaro,133.0,133.0,Publicado desde ayer,2026-08-12T16:21Z,2026-08-14T01:23:47.293122+00:00,https://www.inmuebles24.com/casas-o-casa-en-condominio-o-departamentos-en-venta-en-queretaro-provincia-ordenado-por-fechaonline-descendente.html-pagina-6.html
https://www.inmuebles24.com/propiedades/clasificado/veclcain-casa-en-venta-con-vista-panoramica-real-de-150781541.html,4389000,"MN 4,389,000",MXN,venta,Casa,Real de Juriquilla,Querétaro,Querétaro,318.0,300.0,Publicado desde ayer,2026-08-12T18:54:55Z,2026-08-14T01:23:47.293122+00:00,https://www.inmuebles24.com/casas-o-casa-en-condominio-o-departamentos-en-venta-en-queretaro-provincia-ordenado-por-fechaonline-descendente.html-pagina-6.html
https://www.inmuebles24.com/propiedades/clasificado/veclcain-casa-en-venta-en-argu-iii-zakia-con-pergola-y-patio-150787696.html,3150000,"MN 3,150,000",MXN,venta,Casa,Zákia,El Marqués,Querétaro,105.0,105.0,Publicado desde ayer,2026-08-13T02:06:28Z,2026-08-14T01:23:47.293122+00:00,https://www.inmuebles24.com/casas-o-casa-en-condominio-o-departamentos-en-venta-en-queretaro-provincia-ordenado-por-fechaonline-descendente.html-pagina-6.html
https://www.inmuebles24.com/propiedades/clasificado/veclcain-casa-en-venta-en-jurica-150778411.html,42800000,"MN 42,800,000",MXN,venta,Casa,Jurica,Querétaro,Querétaro,2270.0,2550.0,Publicado desde ayer,2026-08-12T15:51:52Z,2026-08-14T01:23:47.293122+00:00,https://www.inmuebles24.com/casas-o-casa-en-condominio-o-departamentos-en-venta-en-queretaro-provincia-ordenado-por-fechaonline-descendente.html-pagina-6.html
https://www.inmuebles24.com/propiedades/clasificado/veclcain-casa-en-venta-en-jurica-queretaro-150785955.html,40000000,"MN 40,000,000",MXN,venta,Casa,Jurica,Querétaro,Querétaro,1000.0,2750.0,Publicado desde ayer,2026-08-12T22:56:22Z,2026-08-14T01:23:47.293122+00:00,https://www.inmuebles24.com/casas-o-casa-en-condominio-o-departamentos-en-venta-en-queretaro-provincia-ordenado-por-fechaonline-descendente.html-pagina-6.html
https://www.inmuebles24.com/propiedades/clasificado/veclcain-casa-en-venta-en-privada-con-2-recamaras-en-real-150779707.html,1440000,"MN 1,440,000",MXN,venta,Casa,Real Solare,El Marqués,Querétaro,65.0,95.0,Publicado desde ayer,2026-08-12T17:23:04Z,2026-08-14T01:23:47.293122+00:00,https://www.inmuebles24.com/casas-o-casa-en-condominio-o-departamentos-en-venta-en-queretaro-provincia-ordenado-por-fechaonline-descendente.html-pagina-6.html
https://www.inmuebles24.com/propiedades/clasificado/veclcain-casa-en-venta-en-san-juan-del-rio-150782051.html,2800000,"MN 2,800,000",MXN,venta,Casa,Centro,San Juan del Río,Querétaro,124.0,124.0,Publicado desde ayer,2026-08-12T19:13:06Z,2026-08-14T01:25:09.909843+00:00,https://www.inmuebles24.com/casas-o-casa-en-condominio-o-departamentos-en-venta-en-queretaro-provincia-ordenado-por-fechaonline-descendente.html-pagina-6.html
https://www.inmuebles24.com/propiedades/clasificado/veclcain-casa-en-venta-en-san-juan-del-rio-queretaro-150624324.html,1800000,"MN 1,800,000",MXN,venta,Casa,,San Juan del Río,Querétaro,110.0,90.0,Publicado desde ayer,2026-07-24T21:23:14Z,2026-08-14T01:25:09.909843+00:00,https://www.inmuebles24.com/casas-o-casa-en-condominio-o-departamentos-en-venta-en-queretaro-provincia-ordenado-por-fechaonline-descendente.html-pagina-6.html
https://www.inmuebles24.com/propiedades/clasificado/veclcain-casa-en-venta-villalba-ii-condominio-cigales-2-en-150777819.html,2198000,"MN 2,198,000",MXN,venta,Casa,Colinas del Bosque II,Corregidora,Querétaro,79.0,162.0,Publicado desde ayer,2026-08-12T14:56:18Z,2026-08-14T01:25:09.909843+00:00,https://www.inmuebles24.com/casas-o-casa-en-condominio-o-departamentos-en-venta-en-queretaro-provincia-ordenado-por-fechaonline-descendente.html-pagina-6.html
https://www.inmuebles24.com/propiedades/clasificado/veclcain-casa-en-venta-zakia.-150787108.html,3150000,"MN 3,150,000",MXN,venta,Casa,Zákia,El Marqués,Querétaro,114.0,105.0,Publicado desde ayer,2026-08-13T00:31:41Z,2026-08-14T01:25:09.909843+00:00,https://www.inmuebles24.com/casas-o-casa-en-condominio-o-departamentos-en-venta-en-queretaro-provincia-ordenado-por-fechaonline-descendente.html-pagina-6.html
https://www.inmuebles24.com/propiedades/clasificado/veclcain-casa-en-venta-zibata-miro-3-rec-150786556.html,3375000,"MN 3,375,000",MXN,venta,Casa,Zibatá,El Marqués,Querétaro,158.0,125.0,Publicado desde ayer,2026-08-12T23:44:26Z,2026-08-14T01:25:09.909843+00:00,https://www.inmuebles24.com/casas-o-casa-en-condominio-o-departamentos-en-venta-en-queretaro-provincia-ordenado-por-fechaonline-descendente.html-pagina-6.html
https://www.inmuebles24.com/propiedades/clasificado/veclcain-lomas-del-marques-casa-en-venta-en-el-corazon-de-150787694.html,3852000,"MN 3,852,000",MXN,venta,Casa,Lomas del Marqués,Querétaro,Querétaro,119.0,119.0,Publicado desde ayer,2026-08-13T02:06:27Z,2026-08-14T01:25:09.909843+00:00,https://www.inmuebles24.com/casas-o-casa-en-condominio-o-departamentos-en-venta-en-queretaro-provincia-ordenado-por-fechaonline-descendente.html-pagina-6.html
https://www.inmuebles24.com/propiedades/clasificado/veclcain-sonterra-vendo-casa-en-privada-2-recamaras-2-bnaos-2-150779658.html,2400000,"MN 2,400,000",MXN,venta,Casa,Fraccionamiento Sonterra,Querétaro,Querétaro,109.0,190.0,Publicado desde ayer,2026-08-12T17:19:35Z,2026-08-14T01:25:09.909843+00:00,https://www.inmuebles24.com/casas-o-casa-en-condominio-o-departamentos-en-venta-en-queretaro-provincia-ordenado-por-fechaonline-descendente.html-pagina-6.html
https://www.inmuebles24.com/propiedades/clasificado/veclcain-venta-casa-en-zibata-3-recamaras-3-banos-jardin-150778070.html,3375000,"MN 3,375,000",MXN,venta,Casa,Zibatá,El Marqués,Querétaro,158.0,125.0,Publicado desde ayer,2026-08-12T15:34:48Z,2026-08-14T01:25:09.909843+00:00,https://www.inmuebles24.com/casas-o-casa-en-condominio-o-departamentos-en-venta-en-queretaro-provincia-ordenado-por-fechaonline-descendente.html-pagina-6.html
https://www.inmuebles24.com/propiedades/clasificado/veclcain-venta-casa-residencial-cantabria-corregidora-150786964.html,2210000,"MN 2,210,000",MXN,venta,Casa,,Corregidora,Querétaro,100.0,105.0,Publicado desde ayer,2026-08-13T00:13:26Z,2026-08-14T01:25:09.909843+00:00,https://www.inmuebles24.com/casas-o-casa-en-condominio-o-departamentos-en-venta-en-queretaro-provincia-ordenado-por-fechaonline-descendente.html-pagina-6.html
https://www.inmuebles24.com/propiedades/clasificado/veclcain-zakia-vendo-casa-en-privada-con-amenidades-3-recamaras-150780075.html,2550000,"MN 2,550,000",MXN,venta,Casa,Fraccionamiento Zizana,El Marqués,Querétaro,107.0,114.0,Publicado desde ayer,2026-08-12T17:50:04Z,2026-08-14T01:25:09.909843+00:00,https://www.inmuebles24.com/casas-o-casa-en-condominio-o-departamentos-en-venta-en-queretaro-provincia-ordenado-por-fechaonline-descendente.html-pagina-6.html
https://www.inmuebles24.com/propiedades/clasificado/veclccin-casa-en-venta-de-1-nivel-2-recamaras-con-bano-150777465.html,3770000,"MN 3,770,000",MXN,venta,Casa en condominio,Zibatá,El Marqués,Querétaro,130.0,150.0,Publicado desde ayer,2026-08-12T13:01:37Z,2026-08-14T01:26:20.803526+00:00,https://www.inmuebles24.com/casas-o-casa-en-condominio-o-departamentos-en-venta-en-queretaro-provincia-ordenado-por-fechaonline-descendente.html-pagina-6.html
https://www.inmuebles24.com/propiedades/clasificado/veclccin-casa-en-venta-en-exclusivo-desarrollo-de-zibata-el-150777451.html,3750000,"MN 3,750,000",MXN,venta,Casa en condominio,Zibatá,El Marqués,Querétaro,161.0,117.0,Publicado desde ayer,2026-08-12T12:48:21Z,2026-08-14T01:26:20.803526+00:00,https://www.inmuebles24.com/casas-o-casa-en-condominio-o-departamentos-en-venta-en-queretaro-provincia-ordenado-por-fechaonline-descendente.html-pagina-6.html
https://www.inmuebles24.com/propiedades/clasificado/veclccin-casa-en-venta-en-rancho-san-pedro-150787140.html,1400000,"MN 1,400,000",MXN,venta,Casa en condominio,Rancho San Pedro,Querétaro,Querétaro,44.0,171.0,Publicado desde ayer,2026-08-13T00:36:46Z,2026-08-14T01:26:20.803526+00:00,https://www.inmuebles24.com/casas-o-casa-en-condominio-o-departamentos-en-venta-en-queretaro-provincia-ordenado-por-fechaonline-descendente.html-pagina-6.html
https://www.inmuebles24.com/propiedades/clasificado/veclccin-casa-en-venta-en-residencial-mision-conca-queretaro-150786427.html,10500000,"MN 10,500,000",MXN,venta,Casa en condominio,Balcones Coloniales,Querétaro,Querétaro,325.0,365.0,Publicado desde ayer,2026-08-12T23:35:35Z,2026-08-14T01:26:20.803526+00:00,https://www.inmuebles24.com/casas-o-casa-en-condominio-o-departamentos-en-venta-en-queretaro-provincia-ordenado-por-fechaonline-descendente.html-pagina-6.html
https://www.inmuebles24.com/propiedades/clasificado/veclccin-casa-en-venta-en-zakia-150782472.html,2550000,"MN 2,550,000",MXN,venta,Casa en condominio,Fraccionamiento Zizana,El Marqués,Querétaro,108.0,100.0,Publicado desde ayer,2026-08-12T19:28:04Z,2026-08-14T01:26:20.803526+00:00,https://www.inmuebles24.com/casas-o-casa-en-condominio-o-departamentos-en-venta-en-queretaro-provincia-ordenado-por-fechaonline-descendente.html-pagina-6.html
https://www.inmuebles24.com/propiedades/clasificado/veclccin-casa-en-venta-en-zibata-3-recamaras-jardin-y-150781695.html,3375000,"MN 3,375,000",MXN,venta,Casa en condominio,Zibatá,El Marqués,Querétaro,158.0,125.0,Publicado desde ayer,2026-08-12T19:03:20Z,2026-08-14T01:26:20.803526+00:00,https://www.inmuebles24.com/casas-o-casa-en-condominio-o-departamentos-en-venta-en-queretaro-provincia-ordenado-por-fechaonline-descendente.html-pagina-6.html
https://www.inmuebles24.com/propiedades/clasificado/veclccin-casa-en-venta-en-zibata-inspira-con-158.16-m-sup2--de-150787588.html,3375000,"MN 3,375,000",MXN,venta,Casa en condominio,Zibatá,El Marqués,Querétaro,158.0,125.0,Publicado desde ayer,2026-08-13T01:48:08Z,2026-08-14T01:26:20.803526+00:00,https://www.inmuebles24.com/casas-o-casa-en-condominio-o-departamentos-en-venta-en-queretaro-provincia-ordenado-por-fechaonline-descendente.html-pagina-6.html
https://www.inmuebles24.com/propiedades/clasificado/veclccin-casa-en-venta-terranova-corregidora-150785742.html,2450000,"MN 2,450,000",MXN,venta,Casa en condominio,El Pueblito,Corregidora,Querétaro,135.0,135.0,Publicado desde ayer,2026-08-12T22:38:39Z,2026-08-14T01:26:20.803526+00:00,https://www.inmuebles24.com/casas-o-casa-en-condominio-o-departamentos-en-venta-en-queretaro-provincia-ordenado-por-fechaonline-descendente.html-pagina-6.html
https://www.inmuebles24.com/propiedades/clasificado/veclccin-venta-de-casa-hermosa-en-milenio-iii-el-marques-150786659.html,3800000,"MN 3,800,000",MXN,venta,Casa en condominio,Los Héroes,El Marqués,Querétaro,165.0,152.0,Publicado desde ayer,2026-08-12T23:54:50Z,2026-08-14T01:26:20.803526+00:00,https://www.inmuebles24.com/casas-o-casa-en-condominio-o-departamentos-en-venta-en-queretaro-provincia-ordenado-por-fechaonline-descendente.html-pagina-6.html
https://www.inmuebles24.com/propiedades/clasificado/veclccin-venta.-la-mejor-casa-de-nuevo-refugio.-vista-150787437.html,6900000,"MN 6,900,000",MXN,venta,Casa en condominio,Nuevo Refugio,Querétaro,Querétaro,318.0,156.0,Publicado desde ayer,2026-08-13T01:20:29Z,2026-08-14T01:26:20.803526+00:00,https://www.inmuebles24.com/casas-o-casa-en-condominio-o-departamentos-en-venta-en-queretaro-provincia-ordenado-por-fechaonline-descendente.html-pagina-6.html
https://www.inmuebles24.com/propiedades/clasificado/veclapin-departamento-en-queretaro-150786948.html,3000000,"MN 3,000,000",MXN,venta,Apartamento,,Querétaro,Querétaro,116.0,116.0,Publicado desde ayer,2026-08-13T00:10:48Z,2026-08-14T01:27:45.602204+00:00,https://www.inmuebles24.com/casas-o-casa-en-condominio-o-departamentos-en-venta-en-queretaro-provincia-ordenado-por-fechaonline-descendente.html-pagina-7.html
https://www.inmuebles24.com/propiedades/clasificado/veclapin-departamento-en-venta-canadas-del-lago-corregidora-150777906.html,3650000,"MN 3,650,000",MXN,venta,Apartamento,Fraccionamiento Cañadas del Lago,Corregidora,Querétaro,142.0,142.0,Publicado desde ayer,2026-08-12T15:09:56Z,2026-08-14T01:27:45.602204+00:00,https://www.inmuebles24.com/casas-o-casa-en-condominio-o-departamentos-en-venta-en-queretaro-provincia-ordenado-por-fechaonline-descendente.html-pagina-7.html
https://www.inmuebles24.com/propiedades/clasificado/veclapin-departamento-en-venta-fraccionamiento-alleza-mirador-150780334.html,2290000,"MN 2,290,000",MXN,venta,Apartamento,Alleza Mirador,El Marqués,Querétaro,126.0,126.0,Publicado desde ayer,2026-08-12T17:57:30Z,2026-08-14T01:27:45.602204+00:00,https://www.inmuebles24.com/casas-o-casa-en-condominio-o-departamentos-en-venta-en-queretaro-provincia-ordenado-por-fechaonline-descendente.html-pagina-7.html
https://www.inmuebles24.com/propiedades/clasificado/veclapin-nuevo-refugio-departamento-en-preventa-en-el-refugio-150787697.html,2660000,"MN 2,660,000",MXN,venta,Apartamento,Nuevo Refugio,Querétaro,Querétaro,90.0,90.0,Publicado desde ayer,2026-08-13T02:06:28Z,2026-08-14T01:27:45.602204+00:00,https://www.inmuebles24.com/casas-o-casa-en-condominio-o-departamentos-en-venta-en-queretaro-provincia-ordenado-por-fechaonline-descendente.html-pagina-7.html
https://www.inmuebles24.com/propiedades/clasificado/veclappa-depa-exclusivo-en-venta-zibata-cerca-de-anahuac-qro-150788224.html,3300000,"MN 3,300,000",MXN,venta,Apartamento,Zibatá,El Marqués,Querétaro,110.0,107.0,Publicado desde ayer,2026-08-13T03:02:38Z,2026-08-14T01:27:45.602204+00:00,https://www.inmuebles24.com/casas-o-casa-en-condominio-o-departamentos-en-venta-en-queretaro-provincia-ordenado-por-fechaonline-descendente.html-pagina-7.html
https://www.inmuebles24.com/propiedades/clasificado/veclcain-casa-barrio-san-juan-150780065.html,1990000,"MN 1,990,000",MXN,venta,Casa,Barrio San Juan,Tequisquiapan,Querétaro,127.0,127.0,Publicado desde ayer,2026-08-12T17:49:22Z,2026-08-14T01:27:45.602204+00:00,https://www.inmuebles24.com/casas-o-casa-en-condominio-o-departamentos-en-venta-en-queretaro-provincia-ordenado-por-fechaonline-descendente.html-pagina-7.html
https://www.inmuebles24.com/propiedades/clasificado/veclcain-casa-en-el-marques-150787074.html,4800000,"MN 4,800,000",MXN,venta,Casa,,El Marqués,Querétaro,126.0,126.0,Publicado desde ayer,2026-08-13T00:27:09Z,2026-08-14T01:27:45.602204+00:00,https://www.inmuebles24.com/casas-o-casa-en-condominio-o-departamentos-en-venta-en-queretaro-provincia-ordenado-por-fechaonline-descendente.html-pagina-7.html
https://www.inmuebles24.com/propiedades/clasificado/veclcain-casa-en-el-marques-150787169.html,3900000,"MN 3,900,000",MXN,venta,Casa,,El Marqués,Querétaro,143.0,143.0,Publicado desde ayer,2026-08-13T00:41:48Z,2026-08-14T01:27:45.602204+00:00,https://www.inmuebles24.com/casas-o-casa-en-condominio-o-departamentos-en-venta-en-queretaro-provincia-ordenado-por-fechaonline-descendente.html-pagina-7.html
https://www.inmuebles24.com/propiedades/clasificado/veclcain-casa-en-venta-150780313.html,2690000,"MN 2,690,000",MXN,venta,Casa,Zákia,El Marqués,Querétaro,150.0,150.0,Publicado desde ayer,2026-08-12T17:57:28Z,2026-08-14T01:27:45.602204+00:00,https://www.inmuebles24.com/casas-o-casa-en-condominio-o-departamentos-en-venta-en-queretaro-provincia-ordenado-por-fechaonline-descendente.html-pagina-7.html
https://www.inmuebles24.com/propiedades/clasificado/veclcain-casa-en-venta-en-cumbres-del-cimatario-150780329.html,6490000,"MN 6,490,000",MXN,venta,Casa,,Huimilpan,Querétaro,300.0,300.0,Publicado desde ayer,2026-08-12T17:57:30Z,2026-08-14T01:27:45.602204+00:00,https://www.inmuebles24.com/casas-o-casa-en-condominio-o-departamentos-en-venta-en-queretaro-provincia-ordenado-por-fechaonline-descendente.html-pagina-7.html
https://www.inmuebles24.com/propiedades/clasificado/veclcain-casa-en-venta-en-fraccionamiento-cumbres-del-cimatario-150780327.html,10980000,"MN 10,980,000",MXN,venta,Casa,Cumbres del Cimatario,Huimilpan,Querétaro,600.0,600.0,Publicado desde ayer,2026-08-12T17:57:30Z,2026-08-14T01:29:07.190118+00:00,https://www.inmuebles24.com/casas-o-casa-en-condominio-o-departamentos-en-venta-en-queretaro-provincia-ordenado-por-fechaonline-descendente.html-pagina-7.html
https://www.inmuebles24.com/propiedades/clasificado/veclcain-casa-en-venta-en-residencial-haciendas-tequisquiapan-150781470.html,2490000,"MN 2,490,000",MXN,venta,Casa,Fraccionamiento Residencial Haciendas de Tequisquiapan,Tequisquiapan,Querétaro,250.0,250.0,Publicado desde ayer,2026-08-12T18:51:40Z,2026-08-14T01:29:07.190118+00:00,https://www.inmuebles24.com/casas-o-casa-en-condominio-o-departamentos-en-venta-en-queretaro-provincia-ordenado-por-fechaonline-descendente.html-pagina-7.html
https://www.inmuebles24.com/propiedades/clasificado/veclcain-casa-en-venta-en-vistas-del-sol-150786766.html,2600000,"MN 2,600,000",MXN,venta,Casa,Vistas del Sol,Corregidora,Querétaro,162.0,162.0,Publicado desde ayer,2026-08-13T00:01:01Z,2026-08-14T01:29:07.190118+00:00,https://www.inmuebles24.com/casas-o-casa-en-condominio-o-departamentos-en-venta-en-queretaro-provincia-ordenado-por-fechaonline-descendente.html-pagina-7.html
https://www.inmuebles24.com/propiedades/clasificado/veclcain-casa-en-venta-en-zakia-en-queretaro-con-amenidades-150788405.html,2550000,"MN 2,550,000",MXN,venta,Casa,Zákia,El Marqués,Querétaro,107.0,114.0,Publicado desde ayer,2026-08-13T03:25:08Z,2026-08-14T01:29:07.190118+00:00,https://www.inmuebles24.com/casas-o-casa-en-condominio-o-departamentos-en-venta-en-queretaro-provincia-ordenado-por-fechaonline-descendente.html-pagina-7.html
https://www.inmuebles24.com/propiedades/clasificado/veclcain-casa-en-venta-en-zakia-queretaro-con-amenidades-cerca-150788501.html,2550000,"MN 2,550,000",MXN,venta,Casa,Fraccionamiento Zizana,El Marqués,Querétaro,108.0,100.0,Publicado desde ayer,2026-08-13T03:38:46Z,2026-08-14T01:29:07.190118+00:00,https://www.inmuebles24.com/casas-o-casa-en-condominio-o-departamentos-en-venta-en-queretaro-provincia-ordenado-por-fechaonline-descendente.html-pagina-7.html
https://www.inmuebles24.com/propiedades/clasificado/veclcain-casa-en-venta-en-zibata-150782049.html,5300000,"MN 5,300,000",MXN,venta,Casa,Fraccionamiento Desarrollo Habitacional Zibata,El Marqués,Querétaro,330.0,330.0,Publicado desde ayer,2026-08-12T19:13:06Z,2026-08-14T01:29:07.190118+00:00,https://www.inmuebles24.com/casas-o-casa-en-condominio-o-departamentos-en-venta-en-queretaro-provincia-ordenado-por-fechaonline-descendente.html-pagina-7.html
https://www.inmuebles24.com/propiedades/clasificado/veclcain-casa-en-venta-milenio-iii-qro-150786096.html,3950000,"MN 3,950,000",MXN,venta,Casa,Milenio III,Querétaro,Querétaro,220.0,180.0,Publicado desde ayer,2026-08-12T23:07:41Z,2026-08-14T01:29:07.190118+00:00,https://www.inmuebles24.com/casas-o-casa-en-condominio-o-departamentos-en-venta-en-queretaro-provincia-ordenado-por-fechaonline-descendente.html-pagina-7.html
https://www.inmuebles24.com/propiedades/clasificado/veclcain-casa-en-venta-zakia-con-amenidades-y-cerca-del-parque-150788522.html,2550000,"MN 2,550,000",MXN,venta,Casa,Zákia,El Marqués,Querétaro,108.0,100.0,Publicado desde ayer,2026-08-13T03:43:36Z,2026-08-14T01:29:07.190118+00:00,https://www.inmuebles24.com/casas-o-casa-en-condominio-o-departamentos-en-venta-en-queretaro-provincia-ordenado-por-fechaonline-descendente.html-pagina-7.html
https://www.inmuebles24.com/propiedades/clasificado/veclcain-casa-en-venta-zakia-en-queretaro-con-amenidades-y-150788553.html,2550000,"MN 2,550,000",MXN,venta,Casa,Zákia,El Marqués,Querétaro,107.0,100.0,Publicado desde ayer,2026-08-13T03:50:39Z,2026-08-14T01:29:07.190118+00:00,https://www.inmuebles24.com/casas-o-casa-en-condominio-o-departamentos-en-venta-en-queretaro-provincia-ordenado-por-fechaonline-descendente.html-pagina-7.html
https://www.inmuebles24.com/propiedades/clasificado/veclcain-casa-fraccionamiento-valle-de-juriquilla-150777346.html,6390000,"MN 6,390,000",MXN,venta,Casa,,Querétaro,Querétaro,185.0,185.0,Publicado desde ayer,2026-08-12T10:10:23Z,2026-08-14T01:29:07.190118+00:00,https://www.inmuebles24.com/casas-o-casa-en-condominio-o-departamentos-en-venta-en-queretaro-provincia-ordenado-por-fechaonline-descendente.html-pagina-7.html
https://www.inmuebles24.com/propiedades/clasificado/veclcain-casa-fraccionamiento-valle-de-juriquilla-150777348.html,6390000,"MN 6,390,000",MXN,venta,Casa,,Querétaro,Querétaro,185.0,185.0,Publicado desde ayer,2026-08-12T10:21:32Z,2026-08-14T01:30:34.818513+00:00,https://www.inmuebles24.com/casas-o-casa-en-condominio-o-departamentos-en-venta-en-queretaro-provincia-ordenado-por-fechaonline-descendente.html-pagina-7.html
https://www.inmuebles24.com/propiedades/clasificado/veclcain-casa-fraccionamiento-zibata-150779757.html,3650000,"MN 3,650,000",MXN,venta,Casa,Zibatá,El Marqués,Querétaro,,,Publicado desde ayer,2026-08-12T17:26:31Z,2026-08-14T01:30:34.818513+00:00,https://www.inmuebles24.com/casas-o-casa-en-condominio-o-departamentos-en-venta-en-queretaro-provincia-ordenado-por-fechaonline-descendente.html-pagina-7.html
https://www.inmuebles24.com/propiedades/clasificado/veclcain-casa-san-pedro-martir-150778945.html,1493000,"MN 1,493,000",MXN,venta,Casa,San Pedro Mártir,Querétaro,Querétaro,69.0,69.0,Publicado desde ayer,2026-08-12T16:41:51Z,2026-08-14T01:30:34.818513+00:00,https://www.inmuebles24.com/casas-o-casa-en-condominio-o-departamentos-en-venta-en-queretaro-provincia-ordenado-por-fechaonline-descendente.html-pagina-7.html
https://www.inmuebles24.com/propiedades/clasificado/veclcain-hermosa-residencia-grandes-espacios-jardines-150777917.html,15300000,"MN 15,300,000",MXN,venta,Casa,Jurica Misiones,Querétaro,Querétaro,551.0,1223.0,Publicado desde ayer,2026-08-12T15:10:33Z,2026-08-14T01:30:34.818513+00:00,https://www.inmuebles24.com/casas-o-casa-en-condominio-o-departamentos-en-venta-en-queretaro-provincia-ordenado-por-fechaonline-descendente.html-pagina-7.html
https://www.inmuebles24.com/propiedades/clasificado/veclcain-venta-de-casa-ecologica-en-residencial-santa-fe-150787381.html,3600000,"MN 3,600,000",MXN,venta,Casa,Fraccionamiento Residencial Santa Fe,Corregidora,Querétaro,162.0,162.0,Publicado desde ayer,2026-08-13T01:07:48Z,2026-08-14T01:30:34.818513+00:00,https://www.inmuebles24.com/casas-o-casa-en-condominio-o-departamentos-en-venta-en-queretaro-provincia-ordenado-por-fechaonline-descendente.html-pagina-7.html
https://www.inmuebles24.com/propiedades/clasificado/veclcapa-venta-casa-huimilpan-centro-150754937.html,2950000,"MN 2,950,000",MXN,venta,Casa,Huimilpan Centro,Huimilpan,Querétaro,193.0,168.0,Publicado desde ayer,2026-08-09T15:21:14Z,2026-08-14T01:30:34.818513+00:00,https://www.inmuebles24.com/casas-o-casa-en-condominio-o-departamentos-en-venta-en-queretaro-provincia-ordenado-por-fechaonline-descendente.html-pagina-7.html
https://www.inmuebles24.com/propiedades/clasificado/veclccin-casa-de-200-m-sup2--con-4-habitaciones-en-venta-y-150785029.html,4800000,"MN 4,800,000",MXN,venta,Casa en condominio,Zibatá,El Marqués,Querétaro,200.0,200.0,Publicado desde ayer,2026-08-12T21:35:40Z,2026-08-14T01:30:34.818513+00:00,https://www.inmuebles24.com/casas-o-casa-en-condominio-o-departamentos-en-venta-en-queretaro-provincia-ordenado-por-fechaonline-descendente.html-pagina-7.html
https://www.inmuebles24.com/propiedades/clasificado/veclccin-casa-en-venta-en-grand-juriquilla-queretaro-150784047.html,4300000,"MN 4,300,000",MXN,venta,Casa en condominio,Juriquilla,Querétaro,Querétaro,244.0,195.0,Publicado desde ayer,2026-08-12T20:33:57Z,2026-08-14T01:30:34.818513+00:00,https://www.inmuebles24.com/casas-o-casa-en-condominio-o-departamentos-en-venta-en-queretaro-provincia-ordenado-por-fechaonline-descendente.html-pagina-7.html
https://www.inmuebles24.com/propiedades/clasificado/veclccpa-amplia-casa-en-queretaro-muy-ceca-al-pueblito-150777595.html,4500000,"MN 4,500,000",MXN,venta,Casa en condominio,Carlota Hacienda Vanegas,Corregidora,Querétaro,177.0,167.0,Publicado desde ayer,2026-08-12T13:58:08Z,2026-08-14T01:30:34.818513+00:00,https://www.inmuebles24.com/casas-o-casa-en-condominio-o-departamentos-en-venta-en-queretaro-provincia-ordenado-por-fechaonline-descendente.html-pagina-7.html
https://www.inmuebles24.com/propiedades/clasificado/veclccpa-casa-bogota28-150784224.html,3200000,"MN 3,200,000",MXN,venta,Casa en condominio,Capital Sur,El Marqués,Querétaro,226.0,1155.0,Publicado desde ayer,2026-08-12T20:52:07Z,2026-08-14T01:30:34.818513+00:00,https://www.inmuebles24.com/casas-o-casa-en-condominio-o-departamentos-en-venta-en-queretaro-provincia-ordenado-por-fechaonline-descendente.html-pagina-7.html
https://www.inmuebles24.com/propiedades/clasificado/veclapin-departamento-de-155-m-sup2--con-2-recamaras-en-venta-150774439.html,6800000,"MN 6,800,000",MXN,venta,Apartamento,Zibatá,El Marqués,Querétaro,155.0,155.0,Publicado hace 2 días,2026-08-11T23:36:02Z,2026-08-14T01:32:08.988561+00:00,https://www.inmuebles24.com/casas-o-casa-en-condominio-o-departamentos-en-venta-en-queretaro-provincia-ordenado-por-fechaonline-descendente.html-pagina-8.html
https://www.inmuebles24.com/propiedades/clasificado/veclapin-departamento-en-biosfera-towers-juriquilla-queretaro-150773149.html,2900000,"MN 2,900,000",MXN,venta,Apartamento,Juriquilla,Querétaro,Querétaro,110.0,110.0,Publicado hace 2 días,2026-08-11T22:04:45Z,2026-08-14T01:32:08.988561+00:00,https://www.inmuebles24.com/casas-o-casa-en-condominio-o-departamentos-en-venta-en-queretaro-provincia-ordenado-por-fechaonline-descendente.html-pagina-8.html
https://www.inmuebles24.com/propiedades/clasificado/veclapin-departamento-en-biosfera-towers-juriquilla-queretaro-150773265.html,3150000,"MN 3,150,000",MXN,venta,Apartamento,Juriquilla,Querétaro,Querétaro,125.0,125.0,Publicado hace 2 días,2026-08-11T22:12:43Z,2026-08-14T01:32:08.988561+00:00,https://www.inmuebles24.com/casas-o-casa-en-condominio-o-departamentos-en-venta-en-queretaro-provincia-ordenado-por-fechaonline-descendente.html-pagina-8.html
https://www.inmuebles24.com/propiedades/clasificado/veclapin-departamento-en-venta-150770235.html,3550000,"MN 3,550,000",MXN,venta,Apartamento,Zibatá,El Marqués,Querétaro,150.0,150.0,Publicado hace 2 días,2026-08-11T18:06:52Z,2026-08-14T01:32:08.988561+00:00,https://www.inmuebles24.com/casas-o-casa-en-condominio-o-departamentos-en-venta-en-queretaro-provincia-ordenado-por-fechaonline-descendente.html-pagina-8.html
https://www.inmuebles24.com/propiedades/clasificado/veclapin-departamento-en-venta-en-corregidora-zona-punta-150774183.html,1430000,"MN 1,430,000",MXN,venta,Apartamento,Punta Esmeralda,Corregidora,Querétaro,70.0,70.0,Publicado hace 2 días,2026-08-11T23:17:23Z,2026-08-14T01:32:08.988561+00:00,https://www.inmuebles24.com/casas-o-casa-en-condominio-o-departamentos-en-venta-en-queretaro-provincia-ordenado-por-fechaonline-descendente.html-pagina-8.html
https://www.inmuebles24.com/propiedades/clasificado/veclapin-departamento-en-venta-puerta-real-en-planta-baja-150769032.html,2740000,"MN 2,740,000",MXN,venta,Apartamento,Fraccionamiento Puerta Real,Corregidora,Querétaro,129.0,149.0,Publicado hace 2 días,2026-08-11T16:43:41Z,2026-08-14T01:32:08.988561+00:00,https://www.inmuebles24.com/casas-o-casa-en-condominio-o-departamentos-en-venta-en-queretaro-provincia-ordenado-por-fechaonline-descendente.html-pagina-8.html
https://www.inmuebles24.com/propiedades/clasificado/veclapin-se-vende-departamento-en-refugio-natura-towers-116-m-150770755.html,3100000,"MN 3,100,000",MXN,venta,Apartamento,Natuur Towers,Querétaro,Querétaro,11642.0,11642.0,Publicado hace 2 días,2026-08-11T18:42:47Z,2026-08-14T01:32:08.988561+00:00,https://www.inmuebles24.com/casas-o-casa-en-condominio-o-departamentos-en-venta-en-queretaro-provincia-ordenado-por-fechaonline-descendente.html-pagina-8.html
https://www.inmuebles24.com/propiedades/clasificado/veclcain-casa-con-roof-y-rec-en-pb-en-venta-zakia-150769493.html,3270000,"MN 3,270,000",MXN,venta,Casa,Zákia,El Marqués,Querétaro,131.0,110.0,Publicado hace 2 días,2026-08-11T17:16:54Z,2026-08-14T01:32:08.988561+00:00,https://www.inmuebles24.com/casas-o-casa-en-condominio-o-departamentos-en-venta-en-queretaro-provincia-ordenado-por-fechaonline-descendente.html-pagina-8.html
https://www.inmuebles24.com/propiedades/clasificado/veclcain-casa-de-540-m-sup2--en-venta-cumbres-del-lago-150764324.html,15000000,"MN 15,000,000",MXN,venta,Casa,Juriquilla,Querétaro,Querétaro,540.0,820.0,Publicado hace 2 días,2026-08-11T01:38:42Z,2026-08-14T01:32:08.988561+00:00,https://www.inmuebles24.com/casas-o-casa-en-condominio-o-departamentos-en-venta-en-queretaro-provincia-ordenado-por-fechaonline-descendente.html-pagina-8.html
https://www.inmuebles24.com/propiedades/clasificado/veclcain-casa-en-venta-de-una-planta-en-jurica-qro.-150769403.html,12500000,"MN 12,500,000",MXN,venta,Casa,Fraccionamiento Jurica,Querétaro,Querétaro,420.0,1000.0,Publicado hace 2 días,2026-08-11T17:10:14Z,2026-08-14T01:32:08.988561+00:00,https://www.inmuebles24.com/casas-o-casa-en-condominio-o-departamentos-en-venta-en-queretaro-provincia-ordenado-por-fechaonline-descendente.html-pagina-8.html
https://www.inmuebles24.com/propiedades/clasificado/veclcain-casa-en-venta-en-canadas-del-arroyo-corregidora.-con-150765626.html,3120000,"MN 3,120,000",MXN,venta,Casa,Cañadas del Arroyo,Corregidora,Querétaro,160.0,160.0,Publicado hace 2 días,2026-08-11T04:05:15Z,2026-08-14T01:33:29.696700+00:00,https://www.inmuebles24.com/casas-o-casa-en-condominio-o-departamentos-en-venta-en-queretaro-provincia-ordenado-por-fechaonline-descendente.html-pagina-8.html
https://www.inmuebles24.com/propiedades/clasificado/veclcain-casa-en-venta-en-canadas-del-arroyo-de-una-planta-con-150773856.html,2950000,"MN 2,950,000",MXN,venta,Casa,Cañadas del Arroyo,Corregidora,Querétaro,160.0,160.0,Publicado hace 2 días,2026-08-11T22:54:24Z,2026-08-14T01:33:29.696700+00:00,https://www.inmuebles24.com/casas-o-casa-en-condominio-o-departamentos-en-venta-en-queretaro-provincia-ordenado-por-fechaonline-descendente.html-pagina-8.html
https://www.inmuebles24.com/propiedades/clasificado/veclcain-casa-en-venta-en-el-centro-historico-de-queretaro-150771908.html,18000000,"MN 18,000,000",MXN,venta,Casa,Centro,Querétaro,Querétaro,663.0,680.0,Publicado hace 2 días,2026-08-11T19:47:06Z,2026-08-14T01:33:29.696700+00:00,https://www.inmuebles24.com/casas-o-casa-en-condominio-o-departamentos-en-venta-en-queretaro-provincia-ordenado-por-fechaonline-descendente.html-pagina-8.html
https://www.inmuebles24.com/propiedades/clasificado/veclcain-casa-en-venta-en-juriquilla-150773015.html,3700000,"MN 3,700,000",MXN,venta,Casa,Juriquilla,Querétaro,Querétaro,176.0,300.0,Publicado hace 2 días,2026-08-11T21:55:03Z,2026-08-14T01:33:29.696700+00:00,https://www.inmuebles24.com/casas-o-casa-en-condominio-o-departamentos-en-venta-en-queretaro-provincia-ordenado-por-fechaonline-descendente.html-pagina-8.html
https://www.inmuebles24.com/propiedades/clasificado/veclcain-casa-en-venta-y-renta-en-loma-dorada-queretaro-150772940.html,7890000,"MN 7,890,000",MXN,venta,Casa,Loma Dorada,Querétaro,Querétaro,320.0,306.0,Publicado hace 2 días,2026-08-11T21:48:33Z,2026-08-14T01:33:29.696700+00:00,https://www.inmuebles24.com/casas-o-casa-en-condominio-o-departamentos-en-venta-en-queretaro-provincia-ordenado-por-fechaonline-descendente.html-pagina-8.html
https://www.inmuebles24.com/propiedades/clasificado/veclcain-casa-en-venta.-arco-de-piedra-jurica-pinar-queretaro-150768926.html,10950000,"MN 10,950,000",MXN,venta,Casa,Fraccionamiento Arco de Piedra,Querétaro,Querétaro,350.0,300.0,Publicado hace 2 días,2026-08-11T16:33:13Z,2026-08-14T01:33:29.696700+00:00,https://www.inmuebles24.com/casas-o-casa-en-condominio-o-departamentos-en-venta-en-queretaro-provincia-ordenado-por-fechaonline-descendente.html-pagina-8.html
https://www.inmuebles24.com/propiedades/clasificado/veclcain-casa-fraccionamiento-nuevo-refugio-150779868.html,3700000,"MN 3,700,000",MXN,venta,Casa,Nuevo Refugio,Querétaro,Querétaro,,,Publicado desde ayer,2026-08-12T17:34:58Z,2026-08-14T01:33:29.696700+00:00,https://www.inmuebles24.com/casas-o-casa-en-condominio-o-departamentos-en-venta-en-queretaro-provincia-ordenado-por-fechaonline-descendente.html-pagina-8.html
https://www.inmuebles24.com/propiedades/clasificado/veclcain-casa-lyon-capital-sur-150775058.html,2700000,"MN 2,700,000",MXN,venta,Casa,Capital Sur,El Marqués,Querétaro,121.0,99.0,Publicado hace 2 días,2026-08-12T00:38:17Z,2026-08-14T01:33:29.696700+00:00,https://www.inmuebles24.com/casas-o-casa-en-condominio-o-departamentos-en-venta-en-queretaro-provincia-ordenado-por-fechaonline-descendente.html-pagina-8.html
https://www.inmuebles24.com/propiedades/clasificado/veclcain-casa-nueva-en-venta-con-recamara-principal-en-planta-150775344.html,7825000,"MN 7,825,000",MXN,venta,Casa,Lomas del Campanario II,Querétaro,Querétaro,25140.0,220.0,Publicado hace 2 días,2026-08-12T01:17Z,2026-08-14T01:33:29.696700+00:00,https://www.inmuebles24.com/casas-o-casa-en-condominio-o-departamentos-en-venta-en-queretaro-provincia-ordenado-por-fechaonline-descendente.html-pagina-8.html
https://www.inmuebles24.com/propiedades/clasificado/veclcain-venta-casa-de-1-planta-150775068.html,1395000,"MN 1,395,000",MXN,venta,Casa,Fraccionamiento Pueblito Colonial,Corregidora,Querétaro,59.0,106.0,Publicado hace 2 días,2026-08-12T00:39:35Z,2026-08-14T01:33:29.696700+00:00,https://www.inmuebles24.com/casas-o-casa-en-condominio-o-departamentos-en-venta-en-queretaro-provincia-ordenado-por-fechaonline-descendente.html-pagina-8.html
https://www.inmuebles24.com/propiedades/clasificado/veclcain-venta-de-casa-en-el-portico-150772057.html,2075000,"MN 2,075,000",MXN,venta,Casa,,Corregidora,Querétaro,116.0,90.0,Publicado hace 2 días,2026-08-11T19:57:50Z,2026-08-14T01:34:54.686500+00:00,https://www.inmuebles24.com/casas-o-casa-en-condominio-o-departamentos-en-venta-en-queretaro-provincia-ordenado-por-fechaonline-descendente.html-pagina-8.html
https://www.inmuebles24.com/propiedades/clasificado/veclcapa-casa-en-venta-150785998.html,6095000,"MN 6,095,000",MXN,venta,Casa,Preserve Sur,Corregidora,Querétaro,92.0,159.0,Publicado desde ayer,2026-08-12T22:59:51Z,2026-08-14T01:34:54.686500+00:00,https://www.inmuebles24.com/casas-o-casa-en-condominio-o-departamentos-en-venta-en-queretaro-provincia-ordenado-por-fechaonline-descendente.html-pagina-8.html
https://www.inmuebles24.com/propiedades/clasificado/veclccin-casa-con-roof-capital-sur-150771980.html,3699000,"MN 3,699,000",MXN,venta,Casa en condominio,Capital Sur,El Marqués,Querétaro,168.0,107.0,Publicado hace 2 días,2026-08-11T19:53:24Z,2026-08-14T01:34:54.686500+00:00,https://www.inmuebles24.com/casas-o-casa-en-condominio-o-departamentos-en-venta-en-queretaro-provincia-ordenado-por-fechaonline-descendente.html-pagina-8.html
https://www.inmuebles24.com/propiedades/clasificado/veclccin-casa-de-318-m-sup2--con-5-recamaras-en-venta-y-renta-150771241.html,6900000,"MN 6,900,000",MXN,venta,Casa en condominio,Residencial El Refugio,Querétaro,Querétaro,156.0,318.0,Publicado hace 2 días,2026-08-11T19:20:19Z,2026-08-14T01:34:54.686500+00:00,https://www.inmuebles24.com/casas-o-casa-en-condominio-o-departamentos-en-venta-en-queretaro-provincia-ordenado-por-fechaonline-descendente.html-pagina-8.html
https://www.inmuebles24.com/propiedades/clasificado/veclccin-casa-en-venta-en-vista-real-800-m-sup2--de-t.-150775970.html,9950000,"MN 9,950,000",MXN,venta,Casa en condominio,Vista Real y Country Club,Corregidora,Querétaro,424.0,800.0,Publicado hace 2 días,2026-08-12T03:04:23Z,2026-08-14T01:34:54.686500+00:00,https://www.inmuebles24.com/casas-o-casa-en-condominio-o-departamentos-en-venta-en-queretaro-provincia-ordenado-por-fechaonline-descendente.html-pagina-8.html
https://www.inmuebles24.com/propiedades/clasificado/veclccin-casa-en-venta-zibata-3-recamaras-jardin-seguridad-150773788.html,3375000,"MN 3,375,000",MXN,venta,Casa en condominio,Zibatá,El Marqués,Querétaro,158.0,125.0,Publicado hace 2 días,2026-08-11T22:48:36Z,2026-08-14T01:34:54.686500+00:00,https://www.inmuebles24.com/casas-o-casa-en-condominio-o-departamentos-en-venta-en-queretaro-provincia-ordenado-por-fechaonline-descendente.html-pagina-8.html
https://www.inmuebles24.com/propiedades/clasificado/veclccin-casa-jimena-la-canada-juriquilla-150768119.html,11500000,"MN 11,500,000",MXN,venta,Casa en condominio,Fraccionamiento La Cañada Juriquilla,Querétaro,Querétaro,321.0,650.0,Publicado hace 2 días,2026-08-11T14:38:57Z,2026-08-14T01:34:54.686500+00:00,https://www.inmuebles24.com/casas-o-casa-en-condominio-o-departamentos-en-venta-en-queretaro-provincia-ordenado-por-fechaonline-descendente.html-pagina-8.html
https://www.inmuebles24.com/propiedades/clasificado/veclccin-casa-nueva-en-venta-en-rodanta-el-marques-3-150778077.html,3700000,"MN 3,700,000",MXN,venta,Casa en condominio,Rodanta,El Marqués,Querétaro,165.0,151.0,Publicado desde ayer,2026-08-12T15:35:47Z,2026-08-14T01:34:54.686500+00:00,https://www.inmuebles24.com/casas-o-casa-en-condominio-o-departamentos-en-venta-en-queretaro-provincia-ordenado-por-fechaonline-descendente.html-pagina-8.html
https://www.inmuebles24.com/propiedades/clasificado/veclccin-preventa-casa-en-zaru-queretaro-150773726.html,4990000,"MN 4,990,000",MXN,venta,Casa en condominio,,El Marqués,Querétaro,192.0,146.0,Publicado hace 2 días,2026-08-11T22:46:12Z,2026-08-14T01:34:54.686500+00:00,https://www.inmuebles24.com/casas-o-casa-en-condominio-o-departamentos-en-venta-en-queretaro-provincia-ordenado-por-fechaonline-descendente.html-pagina-8.html
https://www.inmuebles24.com/propiedades/clasificado/veclccin-se-vende-preciosa-casa-en-juriquilla-cumbres-150770065.html,3250000,"MN 3,250,000",MXN,venta,Casa en condominio,Fraccionamiento Cumbres del Lago,Querétaro,Querétaro,161.0,152.0,Publicado hace 2 días,2026-08-11T17:52:26Z,2026-08-14T01:34:54.686500+00:00,https://www.inmuebles24.com/casas-o-casa-en-condominio-o-departamentos-en-venta-en-queretaro-provincia-ordenado-por-fechaonline-descendente.html-pagina-8.html
https://www.inmuebles24.com/propiedades/clasificado/veclapin-departamento-de-82-m-sup2--con-2-habitaciones-en-venta-150773236.html,1600000,"MN 1,600,000",MXN,venta,Apartamento,Fraccionamiento Viñedos,Querétaro,Querétaro,82.0,82.0,Publicado hace 2 días,2026-08-11T22:10:55Z,2026-08-14T01:36:17.096238+00:00,https://www.inmuebles24.com/casas-o-casa-en-condominio-o-departamentos-en-venta-en-queretaro-provincia-ordenado-por-fechaonline-descendente.html-pagina-9.html
https://www.inmuebles24.com/propiedades/clasificado/veclapin-departamento-en-venta-en-el-mirador-2-recamaras-sala-150773817.html,2190000,"MN 2,190,000",MXN,venta,Apartamento,Fraccionamiento El Mirador,El Marqués,Querétaro,89.0,89.0,Publicado hace 2 días,2026-08-11T22:51:17Z,2026-08-14T01:36:17.096238+00:00,https://www.inmuebles24.com/casas-o-casa-en-condominio-o-departamentos-en-venta-en-queretaro-provincia-ordenado-por-fechaonline-descendente.html-pagina-9.html
https://www.inmuebles24.com/propiedades/clasificado/veclapin-departamento-en-venta-en-juriquilla-4-150775994.html,3650000,"MN 3,650,000",MXN,venta,Apartamento,Colinas de Juriquilla,Querétaro,Querétaro,143.0,47.0,Publicado hace 2 días,2026-08-12T03:10:19Z,2026-08-14T01:36:17.096238+00:00,https://www.inmuebles24.com/casas-o-casa-en-condominio-o-departamentos-en-venta-en-queretaro-provincia-ordenado-por-fechaonline-descendente.html-pagina-9.html
https://www.inmuebles24.com/propiedades/clasificado/veclapin-departamento-en-venta-en-tejeda-planta-baja-128-150771725.html,2990000,"MN 2,990,000",MXN,venta,Apartamento,Tejeda,Corregidora,Querétaro,129.0,129.0,Publicado hace 2 días,2026-08-11T19:36:01Z,2026-08-14T01:36:17.096238+00:00,https://www.inmuebles24.com/casas-o-casa-en-condominio-o-departamentos-en-venta-en-queretaro-provincia-ordenado-por-fechaonline-descendente.html-pagina-9.html
https://www.inmuebles24.com/propiedades/clasificado/veclapin-en-venta-amplio-departamento-el-refugio-torres-150770380.html,4100000,"MN 4,100,000",MXN,venta,Apartamento,Residencial El Refugio,Querétaro,Querétaro,244.0,244.0,Publicado hace 2 días,2026-08-11T18:12:54Z,2026-08-14T01:36:17.096238+00:00,https://www.inmuebles24.com/casas-o-casa-en-condominio-o-departamentos-en-venta-en-queretaro-provincia-ordenado-por-fechaonline-descendente.html-pagina-9.html
https://www.inmuebles24.com/propiedades/clasificado/veclapin-townhouse-en-proyecto-de-arquitecto-para-venta-con-3-150735013.html,4148302,"MN 4,148,302",MXN,venta,Apartamento,Juriquilla,Querétaro,Querétaro,154.0,154.0,Publicado hace 2 días,2026-08-06T19:06:08Z,2026-08-14T01:36:17.096238+00:00,https://www.inmuebles24.com/casas-o-casa-en-condominio-o-departamentos-en-venta-en-queretaro-provincia-ordenado-por-fechaonline-descendente.html-pagina-9.html
https://www.inmuebles24.com/propiedades/clasificado/veclcain-20-de-noviembre-141-col.-centro-76800-san-juan-del-150771690.html,720000,"MN 720,000",MXN,venta,Casa,Centro,San Juan del Río,Querétaro,300.0,200.0,Publicado hace 2 días,2026-08-11T19:33:20Z,2026-08-14T01:36:17.096238+00:00,https://www.inmuebles24.com/casas-o-casa-en-condominio-o-departamentos-en-venta-en-queretaro-provincia-ordenado-por-fechaonline-descendente.html-pagina-9.html
https://www.inmuebles24.com/propiedades/clasificado/veclcain-casa-de-una-planta-con-3-recamaras-con-bano-completo-150768485.html,6900000,"MN 6,900,000",MXN,venta,Casa,Zibatá,El Marqués,Querétaro,180.0,300.0,Publicado hace 2 días,2026-08-11T15:38:54Z,2026-08-14T01:36:17.096238+00:00,https://www.inmuebles24.com/casas-o-casa-en-condominio-o-departamentos-en-venta-en-queretaro-provincia-ordenado-por-fechaonline-descendente.html-pagina-9.html
https://www.inmuebles24.com/propiedades/clasificado/veclcain-casa-en-renta-o-venta-en-lomas-de-juriquilla-4-150773214.html,6700000,"MN 6,700,000",MXN,venta,Casa,Juriquilla,Querétaro,Querétaro,380.0,250.0,Publicado hace 2 días,2026-08-11T22:10:04Z,2026-08-14T01:36:17.096238+00:00,https://www.inmuebles24.com/casas-o-casa-en-condominio-o-departamentos-en-venta-en-queretaro-provincia-ordenado-por-fechaonline-descendente.html-pagina-9.html
https://www.inmuebles24.com/propiedades/clasificado/veclcain-casa-en-venta-con-jardin-ubicada-los-huertos-queretaro-150771714.html,2020000,"MN 2,020,000",MXN,venta,Casa,Los Huertos,Querétaro,Querétaro,93.0,169.0,Publicado hace 2 días,2026-08-11T19:34:38Z,2026-08-14T01:36:17.096238+00:00,https://www.inmuebles24.com/casas-o-casa-en-condominio-o-departamentos-en-venta-en-queretaro-provincia-ordenado-por-fechaonline-descendente.html-pagina-9.html
https://www.inmuebles24.com/propiedades/clasificado/veclcain-casa-en-venta-de-un-nivel-en-el-fracc.-villas-del-150770484.html,13000000,"MN 13,000,000",MXN,venta,Casa,Juriquilla,Querétaro,Querétaro,468.0,1000.0,Publicado hace 2 días,2026-08-11T18:22:10Z,2026-08-14T01:37:39.160676+00:00,https://www.inmuebles24.com/casas-o-casa-en-condominio-o-departamentos-en-venta-en-queretaro-provincia-ordenado-por-fechaonline-descendente.html-pagina-9.html
https://www.inmuebles24.com/propiedades/clasificado/veclcain-casa-en-venta-en-el-mirador-3-recamaras-3.5-banos-150775007.html,2799000,"MN 2,799,000",MXN,venta,Casa,Fraccionamiento El Mirador,El Marqués,Querétaro,120.0,100.0,Publicado hace 2 días,2026-08-12T00:34:13Z,2026-08-14T01:37:39.160676+00:00,https://www.inmuebles24.com/casas-o-casa-en-condominio-o-departamentos-en-venta-en-queretaro-provincia-ordenado-por-fechaonline-descendente.html-pagina-9.html
https://www.inmuebles24.com/propiedades/clasificado/veclcain-casa-en-venta-en-rincones-del-marques-4-recamaras-150773426.html,1950000,"MN 1,950,000",MXN,venta,Casa,Rincones el Marqués,El Marqués,Querétaro,98.0,98.0,Publicado hace 2 días,2026-08-11T22:24:41Z,2026-08-14T01:37:39.160676+00:00,https://www.inmuebles24.com/casas-o-casa-en-condominio-o-departamentos-en-venta-en-queretaro-provincia-ordenado-por-fechaonline-descendente.html-pagina-9.html
https://www.inmuebles24.com/propiedades/clasificado/veclcain-casa-en-venta-en-zante-zakia-el-marques-queretaro-150774387.html,3100000,"MN 3,100,000",MXN,venta,Casa,Zákia,El Marqués,Querétaro,121.0,115.0,Publicado hace 2 días,2026-08-11T23:31:21Z,2026-08-14T01:37:39.160676+00:00,https://www.inmuebles24.com/casas-o-casa-en-condominio-o-departamentos-en-venta-en-queretaro-provincia-ordenado-por-fechaonline-descendente.html-pagina-9.html
https://www.inmuebles24.com/propiedades/clasificado/veclcain-casa-en-venta-loma-real-queretaro-cerca-av-de-la-luz-150768247.html,2000000,"MN 2,000,000",MXN,venta,Casa,Loma Real,Querétaro,Querétaro,160.0,96.0,Publicado hace 2 días,2026-08-11T15:10:59Z,2026-08-14T01:37:39.160676+00:00,https://www.inmuebles24.com/casas-o-casa-en-condominio-o-departamentos-en-venta-en-queretaro-provincia-ordenado-por-fechaonline-descendente.html-pagina-9.html
https://www.inmuebles24.com/propiedades/clasificado/veclcain-casa-en-venta-vive-todo-en-una-planta-jardin-150771273.html,4850000,"MN 4,850,000",MXN,venta,Casa,,Querétaro,Querétaro,168.0,190.0,Publicado hace 2 días,2026-08-11T19:23:57Z,2026-08-14T01:37:39.160676+00:00,https://www.inmuebles24.com/casas-o-casa-en-condominio-o-departamentos-en-venta-en-queretaro-provincia-ordenado-por-fechaonline-descendente.html-pagina-9.html
https://www.inmuebles24.com/propiedades/clasificado/veclcain-cerro-loreto-217-col.-colinas-del-cimatario-76090-150771291.html,700000,"MN 700,000",MXN,venta,Casa,Colinas del Cimatario,Querétaro,Querétaro,310.0,250.0,Publicado hace 2 días,2026-08-11T19:25:27Z,2026-08-14T01:37:39.160676+00:00,https://www.inmuebles24.com/casas-o-casa-en-condominio-o-departamentos-en-venta-en-queretaro-provincia-ordenado-por-fechaonline-descendente.html-pagina-9.html
https://www.inmuebles24.com/propiedades/clasificado/veclcain-espaciosa-casa-en-venta-o-renta-de-3-recamaras-150773444.html,4350000,"MN 4,350,000",MXN,venta,Casa,Juriquilla,Querétaro,Querétaro,114.0,166.0,Publicado hace 2 días,2026-08-11T22:25:45Z,2026-08-14T01:37:39.160676+00:00,https://www.inmuebles24.com/casas-o-casa-en-condominio-o-departamentos-en-venta-en-queretaro-provincia-ordenado-por-fechaonline-descendente.html-pagina-9.html
https://www.inmuebles24.com/propiedades/clasificado/veclcain-hacienda-montenegro-113-villas-del-meson-76226-150771771.html,650000,"MN 650,000",MXN,venta,Casa,Juriquilla,Querétaro,Querétaro,482.0,351.0,Publicado hace 2 días,2026-08-11T19:39:09Z,2026-08-14T01:37:39.160676+00:00,https://www.inmuebles24.com/casas-o-casa-en-condominio-o-departamentos-en-venta-en-queretaro-provincia-ordenado-por-fechaonline-descendente.html-pagina-9.html
https://www.inmuebles24.com/propiedades/clasificado/veclcain-mision-de-san-francisco-122-col.-manzanares-76226-150772099.html,790000,"MN 790,000",MXN,venta,Casa,Juriquilla,Querétaro,Querétaro,387.0,250.0,Publicado hace 2 días,2026-08-11T20:01:23Z,2026-08-14T01:37:39.160676+00:00,https://www.inmuebles24.com/casas-o-casa-en-condominio-o-departamentos-en-venta-en-queretaro-provincia-ordenado-por-fechaonline-descendente.html-pagina-9.html
https://www.inmuebles24.com/propiedades/clasificado/veclcain-residencia-con-roof-garden-en-venta-en-grand-150770951.html,4290000,"MN 4,290,000",MXN,venta,Casa,Juriquilla,Querétaro,Querétaro,219.0,219.0,Publicado hace 2 días,2026-08-11T18:57:46Z,2026-08-14T01:39:26.511191+00:00,https://www.inmuebles24.com/casas-o-casa-en-condominio-o-departamentos-en-venta-en-queretaro-provincia-ordenado-por-fechaonline-descendente.html-pagina-9.html
https://www.inmuebles24.com/propiedades/clasificado/veclcain-zibata-en-privada-de-inspira-vendo-casa-con-super-150775285.html,3375000,"MN 3,375,000",MXN,venta,Casa,Zibatá,El Marqués,Querétaro,155.0,125.0,Publicado hace 2 días,2026-08-12T01:06:25Z,2026-08-14T01:39:26.511191+00:00,https://www.inmuebles24.com/casas-o-casa-en-condominio-o-departamentos-en-venta-en-queretaro-provincia-ordenado-por-fechaonline-descendente.html-pagina-9.html
https://www.inmuebles24.com/propiedades/clasificado/veclcain-zire-zakia-venta-casa-con-3-recamaras-sala-de-tv-150768108.html,3200000,"MN 3,200,000",MXN,venta,Casa,Ziré Citadela,El Marqués,Querétaro,131.0,102.0,Publicado hace 2 días,2026-08-11T14:36:54Z,2026-08-14T01:39:26.511191+00:00,https://www.inmuebles24.com/casas-o-casa-en-condominio-o-departamentos-en-venta-en-queretaro-provincia-ordenado-por-fechaonline-descendente.html-pagina-9.html
https://www.inmuebles24.com/propiedades/clasificado/veclcain-zire-zakia-venta-casa-con-3-recamaras-sala-de-tv-150768196.html,2600000,"MN 2,600,000",MXN,venta,Casa,Ziré Citadela,El Marqués,Querétaro,107.0,102.0,Publicado hace 2 días,2026-08-11T15:03:09Z,2026-08-14T01:39:26.511191+00:00,https://www.inmuebles24.com/casas-o-casa-en-condominio-o-departamentos-en-venta-en-queretaro-provincia-ordenado-por-fechaonline-descendente.html-pagina-9.html
https://www.inmuebles24.com/propiedades/clasificado/veclccin-casa-en-condominio-en-venta-en-el-condado-150765815.html,4400000,"MN 4,400,000",MXN,venta,Casa en condominio,Fraccionamiento Cañadas del Lago,Corregidora,Querétaro,214.0,181.0,Publicado hace 2 días,2026-08-11T05:54:29Z,2026-08-14T01:39:26.511191+00:00,https://www.inmuebles24.com/casas-o-casa-en-condominio-o-departamentos-en-venta-en-queretaro-provincia-ordenado-por-fechaonline-descendente.html-pagina-9.html
https://www.inmuebles24.com/propiedades/clasificado/veclccin-casa-en-venta-en-juriquilla-4-recamaras-terraza-150773518.html,5100000,"MN 5,100,000",MXN,venta,Casa en condominio,Juriquilla,Querétaro,Querétaro,220.0,250.0,Publicado hace 2 días,2026-08-11T22:31:52Z,2026-08-14T01:39:26.511191+00:00,https://www.inmuebles24.com/casas-o-casa-en-condominio-o-departamentos-en-venta-en-queretaro-provincia-ordenado-por-fechaonline-descendente.html-pagina-9.html
https://www.inmuebles24.com/propiedades/clasificado/veclccin-casa-en-venta-en-thandi-zibata-diseno-comodidad-y-150776025.html,4700000,"MN 4,700,000",MXN,venta,Casa en condominio,Zibatá,El Marqués,Querétaro,137.0,132.0,Publicado hace 2 días,2026-08-12T03:12:20Z,2026-08-14T01:39:26.511191+00:00,https://www.inmuebles24.com/casas-o-casa-en-condominio-o-departamentos-en-venta-en-queretaro-provincia-ordenado-por-fechaonline-descendente.html-pagina-9.html
https://www.inmuebles24.com/propiedades/clasificado/veclccin-venta-de-bonita-casa-en-zakia-150770451.html,2800000,"MN 2,800,000",MXN,venta,Casa en condominio,Zákia,El Marqués,Querétaro,150.0,150.0,Publicado hace 2 días,2026-08-11T18:19:31Z,2026-08-14T01:39:26.511191+00:00,https://www.inmuebles24.com/casas-o-casa-en-condominio-o-departamentos-en-venta-en-queretaro-provincia-ordenado-por-fechaonline-descendente.html-pagina-9.html
https://www.inmuebles24.com/propiedades/clasificado/veclccin-venta-renta-casa-zibata-4-recamaras-privada-seguridad-150770576.html,3500000,"MN 3,500,000",MXN,venta,Casa en condominio,Zibatá,El Marqués,Querétaro,180.0,165.0,Publicado hace 2 días,2026-08-11T18:28:31Z,2026-08-14T01:39:26.511191+00:00,https://www.inmuebles24.com/casas-o-casa-en-condominio-o-departamentos-en-venta-en-queretaro-provincia-ordenado-por-fechaonline-descendente.html-pagina-9.html
https://www.inmuebles24.com/propiedades/clasificado/veclapin-departamento-en-el-mirador-150773177.html,1690000,"MN 1,690,000",MXN,venta,Apartamento,Fraccionamiento El Mirador,El Marqués,Querétaro,70.0,70.0,Publicado hace 2 días,2026-08-11T22:06:40Z,2026-08-14T01:39:26.511191+00:00,https://www.inmuebles24.com/casas-o-casa-en-condominio-o-departamentos-en-venta-en-queretaro-provincia-ordenado-por-fechaonline-descendente.html-pagina-10.html
https://www.inmuebles24.com/propiedades/clasificado/veclapin-departamento-en-el-mirador-150773514.html,1690000,"MN 1,690,000",MXN,venta,Apartamento,Fraccionamiento El Mirador,Querétaro,Querétaro,70.0,70.0,Publicado hace 2 días,2026-08-11T22:31:15Z,2026-08-14T01:40:53.685689+00:00,https://www.inmuebles24.com/casas-o-casa-en-condominio-o-departamentos-en-venta-en-queretaro-provincia-ordenado-por-fechaonline-descendente.html-pagina-10.html
https://www.inmuebles24.com/propiedades/clasificado/veclapin-departamento-en-el-mirador-150773671.html,1690000,"MN 1,690,000",MXN,venta,Apartamento,Fraccionamiento El Mirador,El Marqués,Querétaro,70.0,70.0,Publicado hace 2 días,2026-08-11T22:43:40Z,2026-08-14T01:40:53.685689+00:00,https://www.inmuebles24.com/casas-o-casa-en-condominio-o-departamentos-en-venta-en-queretaro-provincia-ordenado-por-fechaonline-descendente.html-pagina-10.html
https://www.inmuebles24.com/propiedades/clasificado/veclapin-departamento-en-el-mirador-150773854.html,1690000,"MN 1,690,000",MXN,venta,Apartamento,Fraccionamiento El Mirador,El Marqués,Querétaro,70.0,70.0,Publicado hace 2 días,2026-08-11T22:54:17Z,2026-08-14T01:40:53.685689+00:00,https://www.inmuebles24.com/casas-o-casa-en-condominio-o-departamentos-en-venta-en-queretaro-provincia-ordenado-por-fechaonline-descendente.html-pagina-10.html
https://www.inmuebles24.com/propiedades/clasificado/veclapin-departamento-en-el-mirador-150774004.html,1690000,"MN 1,690,000",MXN,venta,Apartamento,Fraccionamiento El Mirador,Querétaro,Querétaro,70.0,70.0,Publicado hace 2 días,2026-08-11T23:03:55Z,2026-08-14T01:40:53.685689+00:00,https://www.inmuebles24.com/casas-o-casa-en-condominio-o-departamentos-en-venta-en-queretaro-provincia-ordenado-por-fechaonline-descendente.html-pagina-10.html
https://www.inmuebles24.com/propiedades/clasificado/veclapin-departamento-en-venta-en-natuur-refugio-queretaro-150761554.html,2650000,"MN 2,650,000",MXN,venta,Apartamento,Natuur Towers,Querétaro,Querétaro,115.0,115.0,Publicado hace 3 días,2026-08-10T21:13:36Z,2026-08-14T01:40:53.685689+00:00,https://www.inmuebles24.com/casas-o-casa-en-condominio-o-departamentos-en-venta-en-queretaro-provincia-ordenado-por-fechaonline-descendente.html-pagina-10.html
https://www.inmuebles24.com/propiedades/clasificado/veclapin-departamento-en-venta-en-santiago-150765814.html,4440000,"MN 4,440,000",MXN,venta,Apartamento,Fraccionamiento Miradores,Querétaro,Querétaro,139.0,139.0,Publicado hace 2 días,2026-08-11T05:54:27Z,2026-08-14T01:40:53.685689+00:00,https://www.inmuebles24.com/casas-o-casa-en-condominio-o-departamentos-en-venta-en-queretaro-provincia-ordenado-por-fechaonline-descendente.html-pagina-10.html
https://www.inmuebles24.com/propiedades/clasificado/veclapin-zire-zakia-venta-departanento-con-amenidades-y-2-150768251.html,2200000,"MN 2,200,000",MXN,venta,Apartamento,Ziré Citadela,El Marqués,Querétaro,81.0,81.0,Publicado hace 2 días,2026-08-11T15:11:58Z,2026-08-14T01:40:53.685689+00:00,https://www.inmuebles24.com/casas-o-casa-en-condominio-o-departamentos-en-venta-en-queretaro-provincia-ordenado-por-fechaonline-descendente.html-pagina-10.html
https://www.inmuebles24.com/propiedades/clasificado/veclapin-zire-zakia-venta-departanento-en-planta-baja-con-150768381.html,2250000,"MN 2,250,000",MXN,venta,Apartamento,Ziré Citadela,El Marqués,Querétaro,78.0,78.0,Publicado hace 2 días,2026-08-11T15:28:24Z,2026-08-14T01:40:53.685689+00:00,https://www.inmuebles24.com/casas-o-casa-en-condominio-o-departamentos-en-venta-en-queretaro-provincia-ordenado-por-fechaonline-descendente.html-pagina-10.html
https://www.inmuebles24.com/propiedades/clasificado/veclappa-departamento-seguro-fresco-excelentes-condiciones.-150772101.html,1160000,"MN 1,160,000",MXN,venta,Apartamento,Real Solare,El Marqués,Querétaro,43.0,51.0,Publicado hace 2 días,2026-08-11T20:01:46Z,2026-08-14T01:40:53.685689+00:00,https://www.inmuebles24.com/casas-o-casa-en-condominio-o-departamentos-en-venta-en-queretaro-provincia-ordenado-por-fechaonline-descendente.html-pagina-10.html
https://www.inmuebles24.com/propiedades/clasificado/veclappa-loft-en-venta-con-terraza-jardin-y-amenidades-150774156.html,4100000,"MN 4,100,000",MXN,venta,Apartamento,Jurica,Querétaro,Querétaro,86.0,37.0,Publicado hace 2 días,2026-08-11T23:15:58Z,2026-08-14T01:40:53.685689+00:00,https://www.inmuebles24.com/casas-o-casa-en-condominio-o-departamentos-en-venta-en-queretaro-provincia-ordenado-por-fechaonline-descendente.html-pagina-10.html
https://www.inmuebles24.com/propiedades/clasificado/veclcain-casa-en-barrio-la-concepcion-150772261.html,4750000,"MN 4,750,000",MXN,venta,Casa,Barrio La Concepción,San Juan del Río,Querétaro,160.0,160.0,Publicado hace 2 días,2026-08-11T20:17:32Z,2026-08-14T01:42:35.065279+00:00,https://www.inmuebles24.com/casas-o-casa-en-condominio-o-departamentos-en-venta-en-queretaro-provincia-ordenado-por-fechaonline-descendente.html-pagina-10.html
https://www.inmuebles24.com/propiedades/clasificado/veclcain-casa-en-cd-del-sol-150765974.html,1101430,"MN 1,101,430",MXN,venta,Casa,Fraccionamiento Ciudad del Sol,Querétaro,Querétaro,139.0,139.0,Publicado hace 2 días,2026-08-11T06:13:49Z,2026-08-14T01:42:35.065279+00:00,https://www.inmuebles24.com/casas-o-casa-en-condominio-o-departamentos-en-venta-en-queretaro-provincia-ordenado-por-fechaonline-descendente.html-pagina-10.html
https://www.inmuebles24.com/propiedades/clasificado/veclcain-casa-en-condominio-en-venta-en-zibata-el-marques-150773471.html,4600000,"MN 4,600,000",MXN,venta,Casa,Zibatá,El Marqués,Querétaro,205.0,175.0,Publicado hace 2 días,2026-08-11T22:26:52Z,2026-08-14T01:42:35.065279+00:00,https://www.inmuebles24.com/casas-o-casa-en-condominio-o-departamentos-en-venta-en-queretaro-provincia-ordenado-por-fechaonline-descendente.html-pagina-10.html
https://www.inmuebles24.com/propiedades/clasificado/veclcain-casa-en-venta-en-queretaro-tejeda-150760624.html,4800000,"MN 4,800,000",MXN,venta,Casa,Residencial Tejeda,Corregidora,Querétaro,273.0,329.0,Publicado hace 3 días,2026-08-10T19:52Z,2026-08-14T01:42:35.065279+00:00,https://www.inmuebles24.com/casas-o-casa-en-condominio-o-departamentos-en-venta-en-queretaro-provincia-ordenado-por-fechaonline-descendente.html-pagina-10.html
https://www.inmuebles24.com/propiedades/clasificado/veclcain-casa-en-venta-en-valle-tinto-cocina-con-barra-de-150760080.html,4750000,"MN 4,750,000",MXN,venta,Casa,Praderas del Bosque,Corregidora,Querétaro,284.0,162.0,Publicado hace 3 días,2026-08-10T19:12:54Z,2026-08-14T01:42:35.065279+00:00,https://www.inmuebles24.com/casas-o-casa-en-condominio-o-departamentos-en-venta-en-queretaro-provincia-ordenado-por-fechaonline-descendente.html-pagina-10.html
https://www.inmuebles24.com/propiedades/clasificado/veclcain-casa-en-venta-en-zibata-a-un-lado-de-la-anahuac-150762669.html,4400000,"MN 4,400,000",MXN,venta,Casa,Zibatá,El Marqués,Querétaro,166.0,120.0,Publicado hace 3 días,2026-08-10T23:03:33Z,2026-08-14T01:42:35.065279+00:00,https://www.inmuebles24.com/casas-o-casa-en-condominio-o-departamentos-en-venta-en-queretaro-provincia-ordenado-por-fechaonline-descendente.html-pagina-10.html
https://www.inmuebles24.com/propiedades/clasificado/veclcain-casa-los-angeles-150773374.html,1950000,"MN 1,950,000",MXN,venta,Casa,Los Angeles,Corregidora,Querétaro,179.0,179.0,Publicado hace 2 días,2026-08-11T22:20:34Z,2026-08-14T01:42:35.065279+00:00,https://www.inmuebles24.com/casas-o-casa-en-condominio-o-departamentos-en-venta-en-queretaro-provincia-ordenado-por-fechaonline-descendente.html-pagina-10.html
https://www.inmuebles24.com/propiedades/clasificado/veclcain-casa-zakia-150768122.html,2672000,"MN 2,672,000",MXN,venta,Casa,Zákia,El Marqués,Querétaro,74.0,74.0,Publicado hace 2 días,2026-08-11T14:39:55Z,2026-08-14T01:42:35.065279+00:00,https://www.inmuebles24.com/casas-o-casa-en-condominio-o-departamentos-en-venta-en-queretaro-provincia-ordenado-por-fechaonline-descendente.html-pagina-10.html
https://www.inmuebles24.com/propiedades/clasificado/veclcain-lago-de-chapala-135-cumbres-del-lago-76230-150770945.html,700000,"MN 700,000",MXN,venta,Casa,Juriquilla,Querétaro,Querétaro,400.0,285.0,Publicado hace 2 días,2026-08-11T18:57:06Z,2026-08-14T01:42:35.065279+00:00,https://www.inmuebles24.com/casas-o-casa-en-condominio-o-departamentos-en-venta-en-queretaro-provincia-ordenado-por-fechaonline-descendente.html-pagina-10.html
https://www.inmuebles24.com/propiedades/clasificado/veclcain-venta-de-casa-en-paseos-de-san-miguel-queretaro-150763857.html,1398000,"MN 1,398,000",MXN,venta,Casa,Fraccionamiento Paseos de San Miguel,Querétaro,Querétaro,136.0,106.0,Publicado hace 3 días,2026-08-11T00:32:46Z,2026-08-14T01:42:35.065279+00:00,https://www.inmuebles24.com/casas-o-casa-en-condominio-o-departamentos-en-venta-en-queretaro-provincia-ordenado-por-fechaonline-descendente.html-pagina-10.html
https://www.inmuebles24.com/propiedades/clasificado/veclcapa--casa-en-venta-paseo-natura-5-sonterra-150775578.html,1800000,"MN 1,800,000",MXN,venta,Casa,Fraccionamiento Sonterra,Querétaro,Querétaro,120.0,90.0,Publicado hace 2 días,2026-08-12T01:59:18Z,2026-08-14T01:44:00.631435+00:00,https://www.inmuebles24.com/casas-o-casa-en-condominio-o-departamentos-en-venta-en-queretaro-provincia-ordenado-por-fechaonline-descendente.html-pagina-10.html
https://www.inmuebles24.com/propiedades/clasificado/veclcapa-casa-en-preventa-exclusiva-modelo-cava-149717890.html,3450000,"MN 3,450,000",MXN,venta,Casa,Residencial Los Girasoles,Tequisquiapan,Querétaro,200.0,160.0,Publicado hace 2 días,2026-05-01T04:16:04Z,2026-08-14T01:44:00.631435+00:00,https://www.inmuebles24.com/casas-o-casa-en-condominio-o-departamentos-en-venta-en-queretaro-provincia-ordenado-por-fechaonline-descendente.html-pagina-10.html
https://www.inmuebles24.com/propiedades/clasificado/veclcapa-casa-en-venta-milenio-iii-150774987.html,5500000,"MN 5,500,000",MXN,venta,Casa,Milenio III,Querétaro,Querétaro,256.0,131.0,Publicado hace 2 días,2026-08-12T00:30:20Z,2026-08-14T01:44:00.631435+00:00,https://www.inmuebles24.com/casas-o-casa-en-condominio-o-departamentos-en-venta-en-queretaro-provincia-ordenado-por-fechaonline-descendente.html-pagina-10.html
https://www.inmuebles24.com/propiedades/clasificado/veclcapa-casa-en-venta-sn-juan-del-rio-queretaro-150774262.html,2270000,"MN 2,270,000",MXN,venta,Casa,Condominio Rinconada Santa Cruz Nieto,San Juan del Río,Querétaro,134.0,120.0,Publicado hace 2 días,2026-08-11T23:22:01Z,2026-08-14T01:44:00.631435+00:00,https://www.inmuebles24.com/casas-o-casa-en-condominio-o-departamentos-en-venta-en-queretaro-provincia-ordenado-por-fechaonline-descendente.html-pagina-10.html
https://www.inmuebles24.com/propiedades/clasificado/veclcapa-hermosa-casa-en-venta-en-zibata-150775908.html,2890000,"MN 2,890,000",MXN,venta,Casa,Zibatá,El Marqués,Querétaro,105.0,125.0,Publicado hace 2 días,2026-08-12T02:52:10Z,2026-08-14T01:44:00.631435+00:00,https://www.inmuebles24.com/casas-o-casa-en-condominio-o-departamentos-en-venta-en-queretaro-provincia-ordenado-por-fechaonline-descendente.html-pagina-10.html
https://www.inmuebles24.com/propiedades/clasificado/veclccin-casa-con-jardin-paisajistico-y-terraza-lounge-150758367.html,5950000,"MN 5,950,000",MXN,venta,Casa en condominio,Fraccionamiento Juriquilla Privada,Querétaro,Querétaro,300.0,280.0,Publicado hace 3 días,2026-08-10T17:28:39Z,2026-08-14T01:44:00.631435+00:00,https://www.inmuebles24.com/casas-o-casa-en-condominio-o-departamentos-en-venta-en-queretaro-provincia-ordenado-por-fechaonline-descendente.html-pagina-10.html
https://www.inmuebles24.com/propiedades/clasificado/veclccin-casa-en-condominio-el-mayorazgo-150775201.html,5750000,"MN 5,750,000",MXN,venta,Casa en condominio,El Mayorazgo,El Marqués,Querétaro,203.0,203.0,Publicado hace 2 días,2026-08-12T00:56:42Z,2026-08-14T01:44:00.631435+00:00,https://www.inmuebles24.com/casas-o-casa-en-condominio-o-departamentos-en-venta-en-queretaro-provincia-ordenado-por-fechaonline-descendente.html-pagina-10.html
https://www.inmuebles24.com/propiedades/clasificado/veclccpa-hermosa-casa-a-estrenar-en-taray-royal-club-150773812.html,3500000,"MN 3,500,000",MXN,venta,Casa en condominio,Ciudad Maderas Residencial,El Marqués,Querétaro,150.0,150.0,Publicado hace 2 días,2026-08-11T22:50:38Z,2026-08-14T01:44:00.631435+00:00,https://www.inmuebles24.com/casas-o-casa-en-condominio-o-departamentos-en-venta-en-queretaro-provincia-ordenado-por-fechaonline-descendente.html-pagina-10.html
https://www.inmuebles24.com/propiedades/clasificado/veclccpa-la-sierra-252-m-sup2--esquina-3-niveles-estudio-150768098.html,5500000,"MN 5,500,000",MXN,venta,Casa en condominio,La Sierra Residencial,Querétaro,Querétaro,210.0,252.0,Publicado hace 2 días,2026-08-11T14:35:55Z,2026-08-14T01:44:00.631435+00:00,https://www.inmuebles24.com/casas-o-casa-en-condominio-o-departamentos-en-venta-en-queretaro-provincia-ordenado-por-fechaonline-descendente.html-pagina-10.html
https://www.inmuebles24.com/propiedades/clasificado/veclapin-departamento-en-venta-en-el-refugio-2-recamaras-y-150760635.html,3048341,"MN 3,048,341",MXN,venta,Apartamento,Residencial El Refugio,Querétaro,Querétaro,77.0,77.0,Publicado hace 3 días,2026-08-10T19:52:29Z,2026-08-14T01:44:00.631435+00:00,https://www.inmuebles24.com/casas-o-casa-en-condominio-o-departamentos-en-venta-en-queretaro-provincia-ordenado-por-fechaonline-descendente.html-pagina-11.html
https://www.inmuebles24.com/propiedades/clasificado/veclapin-privalia-ambienta-vendo-amplio-departamento-84-m-sup2-150759302.html,1400000,"MN 1,400,000",MXN,venta,Apartamento,Privalia Ambienta,Querétaro,Querétaro,84.0,84.0,Publicado hace 3 días,2026-08-10T18:28:26Z,2026-08-14T01:45:36.633884+00:00,https://www.inmuebles24.com/casas-o-casa-en-condominio-o-departamentos-en-venta-en-queretaro-provincia-ordenado-por-fechaonline-descendente.html-pagina-11.html
https://www.inmuebles24.com/propiedades/clasificado/veclapin-zibata-vendo-amplio-departamento-en-privada-con-150758626.html,2650000,"MN 2,650,000",MXN,venta,Apartamento,Zibatá,El Marqués,Querétaro,98.0,98.0,Publicado hace 3 días,2026-08-10T17:56Z,2026-08-14T01:45:36.633884+00:00,https://www.inmuebles24.com/casas-o-casa-en-condominio-o-departamentos-en-venta-en-queretaro-provincia-ordenado-por-fechaonline-descendente.html-pagina-11.html
https://www.inmuebles24.com/propiedades/clasificado/veclcain-casa-con-roof-garden-en-privada-con-cine-vip-en-zibata-150762095.html,5000000,"MN 5,000,000",MXN,venta,Casa,Zibatá,El Marqués,Querétaro,120.0,120.0,Publicado hace 3 días,2026-08-10T22:12:01Z,2026-08-14T01:45:36.633884+00:00,https://www.inmuebles24.com/casas-o-casa-en-condominio-o-departamentos-en-venta-en-queretaro-provincia-ordenado-por-fechaonline-descendente.html-pagina-11.html
https://www.inmuebles24.com/propiedades/clasificado/veclcain-casa-de-3-recamaras-en-venta-en-preserve-juriquilla-150759027.html,4250000,"MN 4,250,000",MXN,venta,Casa,Juriquilla,Querétaro,Querétaro,214.0,214.0,Publicado hace 3 días,2026-08-10T18:21:32Z,2026-08-14T01:45:36.633884+00:00,https://www.inmuebles24.com/casas-o-casa-en-condominio-o-departamentos-en-venta-en-queretaro-provincia-ordenado-por-fechaonline-descendente.html-pagina-11.html
https://www.inmuebles24.com/propiedades/clasificado/veclcain-casa-en-venta-con-3-hab-5-banos-en-altozano-150760786.html,7200000,"MN 7,200,000",MXN,venta,Casa,Altozano el Nuevo Querétaro,Querétaro,Querétaro,250.0,187.0,Publicado hace 3 días,2026-08-10T20:02:49Z,2026-08-14T01:45:36.633884+00:00,https://www.inmuebles24.com/casas-o-casa-en-condominio-o-departamentos-en-venta-en-queretaro-provincia-ordenado-por-fechaonline-descendente.html-pagina-11.html
https://www.inmuebles24.com/propiedades/clasificado/veclcain-casa-en-venta-en-altozano-queretaro-con-diseno-150759084.html,7560000,"MN 7,560,000",MXN,venta,Casa,Altozano el Nuevo Querétaro,Querétaro,Querétaro,200.0,200.0,Publicado hace 3 días,2026-08-10T18:24:05Z,2026-08-14T01:45:36.633884+00:00,https://www.inmuebles24.com/casas-o-casa-en-condominio-o-departamentos-en-venta-en-queretaro-provincia-ordenado-por-fechaonline-descendente.html-pagina-11.html
https://www.inmuebles24.com/propiedades/clasificado/veclcain-casa-en-venta-en-altozano-vista-a-la-reserva-y-150760912.html,7100000,"MN 7,100,000",MXN,venta,Casa,Altozano el Nuevo Querétaro,Querétaro,Querétaro,233.0,180.0,Publicado hace 3 días,2026-08-10T20:15:29Z,2026-08-14T01:45:36.633884+00:00,https://www.inmuebles24.com/casas-o-casa-en-condominio-o-departamentos-en-venta-en-queretaro-provincia-ordenado-por-fechaonline-descendente.html-pagina-11.html
https://www.inmuebles24.com/propiedades/clasificado/veclcain-casa-en-venta-en-grand-juriquilla-con-4-recamaras-150759031.html,4500000,"MN 4,500,000",MXN,venta,Casa,Juriquilla,Querétaro,Querétaro,195.0,195.0,Publicado hace 3 días,2026-08-10T18:21:32Z,2026-08-14T01:45:36.633884+00:00,https://www.inmuebles24.com/casas-o-casa-en-condominio-o-departamentos-en-venta-en-queretaro-provincia-ordenado-por-fechaonline-descendente.html-pagina-11.html
https://www.inmuebles24.com/propiedades/clasificado/veclcain-casa-en-venta-en-grand-juriquilla-con-alberca-150759082.html,4100000,"MN 4,100,000",MXN,venta,Casa,Juriquilla,Querétaro,Querétaro,181.0,181.0,Publicado hace 3 días,2026-08-10T18:24:05Z,2026-08-14T01:45:36.633884+00:00,https://www.inmuebles24.com/casas-o-casa-en-condominio-o-departamentos-en-venta-en-queretaro-provincia-ordenado-por-fechaonline-descendente.html-pagina-11.html
https://www.inmuebles24.com/propiedades/clasificado/veclcain-casa-en-venta-en-grand-juriquilla-terreno-de-300-150759030.html,5450000,"MN 5,450,000",MXN,venta,Casa,Juriquilla,Querétaro,Querétaro,300.0,300.0,Publicado hace 3 días,2026-08-10T18:21:32Z,2026-08-14T01:45:36.633884+00:00,https://www.inmuebles24.com/casas-o-casa-en-condominio-o-departamentos-en-venta-en-queretaro-provincia-ordenado-por-fechaonline-descendente.html-pagina-11.html
https://www.inmuebles24.com/propiedades/clasificado/veclcain-casa-en-venta-en-preserve-juriquilla-4-recamaras-150759032.html,3600000,"MN 3,600,000",MXN,venta,Casa,Grand Preserve,Querétaro,Querétaro,161.0,146.0,Publicado hace 3 días,2026-08-10T18:21:33Z,2026-08-14T01:47:10.736028+00:00,https://www.inmuebles24.com/casas-o-casa-en-condominio-o-departamentos-en-venta-en-queretaro-provincia-ordenado-por-fechaonline-descendente.html-pagina-11.html
https://www.inmuebles24.com/propiedades/clasificado/veclcain-casa-en-venta-en-valle-de-juriquilla-3-recamaras-y-150760577.html,3599000,"MN 3,599,000",MXN,venta,Casa,Valle de Juriquilla,Querétaro,Querétaro,165.0,128.0,Publicado hace 3 días,2026-08-10T19:46:35Z,2026-08-14T01:47:10.736028+00:00,https://www.inmuebles24.com/casas-o-casa-en-condominio-o-departamentos-en-venta-en-queretaro-provincia-ordenado-por-fechaonline-descendente.html-pagina-11.html
https://www.inmuebles24.com/propiedades/clasificado/veclcain-casa-en-venta-queretaro-villas-del-meson-amplia.-150759635.html,5550000,"MN 5,550,000",MXN,venta,Casa,Fraccionamiento Villas del Mesón,Querétaro,Querétaro,244.0,450.0,Publicado hace 3 días,2026-08-10T18:47:30Z,2026-08-14T01:47:10.736028+00:00,https://www.inmuebles24.com/casas-o-casa-en-condominio-o-departamentos-en-venta-en-queretaro-provincia-ordenado-por-fechaonline-descendente.html-pagina-11.html
https://www.inmuebles24.com/propiedades/clasificado/veclcain-casa-nueva-en-grand-juriquilla-con-diseno-moderno-y-150759090.html,4350000,"MN 4,350,000",MXN,venta,Casa,Juriquilla,Querétaro,Querétaro,195.0,195.0,Publicado hace 3 días,2026-08-10T18:24:06Z,2026-08-14T01:47:10.736028+00:00,https://www.inmuebles24.com/casas-o-casa-en-condominio-o-departamentos-en-venta-en-queretaro-provincia-ordenado-por-fechaonline-descendente.html-pagina-11.html
https://www.inmuebles24.com/propiedades/clasificado/veclcain-casa-nueva-en-preserve-juriquilla-4-recamaras-roof-150759221.html,6480000,"MN 6,480,000",MXN,venta,Casa,Juriquilla,Querétaro,Querétaro,250.0,250.0,Publicado hace 3 días,2026-08-10T18:27:41Z,2026-08-14T01:47:10.736028+00:00,https://www.inmuebles24.com/casas-o-casa-en-condominio-o-departamentos-en-venta-en-queretaro-provincia-ordenado-por-fechaonline-descendente.html-pagina-11.html
https://www.inmuebles24.com/propiedades/clasificado/veclcain-casa-nueva-en-venta-3-recamaras-con-bano-jardin-150759091.html,5990000,"MN 5,990,000",MXN,venta,Casa,Lomas de Juriquilla,Querétaro,Querétaro,276.0,250.0,Publicado hace 3 días,2026-08-10T18:24:06Z,2026-08-14T01:47:10.736028+00:00,https://www.inmuebles24.com/casas-o-casa-en-condominio-o-departamentos-en-venta-en-queretaro-provincia-ordenado-por-fechaonline-descendente.html-pagina-11.html
https://www.inmuebles24.com/propiedades/clasificado/veclcain-casa-nueva-en-venta-en-grand-juriquilla-3-recamaras-150759095.html,5990000,"MN 5,990,000",MXN,venta,Casa,,Querétaro,Querétaro,270.0,400.0,Publicado hace 3 días,2026-08-10T18:24:07Z,2026-08-14T01:47:10.736028+00:00,https://www.inmuebles24.com/casas-o-casa-en-condominio-o-departamentos-en-venta-en-queretaro-provincia-ordenado-por-fechaonline-descendente.html-pagina-11.html
https://www.inmuebles24.com/propiedades/clasificado/veclcain-casa-onix-en-venta-en-altozano-150758348.html,5600000,"MN 5,600,000",MXN,venta,Casa,Altozano el Nuevo Querétaro,Querétaro,Querétaro,220.0,180.0,Publicado hace 3 días,2026-08-10T17:26:17Z,2026-08-14T01:47:10.736028+00:00,https://www.inmuebles24.com/casas-o-casa-en-condominio-o-departamentos-en-venta-en-queretaro-provincia-ordenado-por-fechaonline-descendente.html-pagina-11.html
https://www.inmuebles24.com/propiedades/clasificado/veclcain-casa-seiko-en-venta-en-viu-panorama-el-marques-150759897.html,3395000,"MN 3,395,000",MXN,venta,Casa,Viu Panorama,El Marqués,Querétaro,153.0,165.0,Publicado hace 3 días,2026-08-10T19:08:35Z,2026-08-14T01:47:10.736028+00:00,https://www.inmuebles24.com/casas-o-casa-en-condominio-o-departamentos-en-venta-en-queretaro-provincia-ordenado-por-fechaonline-descendente.html-pagina-11.html
https://www.inmuebles24.com/propiedades/clasificado/veclcain-casa-side-en-venta-corregidora-150758775.html,2470000,"MN 2,470,000",MXN,venta,Casa,,Corregidora,Querétaro,95.0,67.0,Publicado hace 3 días,2026-08-10T18:05:04Z,2026-08-14T01:47:10.736028+00:00,https://www.inmuebles24.com/casas-o-casa-en-condominio-o-departamentos-en-venta-en-queretaro-provincia-ordenado-por-fechaonline-descendente.html-pagina-11.html
https://www.inmuebles24.com/propiedades/clasificado/veclcain-casa-west-en-venta-en-corregidora-150758621.html,1921000,"MN 1,921,000",MXN,venta,Casa,,Corregidora,Querétaro,71.0,67.0,Publicado hace 3 días,2026-08-10T17:55:35Z,2026-08-14T01:48:35.847550+00:00,https://www.inmuebles24.com/casas-o-casa-en-condominio-o-departamentos-en-venta-en-queretaro-provincia-ordenado-por-fechaonline-descendente.html-pagina-11.html
https://www.inmuebles24.com/propiedades/clasificado/veclcain-residencia-nueva-en-grand-juriquilla-con-jardin-y-bano-150759083.html,4490000,"MN 4,490,000",MXN,venta,Casa,Juriquilla,Querétaro,Querétaro,195.0,195.0,Publicado hace 3 días,2026-08-10T18:24:05Z,2026-08-14T01:48:35.847550+00:00,https://www.inmuebles24.com/casas-o-casa-en-condominio-o-departamentos-en-venta-en-queretaro-provincia-ordenado-por-fechaonline-descendente.html-pagina-11.html
https://www.inmuebles24.com/propiedades/clasificado/veclcain-zibata-casa-en-venta-recamara-en-planta-baja-y-150759840.html,3630000,"MN 3,630,000",MXN,venta,Casa,Zibatá,El Marqués,Querétaro,149.0,119.0,Publicado hace 3 días,2026-08-10T19:05:35Z,2026-08-14T01:48:35.847550+00:00,https://www.inmuebles24.com/casas-o-casa-en-condominio-o-departamentos-en-venta-en-queretaro-provincia-ordenado-por-fechaonline-descendente.html-pagina-11.html
https://www.inmuebles24.com/propiedades/clasificado/veclccin-altos-de-juriquilla-vendo-casa-en-privada-de-caisa-3-150762553.html,4300000,"MN 4,300,000",MXN,venta,Casa en condominio,,Querétaro,Querétaro,200.0,150.0,Publicado hace 3 días,2026-08-10T22:51:26Z,2026-08-14T01:48:35.847550+00:00,https://www.inmuebles24.com/casas-o-casa-en-condominio-o-departamentos-en-venta-en-queretaro-provincia-ordenado-por-fechaonline-descendente.html-pagina-11.html
https://www.inmuebles24.com/propiedades/clasificado/veclccin-casa-en-condominio-en-venta-en-fraccionamiento-150764007.html,3290000,"MN 3,290,000",MXN,venta,Casa en condominio,Fraccionamiento Sonterra,Querétaro,Querétaro,128.0,111.0,Publicado hace 3 días,2026-08-11T00:51:53Z,2026-08-14T01:48:35.847550+00:00,https://www.inmuebles24.com/casas-o-casa-en-condominio-o-departamentos-en-venta-en-queretaro-provincia-ordenado-por-fechaonline-descendente.html-pagina-11.html
https://www.inmuebles24.com/propiedades/clasificado/veclccin-casa-en-venta-lomas-del-campanario-norte-queretaro-150758613.html,13800000,"MN 13,800,000",MXN,venta,Casa en condominio,Lomas del Campanario I,Querétaro,Querétaro,425.0,270.0,Publicado hace 3 días,2026-08-10T17:54:47Z,2026-08-14T01:48:35.847550+00:00,https://www.inmuebles24.com/casas-o-casa-en-condominio-o-departamentos-en-venta-en-queretaro-provincia-ordenado-por-fechaonline-descendente.html-pagina-11.html
https://www.inmuebles24.com/propiedades/clasificado/veclccin-casa-nueva-en-venta-en-altozano-queretaro-150761400.html,6900000,"MN 6,900,000",MXN,venta,Casa en condominio,Altozano el Nuevo Querétaro,Querétaro,Querétaro,238.0,180.0,Publicado hace 3 días,2026-08-10T20:58:48Z,2026-08-14T01:48:35.847550+00:00,https://www.inmuebles24.com/casas-o-casa-en-condominio-o-departamentos-en-venta-en-queretaro-provincia-ordenado-por-fechaonline-descendente.html-pagina-11.html
https://www.inmuebles24.com/propiedades/clasificado/veclccin-casa-nueva-en-venta-en-altozano-queretaro-150761694.html,6950000,"MN 6,950,000",MXN,venta,Casa en condominio,Altozano el Nuevo Querétaro,Querétaro,Querétaro,240.0,185.0,Publicado hace 3 días,2026-08-10T21:27:42Z,2026-08-14T01:48:35.847550+00:00,https://www.inmuebles24.com/casas-o-casa-en-condominio-o-departamentos-en-venta-en-queretaro-provincia-ordenado-por-fechaonline-descendente.html-pagina-11.html
https://www.inmuebles24.com/propiedades/clasificado/veclccin-moderna-casa-en-venta-en-zen-life-i-el-marques-qro.-150758316.html,4230000,"MN 4,230,000",MXN,venta,Casa en condominio,Zen Life I,El Marqués,Querétaro,196.0,128.0,Publicado hace 3 días,2026-08-10T17:23:25Z,2026-08-14T01:48:35.847550+00:00,https://www.inmuebles24.com/casas-o-casa-en-condominio-o-departamentos-en-venta-en-queretaro-provincia-ordenado-por-fechaonline-descendente.html-pagina-11.html
https://www.inmuebles24.com/propiedades/clasificado/veclapin-departamento-en-preventa-en-lomas-del-campanario-norte-150758051.html,7932540,"MN 7,932,540",MXN,venta,Apartamento,Lomas del Campanario I,Querétaro,Querétaro,88.0,88.0,Publicado hace 3 días,2026-08-10T16:53:46Z,2026-08-14T01:48:35.847550+00:00,https://www.inmuebles24.com/casas-o-casa-en-condominio-o-departamentos-en-venta-en-queretaro-provincia-ordenado-por-fechaonline-descendente.html-pagina-12.html
https://www.inmuebles24.com/propiedades/clasificado/veclapin-departamento-en-venta-en-altos-de-juriquilla-terraza-150760438.html,3800000,"MN 3,800,000",MXN,venta,Apartamento,,Querétaro,Querétaro,172.0,172.0,Publicado hace 3 días,2026-08-10T19:36:50Z,2026-08-14T01:50:03.314930+00:00,https://www.inmuebles24.com/casas-o-casa-en-condominio-o-departamentos-en-venta-en-queretaro-provincia-ordenado-por-fechaonline-descendente.html-pagina-12.html
https://www.inmuebles24.com/propiedades/clasificado/veclapin-departamento-en-venta-en-corregidora-4-150765400.html,3144000,"MN 3,144,000",MXN,venta,Apartamento,El Pueblito Centro,Corregidora,Querétaro,85.0,93.0,Publicado hace 3 días,2026-08-11T03:09:34Z,2026-08-14T01:50:03.314930+00:00,https://www.inmuebles24.com/casas-o-casa-en-condominio-o-departamentos-en-venta-en-queretaro-provincia-ordenado-por-fechaonline-descendente.html-pagina-12.html
https://www.inmuebles24.com/propiedades/clasificado/veclapin-departamento-en-venta-en-privalia-queretaro-84-150761146.html,1400000,"MN 1,400,000",MXN,venta,Apartamento,Privalia Ambienta,Querétaro,Querétaro,84.0,84.0,Publicado hace 3 días,2026-08-10T20:35:28Z,2026-08-14T01:50:03.314930+00:00,https://www.inmuebles24.com/casas-o-casa-en-condominio-o-departamentos-en-venta-en-queretaro-provincia-ordenado-por-fechaonline-descendente.html-pagina-12.html
https://www.inmuebles24.com/propiedades/clasificado/veclapin-departamento-en-venta-en-tejeda-terraza-roof-garden-150764404.html,2990000,"MN 2,990,000",MXN,venta,Apartamento,Tejeda,Corregidora,Querétaro,97.0,97.0,Publicado hace 3 días,2026-08-11T01:55:38Z,2026-08-14T01:50:03.314930+00:00,https://www.inmuebles24.com/casas-o-casa-en-condominio-o-departamentos-en-venta-en-queretaro-provincia-ordenado-por-fechaonline-descendente.html-pagina-12.html
https://www.inmuebles24.com/propiedades/clasificado/veclapin-departamento-en-venta-en-zibata-3-recamaras-calidad-150759145.html,2050000,"MN 2,050,000",MXN,venta,Apartamento,Zibatá,El Marqués,Querétaro,90.0,90.0,Publicado hace 3 días,2026-08-10T18:25:39Z,2026-08-14T01:50:03.314930+00:00,https://www.inmuebles24.com/casas-o-casa-en-condominio-o-departamentos-en-venta-en-queretaro-provincia-ordenado-por-fechaonline-descendente.html-pagina-12.html
https://www.inmuebles24.com/propiedades/clasificado/veclapin-departamento-venta-torres-marbella-el-refugio-150761198.html,3890000,"MN 3,890,000",MXN,venta,Apartamento,Residencial El Refugio,Querétaro,Querétaro,243.0,243.0,Publicado hace 3 días,2026-08-10T20:40:11Z,2026-08-14T01:50:03.314930+00:00,https://www.inmuebles24.com/casas-o-casa-en-condominio-o-departamentos-en-venta-en-queretaro-provincia-ordenado-por-fechaonline-descendente.html-pagina-12.html
https://www.inmuebles24.com/propiedades/clasificado/veclapin-zakia-departamento-en-venta-frente-a-parque-y-con-150761317.html,2575000,"MN 2,575,000",MXN,venta,Apartamento,Zákia,El Marqués,Querétaro,145.0,145.0,Publicado hace 3 días,2026-08-10T20:51:06Z,2026-08-14T01:50:03.314930+00:00,https://www.inmuebles24.com/casas-o-casa-en-condominio-o-departamentos-en-venta-en-queretaro-provincia-ordenado-por-fechaonline-descendente.html-pagina-12.html
https://www.inmuebles24.com/propiedades/clasificado/veclcain-av-cumbres-de-juriquilla-1047-cumbres-de-juriquilla-150762537.html,1500000,"MN 1,500,000",MXN,venta,Casa,Fraccionamiento Juriquilla Privada,Querétaro,Querétaro,316.0,220.0,Publicado hace 3 días,2026-08-10T22:50:11Z,2026-08-14T01:50:03.314930+00:00,https://www.inmuebles24.com/casas-o-casa-en-condominio-o-departamentos-en-venta-en-queretaro-provincia-ordenado-por-fechaonline-descendente.html-pagina-12.html
https://www.inmuebles24.com/propiedades/clasificado/veclcain-casa-con-roof-garden-en-privada-con-cine-vip-en-zibata-150761969.html,5000000,"MN 5,000,000",MXN,venta,Casa,Zibatá,El Marqués,Querétaro,120.0,120.0,Publicado hace 3 días,2026-08-10T21:58:03Z,2026-08-14T01:50:03.314930+00:00,https://www.inmuebles24.com/casas-o-casa-en-condominio-o-departamentos-en-venta-en-queretaro-provincia-ordenado-por-fechaonline-descendente.html-pagina-12.html
https://www.inmuebles24.com/propiedades/clasificado/veclcain-casa-con-roof-top-terraza-y-4-recamaras-150759093.html,7210000,"MN 7,210,000",MXN,venta,Casa,Juriquilla,Querétaro,Querétaro,325.0,168.0,Publicado hace 3 días,2026-08-10T18:24:06Z,2026-08-14T01:50:03.314930+00:00,https://www.inmuebles24.com/casas-o-casa-en-condominio-o-departamentos-en-venta-en-queretaro-provincia-ordenado-por-fechaonline-descendente.html-pagina-12.html
https://www.inmuebles24.com/propiedades/clasificado/veclcain-casa-en-venta-con-3-hab-3-banos-en-altozano-150762009.html,6190000,"MN 6,190,000",MXN,venta,Casa,Altozano el Nuevo Querétaro,Querétaro,Querétaro,252.0,180.0,Publicado hace 3 días,2026-08-10T22:01:31Z,2026-08-14T01:51:35.272646+00:00,https://www.inmuebles24.com/casas-o-casa-en-condominio-o-departamentos-en-venta-en-queretaro-provincia-ordenado-por-fechaonline-descendente.html-pagina-12.html
https://www.inmuebles24.com/propiedades/clasificado/veclcain-casa-en-venta-en-balvanera-country-club-con-vista-a-150764057.html,23000000,"MN 23,000,000",MXN,venta,Casa,Club de golf Balvanera Polo y Country Club,Corregidora,Querétaro,835.0,1000.0,Publicado hace 3 días,2026-08-11T00:56:43Z,2026-08-14T01:51:35.272646+00:00,https://www.inmuebles24.com/casas-o-casa-en-condominio-o-departamentos-en-venta-en-queretaro-provincia-ordenado-por-fechaonline-descendente.html-pagina-12.html
https://www.inmuebles24.com/propiedades/clasificado/veclcain-casa-en-venta-en-cumbres-del-lago-juriquilla-361-150760494.html,6200000,"MN 6,200,000",MXN,venta,Casa,Juriquilla,Querétaro,Querétaro,361.0,252.0,Publicado hace 3 días,2026-08-10T19:40:22Z,2026-08-14T01:51:35.272646+00:00,https://www.inmuebles24.com/casas-o-casa-en-condominio-o-departamentos-en-venta-en-queretaro-provincia-ordenado-por-fechaonline-descendente.html-pagina-12.html
https://www.inmuebles24.com/propiedades/clasificado/veclcain-casa-en-venta-en-juriquilla-preserve-4-recamaras-150764195.html,3600000,"MN 3,600,000",MXN,venta,Casa,Juriquilla,Querétaro,Querétaro,172.0,140.0,Publicado hace 3 días,2026-08-11T01:18:53Z,2026-08-14T01:51:35.272646+00:00,https://www.inmuebles24.com/casas-o-casa-en-condominio-o-departamentos-en-venta-en-queretaro-provincia-ordenado-por-fechaonline-descendente.html-pagina-12.html
https://www.inmuebles24.com/propiedades/clasificado/veclcain-casa-en-venta-en-preserve-juriquilla-con-jardin-150759086.html,4200000,"MN 4,200,000",MXN,venta,Casa,Juriquilla,Querétaro,Querétaro,160.0,160.0,Publicado hace 3 días,2026-08-10T18:24:06Z,2026-08-14T01:51:35.272646+00:00,https://www.inmuebles24.com/casas-o-casa-en-condominio-o-departamentos-en-venta-en-queretaro-provincia-ordenado-por-fechaonline-descendente.html-pagina-12.html
https://www.inmuebles24.com/propiedades/clasificado/veclcain-casa-en-venta-en-san-isidro-juriquilla-hermosa-150759094.html,3250000,"MN 3,250,000",MXN,venta,Casa,Juriquilla,Querétaro,Querétaro,138.0,108.0,Publicado hace 3 días,2026-08-10T18:24:06Z,2026-08-14T01:51:35.272646+00:00,https://www.inmuebles24.com/casas-o-casa-en-condominio-o-departamentos-en-venta-en-queretaro-provincia-ordenado-por-fechaonline-descendente.html-pagina-12.html
https://www.inmuebles24.com/propiedades/clasificado/veclcain-casa-en-venta-en-san-isidro-juriquilla-jardin-privado-150759081.html,3000000,"MN 3,000,000",MXN,venta,Casa,Juriquilla,Querétaro,Querétaro,108.0,108.0,Publicado hace 3 días,2026-08-10T18:24:05Z,2026-08-14T01:51:35.272646+00:00,https://www.inmuebles24.com/casas-o-casa-en-condominio-o-departamentos-en-venta-en-queretaro-provincia-ordenado-por-fechaonline-descendente.html-pagina-12.html
https://www.inmuebles24.com/propiedades/clasificado/veclcain-casa-en-venta-en-valle-tinto-jardin-sotano-y-roof-150761745.html,4750000,"MN 4,750,000",MXN,venta,Casa,Praderas del Bosque,Corregidora,Querétaro,284.0,162.0,Publicado hace 3 días,2026-08-10T21:32:14Z,2026-08-14T01:51:35.272646+00:00,https://www.inmuebles24.com/casas-o-casa-en-condominio-o-departamentos-en-venta-en-queretaro-provincia-ordenado-por-fechaonline-descendente.html-pagina-12.html
https://www.inmuebles24.com/propiedades/clasificado/veclcain-casa-nueva-en-venta-en-altozano-3-recamaras-y-3-150761075.html,6190000,"MN 6,190,000",MXN,venta,Casa,Altozano el Nuevo Querétaro,Querétaro,Querétaro,252.0,180.0,Publicado hace 3 días,2026-08-10T20:29:44Z,2026-08-14T01:51:35.272646+00:00,https://www.inmuebles24.com/casas-o-casa-en-condominio-o-departamentos-en-venta-en-queretaro-provincia-ordenado-por-fechaonline-descendente.html-pagina-12.html
https://www.inmuebles24.com/propiedades/clasificado/veclcain-cumbres-del-lago-juriquilla-casa-en-venta-268-150760714.html,5490000,"MN 5,490,000",MXN,venta,Casa,Juriquilla,Querétaro,Querétaro,268.0,283.0,Publicado hace 3 días,2026-08-10T19:57:51Z,2026-08-14T01:51:35.272646+00:00,https://www.inmuebles24.com/casas-o-casa-en-condominio-o-departamentos-en-venta-en-queretaro-provincia-ordenado-por-fechaonline-descendente.html-pagina-12.html
https://www.inmuebles24.com/propiedades/clasificado/veclcain-estrena-casa-de-4-recamaras-jardin-terraza-y-recamara-150759092.html,5920000,"MN 5,920,000",MXN,venta,Casa,Lomas de Juriquilla,Querétaro,Querétaro,256.0,250.0,Publicado hace 3 días,2026-08-10T18:24:06Z,2026-08-14T01:53:03.180716+00:00,https://www.inmuebles24.com/casas-o-casa-en-condominio-o-departamentos-en-venta-en-queretaro-provincia-ordenado-por-fechaonline-descendente.html-pagina-12.html
https://www.inmuebles24.com/propiedades/clasificado/veclcain-residencia-en-venta-en-san-isidro-juriquilla-150759089.html,2498000,"MN 2,498,000",MXN,venta,Casa,Juriquilla,Querétaro,Querétaro,90.0,90.0,Publicado hace 3 días,2026-08-10T18:24:06Z,2026-08-14T01:53:03.180716+00:00,https://www.inmuebles24.com/casas-o-casa-en-condominio-o-departamentos-en-venta-en-queretaro-provincia-ordenado-por-fechaonline-descendente.html-pagina-12.html
https://www.inmuebles24.com/propiedades/clasificado/veclcain-residencia-en-venta-en-san-isidro-juriquilla-con-150759088.html,3150000,"MN 3,150,000",MXN,venta,Casa,Juriquilla,Querétaro,Querétaro,108.0,108.0,Publicado hace 3 días,2026-08-10T18:24:06Z,2026-08-14T01:53:03.180716+00:00,https://www.inmuebles24.com/casas-o-casa-en-condominio-o-departamentos-en-venta-en-queretaro-provincia-ordenado-por-fechaonline-descendente.html-pagina-12.html
https://www.inmuebles24.com/propiedades/clasificado/veclcain-residencia-nueva-en-grand-juriquilla-con-jardin-y-bano-150759080.html,4490000,"MN 4,490,000",MXN,venta,Casa,Juriquilla,Querétaro,Querétaro,195.0,195.0,Publicado hace 3 días,2026-08-10T18:24:05Z,2026-08-14T01:53:03.180716+00:00,https://www.inmuebles24.com/casas-o-casa-en-condominio-o-departamentos-en-venta-en-queretaro-provincia-ordenado-por-fechaonline-descendente.html-pagina-12.html
https://www.inmuebles24.com/propiedades/clasificado/veclcain-venta-casa-ciudad-maderas-queretaro-150762658.html,2900000,"MN 2,900,000",MXN,venta,Casa,Ciudad Maderas Residencial,El Marqués,Querétaro,168.0,108.0,Publicado hace 3 días,2026-08-10T23:02:38Z,2026-08-14T01:53:03.180716+00:00,https://www.inmuebles24.com/casas-o-casa-en-condominio-o-departamentos-en-venta-en-queretaro-provincia-ordenado-por-fechaonline-descendente.html-pagina-12.html
https://www.inmuebles24.com/propiedades/clasificado/veclcain-zibata-casa-en-venta-recamara-en-planta-baja-y-roof-150760255.html,3200000,"MN 3,200,000",MXN,venta,Casa,,El Marqués,Querétaro,131.0,102.0,Publicado hace 3 días,2026-08-10T19:23:24Z,2026-08-14T01:53:03.180716+00:00,https://www.inmuebles24.com/casas-o-casa-en-condominio-o-departamentos-en-venta-en-queretaro-provincia-ordenado-por-fechaonline-descendente.html-pagina-12.html
https://www.inmuebles24.com/propiedades/clasificado/veclcapa-venta-casa-premium-en-zibata-con-vista-espectacular-al-150757488.html,9950000,"MN 9,950,000",MXN,venta,Casa,Zibatá,El Marqués,Querétaro,376.0,286.0,Publicado hace 3 días,2026-08-10T15:54:21Z,2026-08-14T01:53:03.180716+00:00,https://www.inmuebles24.com/casas-o-casa-en-condominio-o-departamentos-en-venta-en-queretaro-provincia-ordenado-por-fechaonline-descendente.html-pagina-12.html
https://www.inmuebles24.com/propiedades/clasificado/veclccin-casa-en-condominio-en-venta-en-fraccionamiento-cumbres-150763615.html,4500000,"MN 4,500,000",MXN,venta,Casa en condominio,Fraccionamiento Cumbres del Lago,Querétaro,Querétaro,150.0,176.0,Publicado hace 3 días,2026-08-11T00:21:16Z,2026-08-14T01:53:03.180716+00:00,https://www.inmuebles24.com/casas-o-casa-en-condominio-o-departamentos-en-venta-en-queretaro-provincia-ordenado-por-fechaonline-descendente.html-pagina-12.html
https://www.inmuebles24.com/propiedades/clasificado/veclccpa-residencia-moderna-con-gran-espacio-de-jardines-de-120-150757731.html,5700000,"MN 5,700,000",MXN,venta,Casa en condominio,Grand Preserve,Querétaro,Querétaro,250.0,405.0,Publicado hace 3 días,2026-08-10T16:22:48Z,2026-08-14T01:53:03.180716+00:00,https://www.inmuebles24.com/casas-o-casa-en-condominio-o-departamentos-en-venta-en-queretaro-provincia-ordenado-por-fechaonline-descendente.html-pagina-12.html
https://www.inmuebles24.com/propiedades/clasificado/veclapin-departamento-en-venta-en-cumbres-del-lago-150758527.html,5488000,"MN 5,488,000",MXN,venta,Apartamento,Fraccionamiento Cumbres del Lago,Querétaro,Querétaro,196.0,196.0,Publicado hace 3 días,2026-08-10T17:47:44Z,2026-08-14T01:53:03.180716+00:00,https://www.inmuebles24.com/casas-o-casa-en-condominio-o-departamentos-en-venta-en-queretaro-provincia-ordenado-por-fechaonline-descendente.html-pagina-13.html
https://www.inmuebles24.com/propiedades/clasificado/veclcain-casa-codominio-zen-life-residencial-ii-150763429.html,3700000,"MN 3,700,000",MXN,venta,Casa,,El Marqués,Querétaro,152.0,152.0,Publicado hace 3 días,2026-08-10T23:52:09Z,2026-08-14T01:54:59.403270+00:00,https://www.inmuebles24.com/casas-o-casa-en-condominio-o-departamentos-en-venta-en-queretaro-provincia-ordenado-por-fechaonline-descendente.html-pagina-13.html
https://www.inmuebles24.com/propiedades/clasificado/veclcain-casa-con-hermosa-vista-en-zibata-en-renta-y-o-venta-150754951.html,3300000,"MN 3,300,000",MXN,venta,Casa,Zibatá,El Marqués,Querétaro,114.0,120.0,Publicado hace 4 días,2026-08-09T15:32:59Z,2026-08-14T01:54:59.403270+00:00,https://www.inmuebles24.com/casas-o-casa-en-condominio-o-departamentos-en-venta-en-queretaro-provincia-ordenado-por-fechaonline-descendente.html-pagina-13.html
https://www.inmuebles24.com/propiedades/clasificado/veclcain-casa-con-sala-tv-en-pb-en-venta-en-privada-en-zibata-150761854.html,4554000,"MN 4,554,000",MXN,venta,Casa,Zibatá,El Marqués,Querétaro,120.0,120.0,Publicado hace 3 días,2026-08-10T21:46:09Z,2026-08-14T01:54:59.403270+00:00,https://www.inmuebles24.com/casas-o-casa-en-condominio-o-departamentos-en-venta-en-queretaro-provincia-ordenado-por-fechaonline-descendente.html-pagina-13.html
https://www.inmuebles24.com/propiedades/clasificado/veclcain-casa-en-venta-en-colinas-del-bosque-3-recamaras-150763367.html,16000000,"MN 16,000,000",MXN,venta,Casa,,Corregidora,Querétaro,1912.0,1912.0,Publicado hace 3 días,2026-08-10T23:42:39Z,2026-08-14T01:54:59.403270+00:00,https://www.inmuebles24.com/casas-o-casa-en-condominio-o-departamentos-en-venta-en-queretaro-provincia-ordenado-por-fechaonline-descendente.html-pagina-13.html
https://www.inmuebles24.com/propiedades/clasificado/veclcain-casa-en-venta-en-colinas-del-cimatario-150760791.html,6300000,"MN 6,300,000",MXN,venta,Casa,Colinas del Cimatario,Querétaro,Querétaro,250.0,250.0,Publicado hace 3 días,2026-08-10T20:03:13Z,2026-08-14T01:54:59.403270+00:00,https://www.inmuebles24.com/casas-o-casa-en-condominio-o-departamentos-en-venta-en-queretaro-provincia-ordenado-por-fechaonline-descendente.html-pagina-13.html
https://www.inmuebles24.com/propiedades/clasificado/veclcain-casa-en-venta-en-condesa-juriquilla-150759794.html,4950000,"MN 4,950,000",MXN,venta,Casa,Fraccionamiento Cumbres del Lago,Querétaro,Querétaro,180.0,180.0,Publicado hace 3 días,2026-08-10T19:03:59Z,2026-08-14T01:54:59.403270+00:00,https://www.inmuebles24.com/casas-o-casa-en-condominio-o-departamentos-en-venta-en-queretaro-provincia-ordenado-por-fechaonline-descendente.html-pagina-13.html
https://www.inmuebles24.com/propiedades/clasificado/veclcain-casa-en-venta-en-cumbres-del-lago-150759674.html,6500000,"MN 6,500,000",MXN,venta,Casa,Fraccionamiento Cumbres del Lago,Querétaro,Querétaro,253.0,253.0,Publicado hace 3 días,2026-08-10T18:52:15Z,2026-08-14T01:54:59.403270+00:00,https://www.inmuebles24.com/casas-o-casa-en-condominio-o-departamentos-en-venta-en-queretaro-provincia-ordenado-por-fechaonline-descendente.html-pagina-13.html
https://www.inmuebles24.com/propiedades/clasificado/veclcain-casa-en-venta-en-cumbres-del-lago-150761427.html,5750000,"MN 5,750,000",MXN,venta,Casa,Fraccionamiento Cumbres del Lago,Querétaro,Querétaro,283.0,300.0,Publicado hace 3 días,2026-08-10T21:00:50Z,2026-08-14T01:54:59.403270+00:00,https://www.inmuebles24.com/casas-o-casa-en-condominio-o-departamentos-en-venta-en-queretaro-provincia-ordenado-por-fechaonline-descendente.html-pagina-13.html
https://www.inmuebles24.com/propiedades/clasificado/veclcain-casa-en-venta-en-grand-juriquilla-jardin-amplio-150759068.html,4500000,"MN 4,500,000",MXN,venta,Casa,Juriquilla,Querétaro,Querétaro,261.0,261.0,Publicado hace 3 días,2026-08-10T18:22:47Z,2026-08-14T01:54:59.403270+00:00,https://www.inmuebles24.com/casas-o-casa-en-condominio-o-departamentos-en-venta-en-queretaro-provincia-ordenado-por-fechaonline-descendente.html-pagina-13.html
https://www.inmuebles24.com/propiedades/clasificado/veclcain-casa-en-venta-en-juirica-solo-para-los-que-buscan-150755502.html,15950000,"MN 15,950,000",MXN,venta,Casa,Jurica,Querétaro,Querétaro,690.0,1511.0,Publicado hace 4 días,2026-08-09T20:23:32Z,2026-08-14T01:54:59.403270+00:00,https://www.inmuebles24.com/casas-o-casa-en-condominio-o-departamentos-en-venta-en-queretaro-provincia-ordenado-por-fechaonline-descendente.html-pagina-13.html
https://www.inmuebles24.com/propiedades/clasificado/veclcain-casa-en-venta-en-jurica-150761091.html,35000000,"MN 35,000,000",MXN,venta,Casa,Jurica,Querétaro,Querétaro,700.0,5454.0,Publicado hace 3 días,2026-08-10T20:31:14Z,2026-08-14T02:02:58.193460+00:00,https://www.inmuebles24.com/casas-o-casa-en-condominio-o-departamentos-en-venta-en-queretaro-provincia-ordenado-por-fechaonline-descendente.html-pagina-13.html
https://www.inmuebles24.com/propiedades/clasificado/veclcain-casa-en-venta-en-la-vista-queretaro-150764038.html,7950000,"MN 7,950,000",MXN,venta,Casa,La Vista Residencial,Querétaro,Querétaro,212.0,212.0,Publicado hace 3 días,2026-08-11T00:54:03Z,2026-08-14T02:02:58.193460+00:00,https://www.inmuebles24.com/casas-o-casa-en-condominio-o-departamentos-en-venta-en-queretaro-provincia-ordenado-por-fechaonline-descendente.html-pagina-13.html
https://www.inmuebles24.com/propiedades/clasificado/veclcain-casa-en-venta-en-mallorazgo-el-marques-150734852.html,6300000,"MN 6,300,000",MXN,venta,Casa,El Mayorazgo,El Marqués,Querétaro,294.0,268.0,Publicado hace 3 días,2026-08-06T18:52:59Z,2026-08-14T02:02:58.193460+00:00,https://www.inmuebles24.com/casas-o-casa-en-condominio-o-departamentos-en-venta-en-queretaro-provincia-ordenado-por-fechaonline-descendente.html-pagina-13.html
https://www.inmuebles24.com/propiedades/clasificado/veclcain-casa-en-venta-en-marques-del-rio-el-marques-queretaro-150754043.html,1492000,"MN 1,492,000",MXN,venta,Casa,,El Marqués,Querétaro,73.0,73.0,Publicado hace 4 días,2026-08-09T05:35:03Z,2026-08-14T02:02:58.193460+00:00,https://www.inmuebles24.com/casas-o-casa-en-condominio-o-departamentos-en-venta-en-queretaro-provincia-ordenado-por-fechaonline-descendente.html-pagina-13.html
https://www.inmuebles24.com/propiedades/clasificado/veclcain-casa-en-venta-en-real-de-juriquilla-150760477.html,6000000,"MN 6,000,000",MXN,venta,Casa,Real de Juriquilla,Querétaro,Querétaro,300.0,300.0,Publicado hace 3 días,2026-08-10T19:39:43Z,2026-08-14T02:02:58.193460+00:00,https://www.inmuebles24.com/casas-o-casa-en-condominio-o-departamentos-en-venta-en-queretaro-provincia-ordenado-por-fechaonline-descendente.html-pagina-13.html
https://www.inmuebles24.com/propiedades/clasificado/veclcain-casa-en-venta-renta-en-provincia-juriquilla-con-150759070.html,8980000,"MN 8,980,000",MXN,venta,Casa,Juriquilla,Querétaro,Querétaro,500.0,500.0,Publicado hace 3 días,2026-08-10T18:22:47Z,2026-08-14T02:02:58.193460+00:00,https://www.inmuebles24.com/casas-o-casa-en-condominio-o-departamentos-en-venta-en-queretaro-provincia-ordenado-por-fechaonline-descendente.html-pagina-13.html
https://www.inmuebles24.com/propiedades/clasificado/veclcain-casa-en-zaru-150760886.html,3660000,"MN 3,660,000",MXN,venta,Casa,Fraccionamiento Zarú,El Marqués,Querétaro,145.0,134.0,Publicado hace 3 días,2026-08-10T20:13:31Z,2026-08-14T02:02:58.193460+00:00,https://www.inmuebles24.com/casas-o-casa-en-condominio-o-departamentos-en-venta-en-queretaro-provincia-ordenado-por-fechaonline-descendente.html-pagina-13.html
https://www.inmuebles24.com/propiedades/clasificado/veclcain-casa-residencial-vista-real-150764632.html,5990000,"MN 5,990,000",MXN,venta,Casa,Residencial Vista Real,Corregidora,Querétaro,178.0,178.0,Publicado hace 3 días,2026-08-11T02:40:53Z,2026-08-14T02:02:58.193460+00:00,https://www.inmuebles24.com/casas-o-casa-en-condominio-o-departamentos-en-venta-en-queretaro-provincia-ordenado-por-fechaonline-descendente.html-pagina-13.html
https://www.inmuebles24.com/propiedades/clasificado/veclcain-descubre-la-comodidad-de-una-casa-de-una-planta-ideal-150759069.html,3050000,"MN 3,050,000",MXN,venta,Casa,,Querétaro,Querétaro,108.0,197.0,Publicado hace 3 días,2026-08-10T18:22:47Z,2026-08-14T02:02:58.193460+00:00,https://www.inmuebles24.com/casas-o-casa-en-condominio-o-departamentos-en-venta-en-queretaro-provincia-ordenado-por-fechaonline-descendente.html-pagina-13.html
https://www.inmuebles24.com/propiedades/clasificado/veclcain-estrena-casa-con-roof-garden-en-la-vista-residencial-150755281.html,6300000,"MN 6,300,000",MXN,venta,Casa,La Vista Residencial,Querétaro,Querétaro,290.0,186.0,Publicado hace 4 días,2026-08-09T18:22:45Z,2026-08-14T02:02:58.193460+00:00,https://www.inmuebles24.com/casas-o-casa-en-condominio-o-departamentos-en-venta-en-queretaro-provincia-ordenado-por-fechaonline-descendente.html-pagina-13.html
https://www.inmuebles24.com/propiedades/clasificado/veclcain-moderna-casa-nueva-con-recamara-en-planta-baja-y-bano-150754933.html,2650000,"MN 2,650,000",MXN,venta,Casa,Banthí,San Juan del Río,Querétaro,160.0,120.0,Publicado hace 4 días,2026-08-09T15:19:16Z,2026-08-14T02:16:51.021090+00:00,https://www.inmuebles24.com/casas-o-casa-en-condominio-o-departamentos-en-venta-en-queretaro-provincia-ordenado-por-fechaonline-descendente.html-pagina-13.html
https://www.inmuebles24.com/propiedades/clasificado/veclcain-venta-casa-san-isidro-128-m-sup2-150755679.html,2785000,"MN 2,785,000",MXN,venta,Casa,San Isidro,Querétaro,Querétaro,116.0,128.0,Publicado hace 4 días,2026-08-09T22:09:06Z,2026-08-14T02:16:51.021090+00:00,https://www.inmuebles24.com/casas-o-casa-en-condominio-o-departamentos-en-venta-en-queretaro-provincia-ordenado-por-fechaonline-descendente.html-pagina-13.html
https://www.inmuebles24.com/propiedades/clasificado/veclcain-venta-cumbre-altozano-300-m-sup2-150755698.html,13690000,"MN 13,690,000",MXN,venta,Casa,Altozano el Nuevo Querétaro,Querétaro,Querétaro,377.0,300.0,Publicado hace 4 días,2026-08-09T22:15:49Z,2026-08-14T02:16:51.021090+00:00,https://www.inmuebles24.com/casas-o-casa-en-condominio-o-departamentos-en-venta-en-queretaro-provincia-ordenado-por-fechaonline-descendente.html-pagina-13.html
https://www.inmuebles24.com/propiedades/clasificado/veclccin-casa-de-200-m-sup2--con-3-recamaras-en-venta-en-puerta-150755430.html,3700000,"MN 3,700,000",MXN,venta,Casa en condominio,Fraccionamiento Puerta Real,Corregidora,Querétaro,160.0,200.0,Publicado hace 4 días,2026-08-09T19:46:12Z,2026-08-14T02:16:51.021090+00:00,https://www.inmuebles24.com/casas-o-casa-en-condominio-o-departamentos-en-venta-en-queretaro-provincia-ordenado-por-fechaonline-descendente.html-pagina-13.html
https://www.inmuebles24.com/propiedades/clasificado/veclccin-casa-en-condominio-fraccionamiento-sonterra-150756570.html,2188000,"MN 2,188,000",MXN,venta,Casa en condominio,Fraccionamiento Sonterra,Querétaro,Querétaro,,,Publicado hace 3 días,2026-08-10T04:21Z,2026-08-14T02:16:51.021090+00:00,https://www.inmuebles24.com/casas-o-casa-en-condominio-o-departamentos-en-venta-en-queretaro-provincia-ordenado-por-fechaonline-descendente.html-pagina-13.html
https://www.inmuebles24.com/propiedades/clasificado/veclccin-casa-nueva-en-venta-zibata-queretaro-con-bar-estudio-150754030.html,3950000,"MN 3,950,000",MXN,venta,Casa en condominio,Zibatá,El Marqués,Querétaro,156.0,128.0,Publicado hace 4 días,2026-08-09T05:26:04Z,2026-08-14T02:16:51.021090+00:00,https://www.inmuebles24.com/casas-o-casa-en-condominio-o-departamentos-en-venta-en-queretaro-provincia-ordenado-por-fechaonline-descendente.html-pagina-13.html
https://www.inmuebles24.com/propiedades/clasificado/veclccin-venta.-estrena-casa-con-diseno-bellisimo-doble-altura-150755136.html,3750000,"MN 3,750,000",MXN,venta,Casa en condominio,Fraccionamiento Zarú,El Marqués,Querétaro,171.0,117.0,Publicado hace 4 días,2026-08-09T17:20:56Z,2026-08-14T02:16:51.021090+00:00,https://www.inmuebles24.com/casas-o-casa-en-condominio-o-departamentos-en-venta-en-queretaro-provincia-ordenado-por-fechaonline-descendente.html-pagina-13.html
https://www.inmuebles24.com/propiedades/clasificado/veclccpa-casa-en-venta-en-zona-de-alta-plusvalia-residencial-150765526.html,2500000,"MN 2,500,000",MXN,venta,Casa en condominio,Fraccionamiento Residencial el Parque,El Marqués,Querétaro,98.0,130.0,Publicado hace 3 días,2026-08-11T03:34:07Z,2026-08-14T02:16:51.021090+00:00,https://www.inmuebles24.com/casas-o-casa-en-condominio-o-departamentos-en-venta-en-queretaro-provincia-ordenado-por-fechaonline-descendente.html-pagina-13.html
https://www.inmuebles24.com/propiedades/clasificado/veclccpa-invierte-casa-en-venta-amueblada-lista-para-renta-y-150760843.html,3600000,"MN 3,600,000",MXN,venta,Casa en condominio,Zibatá,El Marqués,Querétaro,155.0,160.0,Publicado hace 3 días,2026-08-10T20:07:52Z,2026-08-14T02:16:51.021090+00:00,https://www.inmuebles24.com/casas-o-casa-en-condominio-o-departamentos-en-venta-en-queretaro-provincia-ordenado-por-fechaonline-descendente.html-pagina-13.html
https://www.inmuebles24.com/propiedades/clasificado/veclapin-departamento-amplio-en-venta-con-balcon-en-privalia-150755894.html,1475000,"MN 1,475,000",MXN,venta,Apartamento,Privalia Ambienta,Querétaro,Querétaro,84.0,84.0,Publicado hace 4 días,2026-08-09T23:56:12Z,2026-08-14T02:16:51.021090+00:00,https://www.inmuebles24.com/casas-o-casa-en-condominio-o-departamentos-en-venta-en-queretaro-provincia-ordenado-por-fechaonline-descendente.html-pagina-14.html
https://www.inmuebles24.com/propiedades/clasificado/veclapin-departamento-en-fraccionamiento-zibata-150753964.html,1990000,"MN 1,990,000",MXN,venta,Apartamento,Zibatá,El Marqués,Querétaro,83.0,83.0,Publicado hace 4 días,2026-08-09T04:22:52Z,2026-08-14T02:25:41.293995+00:00,https://www.inmuebles24.com/casas-o-casa-en-condominio-o-departamentos-en-venta-en-queretaro-provincia-ordenado-por-fechaonline-descendente.html-pagina-14.html
https://www.inmuebles24.com/propiedades/clasificado/veclapin-departamento-en-venta-condesa-cimatario-150756082.html,2800000,"MN 2,800,000",MXN,venta,Apartamento,,Corregidora,Querétaro,118.0,147.0,Publicado hace 4 días,2026-08-10T00:53:53Z,2026-08-14T02:25:41.293995+00:00,https://www.inmuebles24.com/casas-o-casa-en-condominio-o-departamentos-en-venta-en-queretaro-provincia-ordenado-por-fechaonline-descendente.html-pagina-14.html
https://www.inmuebles24.com/propiedades/clasificado/veclapin-departamento-en-venta-en-town-center-zibata-queretaro-150755571.html,2270000,"MN 2,270,000",MXN,venta,Apartamento,Zibatá,El Marqués,Querétaro,68.0,68.0,Publicado hace 4 días,2026-08-09T20:59:46Z,2026-08-14T02:25:41.293995+00:00,https://www.inmuebles24.com/casas-o-casa-en-condominio-o-departamentos-en-venta-en-queretaro-provincia-ordenado-por-fechaonline-descendente.html-pagina-14.html
https://www.inmuebles24.com/propiedades/clasificado/veclapin-departamento-en-venta-sierra-residencial-queretaro-150755408.html,3975000,"MN 3,975,000",MXN,venta,Apartamento,Residencial El Refugio,Querétaro,Querétaro,135.0,135.0,Publicado hace 4 días,2026-08-09T19:30:18Z,2026-08-14T02:25:41.293995+00:00,https://www.inmuebles24.com/casas-o-casa-en-condominio-o-departamentos-en-venta-en-queretaro-provincia-ordenado-por-fechaonline-descendente.html-pagina-14.html
https://www.inmuebles24.com/propiedades/clasificado/veclapin-departamento-villa-villas-del-refugio-150754687.html,1229000,"MN 1,229,000",MXN,venta,Apartamento,Villa Villas del Refugio,Querétaro,Querétaro,,,Publicado hace 4 días,2026-08-09T14:45:03Z,2026-08-14T02:25:41.293995+00:00,https://www.inmuebles24.com/casas-o-casa-en-condominio-o-departamentos-en-venta-en-queretaro-provincia-ordenado-por-fechaonline-descendente.html-pagina-14.html
https://www.inmuebles24.com/propiedades/clasificado/veclapin-fraccionamiento-el-monte:-departamento-en-venta-en-150754099.html,1745000,"MN 1,745,000",MXN,venta,Apartamento,Villas de Santiago,Querétaro,Querétaro,92.0,92.0,Publicado hace 4 días,2026-08-09T06:07:24Z,2026-08-14T02:25:41.293995+00:00,https://www.inmuebles24.com/casas-o-casa-en-condominio-o-departamentos-en-venta-en-queretaro-provincia-ordenado-por-fechaonline-descendente.html-pagina-14.html
https://www.inmuebles24.com/propiedades/clasificado/veclapin-lofts-modernos-en-venta-cumbres-del-lago-queretaro-150755421.html,3394880,"MN 3,394,880",MXN,venta,Apartamento,Juriquilla,Querétaro,Querétaro,100.0,100.0,Publicado hace 4 días,2026-08-09T19:40:30Z,2026-08-14T02:25:41.293995+00:00,https://www.inmuebles24.com/casas-o-casa-en-condominio-o-departamentos-en-venta-en-queretaro-provincia-ordenado-por-fechaonline-descendente.html-pagina-14.html
https://www.inmuebles24.com/propiedades/clasificado/veclcain-casa-en-canadas-del-arroyo-150756197.html,3600000,"MN 3,600,000",MXN,venta,Casa,Cañadas del Arroyo,Corregidora,Querétaro,170.0,160.0,Publicado hace 4 días,2026-08-10T01:41:29Z,2026-08-14T02:25:41.293995+00:00,https://www.inmuebles24.com/casas-o-casa-en-condominio-o-departamentos-en-venta-en-queretaro-provincia-ordenado-por-fechaonline-descendente.html-pagina-14.html
https://www.inmuebles24.com/propiedades/clasificado/veclcain-casa-en-canadas-del-arroyo-150756291.html,3650000,"MN 3,650,000",MXN,venta,Casa,Cañadas del Arroyo,Corregidora,Querétaro,190.0,160.0,Publicado hace 4 días,2026-08-10T02:20:57Z,2026-08-14T02:25:41.293995+00:00,https://www.inmuebles24.com/casas-o-casa-en-condominio-o-departamentos-en-venta-en-queretaro-provincia-ordenado-por-fechaonline-descendente.html-pagina-14.html
https://www.inmuebles24.com/propiedades/clasificado/veclcain-casa-en-venta-en-condominio-paseo-pitahaya-zibata-150755543.html,4500000,"MN 4,500,000",MXN,venta,Casa,Zibatá,El Marqués,Querétaro,139.0,151.0,Publicado hace 4 días,2026-08-09T20:43:59Z,2026-08-14T02:25:41.293995+00:00,https://www.inmuebles24.com/casas-o-casa-en-condominio-o-departamentos-en-venta-en-queretaro-provincia-ordenado-por-fechaonline-descendente.html-pagina-14.html
https://www.inmuebles24.com/propiedades/clasificado/veclcain-casa-en-venta-en-el-fracc.-club-de-golf-en-150751918.html,6900000,"MN 6,900,000",MXN,venta,Casa,Fraccionamiento Club de Golf Tequisquiapan,Tequisquiapan,Querétaro,287.0,799.0,Publicado hace 5 días,2026-08-08T16:01:21Z,2026-08-14T02:34:37.783566+00:00,https://www.inmuebles24.com/casas-o-casa-en-condominio-o-departamentos-en-venta-en-queretaro-provincia-ordenado-por-fechaonline-descendente.html-pagina-14.html
https://www.inmuebles24.com/propiedades/clasificado/veclcain-casa-en-venta-en-el-refugio-queretaro-con-recamara-en-150753562.html,5816000,"MN 5,816,000",MXN,venta,Casa,Residencial El Refugio,Querétaro,Querétaro,258.0,255.0,Publicado hace 5 días,2026-08-09T00:50:58Z,2026-08-14T02:34:37.783566+00:00,https://www.inmuebles24.com/casas-o-casa-en-condominio-o-departamentos-en-venta-en-queretaro-provincia-ordenado-por-fechaonline-descendente.html-pagina-14.html
https://www.inmuebles24.com/propiedades/clasificado/veclcain-casa-en-venta-en-milenio-iii-hermoso-diseno-de-autor-150752386.html,6850000,"MN 6,850,000",MXN,venta,Casa,Milenio III,Querétaro,Querétaro,280.0,190.0,Publicado hace 5 días,2026-08-08T18:25:19Z,2026-08-14T02:34:37.783566+00:00,https://www.inmuebles24.com/casas-o-casa-en-condominio-o-departamentos-en-venta-en-queretaro-provincia-ordenado-por-fechaonline-descendente.html-pagina-14.html
https://www.inmuebles24.com/propiedades/clasificado/veclcain-casa-en-venta-en-rodanta-zona-zen-life-doble-altura-150751987.html,3950000,"MN 3,950,000",MXN,venta,Casa,Rodanta,El Marqués,Querétaro,170.0,180.0,Publicado hace 5 días,2026-08-08T16:23:17Z,2026-08-14T02:34:37.783566+00:00,https://www.inmuebles24.com/casas-o-casa-en-condominio-o-departamentos-en-venta-en-queretaro-provincia-ordenado-por-fechaonline-descendente.html-pagina-14.html
https://www.inmuebles24.com/propiedades/clasificado/veclcain-casa-en-venta-en-zibata-3-recamaras-roof-garden-150753152.html,4100000,"MN 4,100,000",MXN,venta,Casa,Zibatá,El Marqués,Querétaro,190.0,154.0,Publicado hace 5 días,2026-08-08T21:57:53Z,2026-08-14T02:34:37.783566+00:00,https://www.inmuebles24.com/casas-o-casa-en-condominio-o-departamentos-en-venta-en-queretaro-provincia-ordenado-por-fechaonline-descendente.html-pagina-14.html
https://www.inmuebles24.com/propiedades/clasificado/veclcain-casa-en-venta-grand-juriquilla-queretaro-gran-150756123.html,2650000,"MN 2,650,000",MXN,venta,Casa,Juriquilla,Querétaro,Querétaro,142.0,192.0,Publicado hace 4 días,2026-08-10T01:11:59Z,2026-08-14T02:34:37.783566+00:00,https://www.inmuebles24.com/casas-o-casa-en-condominio-o-departamentos-en-venta-en-queretaro-provincia-ordenado-por-fechaonline-descendente.html-pagina-14.html
https://www.inmuebles24.com/propiedades/clasificado/veclcain-casa-en-venta-ubicacion-privilegiada-zibata-queretaro-150755454.html,3800000,"MN 3,800,000",MXN,venta,Casa,Zibatá,El Marqués,Querétaro,164.0,164.0,Publicado hace 4 días,2026-08-09T20:00:29Z,2026-08-14T02:34:37.783566+00:00,https://www.inmuebles24.com/casas-o-casa-en-condominio-o-departamentos-en-venta-en-queretaro-provincia-ordenado-por-fechaonline-descendente.html-pagina-14.html
https://www.inmuebles24.com/propiedades/clasificado/veclcain-casa-en-venta-valle-de-juriquilla-queretaro-150755498.html,3599000,"MN 3,599,000",MXN,venta,Casa,Valle de Juriquilla,Querétaro,Querétaro,165.0,128.0,Publicado hace 4 días,2026-08-09T20:21:24Z,2026-08-14T02:34:37.783566+00:00,https://www.inmuebles24.com/casas-o-casa-en-condominio-o-departamentos-en-venta-en-queretaro-provincia-ordenado-por-fechaonline-descendente.html-pagina-14.html
https://www.inmuebles24.com/propiedades/clasificado/veclcain-casa-lagos-61-casa-lagos-61-lomas-del-campanario-150755906.html,19000005,"MN 19,000,005",MXN,venta,Casa,,Querétaro,Querétaro,500.0,357.0,Publicado hace 4 días,2026-08-10T00:00:33Z,2026-08-14T02:34:37.783566+00:00,https://www.inmuebles24.com/casas-o-casa-en-condominio-o-departamentos-en-venta-en-queretaro-provincia-ordenado-por-fechaonline-descendente.html-pagina-14.html
https://www.inmuebles24.com/propiedades/clasificado/veclcain-direccion-casa-en-venta-2-plantas-3-habitaciones-en-150753854.html,4850000,"MN 4,850,000",MXN,venta,Casa,Residencial Santa Fe,Corregidora,Querétaro,148.0,148.0,Publicado hace 5 días,2026-08-09T03:08:44Z,2026-08-14T02:34:37.783566+00:00,https://www.inmuebles24.com/casas-o-casa-en-condominio-o-departamentos-en-venta-en-queretaro-provincia-ordenado-por-fechaonline-descendente.html-pagina-14.html
https://www.inmuebles24.com/propiedades/clasificado/veclcain-venta-casa-de-autor-en-cumbres-del-lago-150753283.html,6200000,"MN 6,200,000",MXN,venta,Casa,Fraccionamiento Cumbres del Lago,Querétaro,Querétaro,300.0,253.0,Publicado hace 5 días,2026-08-08T22:54:31Z,2026-08-14T02:39:56.089786+00:00,https://www.inmuebles24.com/casas-o-casa-en-condominio-o-departamentos-en-venta-en-queretaro-provincia-ordenado-por-fechaonline-descendente.html-pagina-14.html
https://www.inmuebles24.com/propiedades/clasificado/veclcain-zakia-vendo-casa-en-privadas-con-amenidades-y-con-150753125.html,2550000,"MN 2,550,000",MXN,venta,Casa,Zákia,El Marqués,Querétaro,107.0,114.0,Publicado hace 5 días,2026-08-08T21:47:57Z,2026-08-14T02:39:56.089786+00:00,https://www.inmuebles24.com/casas-o-casa-en-condominio-o-departamentos-en-venta-en-queretaro-provincia-ordenado-por-fechaonline-descendente.html-pagina-14.html
https://www.inmuebles24.com/propiedades/clasificado/veclccin-casa-en-condominio-en-venta-en-zen-life-residencial-i-150753563.html,3700000,"MN 3,700,000",MXN,venta,Casa en condominio,Zen House II,El Marqués,Querétaro,180.0,128.0,Publicado hace 5 días,2026-08-09T00:50:59Z,2026-08-14T02:39:56.089786+00:00,https://www.inmuebles24.com/casas-o-casa-en-condominio-o-departamentos-en-venta-en-queretaro-provincia-ordenado-por-fechaonline-descendente.html-pagina-14.html
https://www.inmuebles24.com/propiedades/clasificado/veclccin-casa-en-venta-en-paseo-natura-ii-sonterra-con-150755267.html,1900000,"MN 1,900,000",MXN,venta,Casa en condominio,Fraccionamiento Sonterra,Querétaro,Querétaro,94.0,86.0,Publicado hace 4 días,2026-08-09T18:18:46Z,2026-08-14T02:39:56.089786+00:00,https://www.inmuebles24.com/casas-o-casa-en-condominio-o-departamentos-en-venta-en-queretaro-provincia-ordenado-por-fechaonline-descendente.html-pagina-14.html
https://www.inmuebles24.com/propiedades/clasificado/veclccin-casa-en-venta-en-zakia-150753023.html,2995000,"MN 2,995,000",MXN,venta,Casa en condominio,Zákia,El Marqués,Querétaro,121.0,227.0,Publicado hace 5 días,2026-08-08T21:03:17Z,2026-08-14T02:39:56.089786+00:00,https://www.inmuebles24.com/casas-o-casa-en-condominio-o-departamentos-en-venta-en-queretaro-provincia-ordenado-por-fechaonline-descendente.html-pagina-14.html
https://www.inmuebles24.com/propiedades/clasificado/veclccin-casa-moderna-en-renta-nuevo-refugio-150755106.html,4990000,"MN 4,990,000",MXN,venta,Casa en condominio,Nuevo Refugio,Querétaro,Querétaro,245.0,160.0,Publicado hace 4 días,2026-08-09T17:07:17Z,2026-08-14T02:39:56.089786+00:00,https://www.inmuebles24.com/casas-o-casa-en-condominio-o-departamentos-en-venta-en-queretaro-provincia-ordenado-por-fechaonline-descendente.html-pagina-14.html
https://www.inmuebles24.com/propiedades/clasificado/veclccin-casa-nueva-zibata-figue-150752705.html,5450000,"MN 5,450,000",MXN,venta,Casa en condominio,Zibatá,El Marqués,Querétaro,243.0,192.0,Publicado hace 5 días,2026-08-08T19:23:37Z,2026-08-14T02:39:56.089786+00:00,https://www.inmuebles24.com/casas-o-casa-en-condominio-o-departamentos-en-venta-en-queretaro-provincia-ordenado-por-fechaonline-descendente.html-pagina-14.html
https://www.inmuebles24.com/propiedades/clasificado/veclccin-espectacular-casa-en-venta-en-zibata-a-pasos-de-la-150752887.html,6250000,"MN 6,250,000",MXN,venta,Casa en condominio,Zibatá,El Marqués,Querétaro,350.0,170.0,Publicado hace 5 días,2026-08-08T20:20:16Z,2026-08-14T02:39:56.089786+00:00,https://www.inmuebles24.com/casas-o-casa-en-condominio-o-departamentos-en-venta-en-queretaro-provincia-ordenado-por-fechaonline-descendente.html-pagina-14.html
https://www.inmuebles24.com/propiedades/clasificado/veclccin-estrena-casa-en-venta-con-doble-altura-y-roof-garden-150753981.html,4250000,"MN 4,250,000",MXN,venta,Casa en condominio,Fraccionamiento Zarú,El Marqués,Querétaro,215.0,117.0,Publicado hace 4 días,2026-08-09T04:56:03Z,2026-08-14T02:39:56.089786+00:00,https://www.inmuebles24.com/casas-o-casa-en-condominio-o-departamentos-en-venta-en-queretaro-provincia-ordenado-por-fechaonline-descendente.html-pagina-14.html
https://www.inmuebles24.com/propiedades/clasificado/veclapin-departamento-en-fraccionamiento-zibata-150753847.html,2260000,"MN 2,260,000",MXN,venta,Apartamento,Zibatá,El Marqués,Querétaro,83.0,83.0,Publicado hace 5 días,2026-08-09T03:05:13Z,2026-08-14T02:39:56.089786+00:00,https://www.inmuebles24.com/casas-o-casa-en-condominio-o-departamentos-en-venta-en-queretaro-provincia-ordenado-por-fechaonline-descendente.html-pagina-15.html
https://www.inmuebles24.com/propiedades/clasificado/veclapin-departamento-en-venta-en-los-olvera-corregidora-150745721.html,3144000,"MN 3,144,000",MXN,venta,Apartamento,Los Olvera,Corregidora,Querétaro,93.0,93.0,Publicado hace 6 días,2026-08-07T19:59:29Z,2026-08-14T02:41:23.973976+00:00,https://www.inmuebles24.com/casas-o-casa-en-condominio-o-departamentos-en-venta-en-queretaro-provincia-ordenado-por-fechaonline-descendente.html-pagina-15.html
https://www.inmuebles24.com/propiedades/clasificado/veclapin-departamento-en-venta-en-milenio-iii-150745508.html,5300000,"MN 5,300,000",MXN,venta,Apartamento,Fraccionamiento Milenio,Querétaro,Querétaro,180.0,180.0,Publicado hace 6 días,2026-08-07T19:38:30Z,2026-08-14T02:41:23.973976+00:00,https://www.inmuebles24.com/casas-o-casa-en-condominio-o-departamentos-en-venta-en-queretaro-provincia-ordenado-por-fechaonline-descendente.html-pagina-15.html
https://www.inmuebles24.com/propiedades/clasificado/veclapin-inversion-en-centro-historico-queretaro-3-recamaras-150753697.html,2199000,"MN 2,199,000",MXN,venta,Apartamento,Centro,Querétaro,Querétaro,79.0,99.0,Publicado hace 5 días,2026-08-09T01:41:39Z,2026-08-14T02:41:23.973976+00:00,https://www.inmuebles24.com/casas-o-casa-en-condominio-o-departamentos-en-venta-en-queretaro-provincia-ordenado-por-fechaonline-descendente.html-pagina-15.html
https://www.inmuebles24.com/propiedades/clasificado/veclcain-casa-bonita-en-el-mirador-150736815.html,3280000,"MN 3,280,000",MXN,venta,Casa,Fraccionamiento El Mirador,El Marqués,Querétaro,181.0,149.0,Publicado hace 6 días,2026-08-06T21:48:48Z,2026-08-14T02:41:23.973976+00:00,https://www.inmuebles24.com/casas-o-casa-en-condominio-o-departamentos-en-venta-en-queretaro-provincia-ordenado-por-fechaonline-descendente.html-pagina-15.html
https://www.inmuebles24.com/propiedades/clasificado/veclcain-casa-bonita-en-venta-en-el-refugio-150711042.html,4980000,"MN 4,980,000",MXN,venta,Casa,Residencial El Refugio,Querétaro,Querétaro,190.0,164.0,Publicado hace 6 días,2026-08-04T19:08:05Z,2026-08-14T02:41:23.973976+00:00,https://www.inmuebles24.com/casas-o-casa-en-condominio-o-departamentos-en-venta-en-queretaro-provincia-ordenado-por-fechaonline-descendente.html-pagina-15.html
https://www.inmuebles24.com/propiedades/clasificado/veclcain-casa-de-165-m-sup2--en-valle-de-juriquilla-3-150753487.html,3599000,"MN 3,599,000",MXN,venta,Casa,Valle de Juriquilla,Querétaro,Querétaro,165.0,128.0,Publicado hace 5 días,2026-08-09T00:13:25Z,2026-08-14T02:41:23.973976+00:00,https://www.inmuebles24.com/casas-o-casa-en-condominio-o-departamentos-en-venta-en-queretaro-provincia-ordenado-por-fechaonline-descendente.html-pagina-15.html
https://www.inmuebles24.com/propiedades/clasificado/veclcain-casa-en-el-mirador-150752903.html,2370000,"MN 2,370,000",MXN,venta,Casa,Fraccionamiento El Mirador,Querétaro,Querétaro,92.0,102.0,Publicado hace 5 días,2026-08-08T20:26:39Z,2026-08-14T02:41:23.973976+00:00,https://www.inmuebles24.com/casas-o-casa-en-condominio-o-departamentos-en-venta-en-queretaro-provincia-ordenado-por-fechaonline-descendente.html-pagina-15.html
https://www.inmuebles24.com/propiedades/clasificado/veclcain-casa-en-el-mirador-150753115.html,2370000,"MN 2,370,000",MXN,venta,Casa,Fraccionamiento El Mirador,Querétaro,Querétaro,92.0,102.0,Publicado hace 5 días,2026-08-08T21:42:16Z,2026-08-14T02:41:23.973976+00:00,https://www.inmuebles24.com/casas-o-casa-en-condominio-o-departamentos-en-venta-en-queretaro-provincia-ordenado-por-fechaonline-descendente.html-pagina-15.html
https://www.inmuebles24.com/propiedades/clasificado/veclcain-casa-en-el-mirador-150753359.html,2370000,"MN 2,370,000",MXN,venta,Casa,Fraccionamiento El Mirador,El Marqués,Querétaro,92.0,102.0,Publicado hace 5 días,2026-08-08T23:20:17Z,2026-08-14T02:41:23.973976+00:00,https://www.inmuebles24.com/casas-o-casa-en-condominio-o-departamentos-en-venta-en-queretaro-provincia-ordenado-por-fechaonline-descendente.html-pagina-15.html
https://www.inmuebles24.com/propiedades/clasificado/veclcain-casa-en-el-mirador-150753468.html,2225000,"MN 2,225,000",MXN,venta,Casa,Fraccionamiento El Mirador,El Marqués,Querétaro,92.0,108.0,Publicado hace 5 días,2026-08-09T00:05:47Z,2026-08-14T02:41:23.973976+00:00,https://www.inmuebles24.com/casas-o-casa-en-condominio-o-departamentos-en-venta-en-queretaro-provincia-ordenado-por-fechaonline-descendente.html-pagina-15.html
https://www.inmuebles24.com/propiedades/clasificado/veclcain-casa-en-el-mirador-150753585.html,2225000,"MN 2,225,000",MXN,venta,Casa,Fraccionamiento El Mirador,Querétaro,Querétaro,92.0,108.0,Publicado hace 5 días,2026-08-09T00:56:30Z,2026-08-14T02:43:09.645875+00:00,https://www.inmuebles24.com/casas-o-casa-en-condominio-o-departamentos-en-venta-en-queretaro-provincia-ordenado-por-fechaonline-descendente.html-pagina-15.html
https://www.inmuebles24.com/propiedades/clasificado/veclcain-casa-en-el-mirador-con-recamara-en-planta-baja-150751221.html,2306000,"MN 2,306,000",MXN,venta,Casa,Fraccionamiento El Mirador,Querétaro,Querétaro,93.0,100.0,Publicado hace 5 días,2026-08-08T07:13:46Z,2026-08-14T02:43:09.645875+00:00,https://www.inmuebles24.com/casas-o-casa-en-condominio-o-departamentos-en-venta-en-queretaro-provincia-ordenado-por-fechaonline-descendente.html-pagina-15.html
https://www.inmuebles24.com/propiedades/clasificado/veclcain-casa-en-el-mirador-con-recamara-en-planta-baja-150752035.html,2306000,"MN 2,306,000",MXN,venta,Casa,Fraccionamiento El Mirador,Querétaro,Querétaro,93.0,100.0,Publicado hace 5 días,2026-08-08T16:39:47Z,2026-08-14T02:43:09.645875+00:00,https://www.inmuebles24.com/casas-o-casa-en-condominio-o-departamentos-en-venta-en-queretaro-provincia-ordenado-por-fechaonline-descendente.html-pagina-15.html
https://www.inmuebles24.com/propiedades/clasificado/veclcain-casa-en-tejeda-con-recamara-en-planta-baja-y-sala-de-150753533.html,3043000,"MN 3,043,000",MXN,venta,Casa,Residencial Tejeda,Corregidora,Querétaro,146.0,114.0,Publicado hace 5 días,2026-08-09T00:35:51Z,2026-08-14T02:43:09.645875+00:00,https://www.inmuebles24.com/casas-o-casa-en-condominio-o-departamentos-en-venta-en-queretaro-provincia-ordenado-por-fechaonline-descendente.html-pagina-15.html
https://www.inmuebles24.com/propiedades/clasificado/veclcain-casa-en-venta-el-refugio-torre-de-piedra-modelo-150746871.html,4500000,"MN 4,500,000",MXN,venta,Casa,Residencial El Refugio,Querétaro,Querétaro,187.0,126.0,Publicado hace 6 días,2026-08-07T21:19:07Z,2026-08-14T02:43:09.645875+00:00,https://www.inmuebles24.com/casas-o-casa-en-condominio-o-departamentos-en-venta-en-queretaro-provincia-ordenado-por-fechaonline-descendente.html-pagina-15.html
https://www.inmuebles24.com/propiedades/clasificado/veclcain-casa-en-venta-en-canadas-del-arroyo-i-4-recamaras-i-150293446.html,3790000,"MN 3,790,000",MXN,venta,Casa,Cañadas del Arroyo,Corregidora,Querétaro,19020.0,160.0,Publicado hace 6 días,2026-06-23T15:40:35Z,2026-08-14T02:43:09.645875+00:00,https://www.inmuebles24.com/casas-o-casa-en-condominio-o-departamentos-en-venta-en-queretaro-provincia-ordenado-por-fechaonline-descendente.html-pagina-15.html
https://www.inmuebles24.com/propiedades/clasificado/veclcain-casa-en-venta-en-fraccionamiento-con-amenidades-en-150753682.html,3590000,"MN 3,590,000",MXN,venta,Casa,Residencial Santa Fe,Corregidora,Querétaro,108.0,108.0,Publicado hace 5 días,2026-08-09T01:35:22Z,2026-08-14T02:43:09.645875+00:00,https://www.inmuebles24.com/casas-o-casa-en-condominio-o-departamentos-en-venta-en-queretaro-provincia-ordenado-por-fechaonline-descendente.html-pagina-15.html
https://www.inmuebles24.com/propiedades/clasificado/veclcain-casa-en-venta-en-juriquilla-queretaro-148311854.html,4899000,"MN 4,899,000",MXN,venta,Casa,Juriquilla,Querétaro,Querétaro,170.0,121.0,Publicado hace 5 días,2025-11-28T18:09:48Z,2026-08-14T02:43:09.645875+00:00,https://www.inmuebles24.com/casas-o-casa-en-condominio-o-departamentos-en-venta-en-queretaro-provincia-ordenado-por-fechaonline-descendente.html-pagina-15.html
https://www.inmuebles24.com/propiedades/clasificado/veclcain-casa-en-venta-en-los-heroes-150750748.html,800000,"MN 800,000",MXN,venta,Casa,Los Héroes,El Marqués,Querétaro,40.0,54.0,Publicado hace 5 días,2026-08-08T06:06:12Z,2026-08-14T02:43:09.645875+00:00,https://www.inmuebles24.com/casas-o-casa-en-condominio-o-departamentos-en-venta-en-queretaro-provincia-ordenado-por-fechaonline-descendente.html-pagina-15.html
https://www.inmuebles24.com/propiedades/clasificado/veclcain-casa-en-venta-en-milenio-iii-150750826.html,4370000,"MN 4,370,000",MXN,venta,Casa,Milenio III,Querétaro,Querétaro,223.0,194.0,Publicado hace 5 días,2026-08-08T06:14:50Z,2026-08-14T02:43:09.645875+00:00,https://www.inmuebles24.com/casas-o-casa-en-condominio-o-departamentos-en-venta-en-queretaro-provincia-ordenado-por-fechaonline-descendente.html-pagina-15.html
https://www.inmuebles24.com/propiedades/clasificado/veclcain-casa-en-venta-en-santa-monica-queretaro-150750275.html,3200000,"MN 3,200,000",MXN,venta,Casa,Fraccionamiento Santa Mónica,Querétaro,Querétaro,223.0,142.0,Publicado hace 6 días,2026-08-08T02:52:12Z,2026-08-14T02:44:52.764287+00:00,https://www.inmuebles24.com/casas-o-casa-en-condominio-o-departamentos-en-venta-en-queretaro-provincia-ordenado-por-fechaonline-descendente.html-pagina-15.html
https://www.inmuebles24.com/propiedades/clasificado/veclcain-casa-en-venta-en-valle-de-juriquilla-3-recamaras-y-150746119.html,3599000,"MN 3,599,000",MXN,venta,Casa,Valle de Juriquilla,Querétaro,Querétaro,165.0,128.0,Publicado hace 6 días,2026-08-07T20:25:06Z,2026-08-14T02:44:52.764287+00:00,https://www.inmuebles24.com/casas-o-casa-en-condominio-o-departamentos-en-venta-en-queretaro-provincia-ordenado-por-fechaonline-descendente.html-pagina-15.html
https://www.inmuebles24.com/propiedades/clasificado/veclcain-casa-en-venta-en-viu-panorama-estudio-en-pb-jardin-150752084.html,4230000,"MN 4,230,000",MXN,venta,Casa,Viu Panorama,El Marqués,Querétaro,160.0,170.0,Publicado hace 5 días,2026-08-08T16:50:22Z,2026-08-14T02:44:52.764287+00:00,https://www.inmuebles24.com/casas-o-casa-en-condominio-o-departamentos-en-venta-en-queretaro-provincia-ordenado-por-fechaonline-descendente.html-pagina-15.html
https://www.inmuebles24.com/propiedades/clasificado/veclcain-casa-en-venta-frente-al-tec-de-monterrey-queretaro-150753073.html,3450000,"MN 3,450,000",MXN,venta,Casa,Los Girasoles,Querétaro,Querétaro,180.0,150.0,Publicado hace 5 días,2026-08-08T21:24:13Z,2026-08-14T02:44:52.764287+00:00,https://www.inmuebles24.com/casas-o-casa-en-condominio-o-departamentos-en-venta-en-queretaro-provincia-ordenado-por-fechaonline-descendente.html-pagina-15.html
https://www.inmuebles24.com/propiedades/clasificado/veclcain-departamento-entre-el-refugio-y-zibata-roof-garden-3-150753227.html,3175000,"MN 3,175,000",MXN,venta,Casa,Zibatá,El Marqués,Querétaro,141.0,141.0,Publicado hace 5 días,2026-08-08T22:31:43Z,2026-08-14T02:44:52.764287+00:00,https://www.inmuebles24.com/casas-o-casa-en-condominio-o-departamentos-en-venta-en-queretaro-provincia-ordenado-por-fechaonline-descendente.html-pagina-15.html
https://www.inmuebles24.com/propiedades/clasificado/veclcain-venta-de-casa-en-el-mirador-queretaro-150746594.html,2650000,"MN 2,650,000",MXN,venta,Casa,Fraccionamiento El Mirador,El Marqués,Querétaro,144.0,134.0,Publicado hace 6 días,2026-08-07T20:49:50Z,2026-08-14T02:44:52.764287+00:00,https://www.inmuebles24.com/casas-o-casa-en-condominio-o-departamentos-en-venta-en-queretaro-provincia-ordenado-por-fechaonline-descendente.html-pagina-15.html
https://www.inmuebles24.com/propiedades/clasificado/veclcain-venta-de-casa-en-lomas-150745921.html,8500000,"MN 8,500,000",MXN,venta,Casa,Lomas de Juriquilla,Querétaro,Querétaro,540.0,325.0,Publicado hace 6 días,2026-08-07T20:15:26Z,2026-08-14T02:44:52.764287+00:00,https://www.inmuebles24.com/casas-o-casa-en-condominio-o-departamentos-en-venta-en-queretaro-provincia-ordenado-por-fechaonline-descendente.html-pagina-15.html
https://www.inmuebles24.com/propiedades/clasificado/veclcapa-excelente-oportunidad-de-inversion-150752856.html,2550000,"MN 2,550,000",MXN,venta,Casa,Fraccionamiento Zizana,El Marqués,Querétaro,100.0,102.0,Publicado hace 5 días,2026-08-08T20:09:49Z,2026-08-14T02:44:52.764287+00:00,https://www.inmuebles24.com/casas-o-casa-en-condominio-o-departamentos-en-venta-en-queretaro-provincia-ordenado-por-fechaonline-descendente.html-pagina-15.html
https://www.inmuebles24.com/propiedades/clasificado/veclccin-casa-en-venta-en-zakia-con-jardin-excedente-150753103.html,3700000,"MN 3,700,000",MXN,venta,Casa en condominio,Zákia,El Marqués,Querétaro,135.0,210.0,Publicado hace 5 días,2026-08-08T21:38:04Z,2026-08-14T02:44:52.764287+00:00,https://www.inmuebles24.com/casas-o-casa-en-condominio-o-departamentos-en-venta-en-queretaro-provincia-ordenado-por-fechaonline-descendente.html-pagina-15.html
https://www.inmuebles24.com/propiedades/clasificado/veclapin-cumbres-del-lago-loft-en-venta-cocina-equipada-y-150747423.html,3394880,"MN 3,394,880",MXN,venta,Apartamento,Juriquilla,Querétaro,Querétaro,100.0,100.0,Publicado hace 6 días,2026-08-07T21:51:56Z,2026-08-14T02:44:52.764287+00:00,https://www.inmuebles24.com/casas-o-casa-en-condominio-o-departamentos-en-venta-en-queretaro-provincia-ordenado-por-fechaonline-descendente.html-pagina-16.html
https://www.inmuebles24.com/propiedades/clasificado/veclapin-departamento-en-pb-con-patio-en-venta-150749370.html,1930000,"MN 1,930,000",MXN,venta,Apartamento,San Pedrito Peñuelas,Querétaro,Querétaro,99.0,99.0,Publicado hace 6 días,2026-08-08T01:08:43Z,2026-08-14T02:46:41.745425+00:00,https://www.inmuebles24.com/casas-o-casa-en-condominio-o-departamentos-en-venta-en-queretaro-provincia-ordenado-por-fechaonline-descendente.html-pagina-16.html
https://www.inmuebles24.com/propiedades/clasificado/veclapin-departamento-en-planta-baja-en-venta-en-juriquilla-150749498.html,2850000,"MN 2,850,000",MXN,venta,Apartamento,Juriquilla,Querétaro,Querétaro,100.0,100.0,Publicado hace 6 días,2026-08-08T01:44:17Z,2026-08-14T02:46:41.745425+00:00,https://www.inmuebles24.com/casas-o-casa-en-condominio-o-departamentos-en-venta-en-queretaro-provincia-ordenado-por-fechaonline-descendente.html-pagina-16.html
https://www.inmuebles24.com/propiedades/clasificado/veclapin-departamento-en-venta-en-milenio-3-recamaras-y-2-150747072.html,2735000,"MN 2,735,000",MXN,venta,Apartamento,Milenio III,Querétaro,Querétaro,109.0,109.0,Publicado hace 6 días,2026-08-07T21:37:27Z,2026-08-14T02:46:41.745425+00:00,https://www.inmuebles24.com/casas-o-casa-en-condominio-o-departamentos-en-venta-en-queretaro-provincia-ordenado-por-fechaonline-descendente.html-pagina-16.html
https://www.inmuebles24.com/propiedades/clasificado/veclapin-departamento-en-venta-en-zibata-con-vista-al-campo-de-150747650.html,4350000,"MN 4,350,000",MXN,venta,Apartamento,Zibatá,El Marqués,Querétaro,90.0,90.0,Publicado hace 6 días,2026-08-07T22:00:58Z,2026-08-14T02:46:41.745425+00:00,https://www.inmuebles24.com/casas-o-casa-en-condominio-o-departamentos-en-venta-en-queretaro-provincia-ordenado-por-fechaonline-descendente.html-pagina-16.html
https://www.inmuebles24.com/propiedades/clasificado/veclapin-departamento-en-venta-handiko-juriquilla-qro.-150745488.html,4800000,"MN 4,800,000",MXN,venta,Apartamento,Jurica,Querétaro,Querétaro,127.0,127.0,Publicado hace 6 días,2026-08-07T19:36Z,2026-08-14T02:46:41.745425+00:00,https://www.inmuebles24.com/casas-o-casa-en-condominio-o-departamentos-en-venta-en-queretaro-provincia-ordenado-por-fechaonline-descendente.html-pagina-16.html
https://www.inmuebles24.com/propiedades/clasificado/veclapin-departamento-en-venta-la-ceiba-bosque-urbano-zona-150744478.html,5300000,"MN 5,300,000",MXN,venta,Apartamento,La Purísima,Querétaro,Querétaro,132.0,132.0,Publicado hace 6 días,2026-08-07T18:17:02Z,2026-08-14T02:46:41.745425+00:00,https://www.inmuebles24.com/casas-o-casa-en-condominio-o-departamentos-en-venta-en-queretaro-provincia-ordenado-por-fechaonline-descendente.html-pagina-16.html
https://www.inmuebles24.com/propiedades/clasificado/veclapin-departamento-venta-en-zibata-150744432.html,3200000,"MN 3,200,000",MXN,venta,Apartamento,Zibatá,El Marqués,Querétaro,98.0,98.0,Publicado hace 6 días,2026-08-07T18:14Z,2026-08-14T02:46:41.745425+00:00,https://www.inmuebles24.com/casas-o-casa-en-condominio-o-departamentos-en-venta-en-queretaro-provincia-ordenado-por-fechaonline-descendente.html-pagina-16.html
https://www.inmuebles24.com/propiedades/clasificado/veclapin-renta-venta-loft-amueblado-cerca-de-bernardo-150744277.html,3100000,"MN 3,100,000",MXN,venta,Apartamento,Balcones Coloniales,Querétaro,Querétaro,72.0,72.0,Publicado hace 6 días,2026-08-07T18:01:18Z,2026-08-14T02:46:41.745425+00:00,https://www.inmuebles24.com/casas-o-casa-en-condominio-o-departamentos-en-venta-en-queretaro-provincia-ordenado-por-fechaonline-descendente.html-pagina-16.html
https://www.inmuebles24.com/propiedades/clasificado/veclapin-venta-milenio-iii-departamento-con-terraza-y-vista-150745537.html,3800000,"MN 3,800,000",MXN,venta,Apartamento,Milenio III,Querétaro,Querétaro,127.0,127.0,Publicado hace 6 días,2026-08-07T19:41:53Z,2026-08-14T02:46:41.745425+00:00,https://www.inmuebles24.com/casas-o-casa-en-condominio-o-departamentos-en-venta-en-queretaro-provincia-ordenado-por-fechaonline-descendente.html-pagina-16.html
https://www.inmuebles24.com/propiedades/clasificado/veclcain-casa-de-4-recamaras-c-u-con-bano-cuarto-de-servicio-150745570.html,5000000,"MN 5,000,000",MXN,venta,Casa,Juriquilla La Condesa,Querétaro,Querétaro,284.0,189.0,Publicado hace 6 días,2026-08-07T19:45:38Z,2026-08-14T02:46:41.745425+00:00,https://www.inmuebles24.com/casas-o-casa-en-condominio-o-departamentos-en-venta-en-queretaro-provincia-ordenado-por-fechaonline-descendente.html-pagina-16.html
https://www.inmuebles24.com/propiedades/clasificado/veclcain-casa-en-fraccionamiento-residencial-el-refugio-150745963.html,3750000,"MN 3,750,000",MXN,venta,Casa,Residencial El Refugio,Querétaro,Querétaro,160.0,150.0,Publicado hace 6 días,2026-08-07T20:15:29Z,2026-08-14T02:49:32.713440+00:00,https://www.inmuebles24.com/casas-o-casa-en-condominio-o-departamentos-en-venta-en-queretaro-provincia-ordenado-por-fechaonline-descendente.html-pagina-16.html
https://www.inmuebles24.com/propiedades/clasificado/veclcain-casa-en-venta-condesa-juriquilla-150745971.html,6290000,"MN 6,290,000",MXN,venta,Casa,Juriquilla,Querétaro,Querétaro,260.0,266.0,Publicado hace 6 días,2026-08-07T20:15:30Z,2026-08-14T02:49:32.713440+00:00,https://www.inmuebles24.com/casas-o-casa-en-condominio-o-departamentos-en-venta-en-queretaro-provincia-ordenado-por-fechaonline-descendente.html-pagina-16.html
https://www.inmuebles24.com/propiedades/clasificado/veclcain-casa-en-venta-en-con-vista-a-la-canada-en-la-vista-150740432.html,7900000,"MN 7,900,000",MXN,venta,Casa,La Vista Residencial,Querétaro,Querétaro,314.0,259.0,Publicado hace 6 días,2026-08-07T04:47:36Z,2026-08-14T02:49:32.713440+00:00,https://www.inmuebles24.com/casas-o-casa-en-condominio-o-departamentos-en-venta-en-queretaro-provincia-ordenado-por-fechaonline-descendente.html-pagina-16.html
https://www.inmuebles24.com/propiedades/clasificado/veclcain-casa-en-venta-en-el-campanario-150745358.html,17900000,"MN 17,900,000",MXN,venta,Casa,El Campanario,Querétaro,Querétaro,454.0,700.0,Publicado hace 6 días,2026-08-07T19:22:11Z,2026-08-14T02:49:32.713440+00:00,https://www.inmuebles24.com/casas-o-casa-en-condominio-o-departamentos-en-venta-en-queretaro-provincia-ordenado-por-fechaonline-descendente.html-pagina-16.html
https://www.inmuebles24.com/propiedades/clasificado/veclcain-casa-en-venta-en-la-vista-residencial-mision-de-150740479.html,4490000,"MN 4,490,000",MXN,venta,Casa,La Vista Residencial,Querétaro,Querétaro,221.0,221.0,Publicado hace 6 días,2026-08-07T05:01:28Z,2026-08-14T02:49:32.713440+00:00,https://www.inmuebles24.com/casas-o-casa-en-condominio-o-departamentos-en-venta-en-queretaro-provincia-ordenado-por-fechaonline-descendente.html-pagina-16.html
https://www.inmuebles24.com/propiedades/clasificado/veclcain-casa-en-venta-en-vista-azul-los-olvera-corregidora-150743607.html,2800000,"MN 2,800,000",MXN,venta,Casa,Los Olvera,Corregidora,Querétaro,140.0,119.0,Publicado hace 6 días,2026-08-07T17:07:03Z,2026-08-14T02:49:32.713440+00:00,https://www.inmuebles24.com/casas-o-casa-en-condominio-o-departamentos-en-venta-en-queretaro-provincia-ordenado-por-fechaonline-descendente.html-pagina-16.html
https://www.inmuebles24.com/propiedades/clasificado/veclcain-casa-en-venta-en-zibata-preventa-150740529.html,6890000,"MN 6,890,000",MXN,venta,Casa,Zibatá,El Marqués,Querétaro,254.0,255.0,Publicado hace 6 días,2026-08-07T05:16Z,2026-08-14T02:49:32.713440+00:00,https://www.inmuebles24.com/casas-o-casa-en-condominio-o-departamentos-en-venta-en-queretaro-provincia-ordenado-por-fechaonline-descendente.html-pagina-16.html
https://www.inmuebles24.com/propiedades/clasificado/veclcain-casa-en-zibata-en-venta-espcios-para-todos-150743841.html,5039900,"MN 5,039,900",MXN,venta,Casa,Zibatá,El Marqués,Querétaro,192.0,150.0,Publicado hace 6 días,2026-08-07T17:28:23Z,2026-08-14T02:49:32.713440+00:00,https://www.inmuebles24.com/casas-o-casa-en-condominio-o-departamentos-en-venta-en-queretaro-provincia-ordenado-por-fechaonline-descendente.html-pagina-16.html
https://www.inmuebles24.com/propiedades/clasificado/veclcain-casa-nueva-con-2-estancias-3-recamaras-y-2.5-banos-en-150748264.html,3655000,"MN 3,655,000",MXN,venta,Casa,Zákia,El Marqués,Querétaro,143.0,126.0,Publicado hace 6 días,2026-08-07T23:07:02Z,2026-08-14T02:49:32.713440+00:00,https://www.inmuebles24.com/casas-o-casa-en-condominio-o-departamentos-en-venta-en-queretaro-provincia-ordenado-por-fechaonline-descendente.html-pagina-16.html
https://www.inmuebles24.com/propiedades/clasificado/veclcain-casa-venta-lomas-del-campanario-norte-valles-150743943.html,10590000,"MN 10,590,000",MXN,venta,Casa,Lomas del Campanario I,Querétaro,Querétaro,324.0,220.0,Publicado hace 6 días,2026-08-07T17:36:15Z,2026-08-14T02:49:32.713440+00:00,https://www.inmuebles24.com/casas-o-casa-en-condominio-o-departamentos-en-venta-en-queretaro-provincia-ordenado-por-fechaonline-descendente.html-pagina-16.html
https://www.inmuebles24.com/propiedades/clasificado/veclcain-estrena-casa-en-rodanta-diseno-moderno-y-gran-150742753.html,4100000,"MN 4,100,000",MXN,venta,Casa,Rodanta,El Marqués,Querétaro,210.0,152.0,Publicado hace 6 días,2026-08-07T15:48:58Z,2026-08-14T02:51:38.551895+00:00,https://www.inmuebles24.com/casas-o-casa-en-condominio-o-departamentos-en-venta-en-queretaro-provincia-ordenado-por-fechaonline-descendente.html-pagina-16.html
https://www.inmuebles24.com/propiedades/clasificado/veclcain-venta-de-casa-en-altozano-nuevo-queretaro-150745918.html,17240000,"MN 17,240,000",MXN,venta,Casa,Altozano el Nuevo Querétaro,Querétaro,Querétaro,480.0,480.0,Publicado hace 6 días,2026-08-07T20:15:26Z,2026-08-14T02:51:38.551895+00:00,https://www.inmuebles24.com/casas-o-casa-en-condominio-o-departamentos-en-venta-en-queretaro-provincia-ordenado-por-fechaonline-descendente.html-pagina-16.html
https://www.inmuebles24.com/propiedades/clasificado/veclccin-casa-en-venta-en-fraccionamiento-valles-cerca-de-150742754.html,8600000,"MN 8,600,000",MXN,venta,Casa en condominio,Lomas del Campanario I,Querétaro,Querétaro,283.0,236.0,Publicado hace 6 días,2026-08-07T15:49:16Z,2026-08-14T02:51:38.551895+00:00,https://www.inmuebles24.com/casas-o-casa-en-condominio-o-departamentos-en-venta-en-queretaro-provincia-ordenado-por-fechaonline-descendente.html-pagina-16.html
https://www.inmuebles24.com/propiedades/clasificado/veclccin-casa-en-venta-en-zaru-el-marques-con-3-150747001.html,4350000,"MN 4,350,000",MXN,venta,Casa en condominio,Fraccionamiento Zarú,El Marqués,Querétaro,169.0,163.0,Publicado hace 6 días,2026-08-07T21:30:54Z,2026-08-14T02:51:38.551895+00:00,https://www.inmuebles24.com/casas-o-casa-en-condominio-o-departamentos-en-venta-en-queretaro-provincia-ordenado-por-fechaonline-descendente.html-pagina-16.html
https://www.inmuebles24.com/propiedades/clasificado/veclccin-casa-en-venta-lagos-lomas-del-campanario-norte-150748325.html,17650000,"MN 17,650,000",MXN,venta,Casa en condominio,Lomas del Campanario I,Querétaro,Querétaro,391.0,320.0,Publicado hace 6 días,2026-08-07T23:13:13Z,2026-08-14T02:51:38.551895+00:00,https://www.inmuebles24.com/casas-o-casa-en-condominio-o-departamentos-en-venta-en-queretaro-provincia-ordenado-por-fechaonline-descendente.html-pagina-16.html
https://www.inmuebles24.com/propiedades/clasificado/veclccin-casa-en-venta-pena-de-bernal-queretaro-de-autor-con-150748591.html,7784640,"MN 7,784,640",MXN,venta,Casa en condominio,Bernal,Ezequiel Montes,Querétaro,186.0,1162.0,Publicado hace 6 días,2026-08-07T23:49:28Z,2026-08-14T02:51:38.551895+00:00,https://www.inmuebles24.com/casas-o-casa-en-condominio-o-departamentos-en-venta-en-queretaro-provincia-ordenado-por-fechaonline-descendente.html-pagina-16.html
https://www.inmuebles24.com/propiedades/clasificado/veclccin-casa-venta-centrica-increible-vista-amplia-privada-150745665.html,6500000,"MN 6,500,000",MXN,venta,Casa en condominio,Milenio III,Querétaro,Querétaro,301.0,211.0,Publicado hace 6 días,2026-08-07T19:53:57Z,2026-08-14T02:51:38.551895+00:00,https://www.inmuebles24.com/casas-o-casa-en-condominio-o-departamentos-en-venta-en-queretaro-provincia-ordenado-por-fechaonline-descendente.html-pagina-16.html
https://www.inmuebles24.com/propiedades/clasificado/veclccin-casa-venta-privada-blank-haus-milenio-iii-queretaro-150747784.html,5900000,"MN 5,900,000",MXN,venta,Casa en condominio,Milenio III,Querétaro,Querétaro,260.0,240.0,Publicado hace 6 días,2026-08-07T22:16:26Z,2026-08-14T02:51:38.551895+00:00,https://www.inmuebles24.com/casas-o-casa-en-condominio-o-departamentos-en-venta-en-queretaro-provincia-ordenado-por-fechaonline-descendente.html-pagina-16.html
https://www.inmuebles24.com/propiedades/clasificado/veclccin-venta-casa-vista-esmeralda-150749097.html,6190000,"MN 6,190,000",MXN,venta,Casa en condominio,Colinas del Bosque II,Corregidora,Querétaro,241.0,600.0,Publicado hace 6 días,2026-08-08T00:25:43Z,2026-08-14T02:51:38.551895+00:00,https://www.inmuebles24.com/casas-o-casa-en-condominio-o-departamentos-en-venta-en-queretaro-provincia-ordenado-por-fechaonline-descendente.html-pagina-16.html
https://www.inmuebles24.com/propiedades/clasificado/veclapin-departamento-en-renta-y-venta-en-agatha-juriquilla-150745001.html,3150000,"MN 3,150,000",MXN,venta,Apartamento,Juriquilla,Querétaro,Querétaro,60.0,60.0,Publicado hace 6 días,2026-08-07T19:04:30Z,2026-08-14T02:51:38.551895+00:00,https://www.inmuebles24.com/casas-o-casa-en-condominio-o-departamentos-en-venta-en-queretaro-provincia-ordenado-por-fechaonline-descendente.html-pagina-17.html
https://www.inmuebles24.com/propiedades/clasificado/veclapin-departamento-en-venta-en-el-refugio-189-m-sup2--3-150746619.html,3950000,"MN 3,950,000",MXN,venta,Apartamento,Residencial El Refugio,Querétaro,Querétaro,189.0,189.0,Publicado hace 6 días,2026-08-07T20:51:06Z,2026-08-14T02:53:27.393064+00:00,https://www.inmuebles24.com/casas-o-casa-en-condominio-o-departamentos-en-venta-en-queretaro-provincia-ordenado-por-fechaonline-descendente.html-pagina-17.html
https://www.inmuebles24.com/propiedades/clasificado/veclapin-departamento-en-venta-en-zakia-zaniah-2-hab-frente-150746500.html,2000000,"MN 2,000,000",MXN,venta,Apartamento,Zákia,El Marqués,Querétaro,82.0,82.0,Publicado hace 6 días,2026-08-07T20:44:28Z,2026-08-14T02:53:27.393064+00:00,https://www.inmuebles24.com/casas-o-casa-en-condominio-o-departamentos-en-venta-en-queretaro-provincia-ordenado-por-fechaonline-descendente.html-pagina-17.html
https://www.inmuebles24.com/propiedades/clasificado/veclapin-el-marques-departamento-en-venta-excelente-150747688.html,1778000,"MN 1,778,000",MXN,venta,Apartamento,,El Marqués,Querétaro,65.0,65.0,Publicado hace 6 días,2026-08-07T22:05:54Z,2026-08-14T02:53:27.393064+00:00,https://www.inmuebles24.com/casas-o-casa-en-condominio-o-departamentos-en-venta-en-queretaro-provincia-ordenado-por-fechaonline-descendente.html-pagina-17.html
https://www.inmuebles24.com/propiedades/clasificado/veclapin-renta-de-departamento-en-juriquilla-towers-150745907.html,4500000,"MN 4,500,000",MXN,venta,Apartamento,Juriquilla Santa Fe,Querétaro,Querétaro,130.0,130.0,Publicado hace 6 días,2026-08-07T20:15:25Z,2026-08-14T02:53:27.393064+00:00,https://www.inmuebles24.com/casas-o-casa-en-condominio-o-departamentos-en-venta-en-queretaro-provincia-ordenado-por-fechaonline-descendente.html-pagina-17.html
https://www.inmuebles24.com/propiedades/clasificado/veclapin-venta-de-departamento-en-cumbres-del-lago-150745913.html,6070875,"MN 6,070,875",MXN,venta,Apartamento,Fraccionamiento Cumbres del Lago,Querétaro,Querétaro,142.0,142.0,Publicado hace 6 días,2026-08-07T20:15:26Z,2026-08-14T02:53:27.393064+00:00,https://www.inmuebles24.com/casas-o-casa-en-condominio-o-departamentos-en-venta-en-queretaro-provincia-ordenado-por-fechaonline-descendente.html-pagina-17.html
https://www.inmuebles24.com/propiedades/clasificado/veclapin-venta-departamento-parques-zibata-150745962.html,5792725,"MN 5,792,725",MXN,venta,Apartamento,Zibatá,El Marqués,Querétaro,166.0,166.0,Publicado hace 6 días,2026-08-07T20:15:29Z,2026-08-14T02:53:27.393064+00:00,https://www.inmuebles24.com/casas-o-casa-en-condominio-o-departamentos-en-venta-en-queretaro-provincia-ordenado-por-fechaonline-descendente.html-pagina-17.html
https://www.inmuebles24.com/propiedades/clasificado/veclapin-venta-departamento-tipo-duplex-corregidora-3-recamaras-150742407.html,2600000,"MN 2,600,000",MXN,venta,Apartamento,,Corregidora,Querétaro,107.0,107.0,Publicado hace 6 días,2026-08-07T14:46:19Z,2026-08-14T02:53:27.393064+00:00,https://www.inmuebles24.com/casas-o-casa-en-condominio-o-departamentos-en-venta-en-queretaro-provincia-ordenado-por-fechaonline-descendente.html-pagina-17.html
https://www.inmuebles24.com/propiedades/clasificado/veclapin-venta-real-solare-departamento-de-2-recamara-1-bano-1-150750190.html,1100000,"MN 1,100,000",MXN,venta,Apartamento,,El Marqués,Querétaro,56.0,56.0,Publicado hace 6 días,2026-08-08T02:47:02Z,2026-08-14T02:53:27.393064+00:00,https://www.inmuebles24.com/casas-o-casa-en-condominio-o-departamentos-en-venta-en-queretaro-provincia-ordenado-por-fechaonline-descendente.html-pagina-17.html
https://www.inmuebles24.com/propiedades/clasificado/veclapin-zibata-departamento-en-venta-66-m-sup2--y-amenidades-150746186.html,2275000,"MN 2,275,000",MXN,venta,Apartamento,Zibatá,El Marqués,Querétaro,66.0,66.0,Publicado hace 6 días,2026-08-07T20:30:46Z,2026-08-14T02:53:27.393064+00:00,https://www.inmuebles24.com/casas-o-casa-en-condominio-o-departamentos-en-venta-en-queretaro-provincia-ordenado-por-fechaonline-descendente.html-pagina-17.html
https://www.inmuebles24.com/propiedades/clasificado/veclcain-casa-de-autor-en-zibata-ceiba-cerca-de-la-anahuac-150740570.html,7990000,"MN 7,990,000",MXN,venta,Casa,Zibatá,El Marqués,Querétaro,405.0,185.0,Publicado hace 6 días,2026-08-07T05:38:59Z,2026-08-14T02:53:27.393064+00:00,https://www.inmuebles24.com/casas-o-casa-en-condominio-o-departamentos-en-venta-en-queretaro-provincia-ordenado-por-fechaonline-descendente.html-pagina-17.html
https://www.inmuebles24.com/propiedades/clasificado/veclcain-casa-en-altozano-el-nuevo-queretaro-150745984.html,13990000,"MN 13,990,000",MXN,venta,Casa,Altozano el Nuevo Querétaro,Querétaro,Querétaro,360.0,294.0,Publicado hace 6 días,2026-08-07T20:15:32Z,2026-08-14T02:55:13.598041+00:00,https://www.inmuebles24.com/casas-o-casa-en-condominio-o-departamentos-en-venta-en-queretaro-provincia-ordenado-por-fechaonline-descendente.html-pagina-17.html
https://www.inmuebles24.com/propiedades/clasificado/veclcain-casa-en-preventa-en-urban-corridor-3-recamaras-y-150745637.html,3400000,"MN 3,400,000",MXN,venta,Casa,Fraccionamiento Zarú,El Marqués,Querétaro,108.0,107.0,Publicado hace 6 días,2026-08-07T19:51:36Z,2026-08-14T02:55:13.598041+00:00,https://www.inmuebles24.com/casas-o-casa-en-condominio-o-departamentos-en-venta-en-queretaro-provincia-ordenado-por-fechaonline-descendente.html-pagina-17.html
https://www.inmuebles24.com/propiedades/clasificado/veclcain-casa-en-venta-de-3-niveles-sobre-el-fray-junipero-150741658.html,5500000,"MN 5,500,000",MXN,venta,Casa,La Sierra Residencial,Querétaro,Querétaro,210.0,252.0,Publicado hace 6 días,2026-08-07T06:41:37Z,2026-08-14T02:55:13.598041+00:00,https://www.inmuebles24.com/casas-o-casa-en-condominio-o-departamentos-en-venta-en-queretaro-provincia-ordenado-por-fechaonline-descendente.html-pagina-17.html
https://www.inmuebles24.com/propiedades/clasificado/veclcain-casa-en-venta-en-el-refugio-4-recamaras-terreno-150746557.html,2900000,"MN 2,900,000",MXN,venta,Casa,Residencial El Refugio,Querétaro,Querétaro,133.0,152.0,Publicado hace 6 días,2026-08-07T20:48:08Z,2026-08-14T02:55:13.598041+00:00,https://www.inmuebles24.com/casas-o-casa-en-condominio-o-departamentos-en-venta-en-queretaro-provincia-ordenado-por-fechaonline-descendente.html-pagina-17.html
https://www.inmuebles24.com/propiedades/clasificado/veclcain-casa-en-venta-en-zakia-queretaro-173-m-sup2--3-150746279.html,3495000,"MN 3,495,000",MXN,venta,Casa,,El Marqués,Querétaro,173.0,145.0,Publicado hace 6 días,2026-08-07T20:37:08Z,2026-08-14T02:55:13.598041+00:00,https://www.inmuebles24.com/casas-o-casa-en-condominio-o-departamentos-en-venta-en-queretaro-provincia-ordenado-por-fechaonline-descendente.html-pagina-17.html
https://www.inmuebles24.com/propiedades/clasificado/veclcain-casa-en-venta-en-zibata-3-recamaras-3-banos-amplio-150749984.html,3800000,"MN 3,800,000",MXN,venta,Casa,Zibatá,El Marqués,Querétaro,164.0,152.0,Publicado hace 6 días,2026-08-08T02:44:11Z,2026-08-14T02:55:13.598041+00:00,https://www.inmuebles24.com/casas-o-casa-en-condominio-o-departamentos-en-venta-en-queretaro-provincia-ordenado-por-fechaonline-descendente.html-pagina-17.html
https://www.inmuebles24.com/propiedades/clasificado/veclcain-casa-nueva-seccion-palermo-club-de-golf-balvanera-polo-150748003.html,10000000,"MN 10,000,000",MXN,venta,Casa,Club de golf Balvanera Polo y Country Club,Corregidora,Querétaro,378.0,443.0,Publicado hace 6 días,2026-08-07T22:39:12Z,2026-08-14T02:55:13.598041+00:00,https://www.inmuebles24.com/casas-o-casa-en-condominio-o-departamentos-en-venta-en-queretaro-provincia-ordenado-por-fechaonline-descendente.html-pagina-17.html
https://www.inmuebles24.com/propiedades/clasificado/veclcain-el-mirador-casa-de-arquitecto-en-venta-4-recamaras-y-150747618.html,3950000,"MN 3,950,000",MXN,venta,Casa,Fraccionamiento El Mirador,El Marqués,Querétaro,178.0,138.0,Publicado hace 6 días,2026-08-07T21:56:42Z,2026-08-14T02:55:13.598041+00:00,https://www.inmuebles24.com/casas-o-casa-en-condominio-o-departamentos-en-venta-en-queretaro-provincia-ordenado-por-fechaonline-descendente.html-pagina-17.html
https://www.inmuebles24.com/propiedades/clasificado/veclcain-el-mirador-casa-en-venta-cerca-de-universidades-y-150745681.html,2450000,"MN 2,450,000",MXN,venta,Casa,,El Marqués,Querétaro,109.0,100.0,Publicado hace 6 días,2026-08-07T19:54:50Z,2026-08-14T02:55:13.598041+00:00,https://www.inmuebles24.com/casas-o-casa-en-condominio-o-departamentos-en-venta-en-queretaro-provincia-ordenado-por-fechaonline-descendente.html-pagina-17.html
https://www.inmuebles24.com/propiedades/clasificado/veclcain-el-mirador-vendo-moderna-casa-de-diseno-4-recamaras-3-150744615.html,3950000,"MN 3,950,000",MXN,venta,Casa,Fraccionamiento El Mirador,El Marqués,Querétaro,178.0,138.0,Publicado hace 6 días,2026-08-07T18:29:58Z,2026-08-14T02:55:13.598041+00:00,https://www.inmuebles24.com/casas-o-casa-en-condominio-o-departamentos-en-venta-en-queretaro-provincia-ordenado-por-fechaonline-descendente.html-pagina-17.html
https://www.inmuebles24.com/propiedades/clasificado/veclcain-hermosa-casa-alta-plusvalia-queretaro-150743514.html,610000,"MN 610,000",MXN,venta,Casa,Tejeda,Corregidora,Querétaro,310.0,380.0,Publicado hace 6 días,2026-08-07T16:57:33Z,2026-08-14T02:57:08.882927+00:00,https://www.inmuebles24.com/casas-o-casa-en-condominio-o-departamentos-en-venta-en-queretaro-provincia-ordenado-por-fechaonline-descendente.html-pagina-17.html
https://www.inmuebles24.com/propiedades/clasificado/veclcain-venta-casa-en-el-mirador-dentro-de-privada-3-recamaras-150742616.html,3500000,"MN 3,500,000",MXN,venta,Casa,Fraccionamiento El Mirador,El Marqués,Querétaro,158.0,114.0,Publicado hace 6 días,2026-08-07T15:30:42Z,2026-08-14T02:57:08.882927+00:00,https://www.inmuebles24.com/casas-o-casa-en-condominio-o-departamentos-en-venta-en-queretaro-provincia-ordenado-por-fechaonline-descendente.html-pagina-17.html
https://www.inmuebles24.com/propiedades/clasificado/veclcain-venta-de-casa-en-candiles-mision-san-carlos-150747599.html,2250000,"MN 2,250,000",MXN,venta,Casa,Fraccionamiento Misión Candiles,Corregidora,Querétaro,90.0,68.0,Publicado hace 6 días,2026-08-07T21:54:27Z,2026-08-14T02:57:08.882927+00:00,https://www.inmuebles24.com/casas-o-casa-en-condominio-o-departamentos-en-venta-en-queretaro-provincia-ordenado-por-fechaonline-descendente.html-pagina-17.html
https://www.inmuebles24.com/propiedades/clasificado/veclcain-venta-de-casa-en-cumbres-del-lago-150745910.html,10300000,"MN 10,300,000",MXN,venta,Casa,Fraccionamiento Cumbres del Lago,Querétaro,Querétaro,392.0,320.0,Publicado hace 6 días,2026-08-07T20:15:25Z,2026-08-14T02:57:08.882927+00:00,https://www.inmuebles24.com/casas-o-casa-en-condominio-o-departamentos-en-venta-en-queretaro-provincia-ordenado-por-fechaonline-descendente.html-pagina-17.html
https://www.inmuebles24.com/propiedades/clasificado/veclcain-venta-de-casa-en-fray-junipero-serra-150745927.html,6109000,"MN 6,109,000",MXN,venta,Casa,Fray Junípero Serra,Querétaro,Querétaro,235.0,160.0,Publicado hace 6 días,2026-08-07T20:15:27Z,2026-08-14T02:57:08.882927+00:00,https://www.inmuebles24.com/casas-o-casa-en-condominio-o-departamentos-en-venta-en-queretaro-provincia-ordenado-por-fechaonline-descendente.html-pagina-17.html
https://www.inmuebles24.com/propiedades/clasificado/veclccin-casa-en-venta-en-el-campanario-con-vista-al-campo-de-150747004.html,23000000,"MN 23,000,000",MXN,venta,Casa en condominio,El Campanario,Querétaro,Querétaro,360.0,1200.0,Publicado hace 6 días,2026-08-07T21:31:11Z,2026-08-14T02:57:08.882927+00:00,https://www.inmuebles24.com/casas-o-casa-en-condominio-o-departamentos-en-venta-en-queretaro-provincia-ordenado-por-fechaonline-descendente.html-pagina-17.html
https://www.inmuebles24.com/propiedades/clasificado/veclccin-casa-venta-5-recamaras-privada-lucepolis-milenio-150747711.html,4700000,"MN 4,700,000",MXN,venta,Casa en condominio,Milenio III,Querétaro,Querétaro,270.0,136.0,Publicado hace 6 días,2026-08-07T22:08:25Z,2026-08-14T02:57:08.882927+00:00,https://www.inmuebles24.com/casas-o-casa-en-condominio-o-departamentos-en-venta-en-queretaro-provincia-ordenado-por-fechaonline-descendente.html-pagina-17.html
https://www.inmuebles24.com/propiedades/clasificado/veclccin-zibata-cerca-a-la-anahuac-casa-de-175-m-sup2--sobre-150743471.html,4875000,"MN 4,875,000",MXN,venta,Casa en condominio,Zibatá,El Marqués,Querétaro,175.0,200.0,Publicado hace 6 días,2026-08-07T16:52:47Z,2026-08-14T02:57:08.882927+00:00,https://www.inmuebles24.com/casas-o-casa-en-condominio-o-departamentos-en-venta-en-queretaro-provincia-ordenado-por-fechaonline-descendente.html-pagina-17.html
https://www.inmuebles24.com/propiedades/clasificado/veclccin-zizana-de-zakia-casa-en-venta-con-3-recamaras-y-150743111.html,2650000,"MN 2,650,000",MXN,venta,Casa en condominio,Fraccionamiento Zizana,El Marqués,Querétaro,108.0,100.0,Publicado hace 6 días,2026-08-07T16:29:07Z,2026-08-14T02:57:08.882927+00:00,https://www.inmuebles24.com/casas-o-casa-en-condominio-o-departamentos-en-venta-en-queretaro-provincia-ordenado-por-fechaonline-descendente.html-pagina-17.html
https://www.inmuebles24.com/propiedades/clasificado/veclapin-departamento-en-atelier-juriquilla-150749735.html,3788000,"MN 3,788,000",MXN,venta,Apartamento,Juriquilla,Querétaro,Querétaro,124.0,124.0,Publicado hace 6 días,2026-08-08T02:32:58Z,2026-08-14T02:57:08.882927+00:00,https://www.inmuebles24.com/casas-o-casa-en-condominio-o-departamentos-en-venta-en-queretaro-provincia-ordenado-por-fechaonline-descendente.html-pagina-18.html
https://www.inmuebles24.com/propiedades/clasificado/veclapin-departamento-en-venta-en-la-pradera-queretaro-150743054.html,1090000,"MN 1,090,000",MXN,venta,Apartamento,Fraccionamiento La Pradera,El Marqués,Querétaro,70.0,80.0,Publicado hace 6 días,2026-08-07T16:22:16Z,2026-08-14T02:59:29.179735+00:00,https://www.inmuebles24.com/casas-o-casa-en-condominio-o-departamentos-en-venta-en-queretaro-provincia-ordenado-por-fechaonline-descendente.html-pagina-18.html
https://www.inmuebles24.com/propiedades/clasificado/veclapin-venta-de-departamento-de-lujo-en-exclusiva-zona-de-150745945.html,6200000,"MN 6,200,000",MXN,venta,Apartamento,Juriquilla,Querétaro,Querétaro,219.0,219.0,Publicado hace 6 días,2026-08-07T20:15:28Z,2026-08-14T02:59:29.179735+00:00,https://www.inmuebles24.com/casas-o-casa-en-condominio-o-departamentos-en-venta-en-queretaro-provincia-ordenado-por-fechaonline-descendente.html-pagina-18.html
https://www.inmuebles24.com/propiedades/clasificado/veclapin-venta-de-departamento-en-cumbres-del-lago-juriquilla-150745919.html,5250000,"MN 5,250,000",MXN,venta,Apartamento,Fraccionamiento Cumbres del Lago,Querétaro,Querétaro,144.0,144.0,Publicado hace 6 días,2026-08-07T20:15:26Z,2026-08-14T02:59:29.179735+00:00,https://www.inmuebles24.com/casas-o-casa-en-condominio-o-departamentos-en-venta-en-queretaro-provincia-ordenado-por-fechaonline-descendente.html-pagina-18.html
https://www.inmuebles24.com/propiedades/clasificado/veclapin-venta-de-departamento-en-el-campanario-150745906.html,12273914,"MN 12,273,914",MXN,venta,Apartamento,El Campanario,Querétaro,Querétaro,280.0,280.0,Publicado hace 6 días,2026-08-07T20:15:25Z,2026-08-14T02:59:29.179735+00:00,https://www.inmuebles24.com/casas-o-casa-en-condominio-o-departamentos-en-venta-en-queretaro-provincia-ordenado-por-fechaonline-descendente.html-pagina-18.html
https://www.inmuebles24.com/propiedades/clasificado/veclapin-venta-de-pent-house-parques-zibata-150745959.html,6720093,"MN 6,720,093",MXN,venta,Apartamento,Zákia,El Marqués,Querétaro,222.0,222.0,Publicado hace 6 días,2026-08-07T20:15:29Z,2026-08-14T02:59:29.179735+00:00,https://www.inmuebles24.com/casas-o-casa-en-condominio-o-departamentos-en-venta-en-queretaro-provincia-ordenado-por-fechaonline-descendente.html-pagina-18.html
https://www.inmuebles24.com/propiedades/clasificado/veclapin-venta-de-penthouse-wise-living-canada-150745964.html,8900000,"MN 8,900,000",MXN,venta,Apartamento,Juriquilla Santa Fe,Querétaro,Querétaro,251.0,251.0,Publicado hace 6 días,2026-08-07T20:15:29Z,2026-08-14T02:59:29.179735+00:00,https://www.inmuebles24.com/casas-o-casa-en-condominio-o-departamentos-en-venta-en-queretaro-provincia-ordenado-por-fechaonline-descendente.html-pagina-18.html
https://www.inmuebles24.com/propiedades/clasificado/veclapin-venta-departamento-parques-zibata-150745969.html,5113681,"MN 5,113,681",MXN,venta,Apartamento,Zibatá,El Marqués,Querétaro,168.0,168.0,Publicado hace 6 días,2026-08-07T20:15:30Z,2026-08-14T02:59:29.179735+00:00,https://www.inmuebles24.com/casas-o-casa-en-condominio-o-departamentos-en-venta-en-queretaro-provincia-ordenado-por-fechaonline-descendente.html-pagina-18.html
https://www.inmuebles24.com/propiedades/clasificado/veclcain-casa-en-frac.-rodanta-150745262.html,3595000,"MN 3,595,000",MXN,venta,Casa,,El Marqués,Querétaro,121.0,190.0,Publicado hace 6 días,2026-08-07T19:13:39Z,2026-08-14T02:59:29.179735+00:00,https://www.inmuebles24.com/casas-o-casa-en-condominio-o-departamentos-en-venta-en-queretaro-provincia-ordenado-por-fechaonline-descendente.html-pagina-18.html
https://www.inmuebles24.com/propiedades/clasificado/veclcain-casa-en-fraccionamiento-cumbres-del-lago-150745931.html,7760000,"MN 7,760,000",MXN,venta,Casa,Fraccionamiento Cumbres del Lago,Querétaro,Querétaro,325.0,270.0,Publicado hace 6 días,2026-08-07T20:15:27Z,2026-08-14T02:59:29.179735+00:00,https://www.inmuebles24.com/casas-o-casa-en-condominio-o-departamentos-en-venta-en-queretaro-provincia-ordenado-por-fechaonline-descendente.html-pagina-18.html
https://www.inmuebles24.com/propiedades/clasificado/veclcain-casa-en-fraccionamiento-grand-preserve-150745936.html,3500000,"MN 3,500,000",MXN,venta,Casa,Grand Preserve,Querétaro,Querétaro,172.0,136.0,Publicado hace 6 días,2026-08-07T20:15:27Z,2026-08-14T02:59:29.179735+00:00,https://www.inmuebles24.com/casas-o-casa-en-condominio-o-departamentos-en-venta-en-queretaro-provincia-ordenado-por-fechaonline-descendente.html-pagina-18.html
https://www.inmuebles24.com/propiedades/clasificado/veclcain-casa-en-venta-en-jurica-de-1-piso-150742781.html,8995000,"MN 8,995,000",MXN,venta,Casa,Jurica,Querétaro,Querétaro,450.0,508.0,Publicado hace 6 días,2026-08-07T15:54:16Z,2026-08-14T03:01:21.345197+00:00,https://www.inmuebles24.com/casas-o-casa-en-condominio-o-departamentos-en-venta-en-queretaro-provincia-ordenado-por-fechaonline-descendente.html-pagina-18.html
https://www.inmuebles24.com/propiedades/clasificado/veclcain-casa-en-venta-en-real-de-juriquilla-queretaro.-150744811.html,5350000,"MN 5,350,000",MXN,venta,Casa,Real de Juriquilla,Querétaro,Querétaro,277.0,307.0,Publicado hace 6 días,2026-08-07T18:44:26Z,2026-08-14T03:01:21.345197+00:00,https://www.inmuebles24.com/casas-o-casa-en-condominio-o-departamentos-en-venta-en-queretaro-provincia-ordenado-por-fechaonline-descendente.html-pagina-18.html
https://www.inmuebles24.com/propiedades/clasificado/veclcain-casa-en-venta-en-valle-de-juriquilla-queretaro-150744808.html,3950000,"MN 3,950,000",MXN,venta,Casa,Juriquilla,Querétaro,Querétaro,211.0,144.0,Publicado hace 6 días,2026-08-07T18:44:26Z,2026-08-14T03:01:21.345197+00:00,https://www.inmuebles24.com/casas-o-casa-en-condominio-o-departamentos-en-venta-en-queretaro-provincia-ordenado-por-fechaonline-descendente.html-pagina-18.html
https://www.inmuebles24.com/propiedades/clasificado/veclcain-casa-en-venta-en-valle-de-juriquilla-queretaro-150744809.html,3950000,"MN 3,950,000",MXN,venta,Casa,Juriquilla,Querétaro,Querétaro,211.0,144.0,Publicado hace 6 días,2026-08-07T18:44:26Z,2026-08-14T03:01:21.345197+00:00,https://www.inmuebles24.com/casas-o-casa-en-condominio-o-departamentos-en-venta-en-queretaro-provincia-ordenado-por-fechaonline-descendente.html-pagina-18.html
https://www.inmuebles24.com/propiedades/clasificado/veclcain-casa-en-venta-en-zibata-150745980.html,7495000,"MN 7,495,000",MXN,venta,Casa,Zibatá,El Marqués,Querétaro,321.0,220.0,Publicado hace 6 días,2026-08-07T20:15:30Z,2026-08-14T03:01:21.345197+00:00,https://www.inmuebles24.com/casas-o-casa-en-condominio-o-departamentos-en-venta-en-queretaro-provincia-ordenado-por-fechaonline-descendente.html-pagina-18.html
https://www.inmuebles24.com/propiedades/clasificado/veclcain-casa-impecable-en-venta-amplios-espacios-jardin-en-150744810.html,5350000,"MN 5,350,000",MXN,venta,Casa,Real de Juriquilla,Querétaro,Querétaro,277.0,307.0,Publicado hace 6 días,2026-08-07T18:44:26Z,2026-08-14T03:01:21.345197+00:00,https://www.inmuebles24.com/casas-o-casa-en-condominio-o-departamentos-en-venta-en-queretaro-provincia-ordenado-por-fechaonline-descendente.html-pagina-18.html
https://www.inmuebles24.com/propiedades/clasificado/veclcain-casa-jockey-club-provincia-juriquilla-150743258.html,7000000,"MN 7,000,000",MXN,venta,Casa,Juriquilla,Querétaro,Querétaro,700.0,700.0,Publicado hace 6 días,2026-08-07T16:39:30Z,2026-08-14T03:01:21.345197+00:00,https://www.inmuebles24.com/casas-o-casa-en-condominio-o-departamentos-en-venta-en-queretaro-provincia-ordenado-por-fechaonline-descendente.html-pagina-18.html
https://www.inmuebles24.com/propiedades/clasificado/veclcain-departamento-en-fraccionamiento-desarrollo-150745938.html,5900000,"MN 5,900,000",MXN,venta,Casa,Fraccionamiento Desarrollo Habitacional Zibata,El Marqués,Querétaro,294.0,294.0,Publicado hace 6 días,2026-08-07T20:15:28Z,2026-08-14T03:01:21.345197+00:00,https://www.inmuebles24.com/casas-o-casa-en-condominio-o-departamentos-en-venta-en-queretaro-provincia-ordenado-por-fechaonline-descendente.html-pagina-18.html
https://www.inmuebles24.com/propiedades/clasificado/veclcain-venta-de-casa-en-cumbres-de-lago-150745915.html,4950000,"MN 4,950,000",MXN,venta,Casa,Fraccionamiento Cumbres del Lago,Querétaro,Querétaro,310.0,270.0,Publicado hace 6 días,2026-08-07T20:15:26Z,2026-08-14T03:01:21.345197+00:00,https://www.inmuebles24.com/casas-o-casa-en-condominio-o-departamentos-en-venta-en-queretaro-provincia-ordenado-por-fechaonline-descendente.html-pagina-18.html
https://www.inmuebles24.com/propiedades/clasificado/veclcain-venta-de-casa-en-palmares-en-privada-queretaro-qro.-150749282.html,2840000,"MN 2,840,000",MXN,venta,Casa,Fraccionamiento Palmares,Querétaro,Querétaro,130.0,120.0,Publicado hace 6 días,2026-08-08T00:49:22Z,2026-08-14T03:01:21.345197+00:00,https://www.inmuebles24.com/casas-o-casa-en-condominio-o-departamentos-en-venta-en-queretaro-provincia-ordenado-por-fechaonline-descendente.html-pagina-18.html
https://www.inmuebles24.com/propiedades/clasificado/veclcain-venta-de-casa-en-zibata-150745917.html,5600000,"MN 5,600,000",MXN,venta,Casa,Fraccionamiento Desarrollo Habitacional Zibata,El Marqués,Querétaro,276.0,155.0,Publicado hace 6 días,2026-08-07T20:15:26Z,2026-08-14T03:03:49.532410+00:00,https://www.inmuebles24.com/casas-o-casa-en-condominio-o-departamentos-en-venta-en-queretaro-provincia-ordenado-por-fechaonline-descendente.html-pagina-18.html
https://www.inmuebles24.com/propiedades/clasificado/veclcain-venta-de-residencia-en-queretaro-nuevo-refugio-150745970.html,6300000,"MN 6,300,000",MXN,venta,Casa,Fray Junípero Serra,Querétaro,Querétaro,219.0,160.0,Publicado hace 6 días,2026-08-07T20:15:30Z,2026-08-14T03:03:49.532410+00:00,https://www.inmuebles24.com/casas-o-casa-en-condominio-o-departamentos-en-venta-en-queretaro-provincia-ordenado-por-fechaonline-descendente.html-pagina-18.html
https://www.inmuebles24.com/propiedades/clasificado/veclcapa-el-hogar-que-tu-familia-merece:-espacio-seguridad-y-150742867.html,6400000,"MN 6,400,000",MXN,venta,Casa,Real de Juriquilla,Querétaro,Querétaro,290.0,305.0,Publicado hace 6 días,2026-08-07T16:03:53Z,2026-08-14T03:03:49.532410+00:00,https://www.inmuebles24.com/casas-o-casa-en-condominio-o-departamentos-en-venta-en-queretaro-provincia-ordenado-por-fechaonline-descendente.html-pagina-18.html
https://www.inmuebles24.com/propiedades/clasificado/veclcapa-hermosa-casa-en-venta-altos-juriquilla-150742319.html,3900000,"MN 3,900,000",MXN,venta,Casa,Fraccionamiento Cumbres del Lago,Querétaro,Querétaro,174.0,126.0,Publicado hace 6 días,2026-08-07T14:21:57Z,2026-08-14T03:03:49.532410+00:00,https://www.inmuebles24.com/casas-o-casa-en-condominio-o-departamentos-en-venta-en-queretaro-provincia-ordenado-por-fechaonline-descendente.html-pagina-18.html
https://www.inmuebles24.com/propiedades/clasificado/veclccin-casa-en-venta-en-colinas-de-balvanera-corregidora-150749160.html,1480000,"MN 1,480,000",MXN,venta,Casa en condominio,Colinas de Balvanera,Corregidora,Querétaro,62.0,96.0,Publicado hace 6 días,2026-08-08T00:29:10Z,2026-08-14T03:03:49.532410+00:00,https://www.inmuebles24.com/casas-o-casa-en-condominio-o-departamentos-en-venta-en-queretaro-provincia-ordenado-por-fechaonline-descendente.html-pagina-18.html
https://www.inmuebles24.com/propiedades/clasificado/veclapin-departamento-en-venta-renta-en-cumbres-del-lago-150749591.html,4490000,"MN 4,490,000",MXN,venta,Apartamento,Fraccionamiento Cumbres del Lago,Querétaro,Querétaro,150.0,150.0,Publicado hace 6 días,2026-08-08T02:06:15Z,2026-08-14T03:03:49.532410+00:00,https://www.inmuebles24.com/casas-o-casa-en-condominio-o-departamentos-en-venta-en-queretaro-provincia-ordenado-por-fechaonline-descendente.html-pagina-19.html
https://www.inmuebles24.com/propiedades/clasificado/veclapin-departamento-ph-en-renta-o-venta-en-zibata-150743178.html,4950000,"MN 4,950,000",MXN,venta,Apartamento,Zibatá,El Marqués,Querétaro,278.0,278.0,Publicado hace 6 días,2026-08-07T16:36:42Z,2026-08-14T03:03:49.532410+00:00,https://www.inmuebles24.com/casas-o-casa-en-condominio-o-departamentos-en-venta-en-queretaro-provincia-ordenado-por-fechaonline-descendente.html-pagina-19.html
https://www.inmuebles24.com/propiedades/clasificado/veclapin-venta-departamento-avanta-gardens-colinas-del-150725082.html,3300000,"MN 3,300,000",MXN,venta,Apartamento,Colinas del Cimatario,Querétaro,Querétaro,125.0,125.0,Publicado hace 7 días,2026-08-05T19:43:44Z,2026-08-14T03:03:49.532410+00:00,https://www.inmuebles24.com/casas-o-casa-en-condominio-o-departamentos-en-venta-en-queretaro-provincia-ordenado-por-fechaonline-descendente.html-pagina-19.html
https://www.inmuebles24.com/propiedades/clasificado/veclcain-casa-de-lujo-en-venta-en-lomas-de-juriquilla-150742979.html,9650000,"MN 9,650,000",MXN,venta,Casa,Lomas de Juriquilla,Querétaro,Querétaro,460.0,250.0,Publicado hace 6 días,2026-08-07T16:16:16Z,2026-08-14T03:03:49.532410+00:00,https://www.inmuebles24.com/casas-o-casa-en-condominio-o-departamentos-en-venta-en-queretaro-provincia-ordenado-por-fechaonline-descendente.html-pagina-19.html
https://www.inmuebles24.com/propiedades/clasificado/veclcain-casa-en-canadas-del-arroyo-150749748.html,3800000,"MN 3,800,000",MXN,venta,Casa,Cañadas del Arroyo,Corregidora,Querétaro,220.0,160.0,Publicado hace 6 días,2026-08-08T02:33Z,2026-08-14T03:03:49.532410+00:00,https://www.inmuebles24.com/casas-o-casa-en-condominio-o-departamentos-en-venta-en-queretaro-provincia-ordenado-por-fechaonline-descendente.html-pagina-19.html
https://www.inmuebles24.com/propiedades/clasificado/veclcain-casa-en-claustros-del-sur-150745950.html,9950000,"MN 9,950,000",MXN,venta,Casa,Claustros del Sur,Querétaro,Querétaro,456.0,442.0,Publicado hace 6 días,2026-08-07T20:15:28Z,2026-08-14T03:05:56.385542+00:00,https://www.inmuebles24.com/casas-o-casa-en-condominio-o-departamentos-en-venta-en-queretaro-provincia-ordenado-por-fechaonline-descendente.html-pagina-19.html
https://www.inmuebles24.com/propiedades/clasificado/veclcain-casa-en-el-mirador-150749633.html,2225000,"MN 2,225,000",MXN,venta,Casa,Fraccionamiento El Mirador,Querétaro,Querétaro,92.0,108.0,Publicado hace 6 días,2026-08-08T02:15:42Z,2026-08-14T03:05:56.385542+00:00,https://www.inmuebles24.com/casas-o-casa-en-condominio-o-departamentos-en-venta-en-queretaro-provincia-ordenado-por-fechaonline-descendente.html-pagina-19.html
https://www.inmuebles24.com/propiedades/clasificado/veclcain-casa-en-el-mirador-150749829.html,2225000,"MN 2,225,000",MXN,venta,Casa,Fraccionamiento El Mirador,El Marqués,Querétaro,92.0,108.0,Publicado hace 6 días,2026-08-08T02:40:12Z,2026-08-14T03:05:56.385542+00:00,https://www.inmuebles24.com/casas-o-casa-en-condominio-o-departamentos-en-venta-en-queretaro-provincia-ordenado-por-fechaonline-descendente.html-pagina-19.html
https://www.inmuebles24.com/propiedades/clasificado/veclcain-casa-en-fraccionamiento-cumbres-del-lago-150745955.html,6600000,"MN 6,600,000",MXN,venta,Casa,Fraccionamiento Cumbres del Lago,Querétaro,Querétaro,280.0,300.0,Publicado hace 6 días,2026-08-07T20:15:29Z,2026-08-14T03:05:56.385542+00:00,https://www.inmuebles24.com/casas-o-casa-en-condominio-o-departamentos-en-venta-en-queretaro-provincia-ordenado-por-fechaonline-descendente.html-pagina-19.html
https://www.inmuebles24.com/propiedades/clasificado/veclcain-casa-en-fraccionamiento-villas-del-meson-150745923.html,13000000,"MN 13,000,000",MXN,venta,Casa,Fraccionamiento Villas del Mesón,Querétaro,Querétaro,468.0,1000.0,Publicado hace 6 días,2026-08-07T20:15:26Z,2026-08-14T03:05:56.385542+00:00,https://www.inmuebles24.com/casas-o-casa-en-condominio-o-departamentos-en-venta-en-queretaro-provincia-ordenado-por-fechaonline-descendente.html-pagina-19.html
https://www.inmuebles24.com/propiedades/clasificado/veclcain-casa-en-provenza-residencial-150749743.html,2950000,"MN 2,950,000",MXN,venta,Casa,Fraccionamiento Provenza Residencial,El Marqués,Querétaro,116.0,310.0,Publicado hace 6 días,2026-08-08T02:32:59Z,2026-08-14T03:05:56.385542+00:00,https://www.inmuebles24.com/casas-o-casa-en-condominio-o-departamentos-en-venta-en-queretaro-provincia-ordenado-por-fechaonline-descendente.html-pagina-19.html
https://www.inmuebles24.com/propiedades/clasificado/veclcain-casa-en-venta-cumbres-del-lago-juriquilla-150745958.html,6200000,"MN 6,200,000",MXN,venta,Casa,Fraccionamiento Cumbres del Lago,Querétaro,Querétaro,262.0,270.0,Publicado hace 6 días,2026-08-07T20:15:29Z,2026-08-14T03:05:56.385542+00:00,https://www.inmuebles24.com/casas-o-casa-en-condominio-o-departamentos-en-venta-en-queretaro-provincia-ordenado-por-fechaonline-descendente.html-pagina-19.html
https://www.inmuebles24.com/propiedades/clasificado/veclcain-casa-en-venta-en-el-campanario-150735046.html,40400000,"MN 40,400,000",MXN,venta,Casa,El Campanario,Querétaro,Querétaro,655.0,843.0,Publicado hace 7 días,2026-08-06T19:09:42Z,2026-08-14T03:05:56.385542+00:00,https://www.inmuebles24.com/casas-o-casa-en-condominio-o-departamentos-en-venta-en-queretaro-provincia-ordenado-por-fechaonline-descendente.html-pagina-19.html
https://www.inmuebles24.com/propiedades/clasificado/veclcain-casa-en-venta-en-el-condado-150730518.html,3799000,"MN 3,799,000",MXN,venta,Casa,El Condado,Corregidora,Querétaro,178.0,170.0,Publicado hace 7 días,2026-08-06T06:37:36Z,2026-08-14T03:05:56.385542+00:00,https://www.inmuebles24.com/casas-o-casa-en-condominio-o-departamentos-en-venta-en-queretaro-provincia-ordenado-por-fechaonline-descendente.html-pagina-19.html
https://www.inmuebles24.com/propiedades/clasificado/veclcain-casa-en-venta-en-juriquilla-san-isidro-hermosa-con-150735239.html,2750000,"MN 2,750,000",MXN,venta,Casa,Juriquilla,Querétaro,Querétaro,160.0,130.0,Publicado hace 7 días,2026-08-06T19:33:45Z,2026-08-14T03:05:56.385542+00:00,https://www.inmuebles24.com/casas-o-casa-en-condominio-o-departamentos-en-venta-en-queretaro-provincia-ordenado-por-fechaonline-descendente.html-pagina-19.html
https://www.inmuebles24.com/propiedades/clasificado/veclcain-casa-en-venta-en-pedregal-de-queretaro-excelentes-150739933.html,10000000,"MN 10,000,000",MXN,venta,Casa,,Querétaro,Querétaro,370.0,577.0,Publicado hace 7 días,2026-08-07T03:19:36Z,2026-08-14T03:08:22.046825+00:00,https://www.inmuebles24.com/casas-o-casa-en-condominio-o-departamentos-en-venta-en-queretaro-provincia-ordenado-por-fechaonline-descendente.html-pagina-19.html
https://www.inmuebles24.com/propiedades/clasificado/veclcain-cesion-de-derechos-en-sendero-de-la-espuelta-150747771.html,3326759,"MN 3,326,759",MXN,venta,Casa,Zona Este Milenio III,El Marqués,Querétaro,192.0,192.0,Publicado hace 6 días,2026-08-07T22:15:52Z,2026-08-14T03:08:22.046825+00:00,https://www.inmuebles24.com/casas-o-casa-en-condominio-o-departamentos-en-venta-en-queretaro-provincia-ordenado-por-fechaonline-descendente.html-pagina-19.html
https://www.inmuebles24.com/propiedades/clasificado/veclcain-cimatario-casa-remodelada-en-venta-de-tres-pisos-150735726.html,5000000,"MN 5,000,000",MXN,venta,Casa,Cimatario,Querétaro,Querétaro,317.0,140.0,Publicado hace 7 días,2026-08-06T20:07:59Z,2026-08-14T03:08:22.046825+00:00,https://www.inmuebles24.com/casas-o-casa-en-condominio-o-departamentos-en-venta-en-queretaro-provincia-ordenado-por-fechaonline-descendente.html-pagina-19.html
https://www.inmuebles24.com/propiedades/clasificado/veclcain-juriquilla-casa-en-venta-con-gran-jardin-y-jacuzzi-150733364.html,13800000,"MN 13,800,000",MXN,venta,Casa,Juriquilla,Querétaro,Querétaro,550.0,1000.0,Publicado hace 7 días,2026-08-06T16:58:13Z,2026-08-14T03:08:22.046825+00:00,https://www.inmuebles24.com/casas-o-casa-en-condominio-o-departamentos-en-venta-en-queretaro-provincia-ordenado-por-fechaonline-descendente.html-pagina-19.html
https://www.inmuebles24.com/propiedades/clasificado/veclcain-primorosa-casa.-150744425.html,3645000,"MN 3,645,000",MXN,venta,Casa,La Magdalena,Tequisquiapan,Querétaro,189.0,189.0,Publicado hace 6 días,2026-08-07T18:13:01Z,2026-08-14T03:08:22.046825+00:00,https://www.inmuebles24.com/casas-o-casa-en-condominio-o-departamentos-en-venta-en-queretaro-provincia-ordenado-por-fechaonline-descendente.html-pagina-19.html
https://www.inmuebles24.com/propiedades/clasificado/veclcain-venta-de-casa-en-juriquilla-queretaro.-150745947.html,9600000,"MN 9,600,000",MXN,venta,Casa,Fraccionamiento Cumbres del Lago,Querétaro,Querétaro,408.0,458.0,Publicado hace 6 días,2026-08-07T20:15:28Z,2026-08-14T03:08:22.046825+00:00,https://www.inmuebles24.com/casas-o-casa-en-condominio-o-departamentos-en-venta-en-queretaro-provincia-ordenado-por-fechaonline-descendente.html-pagina-19.html
https://www.inmuebles24.com/propiedades/clasificado/veclcain-venta-de-casa-en-residencial-granjas-tequisquipan-150745912.html,13900000,"MN 13,900,000",MXN,venta,Casa,Residencial Granjas,Tequisquiapan,Querétaro,605.0,5000.0,Publicado hace 6 días,2026-08-07T20:15:25Z,2026-08-14T03:08:22.046825+00:00,https://www.inmuebles24.com/casas-o-casa-en-condominio-o-departamentos-en-venta-en-queretaro-provincia-ordenado-por-fechaonline-descendente.html-pagina-19.html
https://www.inmuebles24.com/propiedades/clasificado/veclcain-venta-de-casa-en-zibata-150745909.html,5550000,"MN 5,550,000",MXN,venta,Casa,Fraccionamiento Desarrollo Habitacional Zibata,El Marqués,Querétaro,222.0,144.0,Publicado hace 6 días,2026-08-07T20:15:25Z,2026-08-14T03:08:22.046825+00:00,https://www.inmuebles24.com/casas-o-casa-en-condominio-o-departamentos-en-venta-en-queretaro-provincia-ordenado-por-fechaonline-descendente.html-pagina-19.html
https://www.inmuebles24.com/propiedades/clasificado/veclcapa-venta-de-casa-en-santiago-de-queretaro-colonia-150746396.html,720000,"MN 720,000",MXN,venta,Casa,Jardines de La Hacienda,Querétaro,Querétaro,184.0,162.0,Publicado hace 6 días,2026-08-07T20:39:58Z,2026-08-14T03:08:22.046825+00:00,https://www.inmuebles24.com/casas-o-casa-en-condominio-o-departamentos-en-venta-en-queretaro-provincia-ordenado-por-fechaonline-descendente.html-pagina-19.html
https://www.inmuebles24.com/propiedades/clasificado/veclccin-casa-en-corregidora-150426001.html,3150000,"MN 3,150,000",MXN,venta,Casa en condominio,,Corregidora,Querétaro,128.0,132.0,Publicado hace 6 días,2026-07-03T21:54:55Z,2026-08-14T03:08:22.046825+00:00,https://www.inmuebles24.com/casas-o-casa-en-condominio-o-departamentos-en-venta-en-queretaro-provincia-ordenado-por-fechaonline-descendente.html-pagina-19.html
https://www.inmuebles24.com/propiedades/clasificado/veclccin-casa-en-venta-dentro-de-condominio-en-cumbres-de-150733369.html,5300000,"MN 5,300,000",MXN,venta,Casa en condominio,Juriquilla,Querétaro,Querétaro,209.0,249.0,Publicado hace 7 días,2026-08-06T16:58:47Z,2026-08-14T03:10:26.732674+00:00,https://www.inmuebles24.com/casas-o-casa-en-condominio-o-departamentos-en-venta-en-queretaro-provincia-ordenado-por-fechaonline-descendente.html-pagina-19.html
https://www.inmuebles24.com/propiedades/clasificado/veclccin-casa-en-venta-el-campanario-queretaro-150733987.html,33000000,"MN 33,000,000",MXN,venta,Casa en condominio,El Campanario,Querétaro,Querétaro,580.0,815.0,Publicado hace 7 días,2026-08-06T17:42:03Z,2026-08-14T03:10:26.732674+00:00,https://www.inmuebles24.com/casas-o-casa-en-condominio-o-departamentos-en-venta-en-queretaro-provincia-ordenado-por-fechaonline-descendente.html-pagina-19.html
https://www.inmuebles24.com/propiedades/clasificado/veclccpa-propiedad-de-lujo-en-venta-centro-sur-queretaro-150744461.html,6670000,"MN 6,670,000",MXN,venta,Casa en condominio,Centro Sur,Querétaro,Querétaro,290.0,345.0,Publicado hace 6 días,2026-08-07T18:16:07Z,2026-08-14T03:10:26.732674+00:00,https://www.inmuebles24.com/casas-o-casa-en-condominio-o-departamentos-en-venta-en-queretaro-provincia-ordenado-por-fechaonline-descendente.html-pagina-19.html
https://www.inmuebles24.com/propiedades/clasificado/veclccpa-venta-de-casa-en-zibata.-150748385.html,5000000,"MN 5,000,000",MXN,venta,Casa en condominio,Zibatá,El Marqués,Querétaro,280.0,169.0,Publicado hace 6 días,2026-08-07T23:22:27Z,2026-08-14T03:10:26.732674+00:00,https://www.inmuebles24.com/casas-o-casa-en-condominio-o-departamentos-en-venta-en-queretaro-provincia-ordenado-por-fechaonline-descendente.html-pagina-19.html
https://www.inmuebles24.com/propiedades/clasificado/veclapin-departamento-en-renta-y-venta-juriquilla-justo-frente-150732221.html,3500000,"MN 3,500,000",MXN,venta,Apartamento,Juriquilla,Querétaro,Querétaro,64.0,64.0,Publicado hace 7 días,2026-08-06T15:58:46Z,2026-08-14T03:10:26.732674+00:00,https://www.inmuebles24.com/casas-o-casa-en-condominio-o-departamentos-en-venta-en-queretaro-provincia-ordenado-por-fechaonline-descendente.html-pagina-20.html
https://www.inmuebles24.com/propiedades/clasificado/veclapin-departamento-en-venta-en-amuralle-zakia-en-1er-nivel-150733373.html,2160000,"MN 2,160,000",MXN,venta,Apartamento,Zákia,El Marqués,Querétaro,77.0,77.0,Publicado hace 7 días,2026-08-06T16:59:03Z,2026-08-14T03:10:26.732674+00:00,https://www.inmuebles24.com/casas-o-casa-en-condominio-o-departamentos-en-venta-en-queretaro-provincia-ordenado-por-fechaonline-descendente.html-pagina-20.html
https://www.inmuebles24.com/propiedades/clasificado/veclapin-departamento-en-venta-en-latitud-victoria-colonia-150733381.html,4500000,"MN 4,500,000",MXN,venta,Apartamento,Centro,Querétaro,Querétaro,148.0,148.0,Publicado hace 7 días,2026-08-06T16:59:38Z,2026-08-14T03:10:26.732674+00:00,https://www.inmuebles24.com/casas-o-casa-en-condominio-o-departamentos-en-venta-en-queretaro-provincia-ordenado-por-fechaonline-descendente.html-pagina-20.html
https://www.inmuebles24.com/propiedades/clasificado/veclapin-departamento-en-venta-en-queretaro-zona-f.-junipero-150734008.html,6100000,"MN 6,100,000",MXN,venta,Apartamento,La Purísima,Querétaro,Querétaro,147.0,147.0,Publicado hace 7 días,2026-08-06T17:42:51Z,2026-08-14T03:10:26.732674+00:00,https://www.inmuebles24.com/casas-o-casa-en-condominio-o-departamentos-en-venta-en-queretaro-provincia-ordenado-por-fechaonline-descendente.html-pagina-20.html
https://www.inmuebles24.com/propiedades/clasificado/veclapin-departamento-en-venta-en-zibata-en-obra-gris-a-150737702.html,3450000,"MN 3,450,000",MXN,venta,Apartamento,Zibatá,El Marqués,Querétaro,140.0,140.0,Publicado hace 7 días,2026-08-06T23:16:16Z,2026-08-14T03:10:26.732674+00:00,https://www.inmuebles24.com/casas-o-casa-en-condominio-o-departamentos-en-venta-en-queretaro-provincia-ordenado-por-fechaonline-descendente.html-pagina-20.html
https://www.inmuebles24.com/propiedades/clasificado/veclapin-departamento-en-venta-entre-el-refugio-y-zibata-150734706.html,2828000,"MN 2,828,000",MXN,venta,Apartamento,Zibatá,El Marqués,Querétaro,96.0,96.0,Publicado hace 7 días,2026-08-06T18:44:01Z,2026-08-14T03:10:26.732674+00:00,https://www.inmuebles24.com/casas-o-casa-en-condominio-o-departamentos-en-venta-en-queretaro-provincia-ordenado-por-fechaonline-descendente.html-pagina-20.html
https://www.inmuebles24.com/propiedades/clasificado/veclapin-ultimos-departamentos-en-venta-en-milenio-iii-de-3-150739372.html,2700000,"MN 2,700,000",MXN,venta,Apartamento,Milenio III,Querétaro,Querétaro,109.0,109.0,Publicado hace 7 días,2026-08-07T02:12:07Z,2026-08-14T03:12:23.130274+00:00,https://www.inmuebles24.com/casas-o-casa-en-condominio-o-departamentos-en-venta-en-queretaro-provincia-ordenado-por-fechaonline-descendente.html-pagina-20.html
https://www.inmuebles24.com/propiedades/clasificado/veclcain-casa-colonial-con-poza-en-fraccionamiento-en-150738702.html,4500000,"MN 4,500,000",MXN,venta,Casa,Barrio La Magdalena,Tequisquiapan,Querétaro,214.0,270.0,Publicado hace 7 días,2026-08-07T00:27:52Z,2026-08-14T03:12:23.130274+00:00,https://www.inmuebles24.com/casas-o-casa-en-condominio-o-departamentos-en-venta-en-queretaro-provincia-ordenado-por-fechaonline-descendente.html-pagina-20.html
https://www.inmuebles24.com/propiedades/clasificado/veclcain-casa-de-autor-en-lagos-lomas-del-campanario-norte-150733833.html,17650000,"MN 17,650,000",MXN,venta,Casa,Lomas del Campanario I,Querétaro,Querétaro,390.0,320.0,Publicado hace 7 días,2026-08-06T17:28:39Z,2026-08-14T03:12:23.130274+00:00,https://www.inmuebles24.com/casas-o-casa-en-condominio-o-departamentos-en-venta-en-queretaro-provincia-ordenado-por-fechaonline-descendente.html-pagina-20.html
https://www.inmuebles24.com/propiedades/clasificado/veclcain-casa-de-autor-en-lomas-del-campanario-norte-150733622.html,13600000,"MN 13,600,000",MXN,venta,Casa,Lomas del Campanario I,Querétaro,Querétaro,362.0,313.0,Publicado hace 7 días,2026-08-06T17:13:37Z,2026-08-14T03:12:23.130274+00:00,https://www.inmuebles24.com/casas-o-casa-en-condominio-o-departamentos-en-venta-en-queretaro-provincia-ordenado-por-fechaonline-descendente.html-pagina-20.html
https://www.inmuebles24.com/propiedades/clasificado/veclcain-casa-de-e3-habitaciones-en-venta-en-valla-de-150739241.html,3599000,"MN 3,599,000",MXN,venta,Casa,Juriquilla,Querétaro,Querétaro,165.0,128.0,Publicado hace 7 días,2026-08-07T01:50:32Z,2026-08-14T03:12:23.130274+00:00,https://www.inmuebles24.com/casas-o-casa-en-condominio-o-departamentos-en-venta-en-queretaro-provincia-ordenado-por-fechaonline-descendente.html-pagina-20.html
https://www.inmuebles24.com/propiedades/clasificado/veclcain-casa-en-tequisquiapan-queretaro.-150734894.html,7900000,"MN 7,900,000",MXN,venta,Casa,Fraccionamiento El Pedregal,Tequisquiapan,Querétaro,278.0,588.0,Publicado hace 7 días,2026-08-06T18:55:47Z,2026-08-14T03:12:23.130274+00:00,https://www.inmuebles24.com/casas-o-casa-en-condominio-o-departamentos-en-venta-en-queretaro-provincia-ordenado-por-fechaonline-descendente.html-pagina-20.html
https://www.inmuebles24.com/propiedades/clasificado/veclcain-casa-en-venta-altozano-queretaro-de-autor-con-150734182.html,19290000,"MN 19,290,000",MXN,venta,Casa,Altozano el Nuevo Querétaro,Querétaro,Querétaro,440.0,530.0,Publicado hace 7 días,2026-08-06T17:58:02Z,2026-08-14T03:12:23.130274+00:00,https://www.inmuebles24.com/casas-o-casa-en-condominio-o-departamentos-en-venta-en-queretaro-provincia-ordenado-por-fechaonline-descendente.html-pagina-20.html
https://www.inmuebles24.com/propiedades/clasificado/veclcain-casa-en-venta-de-un-nivel-en-tequisquiapan-150737635.html,1980000,"MN 1,980,000",MXN,venta,Casa,Bordo Blanco,Tequisquiapan,Querétaro,102.0,141.0,Publicado hace 7 días,2026-08-06T23:07:16Z,2026-08-14T03:12:23.130274+00:00,https://www.inmuebles24.com/casas-o-casa-en-condominio-o-departamentos-en-venta-en-queretaro-provincia-ordenado-por-fechaonline-descendente.html-pagina-20.html
https://www.inmuebles24.com/propiedades/clasificado/veclcain-casa-en-venta-en-fraccionamiento-villas-del-meson-150730517.html,11000000,"MN 11,000,000",MXN,venta,Casa,Juriquilla,Querétaro,Querétaro,601.0,1000.0,Publicado hace 7 días,2026-08-06T06:37:35Z,2026-08-14T03:12:23.130274+00:00,https://www.inmuebles24.com/casas-o-casa-en-condominio-o-departamentos-en-venta-en-queretaro-provincia-ordenado-por-fechaonline-descendente.html-pagina-20.html
https://www.inmuebles24.com/propiedades/clasificado/veclcain-casa-en-venta-en-juriquilla-cumbres-del-lago-150735749.html,5900000,"MN 5,900,000",MXN,venta,Casa,Juriquilla,Querétaro,Querétaro,290.0,258.0,Publicado hace 7 días,2026-08-06T20:09:18Z,2026-08-14T03:12:23.130274+00:00,https://www.inmuebles24.com/casas-o-casa-en-condominio-o-departamentos-en-venta-en-queretaro-provincia-ordenado-por-fechaonline-descendente.html-pagina-20.html
https://www.inmuebles24.com/propiedades/clasificado/veclcain-casa-en-venta-en-ladera-de-san-jose-el-alto-oriente-150730519.html,2700000,"MN 2,700,000",MXN,venta,Casa,Ladera de San José el Alto Oriente,Querétaro,Querétaro,169.0,304.0,Publicado hace 7 días,2026-08-06T06:37:37Z,2026-08-14T03:14:24.645078+00:00,https://www.inmuebles24.com/casas-o-casa-en-condominio-o-departamentos-en-venta-en-queretaro-provincia-ordenado-por-fechaonline-descendente.html-pagina-20.html
https://www.inmuebles24.com/propiedades/clasificado/veclcain-casa-en-venta-en-punta-esmeralda-corregidora-150737366.html,3590000,"MN 3,590,000",MXN,venta,Casa,Punta Esmeralda,Corregidora,Querétaro,162.0,149.0,Publicado hace 7 días,2026-08-06T22:37:35Z,2026-08-14T03:14:24.645078+00:00,https://www.inmuebles24.com/casas-o-casa-en-condominio-o-departamentos-en-venta-en-queretaro-provincia-ordenado-por-fechaonline-descendente.html-pagina-20.html
https://www.inmuebles24.com/propiedades/clasificado/veclcain-casa-en-venta-en-residencial-vista-real-150730516.html,10850000,"MN 10,850,000",MXN,venta,Casa,Residencial Vista Real,Corregidora,Querétaro,330.0,431.0,Publicado hace 7 días,2026-08-06T06:37:34Z,2026-08-14T03:14:24.645078+00:00,https://www.inmuebles24.com/casas-o-casa-en-condominio-o-departamentos-en-venta-en-queretaro-provincia-ordenado-por-fechaonline-descendente.html-pagina-20.html
https://www.inmuebles24.com/propiedades/clasificado/veclcain-casa-en-venta-y-renta-en-preserve-juriquilla-con-roof-150733067.html,4500000,"MN 4,500,000",MXN,venta,Casa,Juriquilla Campestre,Querétaro,Querétaro,225.0,165.0,Publicado hace 7 días,2026-08-06T16:40:36Z,2026-08-14T03:14:24.645078+00:00,https://www.inmuebles24.com/casas-o-casa-en-condominio-o-departamentos-en-venta-en-queretaro-provincia-ordenado-por-fechaonline-descendente.html-pagina-20.html
https://www.inmuebles24.com/propiedades/clasificado/veclcain-casa-terracota-zibata-queretaro-150734014.html,5800000,"MN 5,800,000",MXN,venta,Casa,Zibatá,El Marqués,Querétaro,267.0,176.0,Publicado hace 7 días,2026-08-06T17:43:35Z,2026-08-14T03:14:24.645078+00:00,https://www.inmuebles24.com/casas-o-casa-en-condominio-o-departamentos-en-venta-en-queretaro-provincia-ordenado-por-fechaonline-descendente.html-pagina-20.html
https://www.inmuebles24.com/propiedades/clasificado/veclcain-gran-oportunidad-de-inversion-en-propiedad-de-lujo-150738661.html,6500000,"MN 6,500,000",MXN,venta,Casa,Milenio III,Querétaro,Querétaro,268.0,172.0,Publicado hace 7 días,2026-08-07T00:21:21Z,2026-08-14T03:14:24.645078+00:00,https://www.inmuebles24.com/casas-o-casa-en-condominio-o-departamentos-en-venta-en-queretaro-provincia-ordenado-por-fechaonline-descendente.html-pagina-20.html
https://www.inmuebles24.com/propiedades/clasificado/veclcain-hermosa-casa-zakia!-150734887.html,2800000,"MN 2,800,000",MXN,venta,Casa,Zákia,El Marqués,Querétaro,150.0,180.0,Publicado hace 7 días,2026-08-06T18:54:44Z,2026-08-14T03:14:24.645078+00:00,https://www.inmuebles24.com/casas-o-casa-en-condominio-o-departamentos-en-venta-en-queretaro-provincia-ordenado-por-fechaonline-descendente.html-pagina-20.html
https://www.inmuebles24.com/propiedades/clasificado/veclcain-venta-de-casa-con-alberca-en-juriquilla-150713727.html,4000000,"MN 4,000,000",MXN,venta,Casa,Real de Juriquilla,Querétaro,Querétaro,250.0,332.0,Publicado hace 7 días,2026-08-04T22:50:32Z,2026-08-14T03:14:24.645078+00:00,https://www.inmuebles24.com/casas-o-casa-en-condominio-o-departamentos-en-venta-en-queretaro-provincia-ordenado-por-fechaonline-descendente.html-pagina-20.html
https://www.inmuebles24.com/propiedades/clasificado/veclccin-casa-de-128-m-sup2--con-4-recamaras-en-venta-en-zibata-150734829.html,4590000,"MN 4,590,000",MXN,venta,Casa en condominio,Zibatá,El Marqués,Querétaro,220.0,128.0,Publicado hace 7 días,2026-08-06T18:51:52Z,2026-08-14T03:14:24.645078+00:00,https://www.inmuebles24.com/casas-o-casa-en-condominio-o-departamentos-en-venta-en-queretaro-provincia-ordenado-por-fechaonline-descendente.html-pagina-20.html
https://www.inmuebles24.com/propiedades/clasificado/veclccin-casa-de-257-m-sup2--con-4-recamaras-en-venta-en-zibata-150734528.html,5800000,"MN 5,800,000",MXN,venta,Casa en condominio,Zibatá,El Marqués,Querétaro,267.0,257.0,Publicado hace 7 días,2026-08-06T18:28:24Z,2026-08-14T03:14:24.645078+00:00,https://www.inmuebles24.com/casas-o-casa-en-condominio-o-departamentos-en-venta-en-queretaro-provincia-ordenado-por-fechaonline-descendente.html-pagina-20.html
https://www.inmuebles24.com/propiedades/clasificado/veclccin-casa-en-condominio-en-venta-en-zibata-150730515.html,6250000,"MN 6,250,000",MXN,venta,Casa en condominio,Zibatá,El Marqués,Querétaro,322.0,198.0,Publicado hace 7 días,2026-08-06T06:37:33Z,2026-08-14T03:18:12.717448+00:00,https://www.inmuebles24.com/casas-o-casa-en-condominio-o-departamentos-en-venta-en-queretaro-provincia-ordenado-por-fechaonline-descendente.html-pagina-20.html
https://www.inmuebles24.com/propiedades/clasificado/veclccin-casa-en-venta-en-zibata-estilo-mexico-150733401.html,7790000,"MN 7,790,000",MXN,venta,Casa en condominio,Zibatá,El Marqués,Querétaro,400.0,300.0,Publicado hace 7 días,2026-08-06T17:00:21Z,2026-08-14T03:18:12.717448+00:00,https://www.inmuebles24.com/casas-o-casa-en-condominio-o-departamentos-en-venta-en-queretaro-provincia-ordenado-por-fechaonline-descendente.html-pagina-20.html
https://www.inmuebles24.com/propiedades/clasificado/veclccin-casa-venta-en-juriquilla-campestre-148906709.html,10000000,"MN 10,000,000",MXN,venta,Casa en condominio,Fraccionamiento Real de Juriquilla,Querétaro,Querétaro,356.0,300.0,Publicado hace 7 días,2026-02-09T12:39:14Z,2026-08-14T03:18:12.717448+00:00,https://www.inmuebles24.com/casas-o-casa-en-condominio-o-departamentos-en-venta-en-queretaro-provincia-ordenado-por-fechaonline-descendente.html-pagina-20.html
https://www.inmuebles24.com/propiedades/clasificado/veclccin-venta-casa-mision-de-conca-junipero-serra-150738876.html,8250000,"MN 8,250,000",MXN,venta,Casa en condominio,Fraccionamiento Misión de Concá,Querétaro,Querétaro,443.0,300.0,Publicado hace 7 días,2026-08-07T00:51:31Z,2026-08-14T03:18:12.717448+00:00,https://www.inmuebles24.com/casas-o-casa-en-condominio-o-departamentos-en-venta-en-queretaro-provincia-ordenado-por-fechaonline-descendente.html-pagina-20.html
https://www.inmuebles24.com/propiedades/clasificado/veclapin-departamento-en-venta-3-recamaras-corregidora-gpt254-150736006.html,2600000,"MN 2,600,000",MXN,venta,Apartamento,El Pueblito,Corregidora,Querétaro,107.0,1.0,Publicado hace 7 días,2026-08-06T20:31:20Z,2026-08-14T03:18:12.717448+00:00,https://www.inmuebles24.com/casas-o-casa-en-condominio-o-departamentos-en-venta-en-queretaro-provincia-ordenado-por-fechaonline-descendente.html-pagina-21.html
https://www.inmuebles24.com/propiedades/clasificado/veclapin-departamento-en-venta-en-cumbres-del-lago-juriquilla-150733334.html,5355010,"MN 5,355,010",MXN,venta,Apartamento,Juriquilla,Querétaro,Querétaro,126.0,126.0,Publicado hace 7 días,2026-08-06T16:57:07Z,2026-08-14T03:18:12.717448+00:00,https://www.inmuebles24.com/casas-o-casa-en-condominio-o-departamentos-en-venta-en-queretaro-provincia-ordenado-por-fechaonline-descendente.html-pagina-21.html
https://www.inmuebles24.com/propiedades/clasificado/veclapin-departamento-en-venta-en-las-fuentes-150730533.html,3140000,"MN 3,140,000",MXN,venta,Apartamento,Las Fuentes,Querétaro,Querétaro,105.0,105.0,Publicado hace 7 días,2026-08-06T06:38:03Z,2026-08-14T03:18:12.717448+00:00,https://www.inmuebles24.com/casas-o-casa-en-condominio-o-departamentos-en-venta-en-queretaro-provincia-ordenado-por-fechaonline-descendente.html-pagina-21.html
https://www.inmuebles24.com/propiedades/clasificado/veclapin-la-vista-residencial:-departamento-en-venta-en-la-150730595.html,3170000,"MN 3,170,000",MXN,venta,Apartamento,La Vista Residencial,Querétaro,Querétaro,106.0,108.0,Publicado hace 7 días,2026-08-06T06:39:51Z,2026-08-14T03:18:12.717448+00:00,https://www.inmuebles24.com/casas-o-casa-en-condominio-o-departamentos-en-venta-en-queretaro-provincia-ordenado-por-fechaonline-descendente.html-pagina-21.html
https://www.inmuebles24.com/propiedades/clasificado/veclapin-milenio-3-vendo-departamento-con-vista-a-la-canada-2-150734166.html,3800000,"MN 3,800,000",MXN,venta,Apartamento,Milenio III,Querétaro,Querétaro,127.0,127.0,Publicado hace 7 días,2026-08-06T17:55:01Z,2026-08-14T03:18:12.717448+00:00,https://www.inmuebles24.com/casas-o-casa-en-condominio-o-departamentos-en-venta-en-queretaro-provincia-ordenado-por-fechaonline-descendente.html-pagina-21.html
https://www.inmuebles24.com/propiedades/clasificado/veclapin-milenio-3-vendo-departamentos-a-estrenar-3-recamaras-2-150736536.html,2700000,"MN 2,700,000",MXN,venta,Apartamento,Milenio III,Querétaro,Querétaro,109.0,109.0,Publicado hace 7 días,2026-08-06T21:21:39Z,2026-08-14T03:18:12.717448+00:00,https://www.inmuebles24.com/casas-o-casa-en-condominio-o-departamentos-en-venta-en-queretaro-provincia-ordenado-por-fechaonline-descendente.html-pagina-21.html
https://www.inmuebles24.com/propiedades/clasificado/veclapin-venta-casa-tres-recamaras-corregidora-150730167.html,2350000,"MN 2,350,000",MXN,venta,Apartamento,Carlota Hacienda Vanegas,Corregidora,Querétaro,111.0,111.0,Publicado hace 7 días,2026-08-06T05:19:30Z,2026-08-14T03:21:04.792001+00:00,https://www.inmuebles24.com/casas-o-casa-en-condominio-o-departamentos-en-venta-en-queretaro-provincia-ordenado-por-fechaonline-descendente.html-pagina-21.html
https://www.inmuebles24.com/propiedades/clasificado/veclcain-casa-de-arquitecto-en-venta-en-capital-sur-queretaro-150733230.html,3699000,"MN 3,699,000",MXN,venta,Casa,Capital Sur,El Marqués,Querétaro,168.0,107.0,Publicado hace 7 días,2026-08-06T16:52:55Z,2026-08-14T03:21:04.792001+00:00,https://www.inmuebles24.com/casas-o-casa-en-condominio-o-departamentos-en-venta-en-queretaro-provincia-ordenado-por-fechaonline-descendente.html-pagina-21.html
https://www.inmuebles24.com/propiedades/clasificado/veclcain-casa-de-lujo-en-venta-tequisquiapan-queretaro-150734530.html,4350000,"MN 4,350,000",MXN,venta,Casa,Zona Sur Tequisquiapan,Tequisquiapan,Querétaro,184.0,200.0,Publicado hace 7 días,2026-08-06T18:28:28Z,2026-08-14T03:21:04.792001+00:00,https://www.inmuebles24.com/casas-o-casa-en-condominio-o-departamentos-en-venta-en-queretaro-provincia-ordenado-por-fechaonline-descendente.html-pagina-21.html
https://www.inmuebles24.com/propiedades/clasificado/veclcain-casa-de-un-nivel-en-venta-en-fraccionamiento-150738798.html,2800000,"MN 2,800,000",MXN,venta,Casa,Barrio San Juan,Tequisquiapan,Querétaro,119.0,160.0,Publicado hace 7 días,2026-08-07T00:41:20Z,2026-08-14T03:21:04.792001+00:00,https://www.inmuebles24.com/casas-o-casa-en-condominio-o-departamentos-en-venta-en-queretaro-provincia-ordenado-por-fechaonline-descendente.html-pagina-21.html
https://www.inmuebles24.com/propiedades/clasificado/veclcain-casa-en-venta-en-cumbres-del-lago-residencia-hermosa!-150733955.html,5680000,"MN 5,680,000",MXN,venta,Casa,Juriquilla,Querétaro,Querétaro,275.0,264.0,Publicado hace 7 días,2026-08-06T17:39:04Z,2026-08-14T03:21:04.792001+00:00,https://www.inmuebles24.com/casas-o-casa-en-condominio-o-departamentos-en-venta-en-queretaro-provincia-ordenado-por-fechaonline-descendente.html-pagina-21.html
https://www.inmuebles24.com/propiedades/clasificado/veclcain-casa-en-venta-en-el-marques-150730535.html,2600000,"MN 2,600,000",MXN,venta,Casa,El Marqués,Querétaro,Querétaro,115.0,102.0,Publicado hace 7 días,2026-08-06T06:38:09Z,2026-08-14T03:21:04.792001+00:00,https://www.inmuebles24.com/casas-o-casa-en-condominio-o-departamentos-en-venta-en-queretaro-provincia-ordenado-por-fechaonline-descendente.html-pagina-21.html
https://www.inmuebles24.com/propiedades/clasificado/veclcain-casa-en-venta-en-juriquilla-150730887.html,8900000,"MN 8,900,000",MXN,venta,Casa,Juriquilla,Querétaro,Querétaro,373.0,394.0,Publicado hace 7 días,2026-08-06T06:52:41Z,2026-08-14T03:21:04.792001+00:00,https://www.inmuebles24.com/casas-o-casa-en-condominio-o-departamentos-en-venta-en-queretaro-provincia-ordenado-por-fechaonline-descendente.html-pagina-21.html
https://www.inmuebles24.com/propiedades/clasificado/veclcain-casa-en-venta-en-zibata-150730594.html,3300000,"MN 3,300,000",MXN,venta,Casa,Zibatá,El Marqués,Querétaro,115.0,102.0,Publicado hace 7 días,2026-08-06T06:39:48Z,2026-08-14T03:21:04.792001+00:00,https://www.inmuebles24.com/casas-o-casa-en-condominio-o-departamentos-en-venta-en-queretaro-provincia-ordenado-por-fechaonline-descendente.html-pagina-21.html
https://www.inmuebles24.com/propiedades/clasificado/veclcain-casa-en-venta-y-renta-la-canada-juriquilla-una-150733378.html,14700000,"MN 14,700,000",MXN,venta,Casa,Juriquilla,Querétaro,Querétaro,475.0,790.0,Publicado hace 7 días,2026-08-06T16:59:21Z,2026-08-14T03:21:04.792001+00:00,https://www.inmuebles24.com/casas-o-casa-en-condominio-o-departamentos-en-venta-en-queretaro-provincia-ordenado-por-fechaonline-descendente.html-pagina-21.html
https://www.inmuebles24.com/propiedades/clasificado/veclcain-casa-en-venta-y-renta.-vinedos-del-polo.-el-marques-150733090.html,8500000,"MN 8,500,000",MXN,venta,Casa,El Marqués,Querétaro,Querétaro,322.0,400.0,Publicado hace 7 días,2026-08-06T16:43:52Z,2026-08-14T03:21:04.792001+00:00,https://www.inmuebles24.com/casas-o-casa-en-condominio-o-departamentos-en-venta-en-queretaro-provincia-ordenado-por-fechaonline-descendente.html-pagina-21.html
https://www.inmuebles24.com/propiedades/clasificado/veclcain-casa-en-venta-zona-jurica-campestre-3-recamaras-cto.-150733307.html,7200000,"MN 7,200,000",MXN,venta,Casa,Jurica,Querétaro,Querétaro,275.0,556.0,Publicado hace 7 días,2026-08-06T16:55:52Z,2026-08-14T03:23:31.720741+00:00,https://www.inmuebles24.com/casas-o-casa-en-condominio-o-departamentos-en-venta-en-queretaro-provincia-ordenado-por-fechaonline-descendente.html-pagina-21.html
https://www.inmuebles24.com/propiedades/clasificado/veclcain-casa-en-zen-house-ii-con-2-recamaras-id:.-150738592.html,1780000,"MN 1,780,000",MXN,venta,Casa,Zen House II,El Marqués,Querétaro,74.0,74.0,Publicado hace 7 días,2026-08-07T00:13:34Z,2026-08-14T03:23:31.720741+00:00,https://www.inmuebles24.com/casas-o-casa-en-condominio-o-departamentos-en-venta-en-queretaro-provincia-ordenado-por-fechaonline-descendente.html-pagina-21.html
https://www.inmuebles24.com/propiedades/clasificado/veclcain-la-vista-residencial:-casa-en-venta-en-la-vista-150730596.html,5400000,"MN 5,400,000",MXN,venta,Casa,La Vista Residencial,Querétaro,Querétaro,215.0,181.0,Publicado hace 7 días,2026-08-06T06:39:53Z,2026-08-14T03:23:31.720741+00:00,https://www.inmuebles24.com/casas-o-casa-en-condominio-o-departamentos-en-venta-en-queretaro-provincia-ordenado-por-fechaonline-descendente.html-pagina-21.html
https://www.inmuebles24.com/propiedades/clasificado/veclcain-propiedad-ideal-para-inversion-en-tequisquiapan-150737943.html,2500000,"MN 2,500,000",MXN,venta,Casa,Santa Fe,Tequisquiapan,Querétaro,199.0,525.0,Publicado hace 7 días,2026-08-06T23:40:57Z,2026-08-14T03:23:31.720741+00:00,https://www.inmuebles24.com/casas-o-casa-en-condominio-o-departamentos-en-venta-en-queretaro-provincia-ordenado-por-fechaonline-descendente.html-pagina-21.html
https://www.inmuebles24.com/propiedades/clasificado/veclcain-valle-de-juriquilla-vendo-casa-en-privada-con-150733070.html,3599000,"MN 3,599,000",MXN,venta,Casa,Valle de Juriquilla,Querétaro,Querétaro,165.0,128.0,Publicado hace 7 días,2026-08-06T16:41:29Z,2026-08-14T03:23:31.720741+00:00,https://www.inmuebles24.com/casas-o-casa-en-condominio-o-departamentos-en-venta-en-queretaro-provincia-ordenado-por-fechaonline-descendente.html-pagina-21.html
https://www.inmuebles24.com/propiedades/clasificado/veclcain-venta-casa-en-hacienda-juriquilla-santa-fe-ll-150731575.html,4500000,"MN 4,500,000",MXN,venta,Casa,Juriquilla,Querétaro,Querétaro,234.0,150.0,Publicado hace 7 días,2026-08-06T15:17:17Z,2026-08-14T03:23:31.720741+00:00,https://www.inmuebles24.com/casas-o-casa-en-condominio-o-departamentos-en-venta-en-queretaro-provincia-ordenado-por-fechaonline-descendente.html-pagina-21.html
https://www.inmuebles24.com/propiedades/clasificado/veclcain-venta-casa-en-valle-de-juriquilla-cuarto-de-150738836.html,3599000,"MN 3,599,000",MXN,venta,Casa,Valle de Juriquilla,Querétaro,Querétaro,165.0,128.0,Publicado hace 7 días,2026-08-07T00:45:05Z,2026-08-14T03:23:31.720741+00:00,https://www.inmuebles24.com/casas-o-casa-en-condominio-o-departamentos-en-venta-en-queretaro-provincia-ordenado-por-fechaonline-descendente.html-pagina-21.html
https://www.inmuebles24.com/propiedades/clasificado/veclcain-venta-casa-en-valle-de-juriquilla-oportunidad-3-150732218.html,3599000,"MN 3,599,000",MXN,venta,Casa,Valle de Juriquilla,Querétaro,Querétaro,165.0,128.0,Publicado hace 7 días,2026-08-06T15:58:23Z,2026-08-14T03:23:31.720741+00:00,https://www.inmuebles24.com/casas-o-casa-en-condominio-o-departamentos-en-venta-en-queretaro-provincia-ordenado-por-fechaonline-descendente.html-pagina-21.html
https://www.inmuebles24.com/propiedades/clasificado/veclccin--estrena-la-casa-que-siempre-imaginaste-en-capital-150733107.html,3550000,"MN 3,550,000",MXN,venta,Casa en condominio,Capital Sur,El Marqués,Querétaro,170.0,143.0,Publicado hace 7 días,2026-08-06T16:44:27Z,2026-08-14T03:23:31.720741+00:00,https://www.inmuebles24.com/casas-o-casa-en-condominio-o-departamentos-en-venta-en-queretaro-provincia-ordenado-por-fechaonline-descendente.html-pagina-21.html
https://www.inmuebles24.com/propiedades/clasificado/veclccin-casa-de-3-recamaras-y-cuarto-de-servicio-en-venta-en-150735267.html,3599000,"MN 3,599,000",MXN,venta,Casa en condominio,Valle de Juriquilla,Querétaro,Querétaro,165.0,128.0,Publicado hace 7 días,2026-08-06T19:36:01Z,2026-08-14T03:23:31.720741+00:00,https://www.inmuebles24.com/casas-o-casa-en-condominio-o-departamentos-en-venta-en-queretaro-provincia-ordenado-por-fechaonline-descendente.html-pagina-21.html
https://www.inmuebles24.com/propiedades/clasificado/veclccin-casa-en-venta-dentro-de-condominio-en-cumbres-de-150733324.html,5300000,"MN 5,300,000",MXN,venta,Casa en condominio,Juriquilla,Querétaro,Querétaro,209.0,249.0,Publicado hace 7 días,2026-08-06T16:56:15Z,2026-08-14T03:26:07.396556+00:00,https://www.inmuebles24.com/casas-o-casa-en-condominio-o-departamentos-en-venta-en-queretaro-provincia-ordenado-por-fechaonline-descendente.html-pagina-21.html
https://www.inmuebles24.com/propiedades/clasificado/veclccin-casa-en-venta-en-residencial-tejeda-queretaro-150733082.html,3950000,"MN 3,950,000",MXN,venta,Casa en condominio,Tejeda,Corregidora,Querétaro,169.0,250.0,Publicado hace 7 días,2026-08-06T16:42:52Z,2026-08-14T03:26:07.396556+00:00,https://www.inmuebles24.com/casas-o-casa-en-condominio-o-departamentos-en-venta-en-queretaro-provincia-ordenado-por-fechaonline-descendente.html-pagina-21.html
https://www.inmuebles24.com/propiedades/clasificado/veclccin-casa-familiar-en-venta-en-juriquilla-3-recamaras-150730105.html,3700000,"MN 3,700,000",MXN,venta,Casa en condominio,Valle de Juriquilla,Querétaro,Querétaro,165.0,128.0,Publicado hace 7 días,2026-08-06T04:52:45Z,2026-08-14T03:26:07.396556+00:00,https://www.inmuebles24.com/casas-o-casa-en-condominio-o-departamentos-en-venta-en-queretaro-provincia-ordenado-por-fechaonline-descendente.html-pagina-21.html
https://www.inmuebles24.com/propiedades/clasificado/veclccin-cumbres-del-lago:-casa-en-condominio-en-venta-en-150730522.html,5500000,"MN 5,500,000",MXN,venta,Casa en condominio,Juriquilla,Querétaro,Querétaro,280.0,279.0,Publicado hace 7 días,2026-08-06T06:37:40Z,2026-08-14T03:26:07.396556+00:00,https://www.inmuebles24.com/casas-o-casa-en-condominio-o-departamentos-en-venta-en-queretaro-provincia-ordenado-por-fechaonline-descendente.html-pagina-21.html
https://www.inmuebles24.com/propiedades/clasificado/veclapin-departamento-en-venta-en-balcones-coloniales-150730557.html,4000000,"MN 4,000,000",MXN,venta,Apartamento,Balcones Coloniales,Querétaro,Querétaro,134.0,106.0,Publicado hace 7 días,2026-08-06T06:38:12Z,2026-08-14T03:26:07.396556+00:00,https://www.inmuebles24.com/casas-o-casa-en-condominio-o-departamentos-en-venta-en-queretaro-provincia-ordenado-por-fechaonline-descendente.html-pagina-22.html
https://www.inmuebles24.com/propiedades/clasificado/veclapin-departamento-en-venta-en-el-campanario-150730599.html,6084636,"MN 6,084,636",MXN,venta,Apartamento,El Campanario,Querétaro,Querétaro,136.0,136.0,Publicado hace 7 días,2026-08-06T06:40:01Z,2026-08-14T03:26:07.396556+00:00,https://www.inmuebles24.com/casas-o-casa-en-condominio-o-departamentos-en-venta-en-queretaro-provincia-ordenado-por-fechaonline-descendente.html-pagina-22.html
https://www.inmuebles24.com/propiedades/clasificado/veclapin-departamento-en-venta-en-fraccionamiento-ciudad-del-150730559.html,1696000,"MN 1,696,000",MXN,venta,Apartamento,,Querétaro,Querétaro,76.0,76.0,Publicado hace 7 días,2026-08-06T06:38:15Z,2026-08-14T03:26:07.396556+00:00,https://www.inmuebles24.com/casas-o-casa-en-condominio-o-departamentos-en-venta-en-queretaro-provincia-ordenado-por-fechaonline-descendente.html-pagina-22.html
https://www.inmuebles24.com/propiedades/clasificado/veclapin-departamento-entre-el-refugio-y-zibata-amenidades-150735163.html,2335000,"MN 2,335,000",MXN,venta,Apartamento,Zibatá,El Marqués,Querétaro,88.0,88.0,Publicado hace 7 días,2026-08-06T19:27:36Z,2026-08-14T03:26:07.396556+00:00,https://www.inmuebles24.com/casas-o-casa-en-condominio-o-departamentos-en-venta-en-queretaro-provincia-ordenado-por-fechaonline-descendente.html-pagina-22.html
https://www.inmuebles24.com/propiedades/clasificado/veclapin-latitud-la-victoria:-departamento-en-venta-en-mercurio-150730528.html,3064000,"MN 3,064,000",MXN,venta,Apartamento,Mercurio,Querétaro,Querétaro,82.0,82.0,Publicado hace 7 días,2026-08-06T06:37:56Z,2026-08-14T03:26:07.396556+00:00,https://www.inmuebles24.com/casas-o-casa-en-condominio-o-departamentos-en-venta-en-queretaro-provincia-ordenado-por-fechaonline-descendente.html-pagina-22.html
https://www.inmuebles24.com/propiedades/clasificado/veclapin-latitud-la-victoria:-departamento-en-venta-en-mercurio-150730530.html,4860446,"MN 4,860,446",MXN,venta,Apartamento,Mercurio,Querétaro,Querétaro,141.0,141.0,Publicado hace 7 días,2026-08-06T06:37:58Z,2026-08-14T03:26:07.396556+00:00,https://www.inmuebles24.com/casas-o-casa-en-condominio-o-departamentos-en-venta-en-queretaro-provincia-ordenado-por-fechaonline-descendente.html-pagina-22.html
https://www.inmuebles24.com/propiedades/clasificado/veclapin-townhouse-en-proyecto-de-arquitecto-en-venta-con-3-150735178.html,4148302,"MN 4,148,302",MXN,venta,Apartamento,Juriquilla,Querétaro,Querétaro,154.0,154.0,Publicado hace 7 días,2026-08-06T19:28:25Z,2026-08-14T03:28:46.793252+00:00,https://www.inmuebles24.com/casas-o-casa-en-condominio-o-departamentos-en-venta-en-queretaro-provincia-ordenado-por-fechaonline-descendente.html-pagina-22.html
https://www.inmuebles24.com/propiedades/clasificado/veclapin-venta-departamento-en-real-solare-planta-baja-2-150732801.html,1100000,"MN 1,100,000",MXN,venta,Apartamento,,El Marqués,Querétaro,56.0,56.0,Publicado hace 7 días,2026-08-06T16:27:53Z,2026-08-14T03:28:46.793252+00:00,https://www.inmuebles24.com/casas-o-casa-en-condominio-o-departamentos-en-venta-en-queretaro-provincia-ordenado-por-fechaonline-descendente.html-pagina-22.html
https://www.inmuebles24.com/propiedades/clasificado/veclcain-amplia-casa-en-venta-en-bio-grand-juriquilla-a-150739696.html,6380000,"MN 6,380,000",MXN,venta,Casa,Juriquilla,Querétaro,Querétaro,317.0,250.0,Publicado hace 7 días,2026-08-07T03:13:18Z,2026-08-14T03:28:46.793252+00:00,https://www.inmuebles24.com/casas-o-casa-en-condominio-o-departamentos-en-venta-en-queretaro-provincia-ordenado-por-fechaonline-descendente.html-pagina-22.html
https://www.inmuebles24.com/propiedades/clasificado/veclcain-casa-de-arquitecto-en-proyecto-en-venta-con-3hab-3-150735312.html,2850000,"MN 2,850,000",MXN,venta,Casa,Capital Sur,El Marqués,Querétaro,125.0,110.0,Publicado hace 7 días,2026-08-06T19:39:41Z,2026-08-14T03:28:46.793252+00:00,https://www.inmuebles24.com/casas-o-casa-en-condominio-o-departamentos-en-venta-en-queretaro-provincia-ordenado-por-fechaonline-descendente.html-pagina-22.html
https://www.inmuebles24.com/propiedades/clasificado/veclcain-casa-de-un-nivel-en-venta-en-fraccionamiento-150737901.html,2575000,"MN 2,575,000",MXN,venta,Casa,Barrio San Juan,Tequisquiapan,Querétaro,115.0,160.0,Publicado hace 7 días,2026-08-06T23:36:32Z,2026-08-14T03:28:46.793252+00:00,https://www.inmuebles24.com/casas-o-casa-en-condominio-o-departamentos-en-venta-en-queretaro-provincia-ordenado-por-fechaonline-descendente.html-pagina-22.html
https://www.inmuebles24.com/propiedades/clasificado/veclcain-casa-en-venta-el-pedregal-de-queretaro-150730198.html,7500000,"MN 7,500,000",MXN,venta,Casa,Fraccionamiento El Pedregal de Querétaro,Querétaro,Querétaro,350.0,297.0,Publicado hace 7 días,2026-08-06T05:35:15Z,2026-08-14T03:28:46.793252+00:00,https://www.inmuebles24.com/casas-o-casa-en-condominio-o-departamentos-en-venta-en-queretaro-provincia-ordenado-por-fechaonline-descendente.html-pagina-22.html
https://www.inmuebles24.com/propiedades/clasificado/veclcain-casa-en-venta-en-altozano-queretaro-qro.-150738753.html,5500000,"MN 5,500,000",MXN,venta,Casa,Altozano el Nuevo Querétaro,Querétaro,Querétaro,180.0,220.0,Publicado hace 7 días,2026-08-07T00:34:24Z,2026-08-14T03:28:46.793252+00:00,https://www.inmuebles24.com/casas-o-casa-en-condominio-o-departamentos-en-venta-en-queretaro-provincia-ordenado-por-fechaonline-descendente.html-pagina-22.html
https://www.inmuebles24.com/propiedades/clasificado/veclcain-casa-en-venta-en-balvanera-golf-polo-country-club-150733547.html,11000000,"MN 11,000,000",MXN,venta,Casa,Club de golf Balvanera Polo y Country Club,Corregidora,Querétaro,325.0,476.0,Publicado hace 7 días,2026-08-06T17:08:34Z,2026-08-14T03:28:46.793252+00:00,https://www.inmuebles24.com/casas-o-casa-en-condominio-o-departamentos-en-venta-en-queretaro-provincia-ordenado-por-fechaonline-descendente.html-pagina-22.html
https://www.inmuebles24.com/propiedades/clasificado/veclcain-casa-en-venta-en-ejido-bolanos-150730571.html,2300000,"MN 2,300,000",MXN,venta,Casa,El Campanario,Querétaro,Querétaro,200.0,376.0,Publicado hace 7 días,2026-08-06T06:38:45Z,2026-08-14T03:28:46.793252+00:00,https://www.inmuebles24.com/casas-o-casa-en-condominio-o-departamentos-en-venta-en-queretaro-provincia-ordenado-por-fechaonline-descendente.html-pagina-22.html
https://www.inmuebles24.com/propiedades/clasificado/veclcain-casa-en-venta-en-lomas-del-valle-santiago-de-150736672.html,2850000,"MN 2,850,000",MXN,venta,Casa,Lomas del Valle,Querétaro,Querétaro,180.0,105.0,Publicado hace 7 días,2026-08-06T21:32:33Z,2026-08-14T03:28:46.793252+00:00,https://www.inmuebles24.com/casas-o-casa-en-condominio-o-departamentos-en-venta-en-queretaro-provincia-ordenado-por-fechaonline-descendente.html-pagina-22.html
https://www.inmuebles24.com/propiedades/clasificado/veclcain-casa-en-venta-en-residencial-tejeda-queretaro-150737129.html,3950000,"MN 3,950,000",MXN,venta,Casa,Tejeda,Corregidora,Querétaro,169.0,250.0,Publicado hace 7 días,2026-08-06T22:09:29Z,2026-08-14T03:31:03.237339+00:00,https://www.inmuebles24.com/casas-o-casa-en-condominio-o-departamentos-en-venta-en-queretaro-provincia-ordenado-por-fechaonline-descendente.html-pagina-22.html
https://www.inmuebles24.com/propiedades/clasificado/veclcain-casa-en-venta-en-rincones-el-marques-150730560.html,1925000,"MN 1,925,000",MXN,venta,Casa,Rincones el Marqués,El Marqués,Querétaro,98.0,90.0,Publicado hace 7 días,2026-08-06T06:38:18Z,2026-08-14T03:31:03.237339+00:00,https://www.inmuebles24.com/casas-o-casa-en-condominio-o-departamentos-en-venta-en-queretaro-provincia-ordenado-por-fechaonline-descendente.html-pagina-22.html
https://www.inmuebles24.com/propiedades/clasificado/veclcain-casa-en-venta-en-zakia-queretaro.-150737500.html,3119040,"MN 3,119,040",MXN,venta,Casa,Zákia,El Marqués,Querétaro,136.0,140.0,Publicado hace 7 días,2026-08-06T22:52:14Z,2026-08-14T03:31:03.237339+00:00,https://www.inmuebles24.com/casas-o-casa-en-condominio-o-departamentos-en-venta-en-queretaro-provincia-ordenado-por-fechaonline-descendente.html-pagina-22.html
https://www.inmuebles24.com/propiedades/clasificado/veclcain-casa-en-venta-valle-de-juriquilla-150733705.html,3599000,"MN 3,599,000",MXN,venta,Casa,Valle de Juriquilla,Querétaro,Querétaro,165.0,128.0,Publicado hace 7 días,2026-08-06T17:21:23Z,2026-08-14T03:31:03.237339+00:00,https://www.inmuebles24.com/casas-o-casa-en-condominio-o-departamentos-en-venta-en-queretaro-provincia-ordenado-por-fechaonline-descendente.html-pagina-22.html
https://www.inmuebles24.com/propiedades/clasificado/veclcain-casa-venta-cumbres-del-cimatario-4-150739642.html,9000000,"MN 9,000,000",MXN,venta,Casa,Cumbres del Cimatario,Huimilpan,Querétaro,350.0,300.0,Publicado hace 7 días,2026-08-07T03:10:51Z,2026-08-14T03:31:03.237339+00:00,https://www.inmuebles24.com/casas-o-casa-en-condominio-o-departamentos-en-venta-en-queretaro-provincia-ordenado-por-fechaonline-descendente.html-pagina-22.html
https://www.inmuebles24.com/propiedades/clasificado/veclcain-casa-venta-jurica-regency-4-150739641.html,17900000,"MN 17,900,000",MXN,venta,Casa,Jurica,Querétaro,Querétaro,500.0,760.0,Publicado hace 7 días,2026-08-07T03:10:51Z,2026-08-14T03:31:03.237339+00:00,https://www.inmuebles24.com/casas-o-casa-en-condominio-o-departamentos-en-venta-en-queretaro-provincia-ordenado-por-fechaonline-descendente.html-pagina-22.html
https://www.inmuebles24.com/propiedades/clasificado/veclcain-casas-en-venta-en-fraccionamiento-residencial-150737668.html,2020000,"MN 2,020,000",MXN,venta,Casa,Centro,Cadereyta de Montes,Querétaro,125.0,135.0,Publicado hace 7 días,2026-08-06T23:13:14Z,2026-08-14T03:31:03.237339+00:00,https://www.inmuebles24.com/casas-o-casa-en-condominio-o-departamentos-en-venta-en-queretaro-provincia-ordenado-por-fechaonline-descendente.html-pagina-22.html
https://www.inmuebles24.com/propiedades/clasificado/veclcain-colinas-de-juriquilla-casa-en-venta-en-privada-con-150733366.html,5999998,"MN 5,999,998",MXN,venta,Casa,Juriquilla,Querétaro,Querétaro,285.0,215.0,Publicado hace 7 días,2026-08-06T16:58:29Z,2026-08-14T03:31:03.237339+00:00,https://www.inmuebles24.com/casas-o-casa-en-condominio-o-departamentos-en-venta-en-queretaro-provincia-ordenado-por-fechaonline-descendente.html-pagina-22.html
https://www.inmuebles24.com/propiedades/clasificado/veclcain-vende-casa-en-valle-de-juriquilla-oportunidad-3-150731554.html,3599000,"MN 3,599,000",MXN,venta,Casa,Valle de Juriquilla,Querétaro,Querétaro,165.0,128.0,Publicado hace 7 días,2026-08-06T15:12:28Z,2026-08-14T03:31:03.237339+00:00,https://www.inmuebles24.com/casas-o-casa-en-condominio-o-departamentos-en-venta-en-queretaro-provincia-ordenado-por-fechaonline-descendente.html-pagina-22.html
https://www.inmuebles24.com/propiedades/clasificado/veclcain-zakia:-casa-en-venta-en-el-marques-150730563.html,3300000,"MN 3,300,000",MXN,venta,Casa,Zibatá,El Marqués,Querétaro,143.0,119.0,Publicado hace 7 días,2026-08-06T06:38:26Z,2026-08-14T03:31:03.237339+00:00,https://www.inmuebles24.com/casas-o-casa-en-condominio-o-departamentos-en-venta-en-queretaro-provincia-ordenado-por-fechaonline-descendente.html-pagina-22.html
https://www.inmuebles24.com/propiedades/clasificado/veclccin-casa-en-venta-en-juriquilla-cuarto-de-servicio-150733888.html,3599000,"MN 3,599,000",MXN,venta,Casa en condominio,Valle de Juriquilla,Querétaro,Querétaro,165.0,128.0,Publicado hace 7 días,2026-08-06T17:33:21Z,2026-08-14T03:33:19.610843+00:00,https://www.inmuebles24.com/casas-o-casa-en-condominio-o-departamentos-en-venta-en-queretaro-provincia-ordenado-por-fechaonline-descendente.html-pagina-22.html
https://www.inmuebles24.com/propiedades/clasificado/veclccin-casa-en-venta-en-residencial-nuevo-refugio-con-150733340.html,7910000,"MN 7,910,000",MXN,venta,Casa en condominio,Nuevo Refugio,Querétaro,Querétaro,319.0,183.0,Publicado hace 7 días,2026-08-06T16:57:26Z,2026-08-14T03:33:19.610843+00:00,https://www.inmuebles24.com/casas-o-casa-en-condominio-o-departamentos-en-venta-en-queretaro-provincia-ordenado-por-fechaonline-descendente.html-pagina-22.html
https://www.inmuebles24.com/propiedades/clasificado/veclccin-casa-en-venta-en-santa-fe-con-recamara-en-planta-baja-150733346.html,4850000,"MN 4,850,000",MXN,venta,Casa en condominio,Juriquilla,Querétaro,Querétaro,219.0,168.0,Publicado hace 7 días,2026-08-06T16:57:57Z,2026-08-14T03:33:19.610843+00:00,https://www.inmuebles24.com/casas-o-casa-en-condominio-o-departamentos-en-venta-en-queretaro-provincia-ordenado-por-fechaonline-descendente.html-pagina-22.html
https://www.inmuebles24.com/propiedades/clasificado/veclccin-casa-en-venta-en-zibata-con-recamara-en-planta-baja.-150733331.html,4780000,"MN 4,780,000",MXN,venta,Casa en condominio,Zibatá,El Marqués,Querétaro,194.0,229.0,Publicado hace 7 días,2026-08-06T16:56:50Z,2026-08-14T03:33:19.610843+00:00,https://www.inmuebles24.com/casas-o-casa-en-condominio-o-departamentos-en-venta-en-queretaro-provincia-ordenado-por-fechaonline-descendente.html-pagina-22.html
https://www.inmuebles24.com/propiedades/clasificado/veclapin-departamento-de-107-m-sup2--con-3-recamaras-en-venta-150734334.html,2600000,"MN 2,600,000",MXN,venta,Apartamento,,Corregidora,Querétaro,107.0,107.0,Publicado hace 7 días,2026-08-06T18:11:37Z,2026-08-14T03:33:19.610843+00:00,https://www.inmuebles24.com/casas-o-casa-en-condominio-o-departamentos-en-venta-en-queretaro-provincia-ordenado-por-fechaonline-descendente.html-pagina-23.html
https://www.inmuebles24.com/propiedades/clasificado/veclapin-departamento-de-56-m-sup2--con-2-recamaras-en-venta-en-150734073.html,1100000,"MN 1,100,000",MXN,venta,Apartamento,,El Marqués,Querétaro,56.0,56.0,Publicado hace 7 días,2026-08-06T17:47:43Z,2026-08-14T03:33:19.610843+00:00,https://www.inmuebles24.com/casas-o-casa-en-condominio-o-departamentos-en-venta-en-queretaro-provincia-ordenado-por-fechaonline-descendente.html-pagina-23.html
https://www.inmuebles24.com/propiedades/clasificado/veclapin-departamento-en-venta-en-las-fuentes-150730532.html,2808000,"MN 2,808,000",MXN,venta,Apartamento,Las Fuentes,Querétaro,Querétaro,90.0,90.0,Publicado hace 7 días,2026-08-06T06:38:01Z,2026-08-14T03:33:19.610843+00:00,https://www.inmuebles24.com/casas-o-casa-en-condominio-o-departamentos-en-venta-en-queretaro-provincia-ordenado-por-fechaonline-descendente.html-pagina-23.html
https://www.inmuebles24.com/propiedades/clasificado/veclapin-departamentos-nuevos-desde-$1-211-000-cerca-de-150737208.html,1211000,"MN 1,211,000",MXN,venta,Apartamento,Fraccionamiento Paseos de San Miguel,Querétaro,Querétaro,57.0,57.0,Publicado hace 7 días,2026-08-06T22:19:33Z,2026-08-14T03:33:19.610843+00:00,https://www.inmuebles24.com/casas-o-casa-en-condominio-o-departamentos-en-venta-en-queretaro-provincia-ordenado-por-fechaonline-descendente.html-pagina-23.html
https://www.inmuebles24.com/propiedades/clasificado/veclapin-milenio-3-vendo-amplio-departamento-con-vista-a-la-150735935.html,4890000,"MN 4,890,000",MXN,venta,Apartamento,Milenio III,Querétaro,Querétaro,171.0,171.0,Publicado hace 7 días,2026-08-06T20:23:13Z,2026-08-14T03:33:19.610843+00:00,https://www.inmuebles24.com/casas-o-casa-en-condominio-o-departamentos-en-venta-en-queretaro-provincia-ordenado-por-fechaonline-descendente.html-pagina-23.html
https://www.inmuebles24.com/propiedades/clasificado/veclapin-venta-departamento-doble-altura-y-tapanco-milenio-150735165.html,3100000,"MN 3,100,000",MXN,venta,Apartamento,Milenio III,Querétaro,Querétaro,136.0,136.0,Publicado hace 7 días,2026-08-06T19:27:58Z,2026-08-14T03:33:19.610843+00:00,https://www.inmuebles24.com/casas-o-casa-en-condominio-o-departamentos-en-venta-en-queretaro-provincia-ordenado-por-fechaonline-descendente.html-pagina-23.html
https://www.inmuebles24.com/propiedades/clasificado/veclapin-venta-departamento-en-milenio-queretaro-alberca-150730411.html,2700000,"MN 2,700,000",MXN,venta,Apartamento,Milenio III,Querétaro,Querétaro,109.0,109.0,Publicado hace 7 días,2026-08-06T06:28:41Z,2026-08-14T03:35:49.893872+00:00,https://www.inmuebles24.com/casas-o-casa-en-condominio-o-departamentos-en-venta-en-queretaro-provincia-ordenado-por-fechaonline-descendente.html-pagina-23.html
https://www.inmuebles24.com/propiedades/clasificado/veclappa-departamento-en-venta-en-paseos-del-bosque-2-150737380.html,1695000,"MN 1,695,000",MXN,venta,Apartamento,Paseos del Bosque,Corregidora,Querétaro,95.0,95.0,Publicado hace 7 días,2026-08-06T22:39:40Z,2026-08-14T03:35:49.893872+00:00,https://www.inmuebles24.com/casas-o-casa-en-condominio-o-departamentos-en-venta-en-queretaro-provincia-ordenado-por-fechaonline-descendente.html-pagina-23.html
https://www.inmuebles24.com/propiedades/clasificado/veclcain-casa-codominio-zen-life-residencial-ii-150733338.html,7900000,"MN 7,900,000",MXN,venta,Casa,,El Marqués,Querétaro,380.0,233.0,Publicado hace 7 días,2026-08-06T16:57:26Z,2026-08-14T03:35:49.893872+00:00,https://www.inmuebles24.com/casas-o-casa-en-condominio-o-departamentos-en-venta-en-queretaro-provincia-ordenado-por-fechaonline-descendente.html-pagina-23.html
https://www.inmuebles24.com/propiedades/clasificado/veclcain-casa-de-128-m-sup2--con-3-recamaras-en-venta-en-valle-150733863.html,3599000,"MN 3,599,000",MXN,venta,Casa,Valle de Juriquilla,Querétaro,Querétaro,165.0,128.0,Publicado hace 7 días,2026-08-06T17:32:04Z,2026-08-14T03:35:49.893872+00:00,https://www.inmuebles24.com/casas-o-casa-en-condominio-o-departamentos-en-venta-en-queretaro-provincia-ordenado-por-fechaonline-descendente.html-pagina-23.html
https://www.inmuebles24.com/propiedades/clasificado/veclcain-casa-en-residencial-el-refugio-150736676.html,3100000,"MN 3,100,000",MXN,venta,Casa,Residencial El Refugio,Querétaro,Querétaro,148.0,129.0,Publicado hace 7 días,2026-08-06T21:33:10Z,2026-08-14T03:35:49.893872+00:00,https://www.inmuebles24.com/casas-o-casa-en-condominio-o-departamentos-en-venta-en-queretaro-provincia-ordenado-por-fechaonline-descendente.html-pagina-23.html
https://www.inmuebles24.com/propiedades/clasificado/veclcain-casa-en-venta-con-sotano-$5-390-000-zibata-cerca-de-la-150734119.html,5390000,"MN 5,390,000",MXN,venta,Casa,Zibatá,El Marqués,Querétaro,146.0,146.0,Publicado hace 7 días,2026-08-06T17:50:34Z,2026-08-14T03:35:49.893872+00:00,https://www.inmuebles24.com/casas-o-casa-en-condominio-o-departamentos-en-venta-en-queretaro-provincia-ordenado-por-fechaonline-descendente.html-pagina-23.html
https://www.inmuebles24.com/propiedades/clasificado/veclcain-casa-en-venta-de-un-nivel-con-amplio-terreno-en-150737990.html,2790000,"MN 2,790,000",MXN,venta,Casa,Rancho o rancheria Santa María del Camino,Tequisquiapan,Querétaro,150.0,260.0,Publicado hace 7 días,2026-08-06T23:45:57Z,2026-08-14T03:35:49.893872+00:00,https://www.inmuebles24.com/casas-o-casa-en-condominio-o-departamentos-en-venta-en-queretaro-provincia-ordenado-por-fechaonline-descendente.html-pagina-23.html
https://www.inmuebles24.com/propiedades/clasificado/veclcain-casa-en-venta-en-arboledas-del-parque-en-esquina-150737772.html,5650000,"MN 5,650,000",MXN,venta,Casa,Arboledas del Parque,Querétaro,Querétaro,305.0,237.0,Publicado hace 7 días,2026-08-06T23:24:17Z,2026-08-14T03:35:49.893872+00:00,https://www.inmuebles24.com/casas-o-casa-en-condominio-o-departamentos-en-venta-en-queretaro-provincia-ordenado-por-fechaonline-descendente.html-pagina-23.html
https://www.inmuebles24.com/propiedades/clasificado/veclcain-casa-en-venta-en-juriquilla-cumbres-del-lago-150735747.html,5900000,"MN 5,900,000",MXN,venta,Casa,Fraccionamiento Cumbres del Lago,Querétaro,Querétaro,290.0,258.0,Publicado hace 7 días,2026-08-06T20:09:02Z,2026-08-14T03:35:49.893872+00:00,https://www.inmuebles24.com/casas-o-casa-en-condominio-o-departamentos-en-venta-en-queretaro-provincia-ordenado-por-fechaonline-descendente.html-pagina-23.html
https://www.inmuebles24.com/propiedades/clasificado/veclcain-casa-en-venta-en-san-francisco-juriquilla-amplio-150733328.html,7950000,"MN 7,950,000",MXN,venta,Casa,Juriquilla,Querétaro,Querétaro,289.0,441.0,Publicado hace 7 días,2026-08-06T16:56:33Z,2026-08-14T03:35:49.893872+00:00,https://www.inmuebles24.com/casas-o-casa-en-condominio-o-departamentos-en-venta-en-queretaro-provincia-ordenado-por-fechaonline-descendente.html-pagina-23.html
https://www.inmuebles24.com/propiedades/clasificado/veclcain-casa-en-venta-lomas-juriquilla-opcion-a-la-4ta-150734889.html,7200000,"MN 7,200,000",MXN,venta,Casa,Juriquilla,Querétaro,Querétaro,323.0,258.0,Publicado hace 7 días,2026-08-06T18:55:08Z,2026-08-14T03:37:51.043676+00:00,https://www.inmuebles24.com/casas-o-casa-en-condominio-o-departamentos-en-venta-en-queretaro-provincia-ordenado-por-fechaonline-descendente.html-pagina-23.html
https://www.inmuebles24.com/propiedades/clasificado/veclcain-casa-nueva-de-autor-en-venta-en-bernal-con-amplio-150731465.html,17500000,"MN 17,500,000",MXN,venta,Casa,Bernal,Ezequiel Montes,Querétaro,522.0,4320.0,Publicado hace 7 días,2026-08-06T14:50:08Z,2026-08-14T03:37:51.043676+00:00,https://www.inmuebles24.com/casas-o-casa-en-condominio-o-departamentos-en-venta-en-queretaro-provincia-ordenado-por-fechaonline-descendente.html-pagina-23.html
https://www.inmuebles24.com/propiedades/clasificado/veclcain-casas-en-venta-de-un-piso-con-excelente-ubicacion-150737778.html,2380000,"MN 2,380,000",MXN,venta,Casa,Barrio San Juan,Tequisquiapan,Querétaro,70.0,105.0,Publicado hace 7 días,2026-08-06T23:25:20Z,2026-08-14T03:37:51.043676+00:00,https://www.inmuebles24.com/casas-o-casa-en-condominio-o-departamentos-en-venta-en-queretaro-provincia-ordenado-por-fechaonline-descendente.html-pagina-23.html
https://www.inmuebles24.com/propiedades/clasificado/veclcain-hermosa-casa-en-venta-alamos-1ra-seccion-150730966.html,12670000,"MN 12,670,000",MXN,venta,Casa,Alamos 1a Sección,Querétaro,Querétaro,432.0,390.0,Publicado hace 7 días,2026-08-06T07:00:50Z,2026-08-14T03:37:51.043676+00:00,https://www.inmuebles24.com/casas-o-casa-en-condominio-o-departamentos-en-venta-en-queretaro-provincia-ordenado-por-fechaonline-descendente.html-pagina-23.html
https://www.inmuebles24.com/propiedades/clasificado/veclcain-la-vista-residencial:-casa-en-venta-en-la-vista-150730597.html,4200000,"MN 4,200,000",MXN,venta,Casa,La Vista Residencial,Querétaro,Querétaro,151.0,137.0,Publicado hace 7 días,2026-08-06T06:39:56Z,2026-08-14T03:37:51.043676+00:00,https://www.inmuebles24.com/casas-o-casa-en-condominio-o-departamentos-en-venta-en-queretaro-provincia-ordenado-por-fechaonline-descendente.html-pagina-23.html
https://www.inmuebles24.com/propiedades/clasificado/veclcain-la-vista-residencial:-casa-en-venta-en-la-vista-150730598.html,4850000,"MN 4,850,000",MXN,venta,Casa,La Vista Residencial,Querétaro,Querétaro,197.0,137.0,Publicado hace 7 días,2026-08-06T06:39:58Z,2026-08-14T03:37:51.043676+00:00,https://www.inmuebles24.com/casas-o-casa-en-condominio-o-departamentos-en-venta-en-queretaro-provincia-ordenado-por-fechaonline-descendente.html-pagina-23.html
https://www.inmuebles24.com/propiedades/clasificado/veclcain-nuevo-refugio:-casa-en-venta-en-fraccionamiento-150730534.html,4000000,"MN 4,000,000",MXN,venta,Casa,,Querétaro,Querétaro,200.0,160.0,Publicado hace 7 días,2026-08-06T06:38:06Z,2026-08-14T03:37:51.043676+00:00,https://www.inmuebles24.com/casas-o-casa-en-condominio-o-departamentos-en-venta-en-queretaro-provincia-ordenado-por-fechaonline-descendente.html-pagina-23.html
https://www.inmuebles24.com/propiedades/clasificado/veclcapa-casa-en-venta-en-cumbres-de-juriquilla-queretaro-150739085.html,3400000,"MN 3,400,000",MXN,venta,Casa,Juriquilla,Querétaro,Querétaro,122.0,220.0,Publicado hace 7 días,2026-08-07T01:23:13Z,2026-08-14T03:37:51.043676+00:00,https://www.inmuebles24.com/casas-o-casa-en-condominio-o-departamentos-en-venta-en-queretaro-provincia-ordenado-por-fechaonline-descendente.html-pagina-23.html
https://www.inmuebles24.com/propiedades/clasificado/veclccin-casa-en-condominio-en-venta-en-sonterra-150730065.html,2200000,"MN 2,200,000",MXN,venta,Casa en condominio,Fraccionamiento Sonterra,Querétaro,Querétaro,,,Publicado hace 7 días,2026-08-06T04:41:01Z,2026-08-14T03:37:51.043676+00:00,https://www.inmuebles24.com/casas-o-casa-en-condominio-o-departamentos-en-venta-en-queretaro-provincia-ordenado-por-fechaonline-descendente.html-pagina-23.html
https://www.inmuebles24.com/propiedades/clasificado/veclccin-casa-en-venta-en-ciudad-meseta-con-doble-altura-y-3-150731840.html,2750000,"MN 2,750,000",MXN,venta,Casa en condominio,Fraccionamiento Sonterra,Querétaro,Querétaro,135.0,120.0,Publicado hace 7 días,2026-08-06T15:44:02Z,2026-08-14T03:37:51.043676+00:00,https://www.inmuebles24.com/casas-o-casa-en-condominio-o-departamentos-en-venta-en-queretaro-provincia-ordenado-por-fechaonline-descendente.html-pagina-23.html
https://www.inmuebles24.com/propiedades/clasificado/veclccin-casa-nueva-en-venta-en-altozano-3-recamaras-con-bano-150734159.html,6100000,"MN 6,100,000",MXN,venta,Casa en condominio,Altozano el Nuevo Querétaro,Querétaro,Querétaro,252.0,180.0,Publicado hace 7 días,2026-08-06T17:54:16Z,2026-08-14T03:40:29.976770+00:00,https://www.inmuebles24.com/casas-o-casa-en-condominio-o-departamentos-en-venta-en-queretaro-provincia-ordenado-por-fechaonline-descendente.html-pagina-23.html
https://www.inmuebles24.com/propiedades/clasificado/veclccin-hermosa-casa-nueva-en-venta-nuevo-refugio-150737593.html,4000000,"MN 4,000,000",MXN,venta,Casa en condominio,Nuevo Refugio,Querétaro,Querétaro,200.0,160.0,Publicado hace 7 días,2026-08-06T23:02:27Z,2026-08-14T03:40:29.976770+00:00,https://www.inmuebles24.com/casas-o-casa-en-condominio-o-departamentos-en-venta-en-queretaro-provincia-ordenado-por-fechaonline-descendente.html-pagina-23.html
https://www.inmuebles24.com/propiedades/clasificado/veclccpa--casa-en-venta-con-roof-garden-en-zibata-el-marques-150737514.html,3800000,"MN 3,800,000",MXN,venta,Casa en condominio,Zibatá,El Marqués,Querétaro,181.0,176.0,Publicado hace 7 días,2026-08-06T22:54:29Z,2026-08-14T03:40:29.976770+00:00,https://www.inmuebles24.com/casas-o-casa-en-condominio-o-departamentos-en-venta-en-queretaro-provincia-ordenado-por-fechaonline-descendente.html-pagina-23.html
https://www.inmuebles24.com/propiedades/clasificado/veclccpa-maravillosa-casa-en-juriquilla-150299516.html,6250000,"MN 6,250,000",MXN,venta,Casa en condominio,Valle de Juriquilla,Querétaro,Querétaro,238.0,180.0,Publicado hace 7 días,2026-06-23T18:58:21Z,2026-08-14T03:40:29.976770+00:00,https://www.inmuebles24.com/casas-o-casa-en-condominio-o-departamentos-en-venta-en-queretaro-provincia-ordenado-por-fechaonline-descendente.html-pagina-23.html
https://www.inmuebles24.com/propiedades/clasificado/veclapin-departamento-de-lujo-en-venta-milenio-iii-altinum-150724126.html,4980000,"MN 4,980,000",MXN,venta,Apartamento,Milenio III,Querétaro,Querétaro,171.0,171.0,Publicado hace 8 días,2026-08-05T19:10:46Z,2026-08-14T03:40:29.976770+00:00,https://www.inmuebles24.com/casas-o-casa-en-condominio-o-departamentos-en-venta-en-queretaro-provincia-ordenado-por-fechaonline-descendente.html-pagina-24.html
https://www.inmuebles24.com/propiedades/clasificado/veclcain-casa-de-una-planta-en-condominio-privadoa-solo-5-150728642.html,1650000,"MN 1,650,000",MXN,venta,Casa,Desarrollo San Pablo,Querétaro,Querétaro,60.0,108.0,Publicado hace 8 días,2026-08-06T01:15:42Z,2026-08-14T03:40:29.976770+00:00,https://www.inmuebles24.com/casas-o-casa-en-condominio-o-departamentos-en-venta-en-queretaro-provincia-ordenado-por-fechaonline-descendente.html-pagina-24.html
https://www.inmuebles24.com/propiedades/clasificado/veclcain-casa-en-renta-en-balvanera-150738046.html,20000000,"MN 20,000,000",MXN,venta,Casa,Club de golf Balvanera Polo y Country Club,Corregidora,Querétaro,750.0,1400.0,Publicado hace 7 días,2026-08-06T23:51:11Z,2026-08-14T03:40:29.976770+00:00,https://www.inmuebles24.com/casas-o-casa-en-condominio-o-departamentos-en-venta-en-queretaro-provincia-ordenado-por-fechaonline-descendente.html-pagina-24.html
https://www.inmuebles24.com/propiedades/clasificado/veclcain-casa-en-venta-en-alamos-segunda-seccion-4-recamaras-150723319.html,6400000,"MN 6,400,000",MXN,venta,Casa,Alamos 2a Sección,Querétaro,Querétaro,304.0,250.0,Publicado hace 8 días,2026-08-05T18:33:25Z,2026-08-14T03:40:29.976770+00:00,https://www.inmuebles24.com/casas-o-casa-en-condominio-o-departamentos-en-venta-en-queretaro-provincia-ordenado-por-fechaonline-descendente.html-pagina-24.html
https://www.inmuebles24.com/propiedades/clasificado/veclcain-casa-en-venta-en-altos-juriquilla-dentro-de-150724833.html,7210000,"MN 7,210,000",MXN,venta,Casa,Juriquilla,Querétaro,Querétaro,325.0,172.0,Publicado hace 8 días,2026-08-05T19:27:54Z,2026-08-14T03:40:29.976770+00:00,https://www.inmuebles24.com/casas-o-casa-en-condominio-o-departamentos-en-venta-en-queretaro-provincia-ordenado-por-fechaonline-descendente.html-pagina-24.html
https://www.inmuebles24.com/propiedades/clasificado/veclcain-casa-en-venta-en-altozano-dentro-de-condominio-niebla-150724257.html,7810000,"MN 7,810,000",MXN,venta,Casa,Juriquilla,Querétaro,Querétaro,280.0,200.0,Publicado hace 8 días,2026-08-05T19:12:33Z,2026-08-14T03:40:29.976770+00:00,https://www.inmuebles24.com/casas-o-casa-en-condominio-o-departamentos-en-venta-en-queretaro-provincia-ordenado-por-fechaonline-descendente.html-pagina-24.html
https://www.inmuebles24.com/propiedades/clasificado/veclcain-casa-en-venta-en-altozano-dentro-de-condominio-niebla-150724841.html,7810000,"MN 7,810,000",MXN,venta,Casa,Altozano el Nuevo Querétaro,Querétaro,Querétaro,280.0,200.0,Publicado hace 8 días,2026-08-05T19:28:19Z,2026-08-14T03:43:24.554143+00:00,https://www.inmuebles24.com/casas-o-casa-en-condominio-o-departamentos-en-venta-en-queretaro-provincia-ordenado-por-fechaonline-descendente.html-pagina-24.html
https://www.inmuebles24.com/propiedades/clasificado/veclcain-casa-en-venta-en-altozano-queretaro-condominio-150723192.html,9960000,"MN 9,960,000",MXN,venta,Casa,Altozano el Nuevo Querétaro,Querétaro,Querétaro,300.0,270.0,Publicado hace 8 días,2026-08-05T18:26:04Z,2026-08-14T03:43:24.554143+00:00,https://www.inmuebles24.com/casas-o-casa-en-condominio-o-departamentos-en-venta-en-queretaro-provincia-ordenado-por-fechaonline-descendente.html-pagina-24.html
https://www.inmuebles24.com/propiedades/clasificado/veclcain-casa-en-venta-en-fraccionamiento-altozano-dentro-de-150722966.html,7560000,"MN 7,560,000",MXN,venta,Casa,Altozano el Nuevo Querétaro,Querétaro,Querétaro,270.0,200.0,Publicado hace 8 días,2026-08-05T18:20:01Z,2026-08-14T03:43:24.554143+00:00,https://www.inmuebles24.com/casas-o-casa-en-condominio-o-departamentos-en-venta-en-queretaro-provincia-ordenado-por-fechaonline-descendente.html-pagina-24.html
https://www.inmuebles24.com/propiedades/clasificado/veclcain-casa-en-venta-en-fraccionamiento-altozano-dentro-de-150724339.html,7260000,"MN 7,260,000",MXN,venta,Casa,Juriquilla,Querétaro,Querétaro,270.0,200.0,Publicado hace 8 días,2026-08-05T19:14:12Z,2026-08-14T03:43:24.554143+00:00,https://www.inmuebles24.com/casas-o-casa-en-condominio-o-departamentos-en-venta-en-queretaro-provincia-ordenado-por-fechaonline-descendente.html-pagina-24.html
https://www.inmuebles24.com/propiedades/clasificado/veclcain-casa-en-venta-en-fraccionamiento-altozano-dentro-de-150724774.html,7260000,"MN 7,260,000",MXN,venta,Casa,Altozano el Nuevo Querétaro,Querétaro,Querétaro,270.0,200.0,Publicado hace 8 días,2026-08-05T19:25:44Z,2026-08-14T03:43:24.554143+00:00,https://www.inmuebles24.com/casas-o-casa-en-condominio-o-departamentos-en-venta-en-queretaro-provincia-ordenado-por-fechaonline-descendente.html-pagina-24.html
https://www.inmuebles24.com/propiedades/clasificado/veclcain-casa-en-venta-en-jurica-queretaro-150725892.html,9700000,"MN 9,700,000",MXN,venta,Casa,Jurica,Querétaro,Querétaro,429.0,510.0,Publicado hace 8 días,2026-08-05T20:53:59Z,2026-08-14T03:43:24.554143+00:00,https://www.inmuebles24.com/casas-o-casa-en-condominio-o-departamentos-en-venta-en-queretaro-provincia-ordenado-por-fechaonline-descendente.html-pagina-24.html
https://www.inmuebles24.com/propiedades/clasificado/veclcain-casa-en-venta-en-la-privada-jurica-150725010.html,8000000,"MN 8,000,000",MXN,venta,Casa,Jurica,Querétaro,Querétaro,365.0,408.0,Publicado hace 8 días,2026-08-05T19:37:51Z,2026-08-14T03:43:24.554143+00:00,https://www.inmuebles24.com/casas-o-casa-en-condominio-o-departamentos-en-venta-en-queretaro-provincia-ordenado-por-fechaonline-descendente.html-pagina-24.html
https://www.inmuebles24.com/propiedades/clasificado/veclcain-casa-en-zona-este-milenio-iii-150736249.html,2500000,"MN 2,500,000",MXN,venta,Casa,Zona Este Milenio III,El Marqués,Querétaro,,,Publicado hace 7 días,2026-08-06T20:57:23Z,2026-08-14T03:43:24.554143+00:00,https://www.inmuebles24.com/casas-o-casa-en-condominio-o-departamentos-en-venta-en-queretaro-provincia-ordenado-por-fechaonline-descendente.html-pagina-24.html
https://www.inmuebles24.com/propiedades/clasificado/veclcain-casa-fraccionamiento-las-hadas-alamos-150720434.html,5980000,"MN 5,980,000",MXN,venta,Casa,Las Hadas,Querétaro,Querétaro,282.0,300.0,Publicado hace 8 días,2026-08-05T16:22:24Z,2026-08-14T03:43:24.554143+00:00,https://www.inmuebles24.com/casas-o-casa-en-condominio-o-departamentos-en-venta-en-queretaro-provincia-ordenado-por-fechaonline-descendente.html-pagina-24.html
https://www.inmuebles24.com/propiedades/clasificado/veclcain-juriquilla-casa-en-renta-o-venta-en-cumbres-del-lago-150723798.html,6900000,"MN 6,900,000",MXN,venta,Casa,Juriquilla,Querétaro,Querétaro,373.0,265.0,Publicado hace 8 días,2026-08-05T18:54:55Z,2026-08-14T03:43:24.554143+00:00,https://www.inmuebles24.com/casas-o-casa-en-condominio-o-departamentos-en-venta-en-queretaro-provincia-ordenado-por-fechaonline-descendente.html-pagina-24.html
https://www.inmuebles24.com/propiedades/clasificado/veclccin-casa-en-condominio-en-venta-en-lomas-del-campanario-150718305.html,10180000,"MN 10,180,000",MXN,venta,Casa en condominio,Lomas del Campanario I,Querétaro,Querétaro,294.0,294.0,Publicado hace 8 días,2026-08-05T06:03:40Z,2026-08-14T03:45:41.845261+00:00,https://www.inmuebles24.com/casas-o-casa-en-condominio-o-departamentos-en-venta-en-queretaro-provincia-ordenado-por-fechaonline-descendente.html-pagina-24.html
https://www.inmuebles24.com/propiedades/clasificado/veclccin-casa-en-venta-citea-zibata-150729722.html,3280000,"MN 3,280,000",MXN,venta,Casa en condominio,Zibatá,El Marqués,Querétaro,118.0,134.0,Publicado hace 8 días,2026-08-06T03:16:52Z,2026-08-14T03:45:41.845261+00:00,https://www.inmuebles24.com/casas-o-casa-en-condominio-o-departamentos-en-venta-en-queretaro-provincia-ordenado-por-fechaonline-descendente.html-pagina-24.html
https://www.inmuebles24.com/propiedades/clasificado/veclccin-casa-en-venta-el-campanario-queretaro-150727595.html,19800000,"MN 19,800,000",MXN,venta,Casa en condominio,El Campanario,Querétaro,Querétaro,550.0,650.0,Publicado hace 8 días,2026-08-05T23:14:42Z,2026-08-14T03:45:41.845261+00:00,https://www.inmuebles24.com/casas-o-casa-en-condominio-o-departamentos-en-venta-en-queretaro-provincia-ordenado-por-fechaonline-descendente.html-pagina-24.html
https://www.inmuebles24.com/propiedades/clasificado/veclccin-casa-en-venta-en-altos-juriquilla-dentro-de-150723390.html,7210000,"MN 7,210,000",MXN,venta,Casa en condominio,Fraccionamiento Real de Juriquilla,Querétaro,Querétaro,325.0,172.0,Publicado hace 8 días,2026-08-05T18:36:31Z,2026-08-14T03:45:41.845261+00:00,https://www.inmuebles24.com/casas-o-casa-en-condominio-o-departamentos-en-venta-en-queretaro-provincia-ordenado-por-fechaonline-descendente.html-pagina-24.html
https://www.inmuebles24.com/propiedades/clasificado/veclccin-casa-en-venta-en-altos-juriquilla-dentro-de-150724871.html,7210000,"MN 7,210,000",MXN,venta,Casa en condominio,Juriquilla,Querétaro,Querétaro,325.0,172.0,Publicado hace 8 días,2026-08-05T19:29:32Z,2026-08-14T03:45:41.845261+00:00,https://www.inmuebles24.com/casas-o-casa-en-condominio-o-departamentos-en-venta-en-queretaro-provincia-ordenado-por-fechaonline-descendente.html-pagina-24.html
https://www.inmuebles24.com/propiedades/clasificado/veclccin-casa-en-venta-en-altozano-dentro-de-condominio-niebla-150724299.html,7810000,"MN 7,810,000",MXN,venta,Casa en condominio,Juriquilla,Querétaro,Querétaro,280.0,200.0,Publicado hace 8 días,2026-08-05T19:13:04Z,2026-08-14T03:45:41.845261+00:00,https://www.inmuebles24.com/casas-o-casa-en-condominio-o-departamentos-en-venta-en-queretaro-provincia-ordenado-por-fechaonline-descendente.html-pagina-24.html
https://www.inmuebles24.com/propiedades/clasificado/veclccin-casa-en-venta-en-altozano-dentro-de-condominio-niebla-150724769.html,7810000,"MN 7,810,000",MXN,venta,Casa en condominio,Altozano el Nuevo Querétaro,Querétaro,Querétaro,280.0,200.0,Publicado hace 8 días,2026-08-05T19:25:20Z,2026-08-14T03:45:41.845261+00:00,https://www.inmuebles24.com/casas-o-casa-en-condominio-o-departamentos-en-venta-en-queretaro-provincia-ordenado-por-fechaonline-descendente.html-pagina-24.html
https://www.inmuebles24.com/propiedades/clasificado/veclccin-casa-en-venta-en-altozano-queretaro-condominio-150722997.html,9960000,"MN 9,960,000",MXN,venta,Casa en condominio,Altozano el Nuevo Querétaro,Querétaro,Querétaro,300.0,270.0,Publicado hace 8 días,2026-08-05T18:21:52Z,2026-08-14T03:45:41.845261+00:00,https://www.inmuebles24.com/casas-o-casa-en-condominio-o-departamentos-en-venta-en-queretaro-provincia-ordenado-por-fechaonline-descendente.html-pagina-24.html
https://www.inmuebles24.com/propiedades/clasificado/veclccin-casa-en-venta-en-corregidora-villa-tejeda-150719796.html,2600000,"MN 2,600,000",MXN,venta,Casa en condominio,Fraccionamiento Villas de Tejeda,Corregidora,Querétaro,133.0,166.0,Publicado hace 8 días,2026-08-05T15:35:41Z,2026-08-14T03:45:41.845261+00:00,https://www.inmuebles24.com/casas-o-casa-en-condominio-o-departamentos-en-venta-en-queretaro-provincia-ordenado-por-fechaonline-descendente.html-pagina-24.html
https://www.inmuebles24.com/propiedades/clasificado/veclccin-casa-en-venta-en-fraccionamiento-altozano-dentro-de-150724324.html,7260000,"MN 7,260,000",MXN,venta,Casa en condominio,Juriquilla,Querétaro,Querétaro,270.0,200.0,Publicado hace 8 días,2026-08-05T19:13:52Z,2026-08-14T03:45:41.845261+00:00,https://www.inmuebles24.com/casas-o-casa-en-condominio-o-departamentos-en-venta-en-queretaro-provincia-ordenado-por-fechaonline-descendente.html-pagina-24.html
https://www.inmuebles24.com/propiedades/clasificado/veclccin-casa-en-venta-en-fraccionamiento-altozano-dentro-de-150724750.html,7260000,"MN 7,260,000",MXN,venta,Casa en condominio,Altozano el Nuevo Querétaro,Querétaro,Querétaro,270.0,200.0,Publicado hace 8 días,2026-08-05T19:24:35Z,2026-08-14T03:48:04.626961+00:00,https://www.inmuebles24.com/casas-o-casa-en-condominio-o-departamentos-en-venta-en-queretaro-provincia-ordenado-por-fechaonline-descendente.html-pagina-24.html
https://www.inmuebles24.com/propiedades/clasificado/veclccin-casa-en-venta-en-la-reserva-hai-zibata-queretaro-150723189.html,4875000,"MN 4,875,000",MXN,venta,Casa en condominio,Zibatá,El Marqués,Querétaro,175.0,250.0,Publicado hace 8 días,2026-08-05T18:25:45Z,2026-08-14T03:48:04.626961+00:00,https://www.inmuebles24.com/casas-o-casa-en-condominio-o-departamentos-en-venta-en-queretaro-provincia-ordenado-por-fechaonline-descendente.html-pagina-24.html
https://www.inmuebles24.com/propiedades/clasificado/veclccpa-casa-en-venta-en-haciendas-del-bosque-corregidora-150727936.html,1630000,"MN 1,630,000",MXN,venta,Casa en condominio,Residencial Tabachines,Corregidora,Querétaro,87.0,110.0,Publicado hace 7 días,2026-08-05T23:54:47Z,2026-08-14T03:48:04.626961+00:00,https://www.inmuebles24.com/casas-o-casa-en-condominio-o-departamentos-en-venta-en-queretaro-provincia-ordenado-por-fechaonline-descendente.html-pagina-24.html
https://www.inmuebles24.com/propiedades/clasificado/veclccpa-vive-frente-a-areas-verdes-en-una-de-las-mejores-150734333.html,3275000,"MN 3,275,000",MXN,venta,Casa en condominio,Residencial El Refugio,Querétaro,Querétaro,140.0,160.0,Publicado hace 7 días,2026-08-06T18:11:35Z,2026-08-14T03:48:04.626961+00:00,https://www.inmuebles24.com/casas-o-casa-en-condominio-o-departamentos-en-venta-en-queretaro-provincia-ordenado-por-fechaonline-descendente.html-pagina-24.html
https://www.inmuebles24.com/propiedades/clasificado/veclapin-departamento-en-venta-en-el-centro-para-inversion-150724952.html,4500000,"MN 4,500,000",MXN,venta,Apartamento,Centro,Querétaro,Querétaro,128.0,128.0,Publicado hace 8 días,2026-08-05T19:34:09Z,2026-08-14T03:48:04.626961+00:00,https://www.inmuebles24.com/casas-o-casa-en-condominio-o-departamentos-en-venta-en-queretaro-provincia-ordenado-por-fechaonline-descendente.html-pagina-25.html
https://www.inmuebles24.com/propiedades/clasificado/veclapin-departamento-en-venta-en-juriquilla-condominio-joy-150723891.html,4750000,"MN 4,750,000",MXN,venta,Apartamento,Juriquilla Santa Fe,Querétaro,Querétaro,139.0,139.0,Publicado hace 8 días,2026-08-05T18:59:55Z,2026-08-14T03:48:04.626961+00:00,https://www.inmuebles24.com/casas-o-casa-en-condominio-o-departamentos-en-venta-en-queretaro-provincia-ordenado-por-fechaonline-descendente.html-pagina-25.html
https://www.inmuebles24.com/propiedades/clasificado/veclapin-departamento-en-venta-en-levant-zona-diamante-150724973.html,8500000,"MN 8,500,000",MXN,venta,Apartamento,Balcones Coloniales,Querétaro,Querétaro,330.0,330.0,Publicado hace 8 días,2026-08-05T19:34:31Z,2026-08-14T03:48:04.626961+00:00,https://www.inmuebles24.com/casas-o-casa-en-condominio-o-departamentos-en-venta-en-queretaro-provincia-ordenado-por-fechaonline-descendente.html-pagina-25.html
https://www.inmuebles24.com/propiedades/clasificado/veclapin-departamento-en-venta-en-zakia-zaru-condominio-oasis-150723393.html,2924036,"MN 2,924,036",MXN,venta,Apartamento,Zákia,El Marqués,Querétaro,114.0,114.0,Publicado hace 8 días,2026-08-05T18:36:50Z,2026-08-14T03:48:04.626961+00:00,https://www.inmuebles24.com/casas-o-casa-en-condominio-o-departamentos-en-venta-en-queretaro-provincia-ordenado-por-fechaonline-descendente.html-pagina-25.html
https://www.inmuebles24.com/propiedades/clasificado/veclapin-departamento-en-venta-o-renta-en-mira-diamante-150724169.html,4680000,"MN 4,680,000",MXN,venta,Apartamento,Balcones Coloniales,Querétaro,Querétaro,160.0,160.0,Publicado hace 8 días,2026-08-05T19:11:42Z,2026-08-14T03:48:04.626961+00:00,https://www.inmuebles24.com/casas-o-casa-en-condominio-o-departamentos-en-venta-en-queretaro-provincia-ordenado-por-fechaonline-descendente.html-pagina-25.html
https://www.inmuebles24.com/propiedades/clasificado/veclapin-departamento-en-venta-o-renta-en-valle-de-juriquilla-150724903.html,5200000,"MN 5,200,000",MXN,venta,Apartamento,Juriquilla,Querétaro,Querétaro,163.0,163.0,Publicado hace 8 días,2026-08-05T19:31:02Z,2026-08-14T03:48:04.626961+00:00,https://www.inmuebles24.com/casas-o-casa-en-condominio-o-departamentos-en-venta-en-queretaro-provincia-ordenado-por-fechaonline-descendente.html-pagina-25.html
https://www.inmuebles24.com/propiedades/clasificado/veclapin-venta-de-penthouse-en-el-refugio-150725003.html,4390000,"MN 4,390,000",MXN,venta,Apartamento,Residencial El Refugio,Querétaro,Querétaro,157.0,157.0,Publicado hace 8 días,2026-08-05T19:36:33Z,2026-08-14T03:50:30.718041+00:00,https://www.inmuebles24.com/casas-o-casa-en-condominio-o-departamentos-en-venta-en-queretaro-provincia-ordenado-por-fechaonline-descendente.html-pagina-25.html
https://www.inmuebles24.com/propiedades/clasificado/veclcain-casa-en-venta-en-altos-juriquilla-dentro-de-150723398.html,7210000,"MN 7,210,000",MXN,venta,Casa,Fraccionamiento Real de Juriquilla,Querétaro,Querétaro,325.0,172.0,Publicado hace 8 días,2026-08-05T18:37:25Z,2026-08-14T03:50:30.718041+00:00,https://www.inmuebles24.com/casas-o-casa-en-condominio-o-departamentos-en-venta-en-queretaro-provincia-ordenado-por-fechaonline-descendente.html-pagina-25.html
https://www.inmuebles24.com/propiedades/clasificado/veclcain-casa-en-venta-en-altozano-condominio-fogata-3-150724077.html,9500000,"MN 9,500,000",MXN,venta,Casa,Altozano el Nuevo Querétaro,Querétaro,Querétaro,310.0,302.0,Publicado hace 8 días,2026-08-05T19:09:31Z,2026-08-14T03:50:30.718041+00:00,https://www.inmuebles24.com/casas-o-casa-en-condominio-o-departamentos-en-venta-en-queretaro-provincia-ordenado-por-fechaonline-descendente.html-pagina-25.html
https://www.inmuebles24.com/propiedades/clasificado/veclcain-casa-en-venta-en-altozano-dentro-de-condominio-rio-150724121.html,21600000,"MN 21,600,000",MXN,venta,Casa,Altozano el Nuevo Querétaro,Querétaro,Querétaro,522.0,556.0,Publicado hace 8 días,2026-08-05T19:10:43Z,2026-08-14T03:50:30.718041+00:00,https://www.inmuebles24.com/casas-o-casa-en-condominio-o-departamentos-en-venta-en-queretaro-provincia-ordenado-por-fechaonline-descendente.html-pagina-25.html
https://www.inmuebles24.com/propiedades/clasificado/veclcain-casa-en-venta-en-fraccionamiento-altozano-dentro-de-150723274.html,18900000,"MN 18,900,000",MXN,venta,Casa,Altozano el Nuevo Querétaro,Querétaro,Querétaro,425.0,470.0,Publicado hace 8 días,2026-08-05T18:31:12Z,2026-08-14T03:50:30.718041+00:00,https://www.inmuebles24.com/casas-o-casa-en-condominio-o-departamentos-en-venta-en-queretaro-provincia-ordenado-por-fechaonline-descendente.html-pagina-25.html
https://www.inmuebles24.com/propiedades/clasificado/veclcain-casa-en-venta-en-jurica-en-esquina-de-1-nivel-150723303.html,13000000,"MN 13,000,000",MXN,venta,Casa,Jurica,Querétaro,Querétaro,333.0,1200.0,Publicado hace 8 días,2026-08-05T18:32:23Z,2026-08-14T03:50:30.718041+00:00,https://www.inmuebles24.com/casas-o-casa-en-condominio-o-departamentos-en-venta-en-queretaro-provincia-ordenado-por-fechaonline-descendente.html-pagina-25.html
https://www.inmuebles24.com/propiedades/clasificado/veclcain-casa-en-venta-en-jurica-queretaro-4-recamaras-2-150724522.html,8490000,"MN 8,490,000",MXN,venta,Casa,Jurica,Querétaro,Querétaro,335.0,546.0,Publicado hace 8 días,2026-08-05T19:19:34Z,2026-08-14T03:50:30.718041+00:00,https://www.inmuebles24.com/casas-o-casa-en-condominio-o-departamentos-en-venta-en-queretaro-provincia-ordenado-por-fechaonline-descendente.html-pagina-25.html
https://www.inmuebles24.com/propiedades/clasificado/veclcain-casa-en-venta-en-juriquilla-cumbres-del-lago-150724581.html,5250000,"MN 5,250,000",MXN,venta,Casa,Juriquilla,Querétaro,Querétaro,234.0,230.0,Publicado hace 8 días,2026-08-05T19:21:57Z,2026-08-14T03:50:30.718041+00:00,https://www.inmuebles24.com/casas-o-casa-en-condominio-o-departamentos-en-venta-en-queretaro-provincia-ordenado-por-fechaonline-descendente.html-pagina-25.html
https://www.inmuebles24.com/propiedades/clasificado/veclcain-casa-en-venta-en-juriquilla-cumbres-del-lago-con-150723261.html,6980000,"MN 6,980,000",MXN,venta,Casa,Juriquilla,Querétaro,Querétaro,340.0,289.0,Publicado hace 8 días,2026-08-05T18:30:17Z,2026-08-14T03:50:30.718041+00:00,https://www.inmuebles24.com/casas-o-casa-en-condominio-o-departamentos-en-venta-en-queretaro-provincia-ordenado-por-fechaonline-descendente.html-pagina-25.html
https://www.inmuebles24.com/propiedades/clasificado/veclcain-casa-en-venta-en-la-reserva-hai-zibata-queretaro-150723210.html,4875000,"MN 4,875,000",MXN,venta,Casa,Zibatá,El Marqués,Querétaro,175.0,250.0,Publicado hace 8 días,2026-08-05T18:26:40Z,2026-08-14T03:50:30.718041+00:00,https://www.inmuebles24.com/casas-o-casa-en-condominio-o-departamentos-en-venta-en-queretaro-provincia-ordenado-por-fechaonline-descendente.html-pagina-25.html
https://www.inmuebles24.com/propiedades/clasificado/veclcain-casa-en-venta-en-lomas-del-campanario-150727007.html,11900000,"MN 11,900,000",MXN,venta,Casa,Lomas del Campanario I,Querétaro,Querétaro,328.0,349.0,Publicado hace 8 días,2026-08-05T22:22:56Z,2026-08-14T03:52:35.352617+00:00,https://www.inmuebles24.com/casas-o-casa-en-condominio-o-departamentos-en-venta-en-queretaro-provincia-ordenado-por-fechaonline-descendente.html-pagina-25.html
https://www.inmuebles24.com/propiedades/clasificado/veclcain-casa-en-venta-en-natura-ii-zibata-queretaro-150723982.html,2980000,"MN 2,980,000",MXN,venta,Casa,Zibatá,El Marqués,Querétaro,132.0,127.0,Publicado hace 8 días,2026-08-05T19:05:37Z,2026-08-14T03:52:35.352617+00:00,https://www.inmuebles24.com/casas-o-casa-en-condominio-o-departamentos-en-venta-en-queretaro-provincia-ordenado-por-fechaonline-descendente.html-pagina-25.html
https://www.inmuebles24.com/propiedades/clasificado/veclcain-casa-en-venta-en-real-de-juriquilla-queretaro-150725081.html,5490000,"MN 5,490,000",MXN,venta,Casa,Real de Juriquilla,Querétaro,Querétaro,315.0,265.0,Publicado hace 8 días,2026-08-05T19:43:40Z,2026-08-14T03:52:35.352617+00:00,https://www.inmuebles24.com/casas-o-casa-en-condominio-o-departamentos-en-venta-en-queretaro-provincia-ordenado-por-fechaonline-descendente.html-pagina-25.html
https://www.inmuebles24.com/propiedades/clasificado/veclcain-casa-en-venta-en-zen-life-i-centrica-queretaro-150727924.html,4590000,"MN 4,590,000",MXN,venta,Casa,Zen Life I,El Marqués,Querétaro,196.0,128.0,Publicado hace 8 días,2026-08-05T23:52:55Z,2026-08-14T03:52:35.352617+00:00,https://www.inmuebles24.com/casas-o-casa-en-condominio-o-departamentos-en-venta-en-queretaro-provincia-ordenado-por-fechaonline-descendente.html-pagina-25.html
https://www.inmuebles24.com/propiedades/clasificado/veclcain-casa-en-venta-en-zibata-dentro-de-condominio-huizache-150724310.html,5866222,"MN 5,866,222",MXN,venta,Casa,Zibatá,El Marqués,Querétaro,293.0,153.0,Publicado hace 8 días,2026-08-05T19:13:30Z,2026-08-14T03:52:35.352617+00:00,https://www.inmuebles24.com/casas-o-casa-en-condominio-o-departamentos-en-venta-en-queretaro-provincia-ordenado-por-fechaonline-descendente.html-pagina-25.html
https://www.inmuebles24.com/propiedades/clasificado/veclcain-casa-nueva-en-venta-en-lomas-del-campanario-norte-150726994.html,13800000,"MN 13,800,000",MXN,venta,Casa,Lomas del Campanario I,Querétaro,Querétaro,425.0,270.0,Publicado hace 8 días,2026-08-05T22:22:06Z,2026-08-14T03:52:35.352617+00:00,https://www.inmuebles24.com/casas-o-casa-en-condominio-o-departamentos-en-venta-en-queretaro-provincia-ordenado-por-fechaonline-descendente.html-pagina-25.html
https://www.inmuebles24.com/propiedades/clasificado/veclcain-enorme-residencia-en-altozano-150726648.html,21000000,"MN 21,000,000",MXN,venta,Casa,Altozano el Nuevo Querétaro,Querétaro,Querétaro,550.0,500.0,Publicado hace 8 días,2026-08-05T21:50:42Z,2026-08-14T03:52:35.352617+00:00,https://www.inmuebles24.com/casas-o-casa-en-condominio-o-departamentos-en-venta-en-queretaro-provincia-ordenado-por-fechaonline-descendente.html-pagina-25.html
https://www.inmuebles24.com/propiedades/clasificado/veclccin-casa-de-3-recamaras-con-amplio-patio-privado-entrada-150729873.html,2550000,"MN 2,550,000",MXN,venta,Casa en condominio,Zákia,El Marqués,Querétaro,100.0,114.0,Publicado hace 8 días,2026-08-06T03:46:23Z,2026-08-14T03:52:35.352617+00:00,https://www.inmuebles24.com/casas-o-casa-en-condominio-o-departamentos-en-venta-en-queretaro-provincia-ordenado-por-fechaonline-descendente.html-pagina-25.html
https://www.inmuebles24.com/propiedades/clasificado/veclccin-casa-en-venta-a-estrenar!-terrasoles-queretaro-precio-150727360.html,3290000,"MN 3,290,000",MXN,venta,Casa en condominio,,El Marqués,Querétaro,128.0,111.0,Publicado hace 8 días,2026-08-05T22:46:25Z,2026-08-14T03:52:35.352617+00:00,https://www.inmuebles24.com/casas-o-casa-en-condominio-o-departamentos-en-venta-en-queretaro-provincia-ordenado-por-fechaonline-descendente.html-pagina-25.html
https://www.inmuebles24.com/propiedades/clasificado/veclccin-casa-en-venta-en-altozano-condominio-flama-doble-150722364.html,6900000,"MN 6,900,000",MXN,venta,Casa en condominio,Altozano el Nuevo Querétaro,Querétaro,Querétaro,138.0,180.0,Publicado hace 8 días,2026-08-05T18:03:09Z,2026-08-14T03:52:35.352617+00:00,https://www.inmuebles24.com/casas-o-casa-en-condominio-o-departamentos-en-venta-en-queretaro-provincia-ordenado-por-fechaonline-descendente.html-pagina-25.html
https://www.inmuebles24.com/propiedades/clasificado/veclccin-casa-en-venta-en-altozano-condominio-grieta-150724087.html,11250000,"MN 11,250,000",MXN,venta,Casa en condominio,Altozano el Nuevo Querétaro,Querétaro,Querétaro,395.0,300.0,Publicado hace 8 días,2026-08-05T19:10:06Z,2026-08-14T03:54:46.509012+00:00,https://www.inmuebles24.com/casas-o-casa-en-condominio-o-departamentos-en-venta-en-queretaro-provincia-ordenado-por-fechaonline-descendente.html-pagina-25.html
https://www.inmuebles24.com/propiedades/clasificado/veclccin-casa-en-venta-en-el-marques-150726555.html,3700000,"MN 3,700,000",MXN,venta,Casa en condominio,Rodanta,El Marqués,Querétaro,165.0,152.0,Publicado hace 8 días,2026-08-05T21:46:01Z,2026-08-14T03:54:46.509012+00:00,https://www.inmuebles24.com/casas-o-casa-en-condominio-o-departamentos-en-venta-en-queretaro-provincia-ordenado-por-fechaonline-descendente.html-pagina-25.html
https://www.inmuebles24.com/propiedades/clasificado/veclccin-casa-en-venta-en-jurica-club-regency-2-niveles-150722655.html,18900000,"MN 18,900,000",MXN,venta,Casa en condominio,Jurica,Querétaro,Querétaro,450.0,722.0,Publicado hace 8 días,2026-08-05T18:11:06Z,2026-08-14T03:54:46.509012+00:00,https://www.inmuebles24.com/casas-o-casa-en-condominio-o-departamentos-en-venta-en-queretaro-provincia-ordenado-por-fechaonline-descendente.html-pagina-25.html
https://www.inmuebles24.com/propiedades/clasificado/veclccin-casa-en-venta-en-juriquilla-santa-fe-con-recamara-en-150718558.html,3750000,"MN 3,750,000",MXN,venta,Casa en condominio,Juriquilla Santa Fe,Querétaro,Querétaro,158.0,197.0,Publicado hace 8 días,2026-08-05T08:36:18Z,2026-08-14T03:54:46.509012+00:00,https://www.inmuebles24.com/casas-o-casa-en-condominio-o-departamentos-en-venta-en-queretaro-provincia-ordenado-por-fechaonline-descendente.html-pagina-25.html
https://www.inmuebles24.com/propiedades/clasificado/veclapin-departamento-en-venta-en-juriquilla-santa-fe-150724876.html,2850000,"MN 2,850,000",MXN,venta,Apartamento,Juriquilla Santa Fe,Querétaro,Querétaro,130.0,130.0,Publicado hace 8 días,2026-08-05T19:29:57Z,2026-08-14T03:54:46.509012+00:00,https://www.inmuebles24.com/casas-o-casa-en-condominio-o-departamentos-en-venta-en-queretaro-provincia-ordenado-por-fechaonline-descendente.html-pagina-26.html
https://www.inmuebles24.com/propiedades/clasificado/veclapin-departamento-en-venta-en-levant-zona-diamante-150723841.html,8500000,"MN 8,500,000",MXN,venta,Apartamento,El Campanario,Querétaro,Querétaro,330.0,330.0,Publicado hace 8 días,2026-08-05T18:57:06Z,2026-08-14T03:54:46.509012+00:00,https://www.inmuebles24.com/casas-o-casa-en-condominio-o-departamentos-en-venta-en-queretaro-provincia-ordenado-por-fechaonline-descendente.html-pagina-26.html
https://www.inmuebles24.com/propiedades/clasificado/veclapin-departamento-en-venta-en-pb-en-real-solare-150727875.html,1100000,"MN 1,100,000",MXN,venta,Apartamento,Real Solare,El Marqués,Querétaro,56.0,56.0,Publicado hace 8 días,2026-08-05T23:45:36Z,2026-08-14T03:54:46.509012+00:00,https://www.inmuebles24.com/casas-o-casa-en-condominio-o-departamentos-en-venta-en-queretaro-provincia-ordenado-por-fechaonline-descendente.html-pagina-26.html
https://www.inmuebles24.com/propiedades/clasificado/veclapin-departamento-en-venta-teide-residencial-cerca-de-el-150723184.html,6000000,"MN 6,000,000",MXN,venta,Apartamento,El Campanario,Querétaro,Querétaro,190.0,190.0,Publicado hace 8 días,2026-08-05T18:25:07Z,2026-08-14T03:54:46.509012+00:00,https://www.inmuebles24.com/casas-o-casa-en-condominio-o-departamentos-en-venta-en-queretaro-provincia-ordenado-por-fechaonline-descendente.html-pagina-26.html
https://www.inmuebles24.com/propiedades/clasificado/veclapin-loft-en-venta-dentro-de-residencial-el-refugio-150724572.html,2799000,"MN 2,799,000",MXN,venta,Apartamento,Residencial El Refugio,Querétaro,Querétaro,85.0,85.0,Publicado hace 8 días,2026-08-05T19:21:31Z,2026-08-14T03:54:46.509012+00:00,https://www.inmuebles24.com/casas-o-casa-en-condominio-o-departamentos-en-venta-en-queretaro-provincia-ordenado-por-fechaonline-descendente.html-pagina-26.html
https://www.inmuebles24.com/propiedades/clasificado/veclapin-venta-de-ph-departamento-de-244-m-sup2--con-3-150718580.html,5800000,"MN 5,800,000",MXN,venta,Apartamento,,Querétaro,Querétaro,244.0,244.0,Publicado hace 8 días,2026-08-05T09:52:54Z,2026-08-14T03:54:46.509012+00:00,https://www.inmuebles24.com/casas-o-casa-en-condominio-o-departamentos-en-venta-en-queretaro-provincia-ordenado-por-fechaonline-descendente.html-pagina-26.html
https://www.inmuebles24.com/propiedades/clasificado/veclapin-zibata-loft-en-venta-espacios-abiertos-y-excelente-150727974.html,2990000,"MN 2,990,000",MXN,venta,Apartamento,Zibatá,El Marqués,Querétaro,96.0,96.0,Publicado hace 8 días,2026-08-05T23:58:36Z,2026-08-14T03:57:05.187838+00:00,https://www.inmuebles24.com/casas-o-casa-en-condominio-o-departamentos-en-venta-en-queretaro-provincia-ordenado-por-fechaonline-descendente.html-pagina-26.html
https://www.inmuebles24.com/propiedades/clasificado/veclcain-casa-de-autor-nueva-en-venta-ikaya-zizana-zakia-150723574.html,3950000,"MN 3,950,000",MXN,venta,Casa,Fraccionamiento Zizana,El Marqués,Querétaro,180.0,124.0,Publicado hace 8 días,2026-08-05T18:51:47Z,2026-08-14T03:57:05.187838+00:00,https://www.inmuebles24.com/casas-o-casa-en-condominio-o-departamentos-en-venta-en-queretaro-provincia-ordenado-por-fechaonline-descendente.html-pagina-26.html
https://www.inmuebles24.com/propiedades/clasificado/veclcain-casa-en-venta-en-adara-lifestyle-queretaro-150724433.html,2395000,"MN 2,395,000",MXN,venta,Casa,Adara Lifestyle Residencial,El Marqués,Querétaro,123.0,75.0,Publicado hace 8 días,2026-08-05T19:15:12Z,2026-08-14T03:57:05.187838+00:00,https://www.inmuebles24.com/casas-o-casa-en-condominio-o-departamentos-en-venta-en-queretaro-provincia-ordenado-por-fechaonline-descendente.html-pagina-26.html
https://www.inmuebles24.com/propiedades/clasificado/veclcain-casa-en-venta-en-altozano-condominio-cantera-de-3-150723437.html,18000000,"MN 18,000,000",MXN,venta,Casa,Altozano el Nuevo Querétaro,Querétaro,Querétaro,619.0,369.0,Publicado hace 8 días,2026-08-05T18:39:04Z,2026-08-14T03:57:05.187838+00:00,https://www.inmuebles24.com/casas-o-casa-en-condominio-o-departamentos-en-venta-en-queretaro-provincia-ordenado-por-fechaonline-descendente.html-pagina-26.html
https://www.inmuebles24.com/propiedades/clasificado/veclcain-casa-en-venta-en-el-campanario-con-amplio-jardin-y-4-150727535.html,20500000,"MN 20,500,000",MXN,venta,Casa,El Campanario,Querétaro,Querétaro,560.0,710.0,Publicado hace 8 días,2026-08-05T23:08:37Z,2026-08-14T03:57:05.187838+00:00,https://www.inmuebles24.com/casas-o-casa-en-condominio-o-departamentos-en-venta-en-queretaro-provincia-ordenado-por-fechaonline-descendente.html-pagina-26.html
https://www.inmuebles24.com/propiedades/clasificado/veclcain-casa-en-venta-en-el-centro-de-tequisquiapan.-dafne-150726192.html,5500000,"MN 5,500,000",MXN,venta,Casa,Tequisquiapan Centro,Tequisquiapan,Querétaro,160.0,247.0,Publicado hace 8 días,2026-08-05T21:21:06Z,2026-08-14T03:57:05.187838+00:00,https://www.inmuebles24.com/casas-o-casa-en-condominio-o-departamentos-en-venta-en-queretaro-provincia-ordenado-por-fechaonline-descendente.html-pagina-26.html
https://www.inmuebles24.com/propiedades/clasificado/veclcain-casa-en-venta-en-fraccionamiento-valles-cerca-de-150723215.html,8600000,"MN 8,600,000",MXN,venta,Casa,Lomas del Campanario I,Querétaro,Querétaro,283.0,236.0,Publicado hace 8 días,2026-08-05T18:27:36Z,2026-08-14T03:57:05.187838+00:00,https://www.inmuebles24.com/casas-o-casa-en-condominio-o-departamentos-en-venta-en-queretaro-provincia-ordenado-por-fechaonline-descendente.html-pagina-26.html
https://www.inmuebles24.com/propiedades/clasificado/veclcain-casa-en-venta-en-lomas-de-juriquilla-150723834.html,6700000,"MN 6,700,000",MXN,venta,Casa,Lomas de Juriquilla,Querétaro,Querétaro,330.0,250.0,Publicado hace 8 días,2026-08-05T18:56:25Z,2026-08-14T03:57:05.187838+00:00,https://www.inmuebles24.com/casas-o-casa-en-condominio-o-departamentos-en-venta-en-queretaro-provincia-ordenado-por-fechaonline-descendente.html-pagina-26.html
https://www.inmuebles24.com/propiedades/clasificado/veclcain-casa-en-venta-en-residencial-mayorazgo-cerca-de-150723943.html,5400000,"MN 5,400,000",MXN,venta,Casa,El Mayorazgo,El Marqués,Querétaro,270.0,199.0,Publicado hace 8 días,2026-08-05T19:03:22Z,2026-08-14T03:57:05.187838+00:00,https://www.inmuebles24.com/casas-o-casa-en-condominio-o-departamentos-en-venta-en-queretaro-provincia-ordenado-por-fechaonline-descendente.html-pagina-26.html
https://www.inmuebles24.com/propiedades/clasificado/veclcain-casa-en-venta-en-san-isidro-juriquilla-condominio-los-150724507.html,3000000,"MN 3,000,000",MXN,venta,Casa,Juriquilla,Querétaro,Querétaro,122.0,108.0,Publicado hace 8 días,2026-08-05T19:19:08Z,2026-08-14T03:57:05.187838+00:00,https://www.inmuebles24.com/casas-o-casa-en-condominio-o-departamentos-en-venta-en-queretaro-provincia-ordenado-por-fechaonline-descendente.html-pagina-26.html
https://www.inmuebles24.com/propiedades/clasificado/veclcain-casa-en-venta-en-thandi-zibata-en-queretaro-150722372.html,2995000,"MN 2,995,000",MXN,venta,Casa,Zibatá,El Marqués,Querétaro,108.0,132.0,Publicado hace 8 días,2026-08-05T18:03:53Z,2026-08-14T04:00:21.298625+00:00,https://www.inmuebles24.com/casas-o-casa-en-condominio-o-departamentos-en-venta-en-queretaro-provincia-ordenado-por-fechaonline-descendente.html-pagina-26.html
https://www.inmuebles24.com/propiedades/clasificado/veclcain-casa-en-venta-zibata-condominio-amatista-con-un-150722404.html,6300000,"MN 6,300,000",MXN,venta,Casa,Zibatá,El Marqués,Querétaro,291.0,212.0,Publicado hace 8 días,2026-08-05T18:04:45Z,2026-08-14T04:00:21.298625+00:00,https://www.inmuebles24.com/casas-o-casa-en-condominio-o-departamentos-en-venta-en-queretaro-provincia-ordenado-por-fechaonline-descendente.html-pagina-26.html
https://www.inmuebles24.com/propiedades/clasificado/veclcain-casa-misuri-en-venta-en-zen-life-ii-150725338.html,3550000,"MN 3,550,000",MXN,venta,Casa,Zen Life II,El Marqués,Querétaro,168.0,128.0,Publicado hace 8 días,2026-08-05T20:01:20Z,2026-08-14T04:00:21.298625+00:00,https://www.inmuebles24.com/casas-o-casa-en-condominio-o-departamentos-en-venta-en-queretaro-provincia-ordenado-por-fechaonline-descendente.html-pagina-26.html
https://www.inmuebles24.com/propiedades/clasificado/veclcain-casa-venta-el-campanario-150721835.html,36000000,"MN 36,000,000",MXN,venta,Casa,El Campanario,Querétaro,Querétaro,660.0,967.0,Publicado hace 8 días,2026-08-05T17:26:22Z,2026-08-14T04:00:21.298625+00:00,https://www.inmuebles24.com/casas-o-casa-en-condominio-o-departamentos-en-venta-en-queretaro-provincia-ordenado-por-fechaonline-descendente.html-pagina-26.html
https://www.inmuebles24.com/propiedades/clasificado/veclcain-desarrollo-exclusivo-en-zakia-casa-de-3-recamaras-150727980.html,2660000,"MN 2,660,000",MXN,venta,Casa,Zákia,El Marqués,Querétaro,105.0,108.0,Publicado hace 8 días,2026-08-05T23:58:36Z,2026-08-14T04:00:21.298625+00:00,https://www.inmuebles24.com/casas-o-casa-en-condominio-o-departamentos-en-venta-en-queretaro-provincia-ordenado-por-fechaonline-descendente.html-pagina-26.html
https://www.inmuebles24.com/propiedades/clasificado/veclcain-estrena-casa-disponible-a-la-venta-en-la-vista-150726869.html,7990000,"MN 7,990,000",MXN,venta,Casa,Residencial La Vista,Corregidora,Querétaro,287.0,275.0,Publicado hace 8 días,2026-08-05T22:10:15Z,2026-08-14T04:00:21.298625+00:00,https://www.inmuebles24.com/casas-o-casa-en-condominio-o-departamentos-en-venta-en-queretaro-provincia-ordenado-por-fechaonline-descendente.html-pagina-26.html
https://www.inmuebles24.com/propiedades/clasificado/veclcain-venta-de-residencia-exclusiva-en-lomas-de-campanario-150723205.html,13100000,"MN 13,100,000",MXN,venta,Casa,Lomas del Campanario I,Querétaro,Querétaro,402.0,310.0,Publicado hace 8 días,2026-08-05T18:26:21Z,2026-08-14T04:00:21.298625+00:00,https://www.inmuebles24.com/casas-o-casa-en-condominio-o-departamentos-en-venta-en-queretaro-provincia-ordenado-por-fechaonline-descendente.html-pagina-26.html
https://www.inmuebles24.com/propiedades/clasificado/veclccin-casa-de-133-m-sup2--con-3-recamaras-en-venta-en-santa-150718578.html,3385000,"MN 3,385,000",MXN,venta,Casa en condominio,Juriquilla,Querétaro,Querétaro,14814.0,133.0,Publicado hace 8 días,2026-08-05T09:42:33Z,2026-08-14T04:00:21.298625+00:00,https://www.inmuebles24.com/casas-o-casa-en-condominio-o-departamentos-en-venta-en-queretaro-provincia-ordenado-por-fechaonline-descendente.html-pagina-26.html
https://www.inmuebles24.com/propiedades/clasificado/veclccin-casa-en-venta-en-altozano-condominio-fogata-150723979.html,11895000,"MN 11,895,000",MXN,venta,Casa en condominio,Altozano el Nuevo Querétaro,Querétaro,Querétaro,343.0,264.0,Publicado hace 8 días,2026-08-05T19:05:29Z,2026-08-14T04:00:21.298625+00:00,https://www.inmuebles24.com/casas-o-casa-en-condominio-o-departamentos-en-venta-en-queretaro-provincia-ordenado-por-fechaonline-descendente.html-pagina-26.html
https://www.inmuebles24.com/propiedades/clasificado/veclccin-casa-en-venta-en-altozano-condominio-fogata-3-150724030.html,9500000,"MN 9,500,000",MXN,venta,Casa en condominio,Altozano el Nuevo Querétaro,Querétaro,Querétaro,310.0,302.0,Publicado hace 9 días,2026-08-05T19:08Z,2026-08-14T04:00:21.298625+00:00,https://www.inmuebles24.com/casas-o-casa-en-condominio-o-departamentos-en-venta-en-queretaro-provincia-ordenado-por-fechaonline-descendente.html-pagina-26.html
https://www.inmuebles24.com/propiedades/clasificado/veclccin-casa-en-venta-en-el-refugio-condominio-metropolis-150722335.html,4290000,"MN 4,290,000",MXN,venta,Casa en condominio,Residencial El Refugio,Querétaro,Querétaro,179.0,150.0,Publicado hace 9 días,2026-08-05T18:01:57Z,2026-08-14T04:03:02.447274+00:00,https://www.inmuebles24.com/casas-o-casa-en-condominio-o-departamentos-en-venta-en-queretaro-provincia-ordenado-por-fechaonline-descendente.html-pagina-26.html
https://www.inmuebles24.com/propiedades/clasificado/veclccin-casa-en-venta-en-fraccionamiento-altozano-dentro-de-150723288.html,18900000,"MN 18,900,000",MXN,venta,Casa en condominio,Altozano el Nuevo Querétaro,Querétaro,Querétaro,425.0,470.0,Publicado hace 9 días,2026-08-05T18:32:04Z,2026-08-14T04:03:02.447274+00:00,https://www.inmuebles24.com/casas-o-casa-en-condominio-o-departamentos-en-venta-en-queretaro-provincia-ordenado-por-fechaonline-descendente.html-pagina-26.html
https://www.inmuebles24.com/propiedades/clasificado/veclccin-casa-en-venta-o-renta-en-altozano-condominio-laja-150722552.html,11900000,"MN 11,900,000",MXN,venta,Casa en condominio,Altozano el Nuevo Querétaro,Querétaro,Querétaro,392.0,300.0,Publicado hace 9 días,2026-08-05T18:08:04Z,2026-08-14T04:03:02.447274+00:00,https://www.inmuebles24.com/casas-o-casa-en-condominio-o-departamentos-en-venta-en-queretaro-provincia-ordenado-por-fechaonline-descendente.html-pagina-26.html
https://www.inmuebles24.com/propiedades/clasificado/veclccin-privada-mision-montejo-venta-casa-con-3-habitaciones-150721906.html,2380000,"MN 2,380,000",MXN,venta,Casa en condominio,Misión Montejo,Querétaro,Querétaro,116.0,134.0,Publicado hace 9 días,2026-08-05T17:30:24Z,2026-08-14T04:03:02.447274+00:00,https://www.inmuebles24.com/casas-o-casa-en-condominio-o-departamentos-en-venta-en-queretaro-provincia-ordenado-por-fechaonline-descendente.html-pagina-26.html
https://www.inmuebles24.com/propiedades/clasificado/veclapin-departamento-en-venta-en-campanario-elite-vista-150722608.html,4950000,"MN 4,950,000",MXN,venta,Apartamento,El Campanario,Querétaro,Querétaro,128.0,128.0,Publicado hace 9 días,2026-08-05T18:09:53Z,2026-08-14T04:03:02.447274+00:00,https://www.inmuebles24.com/casas-o-casa-en-condominio-o-departamentos-en-venta-en-queretaro-provincia-ordenado-por-fechaonline-descendente.html-pagina-27.html
https://www.inmuebles24.com/propiedades/clasificado/veclapin-departamento-en-venta-en-juriquilla-cumbres-del-lago-150724172.html,5750000,"MN 5,750,000",MXN,venta,Apartamento,Juriquilla,Querétaro,Querétaro,139.0,139.0,Publicado hace 9 días,2026-08-05T19:12:02Z,2026-08-14T04:03:02.447274+00:00,https://www.inmuebles24.com/casas-o-casa-en-condominio-o-departamentos-en-venta-en-queretaro-provincia-ordenado-por-fechaonline-descendente.html-pagina-27.html
https://www.inmuebles24.com/propiedades/clasificado/veclapin-departamento-en-venta-en-milenio-zona-cetrica-150728950.html,2850000,"MN 2,850,000",MXN,venta,Apartamento,Milenio III,Querétaro,Querétaro,110.0,110.0,Publicado hace 9 días,2026-08-06T02:04:10Z,2026-08-14T04:03:02.447274+00:00,https://www.inmuebles24.com/casas-o-casa-en-condominio-o-departamentos-en-venta-en-queretaro-provincia-ordenado-por-fechaonline-descendente.html-pagina-27.html
https://www.inmuebles24.com/propiedades/clasificado/veclapin-departamento-en-venta-en-valle-de-juriquilla-150724492.html,5300000,"MN 5,300,000",MXN,venta,Apartamento,Juriquilla,Querétaro,Querétaro,150.0,150.0,Publicado hace 9 días,2026-08-05T19:18:42Z,2026-08-14T04:03:02.447274+00:00,https://www.inmuebles24.com/casas-o-casa-en-condominio-o-departamentos-en-venta-en-queretaro-provincia-ordenado-por-fechaonline-descendente.html-pagina-27.html
https://www.inmuebles24.com/propiedades/clasificado/veclapin-departamento-en-venta-en-wise-living-juriquilla-150724063.html,5400000,"MN 5,400,000",MXN,venta,Apartamento,Juriquilla,Querétaro,Querétaro,160.0,160.0,Publicado hace 9 días,2026-08-05T19:08:35Z,2026-08-14T04:03:02.447274+00:00,https://www.inmuebles24.com/casas-o-casa-en-condominio-o-departamentos-en-venta-en-queretaro-provincia-ordenado-por-fechaonline-descendente.html-pagina-27.html
https://www.inmuebles24.com/propiedades/clasificado/veclapin-real-solare-el-marques-qro.-venta-departamento-en-150725883.html,1100000,"MN 1,100,000",MXN,venta,Apartamento,Real Solare,El Marqués,Querétaro,56.0,56.0,Publicado hace 9 días,2026-08-05T20:52:27Z,2026-08-14T04:03:02.447274+00:00,https://www.inmuebles24.com/casas-o-casa-en-condominio-o-departamentos-en-venta-en-queretaro-provincia-ordenado-por-fechaonline-descendente.html-pagina-27.html
https://www.inmuebles24.com/propiedades/clasificado/veclapin-venta.-departamento-de-2-recamaras-constituyentes-150718532.html,3600000,"MN 3,600,000",MXN,venta,Apartamento,Constituyentes,Querétaro,Querétaro,103.0,103.0,Publicado hace 9 días,2026-08-05T07:34:20Z,2026-08-14T04:05:42.368259+00:00,https://www.inmuebles24.com/casas-o-casa-en-condominio-o-departamentos-en-venta-en-queretaro-provincia-ordenado-por-fechaonline-descendente.html-pagina-27.html
https://www.inmuebles24.com/propiedades/clasificado/veclcain-altozano-vendo-casa-a-estrenar-en-privada-muy-selecta-150728184.html,6190000,"MN 6,190,000",MXN,venta,Casa,Altozano el Nuevo Querétaro,Querétaro,Querétaro,252.0,180.0,Publicado hace 9 días,2026-08-06T00:17Z,2026-08-14T04:05:42.368259+00:00,https://www.inmuebles24.com/casas-o-casa-en-condominio-o-departamentos-en-venta-en-queretaro-provincia-ordenado-por-fechaonline-descendente.html-pagina-27.html
https://www.inmuebles24.com/propiedades/clasificado/veclcain-casa-de-arquitecto-en-venta-en-capital-sur-queretaro-150728054.html,3699000,"MN 3,699,000",MXN,venta,Casa,Capital Sur,El Marqués,Querétaro,165.0,115.0,Publicado hace 9 días,2026-08-06T00:02:38Z,2026-08-14T04:05:42.368259+00:00,https://www.inmuebles24.com/casas-o-casa-en-condominio-o-departamentos-en-venta-en-queretaro-provincia-ordenado-por-fechaonline-descendente.html-pagina-27.html
https://www.inmuebles24.com/propiedades/clasificado/veclcain-casa-en-venta-con-excelente-ubicacion-en-zakia-rah4748-150727978.html,2840000,"MN 2,840,000",MXN,venta,Casa,Zákia,El Marqués,Querétaro,103.0,100.0,Publicado hace 9 días,2026-08-05T23:58:36Z,2026-08-14T04:05:42.368259+00:00,https://www.inmuebles24.com/casas-o-casa-en-condominio-o-departamentos-en-venta-en-queretaro-provincia-ordenado-por-fechaonline-descendente.html-pagina-27.html
https://www.inmuebles24.com/propiedades/clasificado/veclcain-casa-en-venta-de-una-sola-planta-en-cimatario-150703904.html,3700000,"MN 3,700,000",MXN,venta,Casa,Cimatario,Querétaro,Querétaro,170.0,250.0,Publicado hace 9 días,2026-08-03T22:58:18Z,2026-08-14T04:05:42.368259+00:00,https://www.inmuebles24.com/casas-o-casa-en-condominio-o-departamentos-en-venta-en-queretaro-provincia-ordenado-por-fechaonline-descendente.html-pagina-27.html
https://www.inmuebles24.com/propiedades/clasificado/veclcain-casa-en-venta-en-altozano-condominio-flama-doble-150722359.html,6900000,"MN 6,900,000",MXN,venta,Casa,Altozano el Nuevo Querétaro,Querétaro,Querétaro,138.0,180.0,Publicado hace 9 días,2026-08-05T18:02:52Z,2026-08-14T04:05:42.368259+00:00,https://www.inmuebles24.com/casas-o-casa-en-condominio-o-departamentos-en-venta-en-queretaro-provincia-ordenado-por-fechaonline-descendente.html-pagina-27.html
https://www.inmuebles24.com/propiedades/clasificado/veclcain-casa-en-venta-en-altozano-condominio-fogata-con-150723088.html,10830000,"MN 10,830,000",MXN,venta,Casa,Altozano el Nuevo Querétaro,Querétaro,Querétaro,440.0,530.0,Publicado hace 9 días,2026-08-05T18:23:27Z,2026-08-14T04:05:42.368259+00:00,https://www.inmuebles24.com/casas-o-casa-en-condominio-o-departamentos-en-venta-en-queretaro-provincia-ordenado-por-fechaonline-descendente.html-pagina-27.html
https://www.inmuebles24.com/propiedades/clasificado/veclcain-casa-en-venta-en-el-nuevo-refugio-privada-el-olmo-150724587.html,5974000,"MN 5,974,000",MXN,venta,Casa,Residencial El Refugio,Querétaro,Querétaro,233.0,160.0,Publicado hace 9 días,2026-08-05T19:22:26Z,2026-08-14T04:05:42.368259+00:00,https://www.inmuebles24.com/casas-o-casa-en-condominio-o-departamentos-en-venta-en-queretaro-provincia-ordenado-por-fechaonline-descendente.html-pagina-27.html
https://www.inmuebles24.com/propiedades/clasificado/veclcain-casa-en-venta-en-fraccionamiento-real-de-juriquilla-de-150723340.html,11300000,"MN 11,300,000",MXN,venta,Casa,Juriquilla,Querétaro,Querétaro,487.0,345.0,Publicado hace 9 días,2026-08-05T18:34:20Z,2026-08-14T04:05:42.368259+00:00,https://www.inmuebles24.com/casas-o-casa-en-condominio-o-departamentos-en-venta-en-queretaro-provincia-ordenado-por-fechaonline-descendente.html-pagina-27.html
https://www.inmuebles24.com/propiedades/clasificado/veclcain-casa-en-venta-en-jurica-150724066.html,9200000,"MN 9,200,000",MXN,venta,Casa,Jurica,Querétaro,Querétaro,406.0,604.0,Publicado hace 9 días,2026-08-05T19:08:55Z,2026-08-14T04:05:42.368259+00:00,https://www.inmuebles24.com/casas-o-casa-en-condominio-o-departamentos-en-venta-en-queretaro-provincia-ordenado-por-fechaonline-descendente.html-pagina-27.html
https://www.inmuebles24.com/propiedades/clasificado/veclcain-casa-en-venta-en-juriquilla-dentro-de-el-nautico-150723967.html,4950000,"MN 4,950,000",MXN,venta,Casa,Juriquilla,Querétaro,Querétaro,157.0,157.0,Publicado hace 9 días,2026-08-05T19:04:33Z,2026-08-14T04:08:58.276466+00:00,https://www.inmuebles24.com/casas-o-casa-en-condominio-o-departamentos-en-venta-en-queretaro-provincia-ordenado-por-fechaonline-descendente.html-pagina-27.html
https://www.inmuebles24.com/propiedades/clasificado/veclcain-casa-en-venta-en-real-de-juriquilla-de-3-niveles-150722299.html,5500000,"MN 5,500,000",MXN,venta,Casa,Juriquilla,Querétaro,Querétaro,265.0,315.0,Publicado hace 9 días,2026-08-05T17:59:43Z,2026-08-14T04:08:58.276466+00:00,https://www.inmuebles24.com/casas-o-casa-en-condominio-o-departamentos-en-venta-en-queretaro-provincia-ordenado-por-fechaonline-descendente.html-pagina-27.html
https://www.inmuebles24.com/propiedades/clasificado/veclcain-casa-en-venta-en-residencial-mayorazgo-cerca-de-150723921.html,6400000,"MN 6,400,000",MXN,venta,Casa,El Mayorazgo,El Marqués,Querétaro,254.0,192.0,Publicado hace 9 días,2026-08-05T19:02:01Z,2026-08-14T04:08:58.276466+00:00,https://www.inmuebles24.com/casas-o-casa-en-condominio-o-departamentos-en-venta-en-queretaro-provincia-ordenado-por-fechaonline-descendente.html-pagina-27.html
https://www.inmuebles24.com/propiedades/clasificado/veclcain-casa-en-venta-en-rinconada-jurica-queretaro-150723354.html,9800000,"MN 9,800,000",MXN,venta,Casa,Fraccionamiento Jurica Pinar,Querétaro,Querétaro,353.0,450.0,Publicado hace 9 días,2026-08-05T18:35:14Z,2026-08-14T04:08:58.276466+00:00,https://www.inmuebles24.com/casas-o-casa-en-condominio-o-departamentos-en-venta-en-queretaro-provincia-ordenado-por-fechaonline-descendente.html-pagina-27.html
https://www.inmuebles24.com/propiedades/clasificado/veclcain-casa-en-venta-en-zakia-frente-al-parque-de-zizana-150727979.html,2550000,"MN 2,550,000",MXN,venta,Casa,Zákia,El Marqués,Querétaro,100.0,100.0,Publicado hace 9 días,2026-08-05T23:58:36Z,2026-08-14T04:08:58.276466+00:00,https://www.inmuebles24.com/casas-o-casa-en-condominio-o-departamentos-en-venta-en-queretaro-provincia-ordenado-por-fechaonline-descendente.html-pagina-27.html
https://www.inmuebles24.com/propiedades/clasificado/veclcain-casa-en-venta-en-zibata-condominio-turquesa-150723908.html,7500000,"MN 7,500,000",MXN,venta,Casa,Zibatá,El Marqués,Querétaro,310.0,180.0,Publicado hace 9 días,2026-08-05T19:00:44Z,2026-08-14T04:08:58.276466+00:00,https://www.inmuebles24.com/casas-o-casa-en-condominio-o-departamentos-en-venta-en-queretaro-provincia-ordenado-por-fechaonline-descendente.html-pagina-27.html
https://www.inmuebles24.com/propiedades/clasificado/veclcain-casa-en-venta-o-renta-en-jurica-condominio-arco-de-150724940.html,11000000,"MN 11,000,000",MXN,venta,Casa,Jurica,Querétaro,Querétaro,326.0,300.0,Publicado hace 9 días,2026-08-05T19:33:04Z,2026-08-14T04:08:58.276466+00:00,https://www.inmuebles24.com/casas-o-casa-en-condominio-o-departamentos-en-venta-en-queretaro-provincia-ordenado-por-fechaonline-descendente.html-pagina-27.html
https://www.inmuebles24.com/propiedades/clasificado/veclcain-casa-en-venta-o-renta-en-zibata-condominio-antalia-150723270.html,3800000,"MN 3,800,000",MXN,venta,Casa,Zibatá,El Marqués,Querétaro,170.0,120.0,Publicado hace 9 días,2026-08-05T18:30:52Z,2026-08-14T04:08:58.276466+00:00,https://www.inmuebles24.com/casas-o-casa-en-condominio-o-departamentos-en-venta-en-queretaro-provincia-ordenado-por-fechaonline-descendente.html-pagina-27.html
https://www.inmuebles24.com/propiedades/clasificado/veclcain-real-solare-casa-nueva-para-estrenar-con-arquitectura-150727977.html,1640000,"MN 1,640,000",MXN,venta,Casa,Real Solare,El Marqués,Querétaro,75.0,90.0,Publicado hace 9 días,2026-08-05T23:58:36Z,2026-08-14T04:08:58.276466+00:00,https://www.inmuebles24.com/casas-o-casa-en-condominio-o-departamentos-en-venta-en-queretaro-provincia-ordenado-por-fechaonline-descendente.html-pagina-27.html
https://www.inmuebles24.com/propiedades/clasificado/veclcain-zaru-casa-de-3-recamaras-en-condominio-con-amenidades-150727992.html,2633000,"MN 2,633,000",MXN,venta,Casa,Fraccionamiento Zarú,El Marqués,Querétaro,110.0,100.0,Publicado hace 9 días,2026-08-05T23:58:38Z,2026-08-14T04:08:58.276466+00:00,https://www.inmuebles24.com/casas-o-casa-en-condominio-o-departamentos-en-venta-en-queretaro-provincia-ordenado-por-fechaonline-descendente.html-pagina-27.html
https://www.inmuebles24.com/propiedades/clasificado/veclccin-casa-en-venta-en-altozano-dentro-de-condominio-lago-150723394.html,17240000,"MN 17,240,000",MXN,venta,Casa en condominio,Altozano el Nuevo Querétaro,Querétaro,Querétaro,424.0,480.0,Publicado hace 9 días,2026-08-05T18:37:06Z,2026-08-14T04:13:15.973440+00:00,https://www.inmuebles24.com/casas-o-casa-en-condominio-o-departamentos-en-venta-en-queretaro-provincia-ordenado-por-fechaonline-descendente.html-pagina-27.html
https://www.inmuebles24.com/propiedades/clasificado/veclccin-casa-en-venta-en-grand-juriquilla-con-roof-garden-150723000.html,3550000,"MN 3,550,000",MXN,venta,Casa en condominio,Juriquilla,Querétaro,Querétaro,180.0,190.0,Publicado hace 9 días,2026-08-05T18:22:11Z,2026-08-14T04:13:15.973440+00:00,https://www.inmuebles24.com/casas-o-casa-en-condominio-o-departamentos-en-venta-en-queretaro-provincia-ordenado-por-fechaonline-descendente.html-pagina-27.html
https://www.inmuebles24.com/propiedades/clasificado/veclccin-casa-en-venta-en-residencial-mayorazgo-cerca-de-150723941.html,5400000,"MN 5,400,000",MXN,venta,Casa en condominio,El Mayorazgo,El Marqués,Querétaro,270.0,199.0,Publicado hace 9 días,2026-08-05T19:03:01Z,2026-08-14T04:13:15.973440+00:00,https://www.inmuebles24.com/casas-o-casa-en-condominio-o-departamentos-en-venta-en-queretaro-provincia-ordenado-por-fechaonline-descendente.html-pagina-27.html
https://www.inmuebles24.com/propiedades/clasificado/veclccin-casa-en-venta-en-tres-cantos-residencial-4-150724512.html,1850000,"MN 1,850,000",MXN,venta,Casa en condominio,Tres Cantos Residencial,Querétaro,Querétaro,95.0,79.0,Publicado hace 9 días,2026-08-05T19:19:25Z,2026-08-14T04:13:15.973440+00:00,https://www.inmuebles24.com/casas-o-casa-en-condominio-o-departamentos-en-venta-en-queretaro-provincia-ordenado-por-fechaonline-descendente.html-pagina-27.html
https://www.inmuebles24.com/propiedades/clasificado/veclapin-departamento-de-83-m-sup2--con-3-recamaras-en-venta-en-150718583.html,2540000,"MN 2,540,000",MXN,venta,Apartamento,Zibatá,El Marqués,Querétaro,83.0,83.0,Publicado hace 9 días,2026-08-05T10:08:19Z,2026-08-14T04:13:15.973440+00:00,https://www.inmuebles24.com/casas-o-casa-en-condominio-o-departamentos-en-venta-en-queretaro-provincia-ordenado-por-fechaonline-descendente.html-pagina-28.html
https://www.inmuebles24.com/propiedades/clasificado/veclapin-departamento-en-venta-de-3-recamaras-en-corregidora-150720395.html,2600000,"MN 2,600,000",MXN,venta,Apartamento,,Corregidora,Querétaro,107.0,107.0,Publicado hace 9 días,2026-08-05T16:17:14Z,2026-08-14T04:13:15.973440+00:00,https://www.inmuebles24.com/casas-o-casa-en-condominio-o-departamentos-en-venta-en-queretaro-provincia-ordenado-por-fechaonline-descendente.html-pagina-28.html
https://www.inmuebles24.com/propiedades/clasificado/veclapin-departamento-en-venta-en-juriquilla-pent-house-150724534.html,7500000,"MN 7,500,000",MXN,venta,Apartamento,Juriquilla,Querétaro,Querétaro,269.0,269.0,Publicado hace 9 días,2026-08-05T19:20:03Z,2026-08-14T04:13:15.973440+00:00,https://www.inmuebles24.com/casas-o-casa-en-condominio-o-departamentos-en-venta-en-queretaro-provincia-ordenado-por-fechaonline-descendente.html-pagina-28.html
https://www.inmuebles24.com/propiedades/clasificado/veclapin-departamento-en-venta-en-juriquilla-vista-diamante-150722318.html,3800000,"MN 3,800,000",MXN,venta,Apartamento,Fraccionamiento Cumbres del Lago,Querétaro,Querétaro,122.0,122.0,Publicado hace 9 días,2026-08-05T18:00:21Z,2026-08-14T04:13:15.973440+00:00,https://www.inmuebles24.com/casas-o-casa-en-condominio-o-departamentos-en-venta-en-queretaro-provincia-ordenado-por-fechaonline-descendente.html-pagina-28.html
https://www.inmuebles24.com/propiedades/clasificado/veclapin-departamento-en-venta-en-juriquilla-vista-diamante-150724436.html,3800000,"MN 3,800,000",MXN,venta,Apartamento,Juriquilla,Querétaro,Querétaro,122.0,122.0,Publicado hace 9 días,2026-08-05T19:15:13Z,2026-08-14T04:13:15.973440+00:00,https://www.inmuebles24.com/casas-o-casa-en-condominio-o-departamentos-en-venta-en-queretaro-provincia-ordenado-por-fechaonline-descendente.html-pagina-28.html
https://www.inmuebles24.com/propiedades/clasificado/veclapin-departamento-en-venta-en-milenio-queretaro-con-3-150729023.html,2850000,"MN 2,850,000",MXN,venta,Apartamento,Milenio III,Querétaro,Querétaro,110.0,110.0,Publicado hace 9 días,2026-08-06T02:21:38Z,2026-08-14T04:13:15.973440+00:00,https://www.inmuebles24.com/casas-o-casa-en-condominio-o-departamentos-en-venta-en-queretaro-provincia-ordenado-por-fechaonline-descendente.html-pagina-28.html
https://www.inmuebles24.com/propiedades/clasificado/veclapin-departamento-en-venta-en-provenza-residencial-150724517.html,2100000,"MN 2,100,000",MXN,venta,Apartamento,,El Marqués,Querétaro,76.0,76.0,Publicado hace 9 días,2026-08-05T19:19:25Z,2026-08-14T04:16:03.206440+00:00,https://www.inmuebles24.com/casas-o-casa-en-condominio-o-departamentos-en-venta-en-queretaro-provincia-ordenado-por-fechaonline-descendente.html-pagina-28.html
https://www.inmuebles24.com/propiedades/clasificado/veclapin-departamento-en-venta-en-valle-de-juriquilla-valle-150724865.html,5200000,"MN 5,200,000",MXN,venta,Apartamento,Juriquilla,Querétaro,Querétaro,150.0,150.0,Publicado hace 9 días,2026-08-05T19:29:04Z,2026-08-14T04:16:03.206440+00:00,https://www.inmuebles24.com/casas-o-casa-en-condominio-o-departamentos-en-venta-en-queretaro-provincia-ordenado-por-fechaonline-descendente.html-pagina-28.html
https://www.inmuebles24.com/propiedades/clasificado/veclapin-departamentos-en-venta-en-cumbres-del-lago-juriquilla-150724938.html,5250000,"MN 5,250,000",MXN,venta,Apartamento,Juriquilla,Querétaro,Querétaro,144.0,144.0,Publicado hace 9 días,2026-08-05T19:32:43Z,2026-08-14T04:16:03.206440+00:00,https://www.inmuebles24.com/casas-o-casa-en-condominio-o-departamentos-en-venta-en-queretaro-provincia-ordenado-por-fechaonline-descendente.html-pagina-28.html
https://www.inmuebles24.com/propiedades/clasificado/veclapin-urban-corridor-loft-en-venta-con-alberca-climatizada-150727988.html,1530000,"MN 1,530,000",MXN,venta,Apartamento,Zákia,El Marqués,Querétaro,68.0,68.0,Publicado hace 9 días,2026-08-05T23:58:37Z,2026-08-14T04:16:03.206440+00:00,https://www.inmuebles24.com/casas-o-casa-en-condominio-o-departamentos-en-venta-en-queretaro-provincia-ordenado-por-fechaonline-descendente.html-pagina-28.html
https://www.inmuebles24.com/propiedades/clasificado/veclapin-venta-de-departamento-de-60-m-sup2--con-2-recamaras-150716435.html,1350000,"MN 1,350,000",MXN,venta,Apartamento,Villas de Santiago,Querétaro,Querétaro,60.0,60.0,Publicado hace 9 días,2026-08-05T03:52:20Z,2026-08-14T04:16:03.206440+00:00,https://www.inmuebles24.com/casas-o-casa-en-condominio-o-departamentos-en-venta-en-queretaro-provincia-ordenado-por-fechaonline-descendente.html-pagina-28.html
https://www.inmuebles24.com/propiedades/clasificado/veclapin-vive-en-zibata-departamento-de-2-recamaras-con-150727990.html,2046000,"MN 2,046,000",MXN,venta,Apartamento,Zibatá,El Marqués,Querétaro,66.0,66.0,Publicado hace 9 días,2026-08-05T23:58:38Z,2026-08-14T04:16:03.206440+00:00,https://www.inmuebles24.com/casas-o-casa-en-condominio-o-departamentos-en-venta-en-queretaro-provincia-ordenado-por-fechaonline-descendente.html-pagina-28.html
https://www.inmuebles24.com/propiedades/clasificado/veclapin-zaru-departamento-en-venta-planta-baja-con-jardin-o-150727976.html,2548000,"MN 2,548,000",MXN,venta,Apartamento,Fraccionamiento Zarú,El Marqués,Querétaro,86.0,86.0,Publicado hace 9 días,2026-08-05T23:58:36Z,2026-08-14T04:16:03.206440+00:00,https://www.inmuebles24.com/casas-o-casa-en-condominio-o-departamentos-en-venta-en-queretaro-provincia-ordenado-por-fechaonline-descendente.html-pagina-28.html
https://www.inmuebles24.com/propiedades/clasificado/veclcain-amplia-y-con-habitacion-en-planta-baja!-150726051.html,5150000,"MN 5,150,000",MXN,venta,Casa,Fraccionamiento Puerta Real,Corregidora,Querétaro,200.0,272.0,Publicado hace 9 días,2026-08-05T21:09Z,2026-08-14T04:16:03.206440+00:00,https://www.inmuebles24.com/casas-o-casa-en-condominio-o-departamentos-en-venta-en-queretaro-provincia-ordenado-por-fechaonline-descendente.html-pagina-28.html
https://www.inmuebles24.com/propiedades/clasificado/veclcain-casa-de-180-m-sup2--con-3-recamaras-en-venta-en-150726449.html,500000,"MN 500,000",MXN,venta,Casa,Juriquilla,Querétaro,Querétaro,250.0,180.0,Publicado hace 9 días,2026-08-05T21:35:41Z,2026-08-14T04:16:03.206440+00:00,https://www.inmuebles24.com/casas-o-casa-en-condominio-o-departamentos-en-venta-en-queretaro-provincia-ordenado-por-fechaonline-descendente.html-pagina-28.html
https://www.inmuebles24.com/propiedades/clasificado/veclcain-casa-de-316-m-sup2--con-3-recamaras-en-venta-en-150726047.html,1500000,"MN 1,500,000",MXN,venta,Casa,Juriquilla,Querétaro,Querétaro,220.0,316.0,Publicado hace 9 días,2026-08-05T21:08:34Z,2026-08-14T04:16:03.206440+00:00,https://www.inmuebles24.com/casas-o-casa-en-condominio-o-departamentos-en-venta-en-queretaro-provincia-ordenado-por-fechaonline-descendente.html-pagina-28.html
https://www.inmuebles24.com/propiedades/clasificado/veclcain-casa-en-venta-centrica-cerca-de-avs-principales-150722273.html,1790000,"MN 1,790,000",MXN,venta,Casa,El Progreso,Querétaro,Querétaro,99.0,113.0,Publicado hace 9 días,2026-08-05T17:56:58Z,2026-08-14T04:20:03.841345+00:00,https://www.inmuebles24.com/casas-o-casa-en-condominio-o-departamentos-en-venta-en-queretaro-provincia-ordenado-por-fechaonline-descendente.html-pagina-28.html
https://www.inmuebles24.com/propiedades/clasificado/veclcain-casa-en-venta-en-el-refugio-condominio-alvento-3-150722411.html,3000000,"MN 3,000,000",MXN,venta,Casa,Residencial El Refugio,Querétaro,Querétaro,150.0,150.0,Publicado hace 9 días,2026-08-05T18:05:09Z,2026-08-14T04:20:03.841345+00:00,https://www.inmuebles24.com/casas-o-casa-en-condominio-o-departamentos-en-venta-en-queretaro-provincia-ordenado-por-fechaonline-descendente.html-pagina-28.html
https://www.inmuebles24.com/propiedades/clasificado/veclcain-casa-en-venta-en-fraccionamiento-real-de-juriquilla-de-150723323.html,11300000,"MN 11,300,000",MXN,venta,Casa,Real de Juriquilla,Querétaro,Querétaro,487.0,345.0,Publicado hace 9 días,2026-08-05T18:33:58Z,2026-08-14T04:20:03.841345+00:00,https://www.inmuebles24.com/casas-o-casa-en-condominio-o-departamentos-en-venta-en-queretaro-provincia-ordenado-por-fechaonline-descendente.html-pagina-28.html
https://www.inmuebles24.com/propiedades/clasificado/veclcain-casa-en-venta-en-juriquilla-santa-fe-condominio-las-150722659.html,5900000,"MN 5,900,000",MXN,venta,Casa,Juriquilla,Querétaro,Querétaro,280.0,300.0,Publicado hace 9 días,2026-08-05T18:11:25Z,2026-08-14T04:20:03.841345+00:00,https://www.inmuebles24.com/casas-o-casa-en-condominio-o-departamentos-en-venta-en-queretaro-provincia-ordenado-por-fechaonline-descendente.html-pagina-28.html
https://www.inmuebles24.com/propiedades/clasificado/veclcain-casa-en-venta-en-real-de-juriquilla-de-3-niveles-150722302.html,5500000,"MN 5,500,000",MXN,venta,Casa,Real de Juriquilla,Querétaro,Querétaro,265.0,315.0,Publicado hace 9 días,2026-08-05T17:59:59Z,2026-08-14T04:20:03.841345+00:00,https://www.inmuebles24.com/casas-o-casa-en-condominio-o-departamentos-en-venta-en-queretaro-provincia-ordenado-por-fechaonline-descendente.html-pagina-28.html
https://www.inmuebles24.com/propiedades/clasificado/veclcain-casa-en-venta-en-rinconada-jacarandas-cerca-de-150724974.html,14000000,"MN 14,000,000",MXN,venta,Casa,Rinconada Jacarandas,Querétaro,Querétaro,600.0,420.0,Publicado hace 9 días,2026-08-05T19:34:53Z,2026-08-14T04:20:03.841345+00:00,https://www.inmuebles24.com/casas-o-casa-en-condominio-o-departamentos-en-venta-en-queretaro-provincia-ordenado-por-fechaonline-descendente.html-pagina-28.html
https://www.inmuebles24.com/propiedades/clasificado/veclcain-casa-venta-900-m-sup2--construccion-en-club-de-golf-de-150722413.html,17000000,"MN 17,000,000",MXN,venta,Casa,Fraccionamiento Club de Golf Tequisquiapan,Tequisquiapan,Querétaro,900.0,1044.0,Publicado hace 9 días,2026-08-05T18:05:11Z,2026-08-14T04:20:03.841345+00:00,https://www.inmuebles24.com/casas-o-casa-en-condominio-o-departamentos-en-venta-en-queretaro-provincia-ordenado-por-fechaonline-descendente.html-pagina-28.html
https://www.inmuebles24.com/propiedades/clasificado/veclcain-casa-venta-el-mirador-el-marques-queretaro-privada-con-150716507.html,2250000,"MN 2,250,000",MXN,venta,Casa,Fraccionamiento El Mirador,El Marqués,Querétaro,117.0,105.0,Publicado hace 9 días,2026-08-05T04:25:30Z,2026-08-14T04:20:03.841345+00:00,https://www.inmuebles24.com/casas-o-casa-en-condominio-o-departamentos-en-venta-en-queretaro-provincia-ordenado-por-fechaonline-descendente.html-pagina-28.html
https://www.inmuebles24.com/propiedades/clasificado/veclcain-desarrollo-san-pablo.-venta-casa-de-una-planta-con-2-150728883.html,3300000,"MN 3,300,000",MXN,venta,Casa,Desarrollo San Pablo,Querétaro,Querétaro,104.0,170.0,Publicado hace 9 días,2026-08-06T01:52:15Z,2026-08-14T04:20:03.841345+00:00,https://www.inmuebles24.com/casas-o-casa-en-condominio-o-departamentos-en-venta-en-queretaro-provincia-ordenado-por-fechaonline-descendente.html-pagina-28.html
https://www.inmuebles24.com/propiedades/clasificado/veclcain-residencia-moderna-en-zibata-con-gimnasio-y-alberca-150727989.html,3216000,"MN 3,216,000",MXN,venta,Casa,Zibatá,El Marqués,Querétaro,115.0,105.0,Publicado hace 9 días,2026-08-05T23:58:38Z,2026-08-14T04:20:03.841345+00:00,https://www.inmuebles24.com/casas-o-casa-en-condominio-o-departamentos-en-venta-en-queretaro-provincia-ordenado-por-fechaonline-descendente.html-pagina-28.html
https://www.inmuebles24.com/propiedades/clasificado/veclcain-valle-juriquilla-queretaro-casa-en-venta-de-3-150729912.html,3599000,"MN 3,599,000",MXN,venta,Casa,Valle de Juriquilla,Querétaro,Querétaro,165.0,128.0,Publicado hace 9 días,2026-08-06T03:55:25Z,2026-08-14T04:22:43.976989+00:00,https://www.inmuebles24.com/casas-o-casa-en-condominio-o-departamentos-en-venta-en-queretaro-provincia-ordenado-por-fechaonline-descendente.html-pagina-28.html
https://www.inmuebles24.com/propiedades/clasificado/veclcain-venta-sonterra.-casa-con-amenidades-2-recamaras-150728819.html,2400000,"MN 2,400,000",MXN,venta,Casa,Fraccionamiento Sonterra,Querétaro,Querétaro,105.0,90.0,Publicado hace 9 días,2026-08-06T01:40:29Z,2026-08-14T04:22:43.976989+00:00,https://www.inmuebles24.com/casas-o-casa-en-condominio-o-departamentos-en-venta-en-queretaro-provincia-ordenado-por-fechaonline-descendente.html-pagina-28.html
https://www.inmuebles24.com/propiedades/clasificado/veclccin-casa-en-jurica-3-recamaras-cada-una-con-bano-en-el-150721946.html,5990000,"MN 5,990,000",MXN,venta,Casa en condominio,Jurica,Querétaro,Querétaro,240.0,255.0,Publicado hace 9 días,2026-08-05T17:33:12Z,2026-08-14T04:22:43.976989+00:00,https://www.inmuebles24.com/casas-o-casa-en-condominio-o-departamentos-en-venta-en-queretaro-provincia-ordenado-por-fechaonline-descendente.html-pagina-28.html
https://www.inmuebles24.com/propiedades/clasificado/veclccin-casa-en-venta-en-preserve-juriquilla-a-precio-de-150718561.html,4275000,"MN 4,275,000",MXN,venta,Casa en condominio,Juriquilla,Querétaro,Querétaro,244.0,198.0,Publicado hace 9 días,2026-08-05T08:53:29Z,2026-08-14T04:22:43.976989+00:00,https://www.inmuebles24.com/casas-o-casa-en-condominio-o-departamentos-en-venta-en-queretaro-provincia-ordenado-por-fechaonline-descendente.html-pagina-28.html
https://www.inmuebles24.com/propiedades/clasificado/veclapin-departamento-de-lujo-en-venta-milenio-iii-altinum-150724124.html,9850000,"MN 9,850,000",MXN,venta,Apartamento,Milenio III,Querétaro,Querétaro,171.0,171.0,Publicado hace 9 días,2026-08-05T19:10:46Z,2026-08-14T04:22:43.976989+00:00,https://www.inmuebles24.com/casas-o-casa-en-condominio-o-departamentos-en-venta-en-queretaro-provincia-ordenado-por-fechaonline-descendente.html-pagina-29.html
https://www.inmuebles24.com/propiedades/clasificado/veclapin-departamento-en-venta-en-colonia-el-manantial-150725172.html,2600000,"MN 2,600,000",MXN,venta,Apartamento,El Pueblito,Corregidora,Querétaro,107.0,107.0,Publicado hace 9 días,2026-08-05T19:51:03Z,2026-08-14T04:22:43.976989+00:00,https://www.inmuebles24.com/casas-o-casa-en-condominio-o-departamentos-en-venta-en-queretaro-provincia-ordenado-por-fechaonline-descendente.html-pagina-29.html
https://www.inmuebles24.com/propiedades/clasificado/veclapin-departamento-en-venta-en-el-refugio-4-150724513.html,3980000,"MN 3,980,000",MXN,venta,Apartamento,Residencial El Refugio,Querétaro,Querétaro,243.0,243.0,Publicado hace 9 días,2026-08-05T19:19:25Z,2026-08-14T04:22:43.976989+00:00,https://www.inmuebles24.com/casas-o-casa-en-condominio-o-departamentos-en-venta-en-queretaro-provincia-ordenado-por-fechaonline-descendente.html-pagina-29.html
https://www.inmuebles24.com/propiedades/clasificado/veclapin-departamento-en-venta-en-juriquilla-condominio-joy-150722995.html,4450000,"MN 4,450,000",MXN,venta,Apartamento,Juriquilla,Querétaro,Querétaro,139.0,139.0,Publicado hace 9 días,2026-08-05T18:21:27Z,2026-08-14T04:22:43.976989+00:00,https://www.inmuebles24.com/casas-o-casa-en-condominio-o-departamentos-en-venta-en-queretaro-provincia-ordenado-por-fechaonline-descendente.html-pagina-29.html
https://www.inmuebles24.com/propiedades/clasificado/veclapin-departamento-en-venta-en-juriquilla-santa-fe-150722403.html,2850000,"MN 2,850,000",MXN,venta,Apartamento,Juriquilla Santa Fe,Querétaro,Querétaro,130.0,130.0,Publicado hace 9 días,2026-08-05T18:04:39Z,2026-08-14T04:22:43.976989+00:00,https://www.inmuebles24.com/casas-o-casa-en-condominio-o-departamentos-en-venta-en-queretaro-provincia-ordenado-por-fechaonline-descendente.html-pagina-29.html
https://www.inmuebles24.com/propiedades/clasificado/veclapin-departamento-en-venta-en-wise-living-juriquilla-2-150724016.html,5450000,"MN 5,450,000",MXN,venta,Apartamento,Juriquilla,Querétaro,Querétaro,160.0,160.0,Publicado hace 9 días,2026-08-05T19:07:04Z,2026-08-14T04:22:43.976989+00:00,https://www.inmuebles24.com/casas-o-casa-en-condominio-o-departamentos-en-venta-en-queretaro-provincia-ordenado-por-fechaonline-descendente.html-pagina-29.html
https://www.inmuebles24.com/propiedades/clasificado/veclapin-departamento-en-venta-o-renta-en-juriquilla-valle-150724483.html,5000000,"MN 5,000,000",MXN,venta,Apartamento,Juriquilla,Querétaro,Querétaro,163.0,163.0,Publicado hace 9 días,2026-08-05T19:18:01Z,2026-08-14T04:24:55.208563+00:00,https://www.inmuebles24.com/casas-o-casa-en-condominio-o-departamentos-en-venta-en-queretaro-provincia-ordenado-por-fechaonline-descendente.html-pagina-29.html
https://www.inmuebles24.com/propiedades/clasificado/veclapin-jurica-venta.-departamento-con-2-recamaras-area-de-150718550.html,5025000,"MN 5,025,000",MXN,venta,Apartamento,Jurica,Querétaro,Querétaro,135.0,135.0,Publicado hace 9 días,2026-08-05T08:00:25Z,2026-08-14T04:24:55.208563+00:00,https://www.inmuebles24.com/casas-o-casa-en-condominio-o-departamentos-en-venta-en-queretaro-provincia-ordenado-por-fechaonline-descendente.html-pagina-29.html
https://www.inmuebles24.com/propiedades/clasificado/veclapin-venta.-departamento-de-2-recamaras-puerta-real-150718547.html,2200000,"MN 2,200,000",MXN,venta,Apartamento,Fraccionamiento Puerta Real,Corregidora,Querétaro,65.0,65.0,Publicado hace 9 días,2026-08-05T07:54:29Z,2026-08-14T04:24:55.208563+00:00,https://www.inmuebles24.com/casas-o-casa-en-condominio-o-departamentos-en-venta-en-queretaro-provincia-ordenado-por-fechaonline-descendente.html-pagina-29.html
https://www.inmuebles24.com/propiedades/clasificado/veclcain-casa-en-ciudad-meseta-150716676.html,1650000,"MN 1,650,000",MXN,venta,Casa,,Querétaro,Querétaro,82.0,82.0,Publicado hace 9 días,2026-08-05T05:11:44Z,2026-08-14T04:24:55.208563+00:00,https://www.inmuebles24.com/casas-o-casa-en-condominio-o-departamentos-en-venta-en-queretaro-provincia-ordenado-por-fechaonline-descendente.html-pagina-29.html
https://www.inmuebles24.com/propiedades/clasificado/veclcain-casa-en-renta-o-venta-en-lomas-de-juriquilla-4-150722847.html,6700000,"MN 6,700,000",MXN,venta,Casa,Juriquilla,Querétaro,Querétaro,380.0,250.0,Publicado hace 9 días,2026-08-05T18:16:23Z,2026-08-14T04:24:55.208563+00:00,https://www.inmuebles24.com/casas-o-casa-en-condominio-o-departamentos-en-venta-en-queretaro-provincia-ordenado-por-fechaonline-descendente.html-pagina-29.html
https://www.inmuebles24.com/propiedades/clasificado/veclcain-casa-en-venta-de-nivle-colinas-de-cimatario-santiago-150718572.html,3700000,"MN 3,700,000",MXN,venta,Casa,Colinas del Cimatario,Querétaro,Querétaro,169.0,250.0,Publicado hace 9 días,2026-08-05T09:23:53Z,2026-08-14T04:24:55.208563+00:00,https://www.inmuebles24.com/casas-o-casa-en-condominio-o-departamentos-en-venta-en-queretaro-provincia-ordenado-por-fechaonline-descendente.html-pagina-29.html
https://www.inmuebles24.com/propiedades/clasificado/veclcain-casa-en-venta-en-altozano-condominio-fogata-150723985.html,11890000,"MN 11,890,000",MXN,venta,Casa,Altozano el Nuevo Querétaro,Querétaro,Querétaro,343.0,264.0,Publicado hace 9 días,2026-08-05T19:05:50Z,2026-08-14T04:24:55.208563+00:00,https://www.inmuebles24.com/casas-o-casa-en-condominio-o-departamentos-en-venta-en-queretaro-provincia-ordenado-por-fechaonline-descendente.html-pagina-29.html
https://www.inmuebles24.com/propiedades/clasificado/veclcain-casa-en-venta-en-el-refugio-condominio-metropolis-150722478.html,4290000,"MN 4,290,000",MXN,venta,Casa,Residencial El Refugio,Querétaro,Querétaro,179.0,150.0,Publicado hace 9 días,2026-08-05T18:05:48Z,2026-08-14T04:24:55.208563+00:00,https://www.inmuebles24.com/casas-o-casa-en-condominio-o-departamentos-en-venta-en-queretaro-provincia-ordenado-por-fechaonline-descendente.html-pagina-29.html
https://www.inmuebles24.com/propiedades/clasificado/veclcain-casa-en-venta-en-juriquilla-grand-juriquilla-150722506.html,4275000,"MN 4,275,000",MXN,venta,Casa,Juriquilla,Querétaro,Querétaro,243.0,197.0,Publicado hace 9 días,2026-08-05T18:07:04Z,2026-08-14T04:24:55.208563+00:00,https://www.inmuebles24.com/casas-o-casa-en-condominio-o-departamentos-en-venta-en-queretaro-provincia-ordenado-por-fechaonline-descendente.html-pagina-29.html
https://www.inmuebles24.com/propiedades/clasificado/veclcain-casa-en-venta-en-las-teresas-santiago-de-queretaro-150722153.html,500000,"MN 500,000",MXN,venta,Casa,Las Teresas,Querétaro,Querétaro,96.0,224.0,Publicado hace 9 días,2026-08-05T17:47:10Z,2026-08-14T04:24:55.208563+00:00,https://www.inmuebles24.com/casas-o-casa-en-condominio-o-departamentos-en-venta-en-queretaro-provincia-ordenado-por-fechaonline-descendente.html-pagina-29.html
https://www.inmuebles24.com/propiedades/clasificado/veclcain-casa-en-venta-en-lomas-de-juriquilla-150723880.html,6700000,"MN 6,700,000",MXN,venta,Casa,Juriquilla,Querétaro,Querétaro,330.0,250.0,Publicado hace 9 días,2026-08-05T18:58:37Z,2026-08-14T04:27:00.511152+00:00,https://www.inmuebles24.com/casas-o-casa-en-condominio-o-departamentos-en-venta-en-queretaro-provincia-ordenado-por-fechaonline-descendente.html-pagina-29.html
https://www.inmuebles24.com/propiedades/clasificado/veclcain-casa-en-venta-en-zibata-condominio-high-gardens-150724934.html,4800000,"MN 4,800,000",MXN,venta,Casa,Zibatá,El Marqués,Querétaro,190.0,164.0,Publicado hace 9 días,2026-08-05T19:32:24Z,2026-08-14T04:27:00.511152+00:00,https://www.inmuebles24.com/casas-o-casa-en-condominio-o-departamentos-en-venta-en-queretaro-provincia-ordenado-por-fechaonline-descendente.html-pagina-29.html
https://www.inmuebles24.com/propiedades/clasificado/veclcain-casa-nueva-venta-zen-life-ii-el-marques-queretaro-roof-150705981.html,4500000,"MN 4,500,000",MXN,venta,Casa,Zen Life II,El Marqués,Querétaro,244.0,144.0,Publicado hace 9 días,2026-08-04T03:49:08Z,2026-08-14T04:27:00.511152+00:00,https://www.inmuebles24.com/casas-o-casa-en-condominio-o-departamentos-en-venta-en-queretaro-provincia-ordenado-por-fechaonline-descendente.html-pagina-29.html
https://www.inmuebles24.com/propiedades/clasificado/veclcain-casa-venta-zen-life-el-marques-queretaro-210-m-sup2-150705921.html,3750000,"MN 3,750,000",MXN,venta,Casa,Zen Life I,El Marqués,Querétaro,210.0,149.0,Publicado hace 9 días,2026-08-04T03:32:25Z,2026-08-14T04:27:00.511152+00:00,https://www.inmuebles24.com/casas-o-casa-en-condominio-o-departamentos-en-venta-en-queretaro-provincia-ordenado-por-fechaonline-descendente.html-pagina-29.html
https://www.inmuebles24.com/propiedades/clasificado/veclcain-el-mirador-casa-en-condominio-con-lago-alberca-150727986.html,2700000,"MN 2,700,000",MXN,venta,Casa,Fraccionamiento El Mirador,El Marqués,Querétaro,109.0,100.0,Publicado hace 9 días,2026-08-05T23:58:37Z,2026-08-14T04:27:00.511152+00:00,https://www.inmuebles24.com/casas-o-casa-en-condominio-o-departamentos-en-venta-en-queretaro-provincia-ordenado-por-fechaonline-descendente.html-pagina-29.html
https://www.inmuebles24.com/propiedades/clasificado/veclcain-venta-casa-en-altozano-seminueva-3-recamaras-3-banos-150725431.html,6190000,"MN 6,190,000",MXN,venta,Casa,Altozano el Nuevo Querétaro,Querétaro,Querétaro,252.0,180.0,Publicado hace 9 días,2026-08-05T20:10:02Z,2026-08-14T04:27:00.511152+00:00,https://www.inmuebles24.com/casas-o-casa-en-condominio-o-departamentos-en-venta-en-queretaro-provincia-ordenado-por-fechaonline-descendente.html-pagina-29.html
https://www.inmuebles24.com/propiedades/clasificado/veclcain-venta-casa-queretaro-zakia-4-recamaras-150727657.html,3150000,"MN 3,150,000",MXN,venta,Casa,Zákia,El Marqués,Querétaro,145.0,132.0,Publicado hace 9 días,2026-08-05T23:21:52Z,2026-08-14T04:27:00.511152+00:00,https://www.inmuebles24.com/casas-o-casa-en-condominio-o-departamentos-en-venta-en-queretaro-provincia-ordenado-por-fechaonline-descendente.html-pagina-29.html
https://www.inmuebles24.com/propiedades/clasificado/veclccin-casa-en-venta-en-altozano-condominio-fogata-con-150723091.html,10830000,"MN 10,830,000",MXN,venta,Casa en condominio,Altozano el Nuevo Querétaro,Querétaro,Querétaro,440.0,530.0,Publicado hace 9 días,2026-08-05T18:23:44Z,2026-08-14T04:27:00.511152+00:00,https://www.inmuebles24.com/casas-o-casa-en-condominio-o-departamentos-en-venta-en-queretaro-provincia-ordenado-por-fechaonline-descendente.html-pagina-29.html
https://www.inmuebles24.com/propiedades/clasificado/veclccin-casa-en-venta-en-altozano-dentro-de-condominio-rio-150723885.html,21600000,"MN 21,600,000",MXN,venta,Casa en condominio,Altozano el Nuevo Querétaro,Querétaro,Querétaro,522.0,556.0,Publicado hace 9 días,2026-08-05T18:59:17Z,2026-08-14T04:27:00.511152+00:00,https://www.inmuebles24.com/casas-o-casa-en-condominio-o-departamentos-en-venta-en-queretaro-provincia-ordenado-por-fechaonline-descendente.html-pagina-29.html
https://www.inmuebles24.com/propiedades/clasificado/veclccin-casa-en-venta-en-grand-juriquilla-con-roof-garden-150722907.html,3550000,"MN 3,550,000",MXN,venta,Casa en condominio,Juriquilla,Querétaro,Querétaro,180.0,190.0,Publicado hace 9 días,2026-08-05T18:19:41Z,2026-08-14T04:27:00.511152+00:00,https://www.inmuebles24.com/casas-o-casa-en-condominio-o-departamentos-en-venta-en-queretaro-provincia-ordenado-por-fechaonline-descendente.html-pagina-29.html
https://www.inmuebles24.com/propiedades/clasificado/veclccin-casa-en-venta-en-lomas-del-campanario-norte-recamara-150722867.html,13990000,"MN 13,990,000",MXN,venta,Casa en condominio,Lomas del Campanario I,Querétaro,Querétaro,360.0,294.0,Publicado hace 9 días,2026-08-05T18:18:09Z,2026-08-14T04:29:22.905281+00:00,https://www.inmuebles24.com/casas-o-casa-en-condominio-o-departamentos-en-venta-en-queretaro-provincia-ordenado-por-fechaonline-descendente.html-pagina-29.html
https://www.inmuebles24.com/propiedades/clasificado/veclccin-casa-en-venta-en-quiana-altos-juriquilla-150721912.html,7210000,"MN 7,210,000",MXN,venta,Casa en condominio,Juriquilla,Querétaro,Querétaro,325.0,168.0,Publicado hace 9 días,2026-08-05T17:31:03Z,2026-08-14T04:29:22.905281+00:00,https://www.inmuebles24.com/casas-o-casa-en-condominio-o-departamentos-en-venta-en-queretaro-provincia-ordenado-por-fechaonline-descendente.html-pagina-29.html
https://www.inmuebles24.com/propiedades/clasificado/veclccin-casa-en-venta-en-rinconada-jacarandas-cerca-de-150724380.html,14000000,"MN 14,000,000",MXN,venta,Casa en condominio,Rinconada Jacarandas,Querétaro,Querétaro,600.0,420.0,Publicado hace 9 días,2026-08-05T19:14:41Z,2026-08-14T04:29:22.905281+00:00,https://www.inmuebles24.com/casas-o-casa-en-condominio-o-departamentos-en-venta-en-queretaro-provincia-ordenado-por-fechaonline-descendente.html-pagina-29.html
https://www.inmuebles24.com/propiedades/clasificado/veclccin-venta-de-residencia-exclusiva-en-lomas-de-campanario-150723176.html,13100000,"MN 13,100,000",MXN,venta,Casa en condominio,Lomas del Campanario I,Querétaro,Querétaro,402.0,310.0,Publicado hace 9 días,2026-08-05T18:24:23Z,2026-08-14T04:29:22.905281+00:00,https://www.inmuebles24.com/casas-o-casa-en-condominio-o-departamentos-en-venta-en-queretaro-provincia-ordenado-por-fechaonline-descendente.html-pagina-29.html
https://www.inmuebles24.com/propiedades/clasificado/veclapin-departamento-de-100-m-sup2--con-2-recamaras-en-venta-150728976.html,3394880,"MN 3,394,880",MXN,venta,Apartamento,Juriquilla,Querétaro,Querétaro,100.0,100.0,Publicado hace 9 días,2026-08-06T02:09:25Z,2026-08-14T04:29:22.905281+00:00,https://www.inmuebles24.com/casas-o-casa-en-condominio-o-departamentos-en-venta-en-queretaro-provincia-ordenado-por-fechaonline-descendente.html-pagina-30.html
https://www.inmuebles24.com/propiedades/clasificado/veclapin-departamento-de-107-m-sup2--con-3-recamaras-en-venta-150728099.html,2500000,"MN 2,500,000",MXN,venta,Apartamento,El Pueblito,Corregidora,Querétaro,107.0,107.0,Publicado hace 9 días,2026-08-06T00:08:28Z,2026-08-14T04:29:22.905281+00:00,https://www.inmuebles24.com/casas-o-casa-en-condominio-o-departamentos-en-venta-en-queretaro-provincia-ordenado-por-fechaonline-descendente.html-pagina-30.html
https://www.inmuebles24.com/propiedades/clasificado/veclapin-departamento-de-87-m-sup2--con-2-recamaras-en-venta-en-150728590.html,2373000,"MN 2,373,000",MXN,venta,Apartamento,Fraccionamiento Zarú,El Marqués,Querétaro,87.0,87.0,Publicado hace 9 días,2026-08-06T01:09:58Z,2026-08-14T04:29:22.905281+00:00,https://www.inmuebles24.com/casas-o-casa-en-condominio-o-departamentos-en-venta-en-queretaro-provincia-ordenado-por-fechaonline-descendente.html-pagina-30.html
https://www.inmuebles24.com/propiedades/clasificado/veclapin-departamento-en-venta-en-juriquilla-condominio-joy-150722994.html,4750000,"MN 4,750,000",MXN,venta,Apartamento,Juriquilla,Querétaro,Querétaro,139.0,139.0,Publicado hace 9 días,2026-08-05T18:21:07Z,2026-08-14T04:29:22.905281+00:00,https://www.inmuebles24.com/casas-o-casa-en-condominio-o-departamentos-en-venta-en-queretaro-provincia-ordenado-por-fechaonline-descendente.html-pagina-30.html
https://www.inmuebles24.com/propiedades/clasificado/veclapin-departamento-en-venta-en-lomas-del-campanario-norte-150724813.html,6084636,"MN 6,084,636",MXN,venta,Apartamento,El Campanario,Querétaro,Querétaro,136.0,136.0,Publicado hace 9 días,2026-08-05T19:26:37Z,2026-08-14T04:29:22.905281+00:00,https://www.inmuebles24.com/casas-o-casa-en-condominio-o-departamentos-en-venta-en-queretaro-provincia-ordenado-por-fechaonline-descendente.html-pagina-30.html
https://www.inmuebles24.com/propiedades/clasificado/veclapin-departamento-en-venta-en-zona-centro-latitud-la-150723351.html,4900000,"MN 4,900,000",MXN,venta,Apartamento,Centro,Querétaro,Querétaro,154.0,154.0,Publicado hace 9 días,2026-08-05T18:34:55Z,2026-08-14T04:29:22.905281+00:00,https://www.inmuebles24.com/casas-o-casa-en-condominio-o-departamentos-en-venta-en-queretaro-provincia-ordenado-por-fechaonline-descendente.html-pagina-30.html
https://www.inmuebles24.com/propiedades/clasificado/veclapin-el-manantial-corregidora-qro.-departamento-en-150728354.html,2600000,"MN 2,600,000",MXN,venta,Apartamento,El Pueblito,Corregidora,Querétaro,107.0,107.0,Publicado hace 9 días,2026-08-06T00:37:04Z,2026-08-14T04:31:47.762183+00:00,https://www.inmuebles24.com/casas-o-casa-en-condominio-o-departamentos-en-venta-en-queretaro-provincia-ordenado-por-fechaonline-descendente.html-pagina-30.html
https://www.inmuebles24.com/propiedades/clasificado/veclapin-venta-de-departamento-109-m-sup2--con-3-recamaras-150729034.html,2735000,"MN 2,735,000",MXN,venta,Apartamento,Milenio III,Querétaro,Querétaro,109.0,1.0,Publicado hace 9 días,2026-08-06T02:24:09Z,2026-08-14T04:31:47.762183+00:00,https://www.inmuebles24.com/casas-o-casa-en-condominio-o-departamentos-en-venta-en-queretaro-provincia-ordenado-por-fechaonline-descendente.html-pagina-30.html
https://www.inmuebles24.com/propiedades/clasificado/veclapin-venta-zaru-departamento-en-planta-baja-de-2-150728850.html,2373000,"MN 2,373,000",MXN,venta,Apartamento,Fraccionamiento Zarú,El Marqués,Querétaro,87.0,87.0,Publicado hace 9 días,2026-08-06T01:46:49Z,2026-08-14T04:31:47.762183+00:00,https://www.inmuebles24.com/casas-o-casa-en-condominio-o-departamentos-en-venta-en-queretaro-provincia-ordenado-por-fechaonline-descendente.html-pagina-30.html
https://www.inmuebles24.com/propiedades/clasificado/veclcain-casa-en-renta-en-virrey-de-cataluna-i-con-alberca-150727987.html,17000,"MN 17,000",MXN,venta,Casa,Lomas del Marqués,Querétaro,Querétaro,132.0,119.0,Publicado hace 9 días,2026-08-05T23:58:37Z,2026-08-14T04:31:47.762183+00:00,https://www.inmuebles24.com/casas-o-casa-en-condominio-o-departamentos-en-venta-en-queretaro-provincia-ordenado-por-fechaonline-descendente.html-pagina-30.html
https://www.inmuebles24.com/propiedades/clasificado/veclcain-casa-en-venta-dentro-de-residencial-el-refugio-150724556.html,4200000,"MN 4,200,000",MXN,venta,Casa,Residencial El Refugio,Querétaro,Querétaro,147.0,140.0,Publicado hace 9 días,2026-08-05T19:20:36Z,2026-08-14T04:31:47.762183+00:00,https://www.inmuebles24.com/casas-o-casa-en-condominio-o-departamentos-en-venta-en-queretaro-provincia-ordenado-por-fechaonline-descendente.html-pagina-30.html
https://www.inmuebles24.com/propiedades/clasificado/veclcain-casa-en-venta-en-altozano-condominio-grieta-150724080.html,11350000,"MN 11,350,000",MXN,venta,Casa,Altozano el Nuevo Querétaro,Querétaro,Querétaro,395.0,300.0,Publicado hace 9 días,2026-08-05T19:09:48Z,2026-08-14T04:31:47.762183+00:00,https://www.inmuebles24.com/casas-o-casa-en-condominio-o-departamentos-en-venta-en-queretaro-provincia-ordenado-por-fechaonline-descendente.html-pagina-30.html
https://www.inmuebles24.com/propiedades/clasificado/veclcain-casa-en-venta-en-altozano-dentro-de-condominio-rio-150723186.html,19290000,"MN 19,290,000",MXN,venta,Casa,Altozano el Nuevo Querétaro,Querétaro,Querétaro,440.0,530.0,Publicado hace 9 días,2026-08-05T18:25:25Z,2026-08-14T04:31:47.762183+00:00,https://www.inmuebles24.com/casas-o-casa-en-condominio-o-departamentos-en-venta-en-queretaro-provincia-ordenado-por-fechaonline-descendente.html-pagina-30.html
https://www.inmuebles24.com/propiedades/clasificado/veclcain-casa-en-venta-en-aurea-zibata-150727668.html,4684545,"MN 4,684,545",MXN,venta,Casa,Zibatá,El Marqués,Querétaro,160.0,197.0,Publicado hace 9 días,2026-08-05T23:22:47Z,2026-08-14T04:31:47.762183+00:00,https://www.inmuebles24.com/casas-o-casa-en-condominio-o-departamentos-en-venta-en-queretaro-provincia-ordenado-por-fechaonline-descendente.html-pagina-30.html
https://www.inmuebles24.com/propiedades/clasificado/veclcain-casa-en-venta-en-balcones-del-acueducto-4-recamaras-150721911.html,12000000,"MN 12,000,000",MXN,venta,Casa,Alamos 2a Sección,Querétaro,Querétaro,546.0,411.0,Publicado hace 9 días,2026-08-05T17:30:43Z,2026-08-14T04:31:47.762183+00:00,https://www.inmuebles24.com/casas-o-casa-en-condominio-o-departamentos-en-venta-en-queretaro-provincia-ordenado-por-fechaonline-descendente.html-pagina-30.html
https://www.inmuebles24.com/propiedades/clasificado/veclcain-casa-en-venta-en-condominio-ciudad-del-sol-150727702.html,2150000,"MN 2,150,000",MXN,venta,Casa,,Querétaro,Querétaro,116.0,125.0,Publicado hace 9 días,2026-08-05T23:26:19Z,2026-08-14T04:31:47.762183+00:00,https://www.inmuebles24.com/casas-o-casa-en-condominio-o-departamentos-en-venta-en-queretaro-provincia-ordenado-por-fechaonline-descendente.html-pagina-30.html
https://www.inmuebles24.com/propiedades/clasificado/veclcain-casa-en-venta-en-el-nuevo-refugio-privada-el-olmo-150724608.html,5667000,"MN 5,667,000",MXN,venta,Casa,Residencial El Refugio,Querétaro,Querétaro,213,160,Publicado hace 9 días,2026-08-05T19:23:40Z,2026-08-14T04:34:08.943051+00:00,https://www.inmuebles24.com/casas-o-casa-en-condominio-o-departamentos-en-venta-en-queretaro-provincia-ordenado-por-fechaonline-descendente.html-pagina-30.html
https://www.inmuebles24.com/propiedades/clasificado/veclcain-casa-en-venta-en-grand-juriquilla-con-roof-garden-150723097.html,3550000,"MN 3,550,000",MXN,venta,Casa,Juriquilla,Querétaro,Querétaro,180,190,Publicado hace 9 días,2026-08-05T18:24:03Z,2026-08-14T04:34:08.943051+00:00,https://www.inmuebles24.com/casas-o-casa-en-condominio-o-departamentos-en-venta-en-queretaro-provincia-ordenado-por-fechaonline-descendente.html-pagina-30.html
https://www.inmuebles24.com/propiedades/clasificado/veclcain-casa-en-venta-o-renta-en-lomas-de-juriquilla-4-150722822.html,6700000,"MN 6,700,000",MXN,venta,Casa,Juriquilla,Querétaro,Querétaro,380,250,Publicado hace 9 días,2026-08-05T18:16:05Z,2026-08-14T04:34:08.943051+00:00,https://www.inmuebles24.com/casas-o-casa-en-condominio-o-departamentos-en-venta-en-queretaro-provincia-ordenado-por-fechaonline-descendente.html-pagina-30.html
https://www.inmuebles24.com/propiedades/clasificado/veclcain-casa-en-venta-para-personalizar-en-kova-zakia-150728150.html,3310560,"MN 3,310,560",MXN,venta,Casa,Zákia,El Marqués,Querétaro,122,114,Publicado hace 9 días,2026-08-06T00:13:38Z,2026-08-14T04:34:08.943051+00:00,https://www.inmuebles24.com/casas-o-casa-en-condominio-o-departamentos-en-venta-en-queretaro-provincia-ordenado-por-fechaonline-descendente.html-pagina-30.html
https://www.inmuebles24.com/propiedades/clasificado/veclcain-venta-carretas.-casa-con-sala-de-tv-4-recamaras-150728831.html,7200000,"MN 7,200,000",MXN,venta,Casa,Carretas,Querétaro,Querétaro,290,250,Publicado hace 9 días,2026-08-06T01:43:42Z,2026-08-14T04:34:08.943051+00:00,https://www.inmuebles24.com/casas-o-casa-en-condominio-o-departamentos-en-venta-en-queretaro-provincia-ordenado-por-fechaonline-descendente.html-pagina-30.html
https://www.inmuebles24.com/propiedades/clasificado/veclccin-casa-en-venta-de-4-recamaras-y-roof-garden-en-torre-de-150722476.html,4500000,"MN 4,500,000",MXN,venta,Casa en condominio,Residencial El Refugio,Querétaro,Querétaro,187,126,Publicado hace 9 días,2026-08-05T18:05:44Z,2026-08-14T04:34:08.943051+00:00,https://www.inmuebles24.com/casas-o-casa-en-condominio-o-departamentos-en-venta-en-queretaro-provincia-ordenado-por-fechaonline-descendente.html-pagina-30.html
https://www.inmuebles24.com/propiedades/clasificado/veclccin-casa-en-venta-en-altozano-condominio-grieta-150724027.html,10620000,"MN 10,620,000",MXN,venta,Casa en condominio,Altozano el Nuevo Querétaro,Querétaro,Querétaro,392,300,Publicado hace 9 días,2026-08-05T19:07:43Z,2026-08-14T04:34:08.943051+00:00,https://www.inmuebles24.com/casas-o-casa-en-condominio-o-departamentos-en-venta-en-queretaro-provincia-ordenado-por-fechaonline-descendente.html-pagina-30.html
https://www.inmuebles24.com/propiedades/clasificado/veclccin-casa-en-venta-en-altozano-condominio-laja-con-150723219.html,13190000,"MN 13,190,000",MXN,venta,Casa en condominio,Altozano el Nuevo Querétaro,Querétaro,Querétaro,340,300,Publicado hace 9 días,2026-08-05T18:27:55Z,2026-08-14T04:34:08.943051+00:00,https://www.inmuebles24.com/casas-o-casa-en-condominio-o-departamentos-en-venta-en-queretaro-provincia-ordenado-por-fechaonline-descendente.html-pagina-30.html
https://www.inmuebles24.com/propiedades/clasificado/veclccin-casa-en-venta-en-altozano-dentro-de-condominio-lago-150723883.html,16150000,"MN 16,150,000",MXN,venta,Casa en condominio,Altozano el Nuevo Querétaro,Querétaro,Querétaro,403,479,Publicado hace 9 días,2026-08-05T18:58:55Z,2026-08-14T04:34:08.943051+00:00,https://www.inmuebles24.com/casas-o-casa-en-condominio-o-departamentos-en-venta-en-queretaro-provincia-ordenado-por-fechaonline-descendente.html-pagina-30.html
https://www.inmuebles24.com/propiedades/clasificado/veclccin-casa-en-venta-en-juriquilla-santa-fe-condominio-las-150722753.html,5900000,"MN 5,900,000",MXN,venta,Casa en condominio,Juriquilla Santa Fe,Querétaro,Querétaro,280,300,Publicado hace 9 días,2026-08-05T18:12:18Z,2026-08-14T04:34:08.943051+00:00,https://www.inmuebles24.com/casas-o-casa-en-condominio-o-departamentos-en-venta-en-queretaro-provincia-ordenado-por-fechaonline-descendente.html-pagina-30.html
https://www.inmuebles24.com/propiedades/clasificado/veclapin-el-manantial-corregidora-qro.-departamento-en-150728354.html,2600000,"MN 2,600,000",MXN,venta,Apartamento,El Pueblito,Corregidora,Querétaro,107.0,107.0,Publicado hace 9 días,2026-08-06T00:37:04Z,2026-08-14T15:29:52.921845+00:00,https://www.inmuebles24.com/casas-o-casa-en-condominio-o-departamentos-en-venta-en-queretaro-provincia-ordenado-por-fechaonline-descendente.html-pagina-30.html
https://www.inmuebles24.com/propiedades/clasificado/veclapin-venta-de-departamento-109-m-sup2--con-3-recamaras-150729034.html,2735000,"MN 2,735,000",MXN,venta,Apartamento,Milenio III,Querétaro,Querétaro,109.0,1.0,Publicado hace 9 días,2026-08-06T02:24:09Z,2026-08-14T15:29:52.921845+00:00,https://www.inmuebles24.com/casas-o-casa-en-condominio-o-departamentos-en-venta-en-queretaro-provincia-ordenado-por-fechaonline-descendente.html-pagina-30.html
https://www.inmuebles24.com/propiedades/clasificado/veclapin-venta-zaru-departamento-en-planta-baja-de-2-150728850.html,2373000,"MN 2,373,000",MXN,venta,Apartamento,Fraccionamiento Zarú,El Marqués,Querétaro,87.0,87.0,Publicado hace 9 días,2026-08-06T01:46:49Z,2026-08-14T15:29:52.921845+00:00,https://www.inmuebles24.com/casas-o-casa-en-condominio-o-departamentos-en-venta-en-queretaro-provincia-ordenado-por-fechaonline-descendente.html-pagina-30.html
https://www.inmuebles24.com/propiedades/clasificado/veclcain-casa-en-renta-en-virrey-de-cataluna-i-con-alberca-150727987.html,17000,"MN 17,000",MXN,venta,Casa,Lomas del Marqués,Querétaro,Querétaro,132.0,119.0,Publicado hace 9 días,2026-08-05T23:58:37Z,2026-08-14T15:29:52.921845+00:00,https://www.inmuebles24.com/casas-o-casa-en-condominio-o-departamentos-en-venta-en-queretaro-provincia-ordenado-por-fechaonline-descendente.html-pagina-30.html
https://www.inmuebles24.com/propiedades/clasificado/veclcain-casa-en-venta-dentro-de-residencial-el-refugio-150724556.html,4200000,"MN 4,200,000",MXN,venta,Casa,Residencial El Refugio,Querétaro,Querétaro,147.0,140.0,Publicado hace 9 días,2026-08-05T19:20:36Z,2026-08-14T15:29:52.921845+00:00,https://www.inmuebles24.com/casas-o-casa-en-condominio-o-departamentos-en-venta-en-queretaro-provincia-ordenado-por-fechaonline-descendente.html-pagina-30.html
https://www.inmuebles24.com/propiedades/clasificado/veclcain-casa-en-venta-en-altozano-condominio-grieta-150724080.html,11350000,"MN 11,350,000",MXN,venta,Casa,Altozano el Nuevo Querétaro,Querétaro,Querétaro,395.0,300.0,Publicado hace 9 días,2026-08-05T19:09:48Z,2026-08-14T15:29:52.921845+00:00,https://www.inmuebles24.com/casas-o-casa-en-condominio-o-departamentos-en-venta-en-queretaro-provincia-ordenado-por-fechaonline-descendente.html-pagina-30.html
https://www.inmuebles24.com/propiedades/clasificado/veclcain-casa-en-venta-en-altozano-dentro-de-condominio-rio-150723186.html,19290000,"MN 19,290,000",MXN,venta,Casa,Altozano el Nuevo Querétaro,Querétaro,Querétaro,440.0,530.0,Publicado hace 9 días,2026-08-05T18:25:25Z,2026-08-14T15:29:52.921845+00:00,https://www.inmuebles24.com/casas-o-casa-en-condominio-o-departamentos-en-venta-en-queretaro-provincia-ordenado-por-fechaonline-descendente.html-pagina-30.html
https://www.inmuebles24.com/propiedades/clasificado/veclcain-casa-en-venta-en-aurea-zibata-150727668.html,4684545,"MN 4,684,545",MXN,venta,Casa,Zibatá,El Marqués,Querétaro,160.0,197.0,Publicado hace 9 días,2026-08-05T23:22:47Z,2026-08-14T15:29:52.921845+00:00,https://www.inmuebles24.com/casas-o-casa-en-condominio-o-departamentos-en-venta-en-queretaro-provincia-ordenado-por-fechaonline-descendente.html-pagina-30.html
https://www.inmuebles24.com/propiedades/clasificado/veclcain-casa-en-venta-en-balcones-del-acueducto-4-recamaras-150721911.html,12000000,"MN 12,000,000",MXN,venta,Casa,Alamos 2a Sección,Querétaro,Querétaro,546.0,411.0,Publicado hace 9 días,2026-08-05T17:30:43Z,2026-08-14T15:29:52.921845+00:00,https://www.inmuebles24.com/casas-o-casa-en-condominio-o-departamentos-en-venta-en-queretaro-provincia-ordenado-por-fechaonline-descendente.html-pagina-30.html
https://www.inmuebles24.com/propiedades/clasificado/veclcain-casa-en-venta-en-condominio-ciudad-del-sol-150727702.html,2150000,"MN 2,150,000",MXN,venta,Casa,,Querétaro,Querétaro,116.0,125.0,Publicado hace 9 días,2026-08-05T23:26:19Z,2026-08-14T15:29:52.921845+00:00,https://www.inmuebles24.com/casas-o-casa-en-condominio-o-departamentos-en-venta-en-queretaro-provincia-ordenado-por-fechaonline-descendente.html-pagina-30.html
https://www.inmuebles24.com/propiedades/clasificado/veclcain-casa-en-venta-en-el-nuevo-refugio-privada-el-olmo-150724608.html,5667000,"MN 5,667,000",MXN,venta,Casa,Residencial El Refugio,Querétaro,Querétaro,213.0,160.0,Publicado hace 9 días,2026-08-05T19:23:40Z,2026-08-14T15:31:27.063094+00:00,https://www.inmuebles24.com/casas-o-casa-en-condominio-o-departamentos-en-venta-en-queretaro-provincia-ordenado-por-fechaonline-descendente.html-pagina-30.html
https://www.inmuebles24.com/propiedades/clasificado/veclcain-casa-en-venta-en-grand-juriquilla-con-roof-garden-150723097.html,3550000,"MN 3,550,000",MXN,venta,Casa,Juriquilla,Querétaro,Querétaro,180.0,190.0,Publicado hace 9 días,2026-08-05T18:24:03Z,2026-08-14T15:31:27.063094+00:00,https://www.inmuebles24.com/casas-o-casa-en-condominio-o-departamentos-en-venta-en-queretaro-provincia-ordenado-por-fechaonline-descendente.html-pagina-30.html
https://www.inmuebles24.com/propiedades/clasificado/veclcain-casa-en-venta-o-renta-en-lomas-de-juriquilla-4-150722822.html,6700000,"MN 6,700,000",MXN,venta,Casa,Juriquilla,Querétaro,Querétaro,380.0,250.0,Publicado hace 9 días,2026-08-05T18:16:05Z,2026-08-14T15:31:27.063094+00:00,https://www.inmuebles24.com/casas-o-casa-en-condominio-o-departamentos-en-venta-en-queretaro-provincia-ordenado-por-fechaonline-descendente.html-pagina-30.html
https://www.inmuebles24.com/propiedades/clasificado/veclcain-casa-en-venta-para-personalizar-en-kova-zakia-150728150.html,3310560,"MN 3,310,560",MXN,venta,Casa,Zákia,El Marqués,Querétaro,122.0,114.0,Publicado hace 9 días,2026-08-06T00:13:38Z,2026-08-14T15:31:27.063094+00:00,https://www.inmuebles24.com/casas-o-casa-en-condominio-o-departamentos-en-venta-en-queretaro-provincia-ordenado-por-fechaonline-descendente.html-pagina-30.html
https://www.inmuebles24.com/propiedades/clasificado/veclcain-venta-carretas.-casa-con-sala-de-tv-4-recamaras-150728831.html,7200000,"MN 7,200,000",MXN,venta,Casa,Carretas,Querétaro,Querétaro,290.0,250.0,Publicado hace 9 días,2026-08-06T01:43:42Z,2026-08-14T15:31:27.063094+00:00,https://www.inmuebles24.com/casas-o-casa-en-condominio-o-departamentos-en-venta-en-queretaro-provincia-ordenado-por-fechaonline-descendente.html-pagina-30.html
https://www.inmuebles24.com/propiedades/clasificado/veclccin-casa-en-venta-de-4-recamaras-y-roof-garden-en-torre-de-150722476.html,4190000,"MN 4,190,000",MXN,venta,Casa en condominio,Residencial El Refugio,Querétaro,Querétaro,187.0,126.0,Publicado hace 9 días,2026-08-05T18:05:44Z,2026-08-14T15:31:27.063094+00:00,https://www.inmuebles24.com/casas-o-casa-en-condominio-o-departamentos-en-venta-en-queretaro-provincia-ordenado-por-fechaonline-descendente.html-pagina-30.html
https://www.inmuebles24.com/propiedades/clasificado/veclccin-casa-en-venta-en-altozano-condominio-grieta-150724027.html,10620000,"MN 10,620,000",MXN,venta,Casa en condominio,Altozano el Nuevo Querétaro,Querétaro,Querétaro,392.0,300.0,Publicado hace 9 días,2026-08-05T19:07:43Z,2026-08-14T15:31:27.063094+00:00,https://www.inmuebles24.com/casas-o-casa-en-condominio-o-departamentos-en-venta-en-queretaro-provincia-ordenado-por-fechaonline-descendente.html-pagina-30.html
https://www.inmuebles24.com/propiedades/clasificado/veclccin-casa-en-venta-en-altozano-condominio-laja-con-150723219.html,13190000,"MN 13,190,000",MXN,venta,Casa en condominio,Altozano el Nuevo Querétaro,Querétaro,Querétaro,340.0,300.0,Publicado hace 9 días,2026-08-05T18:27:55Z,2026-08-14T15:31:27.063094+00:00,https://www.inmuebles24.com/casas-o-casa-en-condominio-o-departamentos-en-venta-en-queretaro-provincia-ordenado-por-fechaonline-descendente.html-pagina-30.html
https://www.inmuebles24.com/propiedades/clasificado/veclccin-casa-en-venta-en-altozano-dentro-de-condominio-lago-150723883.html,16150000,"MN 16,150,000",MXN,venta,Casa en condominio,Altozano el Nuevo Querétaro,Querétaro,Querétaro,403.0,479.0,Publicado hace 9 días,2026-08-05T18:58:55Z,2026-08-14T15:31:27.063094+00:00,https://www.inmuebles24.com/casas-o-casa-en-condominio-o-departamentos-en-venta-en-queretaro-provincia-ordenado-por-fechaonline-descendente.html-pagina-30.html
https://www.inmuebles24.com/propiedades/clasificado/veclccin-casa-en-venta-en-juriquilla-santa-fe-condominio-las-150722753.html,5900000,"MN 5,900,000",MXN,venta,Casa en condominio,Juriquilla Santa Fe,Querétaro,Querétaro,280.0,300.0,Publicado hace 9 días,2026-08-05T18:12:18Z,2026-08-14T15:31:27.063094+00:00,https://www.inmuebles24.com/casas-o-casa-en-condominio-o-departamentos-en-venta-en-queretaro-provincia-ordenado-por-fechaonline-descendente.html-pagina-30.html
https://www.inmuebles24.com/propiedades/clasificado/veclccin-casa-en-venta-en-rinconada-jurica-queretaro-150723363.html,9800000,"MN 9,800,000",MXN,venta,Casa en condominio,Fraccionamiento Jurica Pinar,Querétaro,Querétaro,353.0,450.0,Publicado hace 9 días,2026-08-05T18:35:55Z,2026-08-14T15:32:55.823594+00:00,https://www.inmuebles24.com/casas-o-casa-en-condominio-o-departamentos-en-venta-en-queretaro-provincia-ordenado-por-fechaonline-descendente.html-pagina-30.html
https://www.inmuebles24.com/propiedades/clasificado/veclccin-casa-en-venta-en-zibata-condominio-high-gardens-150724789.html,4800000,"MN 4,800,000",MXN,venta,Casa en condominio,Zibatá,El Marqués,Querétaro,190.0,164.0,Publicado hace 9 días,2026-08-05T19:26:09Z,2026-08-14T15:32:55.823594+00:00,https://www.inmuebles24.com/casas-o-casa-en-condominio-o-departamentos-en-venta-en-queretaro-provincia-ordenado-por-fechaonline-descendente.html-pagina-30.html
https://www.inmuebles24.com/propiedades/clasificado/veclccin-casa-en-venta-en-zibata-condominio-turquesa-150723246.html,7500000,"MN 7,500,000",MXN,venta,Casa en condominio,Zibatá,El Marqués,Querétaro,310.0,180.0,Publicado hace 9 días,2026-08-05T18:29:40Z,2026-08-14T15:32:55.823594+00:00,https://www.inmuebles24.com/casas-o-casa-en-condominio-o-departamentos-en-venta-en-queretaro-provincia-ordenado-por-fechaonline-descendente.html-pagina-30.html
https://www.inmuebles24.com/propiedades/clasificado/veclccin-casa-en-venta-para-estrenar-en-dos-terrenos-4-150721944.html,7000000,"MN 7,000,000",MXN,venta,Casa en condominio,Fraccionamiento Provincia Santa Elena,Querétaro,Querétaro,281.0,458.0,Publicado hace 9 días,2026-08-05T17:32:56Z,2026-08-14T15:32:55.823594+00:00,https://www.inmuebles24.com/casas-o-casa-en-condominio-o-departamentos-en-venta-en-queretaro-provincia-ordenado-por-fechaonline-descendente.html-pagina-30.html
https://www.inmuebles24.com/propiedades/clasificado/veclapin-departamento-en-venta-en-condesa-cimatario-roof-150722899.html,2980000,"MN 2,980,000",MXN,venta,Apartamento,Cimatario,Querétaro,Querétaro,147.0,147.0,Publicado hace 9 días,2026-08-05T18:19:05Z,2026-08-14T15:32:55.823594+00:00,https://www.inmuebles24.com/casas-o-casa-en-condominio-o-departamentos-en-venta-en-queretaro-provincia-ordenado-por-fechaonline-descendente.html-pagina-31.html
https://www.inmuebles24.com/propiedades/clasificado/veclapin-departamento-en-venta-en-juriquilla-condominio-joy-150723890.html,4450000,"MN 4,450,000",MXN,venta,Apartamento,Juriquilla,Querétaro,Querétaro,139.0,139.0,Publicado hace 9 días,2026-08-05T18:59:39Z,2026-08-14T15:32:55.823594+00:00,https://www.inmuebles24.com/casas-o-casa-en-condominio-o-departamentos-en-venta-en-queretaro-provincia-ordenado-por-fechaonline-descendente.html-pagina-31.html
https://www.inmuebles24.com/propiedades/clasificado/veclapin-departamento-en-venta-en-vista-hermosa-150726988.html,3800000,"MN 3,800,000",MXN,venta,Apartamento,Vista Hermosa,Querétaro,Querétaro,116.0,116.0,Publicado hace 9 días,2026-08-05T22:20:53Z,2026-08-14T15:32:55.823594+00:00,https://www.inmuebles24.com/casas-o-casa-en-condominio-o-departamentos-en-venta-en-queretaro-provincia-ordenado-por-fechaonline-descendente.html-pagina-31.html
https://www.inmuebles24.com/propiedades/clasificado/veclapin-departamento-en-venta-en-zibata-con-alberca-y-cancha-150727985.html,2010000,"MN 2,010,000",MXN,venta,Apartamento,Fraccionamiento Desarrollo Habitacional Zibata,El Marqués,Querétaro,66.0,66.0,Publicado hace 9 días,2026-08-05T23:58:37Z,2026-08-14T15:32:55.823594+00:00,https://www.inmuebles24.com/casas-o-casa-en-condominio-o-departamentos-en-venta-en-queretaro-provincia-ordenado-por-fechaonline-descendente.html-pagina-31.html
https://www.inmuebles24.com/propiedades/clasificado/veclapin-departamento-en-venta-en-zibata-condominio-nazca-150724019.html,3581931,"MN 3,581,931",MXN,venta,Apartamento,Zibatá,El Marqués,Querétaro,74.0,74.0,Publicado hace 9 días,2026-08-05T19:07:23Z,2026-08-14T15:32:55.823594+00:00,https://www.inmuebles24.com/casas-o-casa-en-condominio-o-departamentos-en-venta-en-queretaro-provincia-ordenado-por-fechaonline-descendente.html-pagina-31.html
https://www.inmuebles24.com/propiedades/clasificado/veclapin-departamentos-en-venta-en-cumbres-del-lago-juriquilla-150724603.html,5250000,"MN 5,250,000",MXN,venta,Apartamento,Fraccionamiento Cumbres del Lago,Querétaro,Querétaro,144.0,144.0,Publicado hace 9 días,2026-08-05T19:23:16Z,2026-08-14T15:32:55.823594+00:00,https://www.inmuebles24.com/casas-o-casa-en-condominio-o-departamentos-en-venta-en-queretaro-provincia-ordenado-por-fechaonline-descendente.html-pagina-31.html
https://www.inmuebles24.com/propiedades/clasificado/veclapin-vive-en-zaru-loft-con-alberca-y-parque-para-mascotas-150727996.html,1550000,"MN 1,550,000",MXN,venta,Apartamento,Fraccionamiento Zarú,El Marqués,Querétaro,68.0,68.0,Publicado hace 9 días,2026-08-05T23:58:38Z,2026-08-14T15:34:12.462476+00:00,https://www.inmuebles24.com/casas-o-casa-en-condominio-o-departamentos-en-venta-en-queretaro-provincia-ordenado-por-fechaonline-descendente.html-pagina-31.html
https://www.inmuebles24.com/propiedades/clasificado/veclcain-amplia-casa-en-venta-en-fracc.-cumbres-del-lago-150725330.html,6300000,"MN 6,300,000",MXN,venta,Casa,Juriquilla,Querétaro,Querétaro,418.0,270.0,Publicado hace 9 días,2026-08-05T20:00:28Z,2026-08-14T15:34:12.462476+00:00,https://www.inmuebles24.com/casas-o-casa-en-condominio-o-departamentos-en-venta-en-queretaro-provincia-ordenado-por-fechaonline-descendente.html-pagina-31.html
https://www.inmuebles24.com/propiedades/clasificado/veclcain-casa-de-260-m-sup2--con-4-recamaras-en-venta-en-el-150726543.html,665000,"MN 665,000",MXN,venta,Casa,Centro,Querétaro,Querétaro,400.0,260.0,Publicado hace 9 días,2026-08-05T21:44:35Z,2026-08-14T15:34:12.462476+00:00,https://www.inmuebles24.com/casas-o-casa-en-condominio-o-departamentos-en-venta-en-queretaro-provincia-ordenado-por-fechaonline-descendente.html-pagina-31.html
https://www.inmuebles24.com/propiedades/clasificado/veclcain-casa-de-300-m-sup2--con-4-recamaras-en-venta-en-el-150725944.html,720000,"MN 720,000",MXN,venta,Casa,Centro,San Juan del Río,Querétaro,200.0,300.0,Publicado hace 9 días,2026-08-05T20:58:11Z,2026-08-14T15:34:12.462476+00:00,https://www.inmuebles24.com/casas-o-casa-en-condominio-o-departamentos-en-venta-en-queretaro-provincia-ordenado-por-fechaonline-descendente.html-pagina-31.html
https://www.inmuebles24.com/propiedades/clasificado/veclcain-casa-de-un-nivel-en-venta-en-jurica-queretaro-510-150722904.html,10200000,"MN 10,200,000",MXN,venta,Casa,Jurica,Querétaro,Querétaro,364.0,510.0,Publicado hace 9 días,2026-08-05T18:19:23Z,2026-08-14T15:34:12.462476+00:00,https://www.inmuebles24.com/casas-o-casa-en-condominio-o-departamentos-en-venta-en-queretaro-provincia-ordenado-por-fechaonline-descendente.html-pagina-31.html
https://www.inmuebles24.com/propiedades/clasificado/veclcain-casa-en-venta-en-altozano-condominio-grieta-150724116.html,10620000,"MN 10,620,000",MXN,venta,Casa,Altozano el Nuevo Querétaro,Querétaro,Querétaro,392.0,300.0,Publicado hace 9 días,2026-08-05T19:10:24Z,2026-08-14T15:34:12.462476+00:00,https://www.inmuebles24.com/casas-o-casa-en-condominio-o-departamentos-en-venta-en-queretaro-provincia-ordenado-por-fechaonline-descendente.html-pagina-31.html
https://www.inmuebles24.com/propiedades/clasificado/veclcain-casa-en-venta-en-altozano-condominio-laja-con-150723213.html,13190000,"MN 13,190,000",MXN,venta,Casa,Altozano el Nuevo Querétaro,Querétaro,Querétaro,340.0,300.0,Publicado hace 9 días,2026-08-05T18:27:16Z,2026-08-14T15:34:12.462476+00:00,https://www.inmuebles24.com/casas-o-casa-en-condominio-o-departamentos-en-venta-en-queretaro-provincia-ordenado-por-fechaonline-descendente.html-pagina-31.html
https://www.inmuebles24.com/propiedades/clasificado/veclcain-casa-en-venta-en-balcones-del-acueducto-4-recamaras-150721921.html,12000000,"MN 12,000,000",MXN,venta,Casa,Residencial Balcones del Acueducto,Querétaro,Querétaro,546.0,411.0,Publicado hace 9 días,2026-08-05T17:31:50Z,2026-08-14T15:34:12.462476+00:00,https://www.inmuebles24.com/casas-o-casa-en-condominio-o-departamentos-en-venta-en-queretaro-provincia-ordenado-por-fechaonline-descendente.html-pagina-31.html
https://www.inmuebles24.com/propiedades/clasificado/veclcain-casa-en-venta-en-canada-juriquilla-con-alberca-150724909.html,25000000,"MN 25,000,000",MXN,venta,Casa,Juriquilla,Querétaro,Querétaro,742.0,2100.0,Publicado hace 9 días,2026-08-05T19:31:40Z,2026-08-14T15:34:12.462476+00:00,https://www.inmuebles24.com/casas-o-casa-en-condominio-o-departamentos-en-venta-en-queretaro-provincia-ordenado-por-fechaonline-descendente.html-pagina-31.html
https://www.inmuebles24.com/propiedades/clasificado/veclcain-casa-en-venta-en-fraccionamiento-la-espiga-cerca-del-150723851.html,10450000,"MN 10,450,000",MXN,venta,Casa,La Espiga,Querétaro,Querétaro,320.0,323.0,Publicado hace 9 días,2026-08-05T18:57:57Z,2026-08-14T15:34:12.462476+00:00,https://www.inmuebles24.com/casas-o-casa-en-condominio-o-departamentos-en-venta-en-queretaro-provincia-ordenado-por-fechaonline-descendente.html-pagina-31.html
https://www.inmuebles24.com/propiedades/clasificado/veclcain-casa-en-venta-en-jurica-club-regency-2-niveles-150722808.html,18900000,"MN 18,900,000",MXN,venta,Casa,Jurica,Querétaro,Querétaro,450.0,722.0,Publicado hace 9 días,2026-08-05T18:14:48Z,2026-08-14T15:35:33.210956+00:00,https://www.inmuebles24.com/casas-o-casa-en-condominio-o-departamentos-en-venta-en-queretaro-provincia-ordenado-por-fechaonline-descendente.html-pagina-31.html
https://www.inmuebles24.com/propiedades/clasificado/veclcain-casa-en-venta-en-juriquilla-cumbres-del-lago-con-150723265.html,6980000,"MN 6,980,000",MXN,venta,Casa,Fraccionamiento Cumbres del Lago,Querétaro,Querétaro,340.0,289.0,Publicado hace 9 días,2026-08-05T18:30:36Z,2026-08-14T15:35:33.210956+00:00,https://www.inmuebles24.com/casas-o-casa-en-condominio-o-departamentos-en-venta-en-queretaro-provincia-ordenado-por-fechaonline-descendente.html-pagina-31.html
https://www.inmuebles24.com/propiedades/clasificado/veclcain-casa-en-venta-en-juriquilla-grand-juriquilla-150722509.html,4275000,"MN 4,275,000",MXN,venta,Casa,Juriquilla,Querétaro,Querétaro,243.0,197.0,Publicado hace 9 días,2026-08-05T18:07:25Z,2026-08-14T15:35:33.210956+00:00,https://www.inmuebles24.com/casas-o-casa-en-condominio-o-departamentos-en-venta-en-queretaro-provincia-ordenado-por-fechaonline-descendente.html-pagina-31.html
https://www.inmuebles24.com/propiedades/clasificado/veclcain-casa-en-venta-en-juriquilla-santa-fe-condominio-las-150722664.html,5900000,"MN 5,900,000",MXN,venta,Casa,Juriquilla Santa Fe,Querétaro,Querétaro,280.0,300.0,Publicado hace 9 días,2026-08-05T18:12Z,2026-08-14T15:35:33.210956+00:00,https://www.inmuebles24.com/casas-o-casa-en-condominio-o-departamentos-en-venta-en-queretaro-provincia-ordenado-por-fechaonline-descendente.html-pagina-31.html
https://www.inmuebles24.com/propiedades/clasificado/veclcain-casa-en-venta-en-residencial-el-refugio-condominio-el-150723024.html,4650000,"MN 4,650,000",MXN,venta,Casa,Residencial El Refugio,Querétaro,Querétaro,140.0,158.0,Publicado hace 9 días,2026-08-05T18:22:49Z,2026-08-14T15:35:33.210956+00:00,https://www.inmuebles24.com/casas-o-casa-en-condominio-o-departamentos-en-venta-en-queretaro-provincia-ordenado-por-fechaonline-descendente.html-pagina-31.html
https://www.inmuebles24.com/propiedades/clasificado/veclcain-casa-en-venta-en-tequisquiapan-en-el-fracc.-las-150723910.html,3950000,"MN 3,950,000",MXN,venta,Casa,Fraccionamiento Residencial Haciendas de Tequisquiapan,Tequisquiapan,Querétaro,190.0,250.0,Publicado hace 9 días,2026-08-05T19:01:09Z,2026-08-14T15:35:33.210956+00:00,https://www.inmuebles24.com/casas-o-casa-en-condominio-o-departamentos-en-venta-en-queretaro-provincia-ordenado-por-fechaonline-descendente.html-pagina-31.html
https://www.inmuebles24.com/propiedades/clasificado/veclcain-vent-sonterra-sobre-libramiento-rapida-conexion-150722178.html,2360000,"MN 2,360,000",MXN,venta,Casa,Fraccionamiento Sonterra,Querétaro,Querétaro,129.0,117.0,Publicado hace 9 días,2026-08-05T17:48:44Z,2026-08-14T15:35:33.210956+00:00,https://www.inmuebles24.com/casas-o-casa-en-condominio-o-departamentos-en-venta-en-queretaro-provincia-ordenado-por-fechaonline-descendente.html-pagina-31.html
https://www.inmuebles24.com/propiedades/clasificado/veclcain-venta-casa-fracc.-jurica-queretaro-150729471.html,17990000,"MN 17,990,000",MXN,venta,Casa,Jurica,Querétaro,Querétaro,582.0,951.0,Publicado hace 9 días,2026-08-06T02:39:22Z,2026-08-14T15:35:33.210956+00:00,https://www.inmuebles24.com/casas-o-casa-en-condominio-o-departamentos-en-venta-en-queretaro-provincia-ordenado-por-fechaonline-descendente.html-pagina-31.html
https://www.inmuebles24.com/propiedades/clasificado/veclcain-zaru-casa-nueva-con-alberca-y-casa-club-en-queretaro-150727983.html,3400000,"MN 3,400,000",MXN,venta,Casa,Fraccionamiento Zarú,El Marqués,Querétaro,108.0,107.0,Publicado hace 9 días,2026-08-05T23:58:37Z,2026-08-14T15:35:33.210956+00:00,https://www.inmuebles24.com/casas-o-casa-en-condominio-o-departamentos-en-venta-en-queretaro-provincia-ordenado-por-fechaonline-descendente.html-pagina-31.html
https://www.inmuebles24.com/propiedades/clasificado/veclcain-zen-life-casa-en-condominio-con-4-recamaras-y-150727982.html,2530000,"MN 2,530,000",MXN,venta,Casa,,El Marqués,Querétaro,107.0,102.0,Publicado hace 9 días,2026-08-05T23:58:36Z,2026-08-14T15:35:33.210956+00:00,https://www.inmuebles24.com/casas-o-casa-en-condominio-o-departamentos-en-venta-en-queretaro-provincia-ordenado-por-fechaonline-descendente.html-pagina-31.html
https://www.inmuebles24.com/propiedades/clasificado/veclcain-zibata.-venta-casa-con-amenidades-y-4-recamaras-con-150718537.html,4683750,"MN 4,683,750",MXN,venta,Casa,Zibatá,El Marqués,Querétaro,150.0,135.0,Publicado hace 9 días,2026-08-05T07:44:31Z,2026-08-14T15:36:53.047498+00:00,https://www.inmuebles24.com/casas-o-casa-en-condominio-o-departamentos-en-venta-en-queretaro-provincia-ordenado-por-fechaonline-descendente.html-pagina-31.html
https://www.inmuebles24.com/propiedades/clasificado/veclccin-casa-en-venta-en-canada-juriquilla-con-alberca-150724826.html,25000000,"MN 25,000,000",MXN,venta,Casa en condominio,Juriquilla,Querétaro,Querétaro,742.0,2100.0,Publicado hace 9 días,2026-08-05T19:27:30Z,2026-08-14T15:36:53.047498+00:00,https://www.inmuebles24.com/casas-o-casa-en-condominio-o-departamentos-en-venta-en-queretaro-provincia-ordenado-por-fechaonline-descendente.html-pagina-31.html
https://www.inmuebles24.com/propiedades/clasificado/veclccin-casa-en-venta-en-juriquilla-cumbres-del-lago-150723934.html,5250000,"MN 5,250,000",MXN,venta,Casa en condominio,Juriquilla,Querétaro,Querétaro,234.0,230.0,Publicado hace 9 días,2026-08-05T19:02:23Z,2026-08-14T15:36:53.047498+00:00,https://www.inmuebles24.com/casas-o-casa-en-condominio-o-departamentos-en-venta-en-queretaro-provincia-ordenado-por-fechaonline-descendente.html-pagina-31.html
https://www.inmuebles24.com/propiedades/clasificado/veclccin-casa-en-venta-en-residencial-mayorazgo-cerca-de-150723936.html,6400000,"MN 6,400,000",MXN,venta,Casa en condominio,El Mayorazgo,El Marqués,Querétaro,254.0,192.0,Publicado hace 9 días,2026-08-05T19:02:43Z,2026-08-14T15:36:53.047498+00:00,https://www.inmuebles24.com/casas-o-casa-en-condominio-o-departamentos-en-venta-en-queretaro-provincia-ordenado-por-fechaonline-descendente.html-pagina-31.html
https://www.inmuebles24.com/propiedades/clasificado/veclapin-departamento-en-renta-o-venta-en-el-centro-latitud-la-150722897.html,3600000,"MN 3,600,000",MXN,venta,Apartamento,Centro,Querétaro,Querétaro,84.0,84.0,Publicado hace 9 días,2026-08-05T18:18:47Z,2026-08-14T15:36:53.047498+00:00,https://www.inmuebles24.com/casas-o-casa-en-condominio-o-departamentos-en-venta-en-queretaro-provincia-ordenado-por-fechaonline-descendente.html-pagina-32.html
https://www.inmuebles24.com/propiedades/clasificado/veclapin-departamento-en-venta-en-valle-de-juriquilla-valle-150724563.html,4200000,"MN 4,200,000",MXN,venta,Apartamento,Juriquilla,Querétaro,Querétaro,163.0,163.0,Publicado hace 9 días,2026-08-05T19:21:05Z,2026-08-14T15:36:53.047498+00:00,https://www.inmuebles24.com/casas-o-casa-en-condominio-o-departamentos-en-venta-en-queretaro-provincia-ordenado-por-fechaonline-descendente.html-pagina-32.html
https://www.inmuebles24.com/propiedades/clasificado/veclapin-departamento-en-venta-en-zibata-privada-maguey-150723988.html,4410000,"MN 4,410,000",MXN,venta,Apartamento,Zibatá,El Marqués,Querétaro,169.0,169.0,Publicado hace 9 días,2026-08-05T19:06:11Z,2026-08-14T15:36:53.047498+00:00,https://www.inmuebles24.com/casas-o-casa-en-condominio-o-departamentos-en-venta-en-queretaro-provincia-ordenado-por-fechaonline-descendente.html-pagina-32.html
https://www.inmuebles24.com/propiedades/clasificado/veclapin-departamento-en-venta-o-renta-en-alterra-towers-150723838.html,2500000,"MN 2,500,000",MXN,venta,Apartamento,Residencial El Refugio,Querétaro,Querétaro,92.0,92.0,Publicado hace 9 días,2026-08-05T18:56:45Z,2026-08-14T15:36:53.047498+00:00,https://www.inmuebles24.com/casas-o-casa-en-condominio-o-departamentos-en-venta-en-queretaro-provincia-ordenado-por-fechaonline-descendente.html-pagina-32.html
https://www.inmuebles24.com/propiedades/clasificado/veclapin-departamento-en-venta-o-renta-en-mira-diamante-150723283.html,4680000,"MN 4,680,000",MXN,venta,Apartamento,Balcones Coloniales,Querétaro,Querétaro,160.0,160.0,Publicado hace 9 días,2026-08-05T18:31:46Z,2026-08-14T15:36:53.047498+00:00,https://www.inmuebles24.com/casas-o-casa-en-condominio-o-departamentos-en-venta-en-queretaro-provincia-ordenado-por-fechaonline-descendente.html-pagina-32.html
https://www.inmuebles24.com/propiedades/clasificado/veclapin-departamento-en-venta-o-renta-en-valle-de-juriquilla-150724699.html,5200000,"MN 5,200,000",MXN,venta,Apartamento,Juriquilla,Querétaro,Querétaro,163.0,163.0,Publicado hace 9 días,2026-08-05T19:24:07Z,2026-08-14T15:36:53.047498+00:00,https://www.inmuebles24.com/casas-o-casa-en-condominio-o-departamentos-en-venta-en-queretaro-provincia-ordenado-por-fechaonline-descendente.html-pagina-32.html
https://www.inmuebles24.com/propiedades/clasificado/veclapin-departamento-en-venta-torres-marbella-el-refugio-150722197.html,3890000,"MN 3,890,000",MXN,venta,Apartamento,Residencial El Refugio,Querétaro,Querétaro,243.0,243.0,Publicado hace 9 días,2026-08-05T17:50:16Z,2026-08-14T15:38:17.288398+00:00,https://www.inmuebles24.com/casas-o-casa-en-condominio-o-departamentos-en-venta-en-queretaro-provincia-ordenado-por-fechaonline-descendente.html-pagina-32.html
https://www.inmuebles24.com/propiedades/clasificado/veclapin-el-marques-departamento-de-2-recamaras-con-amenidades-150727997.html,1778000,"MN 1,778,000",MXN,venta,Apartamento,Fraccionamiento El Mirador,El Marqués,Querétaro,65.0,65.0,Publicado hace 9 días,2026-08-05T23:58:39Z,2026-08-14T15:38:17.288398+00:00,https://www.inmuebles24.com/casas-o-casa-en-condominio-o-departamentos-en-venta-en-queretaro-provincia-ordenado-por-fechaonline-descendente.html-pagina-32.html
https://www.inmuebles24.com/propiedades/clasificado/veclapin-el-marques-estrena-departamento-de-2-recamaras-con-150727981.html,1990000,"MN 1,990,000",MXN,venta,Apartamento,Fraccionamiento El Mirador,El Marqués,Querétaro,66.0,66.0,Publicado hace 9 días,2026-08-05T23:58:36Z,2026-08-14T15:38:17.288398+00:00,https://www.inmuebles24.com/casas-o-casa-en-condominio-o-departamentos-en-venta-en-queretaro-provincia-ordenado-por-fechaonline-descendente.html-pagina-32.html
https://www.inmuebles24.com/propiedades/clasificado/veclapin-el-refugio-departamento-con-diseno-contemporaneo-en-150727994.html,3975000,"MN 3,975,000",MXN,venta,Apartamento,Residencial El Refugio,Querétaro,Querétaro,135.0,135.0,Publicado hace 9 días,2026-08-05T23:58:38Z,2026-08-14T15:38:17.288398+00:00,https://www.inmuebles24.com/casas-o-casa-en-condominio-o-departamentos-en-venta-en-queretaro-provincia-ordenado-por-fechaonline-descendente.html-pagina-32.html
https://www.inmuebles24.com/propiedades/clasificado/veclapin-venta-nuevo-paseo-miro-zibata-150728958.html,4950000,"MN 4,950,000",MXN,venta,Apartamento,Zibatá,El Marqués,Querétaro,288.0,288.0,Publicado hace 9 días,2026-08-06T02:05:11Z,2026-08-14T15:38:17.288398+00:00,https://www.inmuebles24.com/casas-o-casa-en-condominio-o-departamentos-en-venta-en-queretaro-provincia-ordenado-por-fechaonline-descendente.html-pagina-32.html
https://www.inmuebles24.com/propiedades/clasificado/veclapin-zaru-departamento-en-preventa-con-roof-garden-y-150727995.html,3282000,"MN 3,282,000",MXN,venta,Apartamento,Fraccionamiento Zarú,El Marqués,Querétaro,114.0,114.0,Publicado hace 9 días,2026-08-05T23:58:38Z,2026-08-14T15:38:17.288398+00:00,https://www.inmuebles24.com/casas-o-casa-en-condominio-o-departamentos-en-venta-en-queretaro-provincia-ordenado-por-fechaonline-descendente.html-pagina-32.html
https://www.inmuebles24.com/propiedades/clasificado/veclapin-zibata-departamento-con-cocina-equipada-y-amenidades-150727998.html,2275000,"MN 2,275,000",MXN,venta,Apartamento,Zibatá,El Marqués,Querétaro,66.0,66.0,Publicado hace 9 días,2026-08-05T23:58:40Z,2026-08-14T15:38:17.288398+00:00,https://www.inmuebles24.com/casas-o-casa-en-condominio-o-departamentos-en-venta-en-queretaro-provincia-ordenado-por-fechaonline-descendente.html-pagina-32.html
https://www.inmuebles24.com/propiedades/clasificado/veclcain-casa-de-lujo-en-venta-en-jurica-queretaro-amplio-150723877.html,13500000,"MN 13,500,000",MXN,venta,Casa,Fraccionamiento Jurica Pinar,Querétaro,Querétaro,422.0,374.0,Publicado hace 9 días,2026-08-05T18:58:16Z,2026-08-14T15:38:17.288398+00:00,https://www.inmuebles24.com/casas-o-casa-en-condominio-o-departamentos-en-venta-en-queretaro-provincia-ordenado-por-fechaonline-descendente.html-pagina-32.html
https://www.inmuebles24.com/propiedades/clasificado/veclcain-casa-en-venta-en-alamos-segunda-seccion-de-1-nivel-150723182.html,22500000,"MN 22,500,000",MXN,venta,Casa,Alamos 2a Sección,Querétaro,Querétaro,572.0,851.0,Publicado hace 9 días,2026-08-05T18:24:47Z,2026-08-14T15:38:17.288398+00:00,https://www.inmuebles24.com/casas-o-casa-en-condominio-o-departamentos-en-venta-en-queretaro-provincia-ordenado-por-fechaonline-descendente.html-pagina-32.html
https://www.inmuebles24.com/propiedades/clasificado/veclcain-casa-en-venta-en-altozano-dentro-de-condominio-lago-150723972.html,17240000,"MN 17,240,000",MXN,venta,Casa,Altozano el Nuevo Querétaro,Querétaro,Querétaro,424.0,480.0,Publicado hace 9 días,2026-08-05T19:04:54Z,2026-08-14T15:38:17.288398+00:00,https://www.inmuebles24.com/casas-o-casa-en-condominio-o-departamentos-en-venta-en-queretaro-provincia-ordenado-por-fechaonline-descendente.html-pagina-32.html
https://www.inmuebles24.com/propiedades/clasificado/veclcain-casa-en-venta-en-canada-juriquilla-con-alberca-150724597.html,25000000,"MN 25,000,000",MXN,venta,Casa,Juriquilla Santa Fe,Querétaro,Querétaro,742.0,2100.0,Publicado hace 9 días,2026-08-05T19:22:51Z,2026-08-14T15:39:46.288813+00:00,https://www.inmuebles24.com/casas-o-casa-en-condominio-o-departamentos-en-venta-en-queretaro-provincia-ordenado-por-fechaonline-descendente.html-pagina-32.html
https://www.inmuebles24.com/propiedades/clasificado/veclcain-casa-en-venta-en-lomas-del-campanario-norte-recamara-150722862.html,13990000,"MN 13,990,000",MXN,venta,Casa,Lomas del Campanario I,Querétaro,Querétaro,360.0,294.0,Publicado hace 9 días,2026-08-05T18:17:52Z,2026-08-14T15:39:46.288813+00:00,https://www.inmuebles24.com/casas-o-casa-en-condominio-o-departamentos-en-venta-en-queretaro-provincia-ordenado-por-fechaonline-descendente.html-pagina-32.html
https://www.inmuebles24.com/propiedades/clasificado/veclcain-casa-en-venta-en-punta-juriquilla-cerca-de-santa-fe-150723401.html,3600000,"MN 3,600,000",MXN,venta,Casa,Juriquilla,Querétaro,Querétaro,198.0,180.0,Publicado hace 9 días,2026-08-05T18:37:45Z,2026-08-14T15:39:46.288813+00:00,https://www.inmuebles24.com/casas-o-casa-en-condominio-o-departamentos-en-venta-en-queretaro-provincia-ordenado-por-fechaonline-descendente.html-pagina-32.html
https://www.inmuebles24.com/propiedades/clasificado/veclcain-casa-en-venta-o-renta-en-altozano-condominio-laja-150722646.html,11900000,"MN 11,900,000",MXN,venta,Casa,Altozano el Nuevo Querétaro,Querétaro,Querétaro,392.0,300.0,Publicado hace 9 días,2026-08-05T18:10:47Z,2026-08-14T15:39:46.288813+00:00,https://www.inmuebles24.com/casas-o-casa-en-condominio-o-departamentos-en-venta-en-queretaro-provincia-ordenado-por-fechaonline-descendente.html-pagina-32.html
https://www.inmuebles24.com/propiedades/clasificado/veclcain-casa-en-venta-o-renta-en-jurica-condominio-arco-de-150723801.html,11000000,"MN 11,000,000",MXN,venta,Casa,Fraccionamiento Jurica Pinar,Querétaro,Querétaro,326.0,300.0,Publicado hace 9 días,2026-08-05T18:55:30Z,2026-08-14T15:39:46.288813+00:00,https://www.inmuebles24.com/casas-o-casa-en-condominio-o-departamentos-en-venta-en-queretaro-provincia-ordenado-por-fechaonline-descendente.html-pagina-32.html
https://www.inmuebles24.com/propiedades/clasificado/veclcain-zakia-casa-nueva-con-gran-potencial-de-plusvalia-en-150727993.html,2983000,"MN 2,983,000",MXN,venta,Casa,Zákia,El Marqués,Querétaro,112.0,108.0,Publicado hace 9 días,2026-08-05T23:58:38Z,2026-08-14T15:39:46.288813+00:00,https://www.inmuebles24.com/casas-o-casa-en-condominio-o-departamentos-en-venta-en-queretaro-provincia-ordenado-por-fechaonline-descendente.html-pagina-32.html
https://www.inmuebles24.com/propiedades/clasificado/veclccin-casa-de-164-m-sup2--con-3-recamaras-en-venta-en-150728875.html,3800000,"MN 3,800,000",MXN,venta,Casa en condominio,Zibatá,El Marqués,Querétaro,152.0,164.0,Publicado hace 9 días,2026-08-06T01:51:19Z,2026-08-14T15:39:46.288813+00:00,https://www.inmuebles24.com/casas-o-casa-en-condominio-o-departamentos-en-venta-en-queretaro-provincia-ordenado-por-fechaonline-descendente.html-pagina-32.html
https://www.inmuebles24.com/propiedades/clasificado/veclccin-casa-en-venta-en-altozano-condominio-cantera-de-3-150723431.html,18000000,"MN 18,000,000",MXN,venta,Casa en condominio,Altozano el Nuevo Querétaro,Querétaro,Querétaro,619.0,369.0,Publicado hace 9 días,2026-08-05T18:38:46Z,2026-08-14T15:39:46.288813+00:00,https://www.inmuebles24.com/casas-o-casa-en-condominio-o-departamentos-en-venta-en-queretaro-provincia-ordenado-por-fechaonline-descendente.html-pagina-32.html
https://www.inmuebles24.com/propiedades/clasificado/veclccin-casa-en-venta-en-altozano-dentro-de-condominio-rio-150723084.html,19290000,"MN 19,290,000",MXN,venta,Casa en condominio,Altozano el Nuevo Querétaro,Querétaro,Querétaro,440.0,530.0,Publicado hace 9 días,2026-08-05T18:23:08Z,2026-08-14T15:39:46.288813+00:00,https://www.inmuebles24.com/casas-o-casa-en-condominio-o-departamentos-en-venta-en-queretaro-provincia-ordenado-por-fechaonline-descendente.html-pagina-32.html
https://www.inmuebles24.com/propiedades/clasificado/veclccin-casa-en-venta-en-el-refugio-condominio-alvento-3-150722425.html,3000000,"MN 3,000,000",MXN,venta,Casa en condominio,Residencial El Refugio,Querétaro,Querétaro,150.0,150.0,Publicado hace 9 días,2026-08-05T18:05:29Z,2026-08-14T15:39:46.288813+00:00,https://www.inmuebles24.com/casas-o-casa-en-condominio-o-departamentos-en-venta-en-queretaro-provincia-ordenado-por-fechaonline-descendente.html-pagina-32.html
https://www.inmuebles24.com/propiedades/clasificado/veclccin-casa-en-venta-en-juriquilla-santa-fe-condominio-las-150722662.html,5900000,"MN 5,900,000",MXN,venta,Casa en condominio,Juriquilla,Querétaro,Querétaro,280.0,300.0,Publicado hace 9 días,2026-08-05T18:11:42Z,2026-08-14T15:41:04.716752+00:00,https://www.inmuebles24.com/casas-o-casa-en-condominio-o-departamentos-en-venta-en-queretaro-provincia-ordenado-por-fechaonline-descendente.html-pagina-32.html
https://www.inmuebles24.com/propiedades/clasificado/veclccin-casa-en-venta-en-zibata-dentro-de-condominio-huizache-150724148.html,5866222,"MN 5,866,222",MXN,venta,Casa en condominio,Zibatá,El Marqués,Querétaro,293.0,153.0,Publicado hace 9 días,2026-08-05T19:11:22Z,2026-08-14T15:41:04.716752+00:00,https://www.inmuebles24.com/casas-o-casa-en-condominio-o-departamentos-en-venta-en-queretaro-provincia-ordenado-por-fechaonline-descendente.html-pagina-32.html
https://www.inmuebles24.com/propiedades/clasificado/veclccin-casa-en-venta-o-renta-en-zibata-condominio-antalia-150723212.html,3800000,"MN 3,800,000",MXN,venta,Casa en condominio,Zibatá,El Marqués,Querétaro,170.0,120.0,Publicado hace 9 días,2026-08-05T18:26:59Z,2026-08-14T15:41:04.716752+00:00,https://www.inmuebles24.com/casas-o-casa-en-condominio-o-departamentos-en-venta-en-queretaro-provincia-ordenado-por-fechaonline-descendente.html-pagina-32.html
https://www.inmuebles24.com/propiedades/clasificado/veclccin-jurica-casa-en-venta-con-vigilancia-con-4-150721985.html,12950000,"MN 12,950,000",MXN,venta,Casa en condominio,Jurica,Querétaro,Querétaro,585.0,525.0,Publicado hace 9 días,2026-08-05T17:35:20Z,2026-08-14T15:41:04.716752+00:00,https://www.inmuebles24.com/casas-o-casa-en-condominio-o-departamentos-en-venta-en-queretaro-provincia-ordenado-por-fechaonline-descendente.html-pagina-32.html
https://www.inmuebles24.com/propiedades/clasificado/veclapin-departamento-en-preventa-en-san-pedrito-penuelas-150727247.html,1450000,"MN 1,450,000",MXN,venta,Apartamento,San Pedrito Peñuelas,Querétaro,Querétaro,90.0,90.0,Publicado hace 9 días,2026-08-05T22:45:53Z,2026-08-14T15:41:04.716752+00:00,https://www.inmuebles24.com/casas-o-casa-en-condominio-o-departamentos-en-venta-en-queretaro-provincia-ordenado-por-fechaonline-descendente.html-pagina-33.html
https://www.inmuebles24.com/propiedades/clasificado/veclapin-departamento-en-venta-con-vista-al-campo-de-golf-en-150727262.html,3200000,"MN 3,200,000",MXN,venta,Apartamento,Fraccionamiento Desarrollo Habitacional Zibata,El Marqués,Querétaro,129.0,129.0,Publicado hace 9 días,2026-08-05T22:45:54Z,2026-08-14T15:41:04.716752+00:00,https://www.inmuebles24.com/casas-o-casa-en-condominio-o-departamentos-en-venta-en-queretaro-provincia-ordenado-por-fechaonline-descendente.html-pagina-33.html
https://www.inmuebles24.com/propiedades/clasificado/veclapin-departamento-en-venta-con-vista-al-campo-de-golf-en-150727264.html,3100000,"MN 3,100,000",MXN,venta,Apartamento,Zibatá,El Marqués,Querétaro,113.0,113.0,Publicado hace 9 días,2026-08-05T22:45:55Z,2026-08-14T15:41:04.716752+00:00,https://www.inmuebles24.com/casas-o-casa-en-condominio-o-departamentos-en-venta-en-queretaro-provincia-ordenado-por-fechaonline-descendente.html-pagina-33.html
https://www.inmuebles24.com/propiedades/clasificado/veclapin-departamento-en-venta-en-la-ceiba-150727280.html,6100000,"MN 6,100,000",MXN,venta,Apartamento,El Campanario,Querétaro,Querétaro,147.0,147.0,Publicado hace 9 días,2026-08-05T22:45:56Z,2026-08-14T15:41:04.716752+00:00,https://www.inmuebles24.com/casas-o-casa-en-condominio-o-departamentos-en-venta-en-queretaro-provincia-ordenado-por-fechaonline-descendente.html-pagina-33.html
https://www.inmuebles24.com/propiedades/clasificado/veclapin-departamento-en-venta-tipo-penthouse-en-zona-diamante-150722769.html,4750000,"MN 4,750,000",MXN,venta,Apartamento,Balcones Coloniales,Querétaro,Querétaro,174.0,174.0,Publicado hace 9 días,2026-08-05T18:13:50Z,2026-08-14T15:41:04.716752+00:00,https://www.inmuebles24.com/casas-o-casa-en-condominio-o-departamentos-en-venta-en-queretaro-provincia-ordenado-por-fechaonline-descendente.html-pagina-33.html
https://www.inmuebles24.com/propiedades/clasificado/veclapin-departamento-en-zire-citadela-150729843.html,2279000,"MN 2,279,000",MXN,venta,Apartamento,Ziré Citadela,El Marqués,Querétaro,66.0,66.0,Publicado hace 9 días,2026-08-06T03:42:59Z,2026-08-14T15:41:04.716752+00:00,https://www.inmuebles24.com/casas-o-casa-en-condominio-o-departamentos-en-venta-en-queretaro-provincia-ordenado-por-fechaonline-descendente.html-pagina-33.html
https://www.inmuebles24.com/propiedades/clasificado/veclapin-recamara-con-bano-y-vestidor-en-renta-en-zibata-150727161.html,2350000,"MN 2,350,000",MXN,venta,Apartamento,Zibatá,El Marqués,Querétaro,62.0,62.0,Publicado hace 9 días,2026-08-05T22:40:10Z,2026-08-14T15:42:35.341774+00:00,https://www.inmuebles24.com/casas-o-casa-en-condominio-o-departamentos-en-venta-en-queretaro-provincia-ordenado-por-fechaonline-descendente.html-pagina-33.html
https://www.inmuebles24.com/propiedades/clasificado/veclcain-casa-en-estrella-150722768.html,3500000,"MN 3,500,000",MXN,venta,Casa,Estrella,Querétaro,Querétaro,181.0,133.0,Publicado hace 9 días,2026-08-05T18:13:50Z,2026-08-14T15:42:35.341774+00:00,https://www.inmuebles24.com/casas-o-casa-en-condominio-o-departamentos-en-venta-en-queretaro-provincia-ordenado-por-fechaonline-descendente.html-pagina-33.html
https://www.inmuebles24.com/propiedades/clasificado/veclcain-casa-en-renta-en-lomas-de-juriquilla-150721981.html,5900000,"MN 5,900,000",MXN,venta,Casa,Lomas de Juriquilla,Querétaro,Querétaro,300.0,250.0,Publicado hace 9 días,2026-08-05T17:34:50Z,2026-08-14T15:42:35.341774+00:00,https://www.inmuebles24.com/casas-o-casa-en-condominio-o-departamentos-en-venta-en-queretaro-provincia-ordenado-por-fechaonline-descendente.html-pagina-33.html
https://www.inmuebles24.com/propiedades/clasificado/veclcain-casa-en-venta-en-altozano-el-nuevo-queretaro-150727160.html,5400000,"MN 5,400,000",MXN,venta,Casa,Altozano el Nuevo Querétaro,Querétaro,Querétaro,230.0,195.0,Publicado hace 9 días,2026-08-05T22:40:10Z,2026-08-14T15:42:35.341774+00:00,https://www.inmuebles24.com/casas-o-casa-en-condominio-o-departamentos-en-venta-en-queretaro-provincia-ordenado-por-fechaonline-descendente.html-pagina-33.html
https://www.inmuebles24.com/propiedades/clasificado/veclcain-casa-en-venta-en-la-cima-residencial-150719279.html,4280000,"MN 4,280,000",MXN,venta,Casa,Residencial El Refugio,Querétaro,Querétaro,187.0,200.0,Publicado hace 9 días,2026-08-05T14:39:54Z,2026-08-14T15:42:35.341774+00:00,https://www.inmuebles24.com/casas-o-casa-en-condominio-o-departamentos-en-venta-en-queretaro-provincia-ordenado-por-fechaonline-descendente.html-pagina-33.html
https://www.inmuebles24.com/propiedades/clasificado/veclcain-casa-en-venta-en-lomas-de-juriquilla-150727254.html,5950000,"MN 5,950,000",MXN,venta,Casa,Lomas de Juriquilla,Querétaro,Querétaro,173.0,324.0,Publicado hace 9 días,2026-08-05T22:45:53Z,2026-08-14T15:42:35.341774+00:00,https://www.inmuebles24.com/casas-o-casa-en-condominio-o-departamentos-en-venta-en-queretaro-provincia-ordenado-por-fechaonline-descendente.html-pagina-33.html
https://www.inmuebles24.com/propiedades/clasificado/veclcain-casa-en-venta-en-residencial-el-refugio-150727162.html,3600000,"MN 3,600,000",MXN,venta,Casa,Residencial El Refugio,Querétaro,Querétaro,205.0,138.0,Publicado hace 9 días,2026-08-05T22:40:10Z,2026-08-14T15:42:35.341774+00:00,https://www.inmuebles24.com/casas-o-casa-en-condominio-o-departamentos-en-venta-en-queretaro-provincia-ordenado-por-fechaonline-descendente.html-pagina-33.html
https://www.inmuebles24.com/propiedades/clasificado/veclcain-casa-en-venta-lomas-marques-cond.-virrey-de-aragon-150726944.html,3300000,"MN 3,300,000",MXN,venta,Casa,Lomas del Marqués,Querétaro,Querétaro,130.0,130.0,Publicado hace 9 días,2026-08-05T22:16:47Z,2026-08-14T15:42:35.341774+00:00,https://www.inmuebles24.com/casas-o-casa-en-condominio-o-departamentos-en-venta-en-queretaro-provincia-ordenado-por-fechaonline-descendente.html-pagina-33.html
https://www.inmuebles24.com/propiedades/clasificado/veclcain-casa-nueva-en-venta-en-lomas-del-campanario-norte-150725979.html,13800000,"MN 13,800,000",MXN,venta,Casa,Lomas del Campanario I,Querétaro,Querétaro,425.0,270.0,Publicado hace 9 días,2026-08-05T21:01:44Z,2026-08-14T15:42:35.341774+00:00,https://www.inmuebles24.com/casas-o-casa-en-condominio-o-departamentos-en-venta-en-queretaro-provincia-ordenado-por-fechaonline-descendente.html-pagina-33.html
https://www.inmuebles24.com/propiedades/clasificado/veclcain-casa-venta-en-milenio-iii-150726930.html,8500000,"MN 8,500,000",MXN,venta,Casa,Zona Este Milenio III,El Marqués,Querétaro,355.0,488.0,Publicado hace 9 días,2026-08-05T22:15:02Z,2026-08-14T15:42:35.341774+00:00,https://www.inmuebles24.com/casas-o-casa-en-condominio-o-departamentos-en-venta-en-queretaro-provincia-ordenado-por-fechaonline-descendente.html-pagina-33.html
https://www.inmuebles24.com/propiedades/clasificado/veclcain-casa-venta-paseo-de-jurica-150726989.html,50000000,"MN 50,000,000",MXN,venta,Casa,Jurica,Querétaro,Querétaro,1083.0,4125.0,Publicado hace 9 días,2026-08-05T22:21:08Z,2026-08-14T15:43:51.431238+00:00,https://www.inmuebles24.com/casas-o-casa-en-condominio-o-departamentos-en-venta-en-queretaro-provincia-ordenado-por-fechaonline-descendente.html-pagina-33.html
https://www.inmuebles24.com/propiedades/clasificado/veclcain-espectacular-residencia-en-la-vista-150726637.html,8500000,"MN 8,500,000",MXN,venta,Casa,La Vista Residencial,Querétaro,Querétaro,310.0,303.0,Publicado hace 9 días,2026-08-05T21:50:33Z,2026-08-14T15:43:51.431238+00:00,https://www.inmuebles24.com/casas-o-casa-en-condominio-o-departamentos-en-venta-en-queretaro-provincia-ordenado-por-fechaonline-descendente.html-pagina-33.html
https://www.inmuebles24.com/propiedades/clasificado/veclcain-estupenda-residencia-en-altozano-150726642.html,7810000,"MN 7,810,000",MXN,venta,Casa,Altozano el Nuevo Querétaro,Querétaro,Querétaro,280.0,200.0,Publicado hace 9 días,2026-08-05T21:50:33Z,2026-08-14T15:43:51.431238+00:00,https://www.inmuebles24.com/casas-o-casa-en-condominio-o-departamentos-en-venta-en-queretaro-provincia-ordenado-por-fechaonline-descendente.html-pagina-33.html
https://www.inmuebles24.com/propiedades/clasificado/veclcain-hermosa-casa-en-venta-en-juriquilla-150726636.html,7390000,"MN 7,390,000",MXN,venta,Casa,Juriquilla,Querétaro,Querétaro,325.0,325.0,Publicado hace 9 días,2026-08-05T21:50:32Z,2026-08-14T15:43:51.431238+00:00,https://www.inmuebles24.com/casas-o-casa-en-condominio-o-departamentos-en-venta-en-queretaro-provincia-ordenado-por-fechaonline-descendente.html-pagina-33.html
https://www.inmuebles24.com/propiedades/clasificado/veclcapa-casa-nueva-muy-iluminada-y-amplia-doble-altura-150723831.html,19900,"MN 19,900",MXN,venta,Casa,Zibatá,El Marqués,Querétaro,175.0,,Publicado hace 9 días,2026-08-05T18:56:19Z,2026-08-14T15:43:51.431238+00:00,https://www.inmuebles24.com/casas-o-casa-en-condominio-o-departamentos-en-venta-en-queretaro-provincia-ordenado-por-fechaonline-descendente.html-pagina-33.html
https://www.inmuebles24.com/propiedades/clasificado/veclcapa-venta-de-casa-en-el-refugio-150722985.html,3000000,"MN 3,000,000",MXN,venta,Casa,Residencial El Refugio,Querétaro,Querétaro,119.0,128.0,Publicado hace 9 días,2026-08-05T18:20:37Z,2026-08-14T15:43:51.431238+00:00,https://www.inmuebles24.com/casas-o-casa-en-condominio-o-departamentos-en-venta-en-queretaro-provincia-ordenado-por-fechaonline-descendente.html-pagina-33.html
https://www.inmuebles24.com/propiedades/clasificado/veclccin-casa-en-condominio-de-3-recamaras-en-venta-en-altos-150727298.html,3375000,"MN 3,375,000",MXN,venta,Casa en condominio,Juriquilla,Querétaro,Querétaro,134.0,150.0,Publicado hace 9 días,2026-08-05T22:46:01Z,2026-08-14T15:43:51.431238+00:00,https://www.inmuebles24.com/casas-o-casa-en-condominio-o-departamentos-en-venta-en-queretaro-provincia-ordenado-por-fechaonline-descendente.html-pagina-33.html
https://www.inmuebles24.com/propiedades/clasificado/veclccin-casa-en-condominio-en-venta-en-el-nuevo-refugio-150727271.html,5701000,"MN 5,701,000",MXN,venta,Casa en condominio,Residencial El Refugio,Querétaro,Querétaro,219.0,160.0,Publicado hace 9 días,2026-08-05T22:45:55Z,2026-08-14T15:43:51.431238+00:00,https://www.inmuebles24.com/casas-o-casa-en-condominio-o-departamentos-en-venta-en-queretaro-provincia-ordenado-por-fechaonline-descendente.html-pagina-33.html
https://www.inmuebles24.com/propiedades/clasificado/veclccin-casa-en-condominio-en-venta-en-el-salitre-150727265.html,4870000,"MN 4,870,000",MXN,venta,Casa en condominio,El Salitre,Querétaro,Querétaro,212.0,127.0,Publicado hace 9 días,2026-08-05T22:45:55Z,2026-08-14T15:43:51.431238+00:00,https://www.inmuebles24.com/casas-o-casa-en-condominio-o-departamentos-en-venta-en-queretaro-provincia-ordenado-por-fechaonline-descendente.html-pagina-33.html
https://www.inmuebles24.com/propiedades/clasificado/veclccin-casa-en-condominio-en-venta-en-san-isidro-juriquilla-150719774.html,3150000,"MN 3,150,000",MXN,venta,Casa en condominio,Juriquilla,Querétaro,Querétaro,180.0,144.0,Publicado hace 9 días,2026-08-05T15:31:50Z,2026-08-14T15:43:51.431238+00:00,https://www.inmuebles24.com/casas-o-casa-en-condominio-o-departamentos-en-venta-en-queretaro-provincia-ordenado-por-fechaonline-descendente.html-pagina-33.html
https://www.inmuebles24.com/propiedades/clasificado/veclccin-casa-en-condominio-en-venta-junto-a-el-campanario-150722804.html,3300000,"MN 3,300,000",MXN,venta,Casa en condominio,Lomas del Marqués,Querétaro,Querétaro,132.0,120.0,Publicado hace 9 días,2026-08-05T18:14:32Z,2026-08-14T15:45:01.279862+00:00,https://www.inmuebles24.com/casas-o-casa-en-condominio-o-departamentos-en-venta-en-queretaro-provincia-ordenado-por-fechaonline-descendente.html-pagina-33.html
https://www.inmuebles24.com/propiedades/clasificado/veclccin-casa-en-venta-condominio-lucepolis-milenio-iii-150722805.html,4100000,"MN 4,100,000",MXN,venta,Casa en condominio,Milenio III,Querétaro,Querétaro,240.0,139.0,Publicado hace 9 días,2026-08-05T18:14:32Z,2026-08-14T15:45:01.279862+00:00,https://www.inmuebles24.com/casas-o-casa-en-condominio-o-departamentos-en-venta-en-queretaro-provincia-ordenado-por-fechaonline-descendente.html-pagina-33.html
https://www.inmuebles24.com/propiedades/clasificado/veclccin-casa-en-venta-el-campanario-queretaro-150722649.html,40000000,"MN 40,000,000",MXN,venta,Casa en condominio,El Campanario,Querétaro,Querétaro,830.0,1260.0,Publicado hace 9 días,2026-08-05T18:10:47Z,2026-08-14T15:45:01.279862+00:00,https://www.inmuebles24.com/casas-o-casa-en-condominio-o-departamentos-en-venta-en-queretaro-provincia-ordenado-por-fechaonline-descendente.html-pagina-33.html
https://www.inmuebles24.com/propiedades/clasificado/veclccin-casa-en-venta-en-zibata-con-precio-de-oportunidad-150727287.html,5650000,"MN 5,650,000",MXN,venta,Casa en condominio,Zibatá,El Marqués,Querétaro,,,Publicado hace 9 días,2026-08-05T22:45:57Z,2026-08-14T15:45:01.279862+00:00,https://www.inmuebles24.com/casas-o-casa-en-condominio-o-departamentos-en-venta-en-queretaro-provincia-ordenado-por-fechaonline-descendente.html-pagina-33.html
https://www.inmuebles24.com/propiedades/clasificado/veclapin-departamento-amueblado-duplex-en-renta-150727858.html,3900000,"MN 3,900,000",MXN,venta,Apartamento,Juriquilla,Querétaro,Querétaro,220.0,220.0,Publicado hace 9 días,2026-08-05T23:43:13Z,2026-08-14T15:45:01.279862+00:00,https://www.inmuebles24.com/casas-o-casa-en-condominio-o-departamentos-en-venta-en-queretaro-provincia-ordenado-por-fechaonline-descendente.html-pagina-34.html
https://www.inmuebles24.com/propiedades/clasificado/veclapin-departamento-con-vista-al-campo-de-golf-zibata-150726643.html,3879000,"MN 3,879,000",MXN,venta,Apartamento,Zibatá,El Marqués,Querétaro,126.0,126.0,Publicado hace 9 días,2026-08-05T21:50:33Z,2026-08-14T15:45:01.279862+00:00,https://www.inmuebles24.com/casas-o-casa-en-condominio-o-departamentos-en-venta-en-queretaro-provincia-ordenado-por-fechaonline-descendente.html-pagina-34.html
https://www.inmuebles24.com/propiedades/clasificado/veclapin-departamento-en-venta-en-el-refugio-vitea-150720728.html,3200000,"MN 3,200,000",MXN,venta,Apartamento,Residencial El Refugio,Querétaro,Querétaro,107.0,107.0,Publicado hace 9 días,2026-08-05T16:48:55Z,2026-08-14T15:45:01.279862+00:00,https://www.inmuebles24.com/casas-o-casa-en-condominio-o-departamentos-en-venta-en-queretaro-provincia-ordenado-por-fechaonline-descendente.html-pagina-34.html
https://www.inmuebles24.com/propiedades/clasificado/veclapin-departamento-en-venta-en-zibata-con-vista-al-campo-de-150727277.html,3200000,"MN 3,200,000",MXN,venta,Apartamento,Zibatá,El Marqués,Querétaro,129.0,129.0,Publicado hace 9 días,2026-08-05T22:45:56Z,2026-08-14T15:45:01.279862+00:00,https://www.inmuebles24.com/casas-o-casa-en-condominio-o-departamentos-en-venta-en-queretaro-provincia-ordenado-por-fechaonline-descendente.html-pagina-34.html
https://www.inmuebles24.com/propiedades/clasificado/veclapin-departamento-tipo-ph-venta-zibata-150720474.html,5300000,"MN 5,300,000",MXN,venta,Apartamento,Zibatá,El Marqués,Querétaro,240.0,197.0,Publicado hace 9 días,2026-08-05T16:24:56Z,2026-08-14T15:45:01.279862+00:00,https://www.inmuebles24.com/casas-o-casa-en-condominio-o-departamentos-en-venta-en-queretaro-provincia-ordenado-por-fechaonline-descendente.html-pagina-34.html
https://www.inmuebles24.com/propiedades/clasificado/veclapin-venta-de-departamento-amueblado-en-zona-del-refugio-150718451.html,2400000,"MN 2,400,000",MXN,venta,Apartamento,,Querétaro,Querétaro,57.0,57.0,Publicado hace 9 días,2026-08-05T06:43:34Z,2026-08-14T15:45:01.279862+00:00,https://www.inmuebles24.com/casas-o-casa-en-condominio-o-departamentos-en-venta-en-queretaro-provincia-ordenado-por-fechaonline-descendente.html-pagina-34.html
https://www.inmuebles24.com/propiedades/clasificado/veclappa-venta-departamento-privalia-ambienta-2-150720652.html,1350000,"MN 1,350,000",MXN,venta,Apartamento,Privalia Ambienta,Querétaro,Querétaro,73.0,87.0,Publicado hace 9 días,2026-08-05T16:38:37Z,2026-08-14T15:46:20.161144+00:00,https://www.inmuebles24.com/casas-o-casa-en-condominio-o-departamentos-en-venta-en-queretaro-provincia-ordenado-por-fechaonline-descendente.html-pagina-34.html
https://www.inmuebles24.com/propiedades/clasificado/veclcain-bonita-residencia-en-altozano-150726639.html,6950000,"MN 6,950,000",MXN,venta,Casa,Altozano el Nuevo Querétaro,Querétaro,Querétaro,238.0,185.0,Publicado hace 9 días,2026-08-05T21:50:33Z,2026-08-14T15:46:20.161144+00:00,https://www.inmuebles24.com/casas-o-casa-en-condominio-o-departamentos-en-venta-en-queretaro-provincia-ordenado-por-fechaonline-descendente.html-pagina-34.html
https://www.inmuebles24.com/propiedades/clasificado/veclcain-casa-con-alberca-en-venta-en-centro-sur-queretaro-150720516.html,9970000,"MN 9,970,000",MXN,venta,Casa,Claustros del Sur,Querétaro,Querétaro,500.0,287.0,Publicado hace 9 días,2026-08-05T16:27:36Z,2026-08-14T15:46:20.161144+00:00,https://www.inmuebles24.com/casas-o-casa-en-condominio-o-departamentos-en-venta-en-queretaro-provincia-ordenado-por-fechaonline-descendente.html-pagina-34.html
https://www.inmuebles24.com/propiedades/clasificado/veclcain-casa-en-frac.-rodanta-150729813.html,3950000,"MN 3,950,000",MXN,venta,Casa,,El Marqués,Querétaro,168.0,171.0,Publicado hace 9 días,2026-08-06T03:41:23Z,2026-08-14T15:46:20.161144+00:00,https://www.inmuebles24.com/casas-o-casa-en-condominio-o-departamentos-en-venta-en-queretaro-provincia-ordenado-por-fechaonline-descendente.html-pagina-34.html
https://www.inmuebles24.com/propiedades/clasificado/veclcain-casa-en-venta-en-el-centro-de-queretaro-150722598.html,13000000,"MN 13,000,000",MXN,venta,Casa,Centro,Querétaro,Querétaro,479.0,491.0,Publicado hace 9 días,2026-08-05T18:09:09Z,2026-08-14T15:46:20.161144+00:00,https://www.inmuebles24.com/casas-o-casa-en-condominio-o-departamentos-en-venta-en-queretaro-provincia-ordenado-por-fechaonline-descendente.html-pagina-34.html
https://www.inmuebles24.com/propiedades/clasificado/veclcain-casa-en-venta-en-grand-juriquilla-para-estrenar!-150718889.html,4490000,"MN 4,490,000",MXN,venta,Casa,,Querétaro,Querétaro,220.0,194.0,Publicado hace 9 días,2026-08-05T14:17:31Z,2026-08-14T15:46:20.161144+00:00,https://www.inmuebles24.com/casas-o-casa-en-condominio-o-departamentos-en-venta-en-queretaro-provincia-ordenado-por-fechaonline-descendente.html-pagina-34.html
https://www.inmuebles24.com/propiedades/clasificado/veclcain-casa-en-venta-en-zibata-150727167.html,3600000,"MN 3,600,000",MXN,venta,Casa,Zibatá,El Marqués,Querétaro,122.0,108.0,Publicado hace 9 días,2026-08-05T22:40:11Z,2026-08-14T15:46:20.161144+00:00,https://www.inmuebles24.com/casas-o-casa-en-condominio-o-departamentos-en-venta-en-queretaro-provincia-ordenado-por-fechaonline-descendente.html-pagina-34.html
https://www.inmuebles24.com/propiedades/clasificado/veclcain-casa-en-venta-ideal-para-negocio-de-air-b-amp-b-en-150722650.html,6280000,"MN 6,280,000",MXN,venta,Casa,Zona Este Milenio III,El Marqués,Querétaro,450.0,308.0,Publicado hace 9 días,2026-08-05T18:10:47Z,2026-08-14T15:46:20.161144+00:00,https://www.inmuebles24.com/casas-o-casa-en-condominio-o-departamentos-en-venta-en-queretaro-provincia-ordenado-por-fechaonline-descendente.html-pagina-34.html
https://www.inmuebles24.com/propiedades/clasificado/veclcain-casa-nueva-en-venta-con-detalles-de-lujo-altozano-150718426.html,7990000,"MN 7,990,000",MXN,venta,Casa,,Querétaro,Querétaro,247.0,201.0,Publicado hace 9 días,2026-08-05T06:39:38Z,2026-08-14T15:46:20.161144+00:00,https://www.inmuebles24.com/casas-o-casa-en-condominio-o-departamentos-en-venta-en-queretaro-provincia-ordenado-por-fechaonline-descendente.html-pagina-34.html
https://www.inmuebles24.com/propiedades/clasificado/veclcain-hermosa-residencia-en-zibata-150726644.html,5300000,"MN 5,300,000",MXN,venta,Casa,Zibatá,El Marqués,Querétaro,214.0,160.0,Publicado hace 9 días,2026-08-05T21:50:33Z,2026-08-14T15:46:20.161144+00:00,https://www.inmuebles24.com/casas-o-casa-en-condominio-o-departamentos-en-venta-en-queretaro-provincia-ordenado-por-fechaonline-descendente.html-pagina-34.html
https://www.inmuebles24.com/propiedades/clasificado/veclcain-residencia-acabos-premium-en-altozano-150726645.html,17240000,"MN 17,240,000",MXN,venta,Casa,Altozano el Nuevo Querétaro,Querétaro,Querétaro,424.0,480.0,Publicado hace 9 días,2026-08-05T21:50:33Z,2026-08-14T15:47:33.240104+00:00,https://www.inmuebles24.com/casas-o-casa-en-condominio-o-departamentos-en-venta-en-queretaro-provincia-ordenado-por-fechaonline-descendente.html-pagina-34.html
https://www.inmuebles24.com/propiedades/clasificado/veclcain-venta-de-casa-en-lomas-de-juriquilla-remodelada-con-150718431.html,6950000,"MN 6,950,000",MXN,venta,Casa,Fraccionamiento Nuevo Paraíso,Querétaro,Querétaro,314.0,250.0,Publicado hace 9 días,2026-08-05T06:42:04Z,2026-08-14T15:47:33.240104+00:00,https://www.inmuebles24.com/casas-o-casa-en-condominio-o-departamentos-en-venta-en-queretaro-provincia-ordenado-por-fechaonline-descendente.html-pagina-34.html
https://www.inmuebles24.com/propiedades/clasificado/veclccin--residencia-premium-en-centro-sur-seguridad-elite-y-150727291.html,18000000,"MN 18,000,000",MXN,venta,Casa en condominio,Centro Sur,Querétaro,Querétaro,600.0,700.0,Publicado hace 9 días,2026-08-05T22:45:57Z,2026-08-14T15:47:33.240104+00:00,https://www.inmuebles24.com/casas-o-casa-en-condominio-o-departamentos-en-venta-en-queretaro-provincia-ordenado-por-fechaonline-descendente.html-pagina-34.html
https://www.inmuebles24.com/propiedades/clasificado/veclccin--vida-y-estilo-en-tequisquiapan-casa-en-condominio-150727276.html,7800000,"MN 7,800,000",MXN,venta,Casa en condominio,Fraccionamiento Club de Golf Tequisquiapan,Tequisquiapan,Querétaro,261.0,409.0,Publicado hace 9 días,2026-08-05T22:45:56Z,2026-08-14T15:47:33.240104+00:00,https://www.inmuebles24.com/casas-o-casa-en-condominio-o-departamentos-en-venta-en-queretaro-provincia-ordenado-por-fechaonline-descendente.html-pagina-34.html
https://www.inmuebles24.com/propiedades/clasificado/veclccin-casa-en-condominio-en-fraccionamiento-zibata-150725034.html,4600000,"MN 4,600,000",MXN,venta,Casa en condominio,Zibatá,El Marqués,Querétaro,240.0,137.0,Publicado hace 9 días,2026-08-05T19:39:51Z,2026-08-14T15:47:33.240104+00:00,https://www.inmuebles24.com/casas-o-casa-en-condominio-o-departamentos-en-venta-en-queretaro-provincia-ordenado-por-fechaonline-descendente.html-pagina-34.html
https://www.inmuebles24.com/propiedades/clasificado/veclccin-casa-en-condominio-en-venta-en-el-nuevo-refugio-150727263.html,6109000,"MN 6,109,000",MXN,venta,Casa en condominio,Residencial El Refugio,Querétaro,Querétaro,235.0,160.0,Publicado hace 9 días,2026-08-05T22:45:55Z,2026-08-14T15:47:33.240104+00:00,https://www.inmuebles24.com/casas-o-casa-en-condominio-o-departamentos-en-venta-en-queretaro-provincia-ordenado-por-fechaonline-descendente.html-pagina-34.html
https://www.inmuebles24.com/propiedades/clasificado/veclccin-casa-en-condominio-en-venta-en-vista-real-country-club-150727253.html,6350000,"MN 6,350,000",MXN,venta,Casa en condominio,Vista Real y Country Club,Corregidora,Querétaro,365.0,495.0,Publicado hace 9 días,2026-08-05T22:45:53Z,2026-08-14T15:47:33.240104+00:00,https://www.inmuebles24.com/casas-o-casa-en-condominio-o-departamentos-en-venta-en-queretaro-provincia-ordenado-por-fechaonline-descendente.html-pagina-34.html
https://www.inmuebles24.com/propiedades/clasificado/veclccin-casa-en-condominio-en-venta-en-zibata-150727267.html,4750000,"MN 4,750,000",MXN,venta,Casa en condominio,Fraccionamiento Desarrollo Habitacional Zibata,El Marqués,Querétaro,187.0,187.0,Publicado hace 9 días,2026-08-05T22:45:55Z,2026-08-14T15:47:33.240104+00:00,https://www.inmuebles24.com/casas-o-casa-en-condominio-o-departamentos-en-venta-en-queretaro-provincia-ordenado-por-fechaonline-descendente.html-pagina-34.html
https://www.inmuebles24.com/propiedades/clasificado/veclccin-casa-en-venta-con-roof-garden-y-espacio-para-home-150727288.html,5200000,"MN 5,200,000",MXN,venta,Casa en condominio,Zibatá,El Marqués,Querétaro,234.0,136.0,Publicado hace 9 días,2026-08-05T22:45:57Z,2026-08-14T15:47:33.240104+00:00,https://www.inmuebles24.com/casas-o-casa-en-condominio-o-departamentos-en-venta-en-queretaro-provincia-ordenado-por-fechaonline-descendente.html-pagina-34.html
https://www.inmuebles24.com/propiedades/clasificado/veclccin-casa-en-venta-de-4-recamaras-en-el-salitre-150727285.html,4700000,"MN 4,700,000",MXN,venta,Casa en condominio,El Salitre,Querétaro,Querétaro,212.0,129.0,Publicado hace 9 días,2026-08-05T22:45:57Z,2026-08-14T15:47:33.240104+00:00,https://www.inmuebles24.com/casas-o-casa-en-condominio-o-departamentos-en-venta-en-queretaro-provincia-ordenado-por-fechaonline-descendente.html-pagina-34.html
https://www.inmuebles24.com/propiedades/clasificado/veclccin-casa-en-venta-en-zibata-150727169.html,4500000,"MN 4,500,000",MXN,venta,Casa en condominio,Zibatá,El Marqués,Querétaro,159.0,108.0,Publicado hace 9 días,2026-08-05T22:40:11Z,2026-08-14T15:48:59.432422+00:00,https://www.inmuebles24.com/casas-o-casa-en-condominio-o-departamentos-en-venta-en-queretaro-provincia-ordenado-por-fechaonline-descendente.html-pagina-34.html
https://www.inmuebles24.com/propiedades/clasificado/veclccin-casa-en-venta-en-zibata-con-jardin-terraza-roof-150727296.html,4600000,"MN 4,600,000",MXN,venta,Casa en condominio,Zibatá,El Marqués,Querétaro,,,Publicado hace 9 días,2026-08-05T22:45:59Z,2026-08-14T15:48:59.432422+00:00,https://www.inmuebles24.com/casas-o-casa-en-condominio-o-departamentos-en-venta-en-queretaro-provincia-ordenado-por-fechaonline-descendente.html-pagina-34.html
https://www.inmuebles24.com/propiedades/clasificado/veclccpa-casa-en-venta-villas-de-tejeda-150727447.html,2600000,"MN 2,600,000",MXN,venta,Casa en condominio,Fraccionamiento Villas de Tejeda,Corregidora,Querétaro,133.0,166.0,Publicado hace 9 días,2026-08-05T22:56:17Z,2026-08-14T15:48:59.432422+00:00,https://www.inmuebles24.com/casas-o-casa-en-condominio-o-departamentos-en-venta-en-queretaro-provincia-ordenado-por-fechaonline-descendente.html-pagina-34.html
https://www.inmuebles24.com/propiedades/clasificado/veclccpa-casa-penthouse-en-venta-en-zibata-con-fachada-de-150726073.html,5750000,"MN 5,750,000",MXN,venta,Casa en condominio,Zibatá,El Marqués,Querétaro,305.0,285.0,Publicado hace 9 días,2026-08-05T21:11:18Z,2026-08-14T15:48:59.432422+00:00,https://www.inmuebles24.com/casas-o-casa-en-condominio-o-departamentos-en-venta-en-queretaro-provincia-ordenado-por-fechaonline-descendente.html-pagina-34.html
https://www.inmuebles24.com/propiedades/clasificado/veclapin-departamento-en-venta-en-el-refugio-150727255.html,2845000,"MN 2,845,000",MXN,venta,Apartamento,Residencial El Refugio,Querétaro,Querétaro,83.0,83.0,Publicado hace 9 días,2026-08-05T22:45:54Z,2026-08-14T15:48:59.432422+00:00,https://www.inmuebles24.com/casas-o-casa-en-condominio-o-departamentos-en-venta-en-queretaro-provincia-ordenado-por-fechaonline-descendente.html-pagina-35.html
https://www.inmuebles24.com/propiedades/clasificado/veclapin-departamento-en-venta-en-latitud-victoria-150727275.html,5300000,"MN 5,300,000",MXN,venta,Apartamento,Constituyentes,Querétaro,Querétaro,142.0,142.0,Publicado hace 9 días,2026-08-05T22:45:56Z,2026-08-14T15:48:59.432422+00:00,https://www.inmuebles24.com/casas-o-casa-en-condominio-o-departamentos-en-venta-en-queretaro-provincia-ordenado-por-fechaonline-descendente.html-pagina-35.html
https://www.inmuebles24.com/propiedades/clasificado/veclapin-departamento-en-zire-citadela-150729841.html,2279000,"MN 2,279,000",MXN,venta,Apartamento,Ziré Citadela,El Marqués,Querétaro,66.0,66.0,Publicado hace 9 días,2026-08-06T03:42:56Z,2026-08-14T15:48:59.432422+00:00,https://www.inmuebles24.com/casas-o-casa-en-condominio-o-departamentos-en-venta-en-queretaro-provincia-ordenado-por-fechaonline-descendente.html-pagina-35.html
https://www.inmuebles24.com/propiedades/clasificado/veclapin-departamento-fraccionamiento-zibata-150542284.html,3300000,"MN 3,300,000",MXN,venta,Apartamento,Zibatá,El Marqués,Querétaro,140.0,140.0,Publicado hace 9 días,2026-07-16T15:56:13Z,2026-08-14T15:48:59.432422+00:00,https://www.inmuebles24.com/casas-o-casa-en-condominio-o-departamentos-en-venta-en-queretaro-provincia-ordenado-por-fechaonline-descendente.html-pagina-35.html
https://www.inmuebles24.com/propiedades/clasificado/veclappa-vendo.-bonito-departamento-en-arcangel-2-150724479.html,1250000,"MN 1,250,000",MXN,venta,Apartamento,El ArcAngel,Querétaro,Querétaro,58.0,58.0,Publicado hace 9 días,2026-08-05T19:17:32Z,2026-08-14T15:48:59.432422+00:00,https://www.inmuebles24.com/casas-o-casa-en-condominio-o-departamentos-en-venta-en-queretaro-provincia-ordenado-por-fechaonline-descendente.html-pagina-35.html
https://www.inmuebles24.com/propiedades/clasificado/veclcain-casa-con-recamara-en-pb-en-venta-vista-real-150718503.html,5990000,"MN 5,990,000",MXN,venta,Casa,Fraccionamiento Vista Real,Corregidora,Querétaro,228.0,600.0,Publicado hace 9 días,2026-08-05T06:44:19Z,2026-08-14T15:48:59.432422+00:00,https://www.inmuebles24.com/casas-o-casa-en-condominio-o-departamentos-en-venta-en-queretaro-provincia-ordenado-por-fechaonline-descendente.html-pagina-35.html
https://www.inmuebles24.com/propiedades/clasificado/veclcain-casa-con-recamara-en-planta-baja-en-venta-fuentes-de-150718443.html,1200000,"MN 1,200,000",MXN,venta,Casa,Residencial Hacienda las Trojes,Corregidora,Querétaro,57.0,72.0,Publicado hace 9 días,2026-08-05T06:43:14Z,2026-08-14T15:50:14.204475+00:00,https://www.inmuebles24.com/casas-o-casa-en-condominio-o-departamentos-en-venta-en-queretaro-provincia-ordenado-por-fechaonline-descendente.html-pagina-35.html
https://www.inmuebles24.com/propiedades/clasificado/veclcain-casa-en-fraccionamiento-ciudad-del-sol-150720288.html,1900000,"MN 1,900,000",MXN,venta,Casa,Fraccionamiento Ciudad del Sol,Querétaro,Querétaro,116.0,116.0,Publicado hace 9 días,2026-08-05T16:05:02Z,2026-08-14T15:50:14.204475+00:00,https://www.inmuebles24.com/casas-o-casa-en-condominio-o-departamentos-en-venta-en-queretaro-provincia-ordenado-por-fechaonline-descendente.html-pagina-35.html
https://www.inmuebles24.com/propiedades/clasificado/veclcain-casa-en-venta-en-fraccionamiento-milenio-3a-seccion-150722651.html,6500000,"MN 6,500,000",MXN,venta,Casa,Fraccionamiento Milenio,Querétaro,Querétaro,419.0,172.0,Publicado hace 9 días,2026-08-05T18:10:47Z,2026-08-14T15:50:14.204475+00:00,https://www.inmuebles24.com/casas-o-casa-en-condominio-o-departamentos-en-venta-en-queretaro-provincia-ordenado-por-fechaonline-descendente.html-pagina-35.html
https://www.inmuebles24.com/propiedades/clasificado/veclcain-casa-en-venta-en-jurica-robles-150726640.html,20000000,"MN 20,000,000",MXN,venta,Casa,Jurica,Querétaro,Querétaro,469.0,2000.0,Publicado hace 9 días,2026-08-05T21:50:33Z,2026-08-14T15:50:14.204475+00:00,https://www.inmuebles24.com/casas-o-casa-en-condominio-o-departamentos-en-venta-en-queretaro-provincia-ordenado-por-fechaonline-descendente.html-pagina-35.html
https://www.inmuebles24.com/propiedades/clasificado/veclcain-casa-en-venta-en-queretaro-quintas-del-marques!-150670960.html,9976000,"MN 9,976,000",MXN,venta,Casa,Quintas del Marqués,Querétaro,Querétaro,521.0,521.0,Publicado hace 10 días,2026-07-30T18:28:40Z,2026-08-14T15:50:14.204475+00:00,https://www.inmuebles24.com/casas-o-casa-en-condominio-o-departamentos-en-venta-en-queretaro-provincia-ordenado-por-fechaonline-descendente.html-pagina-35.html
https://www.inmuebles24.com/propiedades/clasificado/veclcain-casa-en-venta-en-queretaro-zona-candiles-150708924.html,2590000,"MN 2,590,000",MXN,venta,Casa,Colinas del Sur,Corregidora,Querétaro,159.0,99.0,Publicado hace 10 días,2026-08-04T16:31:39Z,2026-08-14T15:50:14.204475+00:00,https://www.inmuebles24.com/casas-o-casa-en-condominio-o-departamentos-en-venta-en-queretaro-provincia-ordenado-por-fechaonline-descendente.html-pagina-35.html
https://www.inmuebles24.com/propiedades/clasificado/veclcain-casa-en-zibata-150712687.html,3216000,"MN 3,216,000",MXN,venta,Casa,Zibatá,El Marqués,Querétaro,115.0,105.0,Publicado hace 10 días,2026-08-04T21:15:23Z,2026-08-14T15:50:14.204475+00:00,https://www.inmuebles24.com/casas-o-casa-en-condominio-o-departamentos-en-venta-en-queretaro-provincia-ordenado-por-fechaonline-descendente.html-pagina-35.html
https://www.inmuebles24.com/propiedades/clasificado/veclcain-casa-esperanza-en-venta-en-piramides-150707249.html,3000000,"MN 3,000,000",MXN,venta,Casa,Puerta de Piedra,Corregidora,Querétaro,140.0,96.0,Publicado hace 10 días,2026-08-04T13:00:01Z,2026-08-14T15:50:14.204475+00:00,https://www.inmuebles24.com/casas-o-casa-en-condominio-o-departamentos-en-venta-en-queretaro-provincia-ordenado-por-fechaonline-descendente.html-pagina-35.html
https://www.inmuebles24.com/propiedades/clasificado/veclcain-casa-venta-grand-preserve-juriquilla-150696452.html,3500000,"MN 3,500,000",MXN,venta,Casa,Grand Preserve,Querétaro,Querétaro,157.0,146.0,Publicado hace 10 días,2026-08-03T15:07:11Z,2026-08-14T15:50:14.204475+00:00,https://www.inmuebles24.com/casas-o-casa-en-condominio-o-departamentos-en-venta-en-queretaro-provincia-ordenado-por-fechaonline-descendente.html-pagina-35.html
https://www.inmuebles24.com/propiedades/clasificado/veclcain-espectacular-residencia-de-autor-en-altozano-150726641.html,7090000,"MN 7,090,000",MXN,venta,Casa,Altozano el Nuevo Querétaro,Querétaro,Querétaro,235.0,180.0,Publicado hace 9 días,2026-08-05T21:50:33Z,2026-08-14T15:50:14.204475+00:00,https://www.inmuebles24.com/casas-o-casa-en-condominio-o-departamentos-en-venta-en-queretaro-provincia-ordenado-por-fechaonline-descendente.html-pagina-35.html
https://www.inmuebles24.com/propiedades/clasificado/veclcain-rcv-casa-venta-mision-mariana-150689142.html,2500000,"MN 2,500,000",MXN,venta,Casa,Fraccionamiento Misión Mariana,Corregidora,Querétaro,103.0,96.0,Publicado hace 10 días,2026-08-01T15:14:43Z,2026-08-14T15:51:44.087489+00:00,https://www.inmuebles24.com/casas-o-casa-en-condominio-o-departamentos-en-venta-en-queretaro-provincia-ordenado-por-fechaonline-descendente.html-pagina-35.html
https://www.inmuebles24.com/propiedades/clasificado/veclcapa-casa-de-oportunidad-en-lomas-de-juriquilla-150727043.html,6700000,"MN 6,700,000",MXN,venta,Casa,Lomas de Juriquilla,Querétaro,Querétaro,333.0,250.0,Publicado hace 9 días,2026-08-05T22:27:13Z,2026-08-14T15:51:44.087489+00:00,https://www.inmuebles24.com/casas-o-casa-en-condominio-o-departamentos-en-venta-en-queretaro-provincia-ordenado-por-fechaonline-descendente.html-pagina-35.html
https://www.inmuebles24.com/propiedades/clasificado/veclcapa-venta-de-casa-una-planta-con-opcion-a-crecer-2-pisos-150726967.html,2100000,"MN 2,100,000",MXN,venta,Casa,Jardines de San José,Querétaro,Querétaro,90.0,144.0,Publicado hace 9 días,2026-08-05T22:18:44Z,2026-08-14T15:51:44.087489+00:00,https://www.inmuebles24.com/casas-o-casa-en-condominio-o-departamentos-en-venta-en-queretaro-provincia-ordenado-por-fechaonline-descendente.html-pagina-35.html
https://www.inmuebles24.com/propiedades/clasificado/veclccin-amplia-casa-en-venta-junto-a-el-campanario-3-150722806.html,3800000,"MN 3,800,000",MXN,venta,Casa en condominio,Lomas del Marqués,Querétaro,Querétaro,152.0,127.0,Publicado hace 9 días,2026-08-05T18:14:32Z,2026-08-14T15:51:44.087489+00:00,https://www.inmuebles24.com/casas-o-casa-en-condominio-o-departamentos-en-venta-en-queretaro-provincia-ordenado-por-fechaonline-descendente.html-pagina-35.html
https://www.inmuebles24.com/propiedades/clasificado/veclccin-casa-con-4-recamaras-oficina-roof-garden-y-cuarto-de-150706855.html,6000000,"MN 6,000,000",MXN,venta,Casa en condominio,Juriquilla,Querétaro,Querétaro,356.0,289.0,Publicado hace 10 días,2026-08-04T08:50:49Z,2026-08-14T15:51:44.087489+00:00,https://www.inmuebles24.com/casas-o-casa-en-condominio-o-departamentos-en-venta-en-queretaro-provincia-ordenado-por-fechaonline-descendente.html-pagina-35.html
https://www.inmuebles24.com/propiedades/clasificado/veclccin-casa-en-condominio-en-venta-en-el-refugio-150727259.html,3400000,"MN 3,400,000",MXN,venta,Casa en condominio,Residencial El Refugio,Querétaro,Querétaro,152.0,126.0,Publicado hace 9 días,2026-08-05T22:45:54Z,2026-08-14T15:51:44.087489+00:00,https://www.inmuebles24.com/casas-o-casa-en-condominio-o-departamentos-en-venta-en-queretaro-provincia-ordenado-por-fechaonline-descendente.html-pagina-35.html
https://www.inmuebles24.com/propiedades/clasificado/veclccin-casa-en-condominio-en-venta-en-san-isidro-juriquilla-150727292.html,2750000,"MN 2,750,000",MXN,venta,Casa en condominio,,Querétaro,Querétaro,135.0,110.0,Publicado hace 9 días,2026-08-05T22:45:58Z,2026-08-14T15:51:44.087489+00:00,https://www.inmuebles24.com/casas-o-casa-en-condominio-o-departamentos-en-venta-en-queretaro-provincia-ordenado-por-fechaonline-descendente.html-pagina-35.html
https://www.inmuebles24.com/propiedades/clasificado/veclccin-casa-en-preventa-en-jurica-queretaro-150710070.html,10940000,"MN 10,940,000",MXN,venta,Casa en condominio,Jurica,Querétaro,Querétaro,341.0,311.0,Publicado hace 10 días,2026-08-04T18:13:54Z,2026-08-14T15:51:44.087489+00:00,https://www.inmuebles24.com/casas-o-casa-en-condominio-o-departamentos-en-venta-en-queretaro-provincia-ordenado-por-fechaonline-descendente.html-pagina-35.html
https://www.inmuebles24.com/propiedades/clasificado/veclccin-casa-en-venta-en-condominio-dentro-de-el-refugio-150709913.html,3100000,"MN 3,100,000",MXN,venta,Casa en condominio,Residencial El Refugio,Querétaro,Querétaro,139.0,108.0,Publicado hace 10 días,2026-08-04T17:58:37Z,2026-08-14T15:51:44.087489+00:00,https://www.inmuebles24.com/casas-o-casa-en-condominio-o-departamentos-en-venta-en-queretaro-provincia-ordenado-por-fechaonline-descendente.html-pagina-35.html
https://www.inmuebles24.com/propiedades/clasificado/veclccin-casa-en-venta-en-condominio-dentro-de-el-refugio-150710071.html,3300000,"MN 3,300,000",MXN,venta,Casa en condominio,Residencial El Refugio,Querétaro,Querétaro,139.0,165.0,Publicado hace 10 días,2026-08-04T18:14:11Z,2026-08-14T15:51:44.087489+00:00,https://www.inmuebles24.com/casas-o-casa-en-condominio-o-departamentos-en-venta-en-queretaro-provincia-ordenado-por-fechaonline-descendente.html-pagina-35.html
https://www.inmuebles24.com/propiedades/clasificado/veclccin-casa-en-venta-en-rinconada-alamos-150722652.html,11300000,"MN 11,300,000",MXN,venta,Casa en condominio,Fraccionamiento Rinconada de los Alamos,Querétaro,Querétaro,343.0,446.0,Publicado hace 9 días,2026-08-05T18:10:48Z,2026-08-14T15:53:13.665370+00:00,https://www.inmuebles24.com/casas-o-casa-en-condominio-o-departamentos-en-venta-en-queretaro-provincia-ordenado-por-fechaonline-descendente.html-pagina-35.html
https://www.inmuebles24.com/propiedades/clasificado/veclccin-casa-en-venta-renta-en-arco-de-piedra-150710562.html,11000000,"MN 11,000,000",MXN,venta,Casa en condominio,Fraccionamiento Arco de Piedra,Querétaro,Querétaro,326.0,386.0,Publicado hace 10 días,2026-08-04T18:34:39Z,2026-08-14T15:53:13.665370+00:00,https://www.inmuebles24.com/casas-o-casa-en-condominio-o-departamentos-en-venta-en-queretaro-provincia-ordenado-por-fechaonline-descendente.html-pagina-35.html
https://www.inmuebles24.com/propiedades/clasificado/veclccin-casa-nueva-en-venta-en-altozano-queretaro-150710068.html,17240000,"MN 17,240,000",MXN,venta,Casa en condominio,Altozano el Nuevo Querétaro,Querétaro,Querétaro,424.0,480.0,Publicado hace 10 días,2026-08-04T18:13:36Z,2026-08-14T15:53:13.665370+00:00,https://www.inmuebles24.com/casas-o-casa-en-condominio-o-departamentos-en-venta-en-queretaro-provincia-ordenado-por-fechaonline-descendente.html-pagina-35.html
https://www.inmuebles24.com/propiedades/clasificado/veclccpa-casa-en-esquina-con-area-verde-en-preserve-juriquilla-150699647.html,4000000,"MN 4,000,000",MXN,venta,Casa en condominio,Juriquilla Campestre,Querétaro,Querétaro,184.0,142.0,Publicado hace 10 días,2026-08-03T18:47:15Z,2026-08-14T15:53:13.665370+00:00,https://www.inmuebles24.com/casas-o-casa-en-condominio-o-departamentos-en-venta-en-queretaro-provincia-ordenado-por-fechaonline-descendente.html-pagina-35.html
https://www.inmuebles24.com/propiedades/clasificado/veclapin-cumbres-del-lago-loft-en-venta-espacios-abiertos-y-150715288.html,3394880,"MN 3,394,880",MXN,venta,Apartamento,Juriquilla,Querétaro,Querétaro,100.0,100.0,Publicado hace 10 días,2026-08-05T01:16:19Z,2026-08-14T15:53:13.665370+00:00,https://www.inmuebles24.com/casas-o-casa-en-condominio-o-departamentos-en-venta-en-queretaro-provincia-ordenado-por-fechaonline-descendente.html-pagina-36.html
https://www.inmuebles24.com/propiedades/clasificado/veclapin-departamento-de-2-recamaras-con-opcion-a-cerrar-la-150712984.html,3900000,"MN 3,900,000",MXN,venta,Apartamento,Valle de Juriquilla,Querétaro,Querétaro,139.0,139.0,Publicado hace 10 días,2026-08-04T21:39:46Z,2026-08-14T15:53:13.665370+00:00,https://www.inmuebles24.com/casas-o-casa-en-condominio-o-departamentos-en-venta-en-queretaro-provincia-ordenado-por-fechaonline-descendente.html-pagina-36.html
https://www.inmuebles24.com/propiedades/clasificado/veclapin-departamento-en-venta-en-jurica-150708337.html,8844507,"MN 8,844,507",MXN,venta,Apartamento,Jurica,Querétaro,Querétaro,188.0,188.0,Publicado hace 10 días,2026-08-04T15:45Z,2026-08-14T15:53:13.665370+00:00,https://www.inmuebles24.com/casas-o-casa-en-condominio-o-departamentos-en-venta-en-queretaro-provincia-ordenado-por-fechaonline-descendente.html-pagina-36.html
https://www.inmuebles24.com/propiedades/clasificado/veclapin-departamento-en-venta-en-jurica-150708691.html,11056889,"MN 11,056,889",MXN,venta,Apartamento,Jurica,Querétaro,Querétaro,225.0,225.0,Publicado hace 10 días,2026-08-04T16:24:57Z,2026-08-14T15:53:13.665370+00:00,https://www.inmuebles24.com/casas-o-casa-en-condominio-o-departamentos-en-venta-en-queretaro-provincia-ordenado-por-fechaonline-descendente.html-pagina-36.html
https://www.inmuebles24.com/propiedades/clasificado/veclapin-departamento-queretaro-150709967.html,6500000,"MN 6,500,000",MXN,venta,Apartamento,,Querétaro,Querétaro,164.0,164.0,Publicado hace 10 días,2026-08-04T18:03:34Z,2026-08-14T15:53:13.665370+00:00,https://www.inmuebles24.com/casas-o-casa-en-condominio-o-departamentos-en-venta-en-queretaro-provincia-ordenado-por-fechaonline-descendente.html-pagina-36.html
https://www.inmuebles24.com/propiedades/clasificado/veclapin-departamento-venta-o-renta-en-latitud-victoria-150710529.html,3600000,"MN 3,600,000",MXN,venta,Apartamento,Mercurio,Querétaro,Querétaro,84.0,84.0,Publicado hace 10 días,2026-08-04T18:33:10Z,2026-08-14T15:53:13.665370+00:00,https://www.inmuebles24.com/casas-o-casa-en-condominio-o-departamentos-en-venta-en-queretaro-provincia-ordenado-por-fechaonline-descendente.html-pagina-36.html
https://www.inmuebles24.com/propiedades/clasificado/veclapin-venta-renta-departamento-en-wise-living.-2-150710501.html,4100000,"MN 4,100,000",MXN,venta,Apartamento,Fraccionamiento La Cañada Juriquilla,Querétaro,Querétaro,153.0,153.0,Publicado hace 10 días,2026-08-04T18:31:21Z,2026-08-14T15:54:39.805025+00:00,https://www.inmuebles24.com/casas-o-casa-en-condominio-o-departamentos-en-venta-en-queretaro-provincia-ordenado-por-fechaonline-descendente.html-pagina-36.html
https://www.inmuebles24.com/propiedades/clasificado/veclapin-zaru-departamento-en-venta-roof-garden-privado-y-150715404.html,3282000,"MN 3,282,000",MXN,venta,Apartamento,Fraccionamiento Zarú,El Marqués,Querétaro,114.0,114.0,Publicado hace 10 días,2026-08-05T01:19:10Z,2026-08-14T15:54:39.805025+00:00,https://www.inmuebles24.com/casas-o-casa-en-condominio-o-departamentos-en-venta-en-queretaro-provincia-ordenado-por-fechaonline-descendente.html-pagina-36.html
https://www.inmuebles24.com/propiedades/clasificado/veclcain-arboledas-del-parque-en-venta-en-privada-con-150709554.html,5400000,"MN 5,400,000",MXN,venta,Casa,Arboledas,Querétaro,Querétaro,287.0,189.0,Publicado hace 10 días,2026-08-04T17:29:46Z,2026-08-14T15:54:39.805025+00:00,https://www.inmuebles24.com/casas-o-casa-en-condominio-o-departamentos-en-venta-en-queretaro-provincia-ordenado-por-fechaonline-descendente.html-pagina-36.html
https://www.inmuebles24.com/propiedades/clasificado/veclcain-casa-adil-real-solare-el-marques-150705379.html,1750000,"MN 1,750,000",MXN,venta,Casa,Real Solare,El Marqués,Querétaro,108.0,62.0,Publicado hace 10 días,2026-08-04T01:52:20Z,2026-08-14T15:54:39.805025+00:00,https://www.inmuebles24.com/casas-o-casa-en-condominio-o-departamentos-en-venta-en-queretaro-provincia-ordenado-por-fechaonline-descendente.html-pagina-36.html
https://www.inmuebles24.com/propiedades/clasificado/veclcain-casa-agata-en-venta-en-zakia-150713137.html,2485000,"MN 2,485,000",MXN,venta,Casa,Zákia,El Marqués,Querétaro,112.0,108.0,Publicado hace 10 días,2026-08-04T21:50:33Z,2026-08-14T15:54:39.805025+00:00,https://www.inmuebles24.com/casas-o-casa-en-condominio-o-departamentos-en-venta-en-queretaro-provincia-ordenado-por-fechaonline-descendente.html-pagina-36.html
https://www.inmuebles24.com/propiedades/clasificado/veclcain-casa-en-preventa-en-lagos-lomas-del-campanario-150710066.html,17650000,"MN 17,650,000",MXN,venta,Casa,Lomas del Campanario I,Querétaro,Querétaro,391.0,320.0,Publicado hace 10 días,2026-08-04T18:13:20Z,2026-08-14T15:54:39.805025+00:00,https://www.inmuebles24.com/casas-o-casa-en-condominio-o-departamentos-en-venta-en-queretaro-provincia-ordenado-por-fechaonline-descendente.html-pagina-36.html
https://www.inmuebles24.com/propiedades/clasificado/veclcain-casa-en-venta-en-fraccionamiento-cumbres-del-lago-150706503.html,6200000,"MN 6,200,000",MXN,venta,Casa,Juriquilla,Querétaro,Querétaro,233.0,276.0,Publicado hace 10 días,2026-08-04T06:03:16Z,2026-08-14T15:54:39.805025+00:00,https://www.inmuebles24.com/casas-o-casa-en-condominio-o-departamentos-en-venta-en-queretaro-provincia-ordenado-por-fechaonline-descendente.html-pagina-36.html
https://www.inmuebles24.com/propiedades/clasificado/veclcain-casa-en-venta-en-mision-conca-150709411.html,8000000,"MN 8,000,000",MXN,venta,Casa,Fraccionamiento Misión de Concá,Querétaro,Querétaro,207.0,319.0,Publicado hace 10 días,2026-08-04T17:15:58Z,2026-08-14T15:54:39.805025+00:00,https://www.inmuebles24.com/casas-o-casa-en-condominio-o-departamentos-en-venta-en-queretaro-provincia-ordenado-por-fechaonline-descendente.html-pagina-36.html
https://www.inmuebles24.com/propiedades/clasificado/veclcain-casa-en-venta-en-valle-de-juriquilla-3-recamaras-150714272.html,3599000,"MN 3,599,000",MXN,venta,Casa,Valle de Juriquilla,Querétaro,Querétaro,165.0,128.0,Publicado hace 10 días,2026-08-04T23:39:22Z,2026-08-14T15:54:39.805025+00:00,https://www.inmuebles24.com/casas-o-casa-en-condominio-o-departamentos-en-venta-en-queretaro-provincia-ordenado-por-fechaonline-descendente.html-pagina-36.html
https://www.inmuebles24.com/propiedades/clasificado/veclcain-casa-en-venta-en-zakia-para-inversion-150710064.html,4800000,"MN 4,800,000",MXN,venta,Casa,Zákia,El Marqués,Querétaro,252.0,140.0,Publicado hace 10 días,2026-08-04T18:13:02Z,2026-08-14T15:54:39.805025+00:00,https://www.inmuebles24.com/casas-o-casa-en-condominio-o-departamentos-en-venta-en-queretaro-provincia-ordenado-por-fechaonline-descendente.html-pagina-36.html
https://www.inmuebles24.com/propiedades/clasificado/veclcain-casa-en-venta-san-javier-150257078.html,5400000,"MN 5,400,000",MXN,venta,Casa,San Javier,Querétaro,Querétaro,270.0,208.0,Publicado hace 10 días,2026-06-19T19:03:12Z,2026-08-14T15:56:16.911777+00:00,https://www.inmuebles24.com/casas-o-casa-en-condominio-o-departamentos-en-venta-en-queretaro-provincia-ordenado-por-fechaonline-descendente.html-pagina-36.html
https://www.inmuebles24.com/propiedades/clasificado/veclcain-casa-nueva-en-venta-en-el-refugio-queretaro-150710086.html,5100000,"MN 5,100,000",MXN,venta,Casa,Residencial El Refugio,Querétaro,Querétaro,250.0,135.0,Publicado hace 10 días,2026-08-04T18:14:29Z,2026-08-14T15:56:16.911777+00:00,https://www.inmuebles24.com/casas-o-casa-en-condominio-o-departamentos-en-venta-en-queretaro-provincia-ordenado-por-fechaonline-descendente.html-pagina-36.html
https://www.inmuebles24.com/propiedades/clasificado/veclcain-casa-venta-palmas-jurica-privada-3-rec-3-bano-jardin-150707594.html,3000000,"MN 3,000,000",MXN,venta,Casa,Fraccionamiento Palmares,Querétaro,Querétaro,135.0,205.0,Publicado hace 10 días,2026-08-04T14:40:14Z,2026-08-14T15:56:16.911777+00:00,https://www.inmuebles24.com/casas-o-casa-en-condominio-o-departamentos-en-venta-en-queretaro-provincia-ordenado-por-fechaonline-descendente.html-pagina-36.html
https://www.inmuebles24.com/propiedades/clasificado/veclcain-casas-en-venta-independientes-con-recamaras-en-planta-150707772.html,6250000,"MN 6,250,000",MXN,venta,Casa,Jurica,Querétaro,Querétaro,318.0,525.0,Publicado hace 10 días,2026-08-04T15:15:44Z,2026-08-14T15:56:16.911777+00:00,https://www.inmuebles24.com/casas-o-casa-en-condominio-o-departamentos-en-venta-en-queretaro-provincia-ordenado-por-fechaonline-descendente.html-pagina-36.html
https://www.inmuebles24.com/propiedades/clasificado/veclcain-los-heroes-hacienda-las-espuelas.-150707751.html,890000,"MN 890,000",MXN,venta,Casa,Los Héroes,El Marqués,Querétaro,43.0,100.0,Publicado hace 10 días,2026-08-04T15:13:19Z,2026-08-14T15:56:16.911777+00:00,https://www.inmuebles24.com/casas-o-casa-en-condominio-o-departamentos-en-venta-en-queretaro-provincia-ordenado-por-fechaonline-descendente.html-pagina-36.html
https://www.inmuebles24.com/propiedades/clasificado/veclcain-oportunidad-casa-en-venta-arboledas-3-rec-pb-3-banos-2-150709114.html,4450000,"MN 4,450,000",MXN,venta,Casa,Arboledas,Querétaro,Querétaro,258.0,192.0,Publicado hace 10 días,2026-08-04T16:51:02Z,2026-08-14T15:56:16.911777+00:00,https://www.inmuebles24.com/casas-o-casa-en-condominio-o-departamentos-en-venta-en-queretaro-provincia-ordenado-por-fechaonline-descendente.html-pagina-36.html
https://www.inmuebles24.com/propiedades/clasificado/veclcain-venta-casa-palmas-jurica-privada-3-rec-3-bano-jardin-150707528.html,3000000,"MN 3,000,000",MXN,venta,Casa,Fraccionamiento Palmares,Querétaro,Querétaro,135.0,205.0,Publicado hace 10 días,2026-08-04T14:32:55Z,2026-08-14T15:56:16.911777+00:00,https://www.inmuebles24.com/casas-o-casa-en-condominio-o-departamentos-en-venta-en-queretaro-provincia-ordenado-por-fechaonline-descendente.html-pagina-36.html
https://www.inmuebles24.com/propiedades/clasificado/veclccin-casa-en-venta-el-refugio-queretaro-travertino-150709699.html,2800000,"MN 2,800,000",MXN,venta,Casa en condominio,Residencial El Refugio,Querétaro,Querétaro,121.0,164.0,Publicado hace 10 días,2026-08-04T17:40:58Z,2026-08-14T15:56:16.911777+00:00,https://www.inmuebles24.com/casas-o-casa-en-condominio-o-departamentos-en-venta-en-queretaro-provincia-ordenado-por-fechaonline-descendente.html-pagina-36.html
https://www.inmuebles24.com/propiedades/clasificado/veclccin-casa-en-venta-en-zibata-4-recamaras-cuarto-de-150709380.html,10800000,"MN 10,800,000",MXN,venta,Casa en condominio,Zibatá,El Marqués,Querétaro,550.0,299.0,Publicado hace 10 días,2026-08-04T17:13:57Z,2026-08-14T15:56:16.911777+00:00,https://www.inmuebles24.com/casas-o-casa-en-condominio-o-departamentos-en-venta-en-queretaro-provincia-ordenado-por-fechaonline-descendente.html-pagina-36.html
https://www.inmuebles24.com/propiedades/clasificado/veclccin-casa-en-venta-milenio-iii-home-coto-club-150714135.html,6850000,"MN 6,850,000",MXN,venta,Casa en condominio,Milenio III,Querétaro,Querétaro,280.0,186.0,Publicado hace 10 días,2026-08-04T23:29:45Z,2026-08-14T15:56:16.911777+00:00,https://www.inmuebles24.com/casas-o-casa-en-condominio-o-departamentos-en-venta-en-queretaro-provincia-ordenado-por-fechaonline-descendente.html-pagina-36.html
https://www.inmuebles24.com/propiedades/clasificado/veclccin-casa-en-venta-turquesa-zibata-el-marques-queretaro-150707979.html,5800000,"MN 5,800,000",MXN,venta,Casa en condominio,Zibatá,El Marqués,Querétaro,242.0,185.0,Publicado hace 10 días,2026-08-04T15:31:06Z,2026-08-14T15:57:42.135727+00:00,https://www.inmuebles24.com/casas-o-casa-en-condominio-o-departamentos-en-venta-en-queretaro-provincia-ordenado-por-fechaonline-descendente.html-pagina-36.html
https://www.inmuebles24.com/propiedades/clasificado/veclccin-nuevo-refugio-preventa-casas-de-2-y-3-habitaciones-150709551.html,3373446,"MN 3,373,446",MXN,venta,Casa en condominio,Nuevo Refugio,Querétaro,Querétaro,121.0,126.0,Publicado hace 10 días,2026-08-04T17:29:27Z,2026-08-14T15:57:42.135727+00:00,https://www.inmuebles24.com/casas-o-casa-en-condominio-o-departamentos-en-venta-en-queretaro-provincia-ordenado-por-fechaonline-descendente.html-pagina-36.html
https://www.inmuebles24.com/propiedades/clasificado/veclccin-venta-casa-cumbres-del-lago-juriquilla-en-esquina-150712992.html,9000000,"MN 9,000,000",MXN,venta,Casa en condominio,Fraccionamiento Cumbres del Lago,Querétaro,Querétaro,278.0,380.0,Publicado hace 10 días,2026-08-04T21:40:14Z,2026-08-14T15:57:42.135727+00:00,https://www.inmuebles24.com/casas-o-casa-en-condominio-o-departamentos-en-venta-en-queretaro-provincia-ordenado-por-fechaonline-descendente.html-pagina-36.html
https://www.inmuebles24.com/propiedades/clasificado/veclccin-venta-zibata-casa-con-roof-garden-muy-cerca-de-la-150709550.html,4300000,"MN 4,300,000",MXN,venta,Casa en condominio,Zibatá,El Marqués,Querétaro,200.0,144.0,Publicado hace 10 días,2026-08-04T17:29:07Z,2026-08-14T15:57:42.135727+00:00,https://www.inmuebles24.com/casas-o-casa-en-condominio-o-departamentos-en-venta-en-queretaro-provincia-ordenado-por-fechaonline-descendente.html-pagina-36.html
https://www.inmuebles24.com/propiedades/clasificado/veclapin-departamento-en-venta-en-jurica-sophia-distrito-150709375.html,4367536,"MN 4,367,536",MXN,venta,Apartamento,Jurica,Querétaro,Querétaro,94.0,94.0,Publicado hace 10 días,2026-08-04T17:13:40Z,2026-08-14T15:57:42.135727+00:00,https://www.inmuebles24.com/casas-o-casa-en-condominio-o-departamentos-en-venta-en-queretaro-provincia-ordenado-por-fechaonline-descendente.html-pagina-37.html
https://www.inmuebles24.com/propiedades/clasificado/veclapin-departamento-en-venta-en-sierra-residencial-planta-150715101.html,3975000,"MN 3,975,000",MXN,venta,Apartamento,,Querétaro,Querétaro,135.0,135.0,Publicado hace 10 días,2026-08-05T00:56:28Z,2026-08-14T15:57:42.135727+00:00,https://www.inmuebles24.com/casas-o-casa-en-condominio-o-departamentos-en-venta-en-queretaro-provincia-ordenado-por-fechaonline-descendente.html-pagina-37.html
https://www.inmuebles24.com/propiedades/clasificado/veclapin-fray-junipero-loft-en-venta-desarrollo-sustentable-150714587.html,3233313,"MN 3,233,313",MXN,venta,Apartamento,Fray Junípero Serra,Querétaro,Querétaro,58.0,58.0,Publicado hace 10 días,2026-08-05T00:08:03Z,2026-08-14T15:57:42.135727+00:00,https://www.inmuebles24.com/casas-o-casa-en-condominio-o-departamentos-en-venta-en-queretaro-provincia-ordenado-por-fechaonline-descendente.html-pagina-37.html
https://www.inmuebles24.com/propiedades/clasificado/veclapin-venta-de-departamento-en-queretaro-residencial-el-150710971.html,550000,"MN 550,000",MXN,venta,Apartamento,Residencial El Refugio,Querétaro,Querétaro,90.0,90.0,Publicado hace 10 días,2026-08-04T19:03:29Z,2026-08-14T15:57:42.135727+00:00,https://www.inmuebles24.com/casas-o-casa-en-condominio-o-departamentos-en-venta-en-queretaro-provincia-ordenado-por-fechaonline-descendente.html-pagina-37.html
https://www.inmuebles24.com/propiedades/clasificado/veclapin-zaru-departamento-en-preventa-con-roof-garden-150715546.html,3282000,"MN 3,282,000",MXN,venta,Apartamento,Fraccionamiento Zarú,El Marqués,Querétaro,114.0,114.0,Publicado hace 10 días,2026-08-05T01:29:36Z,2026-08-14T15:57:42.135727+00:00,https://www.inmuebles24.com/casas-o-casa-en-condominio-o-departamentos-en-venta-en-queretaro-provincia-ordenado-por-fechaonline-descendente.html-pagina-37.html
https://www.inmuebles24.com/propiedades/clasificado/veclapin-zibata-departamento-premium-en-venta-vista-150714729.html,5170000,"MN 5,170,000",MXN,venta,Apartamento,Zibatá,El Marqués,Querétaro,133.0,133.0,Publicado hace 10 días,2026-08-05T00:25:07Z,2026-08-14T15:57:42.135727+00:00,https://www.inmuebles24.com/casas-o-casa-en-condominio-o-departamentos-en-venta-en-queretaro-provincia-ordenado-por-fechaonline-descendente.html-pagina-37.html
https://www.inmuebles24.com/propiedades/clasificado/veclapin-zizana-vendo-amplio-departamento-con-roof-3-recamaras-150712137.html,2575000,"MN 2,575,000",MXN,venta,Apartamento,Fraccionamiento Zizana,El Marqués,Querétaro,145.0,145.0,Publicado hace 10 días,2026-08-04T20:29:27Z,2026-08-14T15:59:16.403352+00:00,https://www.inmuebles24.com/casas-o-casa-en-condominio-o-departamentos-en-venta-en-queretaro-provincia-ordenado-por-fechaonline-descendente.html-pagina-37.html
https://www.inmuebles24.com/propiedades/clasificado/veclcain-arboledas-del-parque-calle-publica-vendo-amplia-casa-150712867.html,7800000,"MN 7,800,000",MXN,venta,Casa,,Querétaro,Querétaro,343.0,240.0,Publicado hace 10 días,2026-08-04T21:28:33Z,2026-08-14T15:59:16.403352+00:00,https://www.inmuebles24.com/casas-o-casa-en-condominio-o-departamentos-en-venta-en-queretaro-provincia-ordenado-por-fechaonline-descendente.html-pagina-37.html
https://www.inmuebles24.com/propiedades/clasificado/veclcain-casa-en-venta-balvanera-polo-country-club-150712646.html,11000000,"MN 11,000,000",MXN,venta,Casa,Club de golf Balvanera Polo y Country Club,Corregidora,Querétaro,340.0,587.0,Publicado hace 10 días,2026-08-04T21:11:02Z,2026-08-14T15:59:16.403352+00:00,https://www.inmuebles24.com/casas-o-casa-en-condominio-o-departamentos-en-venta-en-queretaro-provincia-ordenado-por-fechaonline-descendente.html-pagina-37.html
https://www.inmuebles24.com/propiedades/clasificado/veclcain-casa-en-venta-en-colinas-del-parque-150706483.html,22000000,"MN 22,000,000",MXN,venta,Casa,Colinas del Parque,Querétaro,Querétaro,1000.0,1050.0,Publicado hace 10 días,2026-08-04T06:02:28Z,2026-08-14T15:59:16.403352+00:00,https://www.inmuebles24.com/casas-o-casa-en-condominio-o-departamentos-en-venta-en-queretaro-provincia-ordenado-por-fechaonline-descendente.html-pagina-37.html
https://www.inmuebles24.com/propiedades/clasificado/veclcain-casa-en-venta-en-el-cimatario-3-recamaras-y-sala-de-150715503.html,3700000,"MN 3,700,000",MXN,venta,Casa,,Querétaro,Querétaro,169.0,250.0,Publicado hace 10 días,2026-08-05T01:25:39Z,2026-08-14T15:59:16.403352+00:00,https://www.inmuebles24.com/casas-o-casa-en-condominio-o-departamentos-en-venta-en-queretaro-provincia-ordenado-por-fechaonline-descendente.html-pagina-37.html
https://www.inmuebles24.com/propiedades/clasificado/veclcain-casa-en-venta-en-zakia-3-recamaras-y-amenidades-150714491.html,2840000,"MN 2,840,000",MXN,venta,Casa,Zákia,El Marqués,Querétaro,103.0,100.0,Publicado hace 10 días,2026-08-04T23:57:17Z,2026-08-14T15:59:16.403352+00:00,https://www.inmuebles24.com/casas-o-casa-en-condominio-o-departamentos-en-venta-en-queretaro-provincia-ordenado-por-fechaonline-descendente.html-pagina-37.html
https://www.inmuebles24.com/propiedades/clasificado/veclcain-casa-en-venta-en-zen-life-cerca-de-escuelas-y-150714547.html,2530000,"MN 2,530,000",MXN,venta,Casa,,El Marqués,Querétaro,107.0,102.0,Publicado hace 10 días,2026-08-05T00:02:48Z,2026-08-14T15:59:16.403352+00:00,https://www.inmuebles24.com/casas-o-casa-en-condominio-o-departamentos-en-venta-en-queretaro-provincia-ordenado-por-fechaonline-descendente.html-pagina-37.html
https://www.inmuebles24.com/propiedades/clasificado/veclcain-casa-en-venta-en-zen-life-diseno-moderno-y-150715697.html,2375000,"MN 2,375,000",MXN,venta,Casa,,El Marqués,Querétaro,92.0,102.0,Publicado hace 10 días,2026-08-05T01:38:36Z,2026-08-14T15:59:16.403352+00:00,https://www.inmuebles24.com/casas-o-casa-en-condominio-o-departamentos-en-venta-en-queretaro-provincia-ordenado-por-fechaonline-descendente.html-pagina-37.html
https://www.inmuebles24.com/propiedades/clasificado/veclcain-casa-en-venta-en-zen-life-moderna-y-con-excelente-150714403.html,2375000,"MN 2,375,000",MXN,venta,Casa,,El Marqués,Querétaro,92.0,102.0,Publicado hace 10 días,2026-08-04T23:49:38Z,2026-08-14T15:59:16.403352+00:00,https://www.inmuebles24.com/casas-o-casa-en-condominio-o-departamentos-en-venta-en-queretaro-provincia-ordenado-por-fechaonline-descendente.html-pagina-37.html
https://www.inmuebles24.com/propiedades/clasificado/veclcain-cumbres-del-lago-vendo-amplia-casa-343-m-sup2-150713239.html,5500000,"MN 5,500,000",MXN,venta,Casa,Juriquilla,Querétaro,Querétaro,343.0,300.0,Publicado hace 10 días,2026-08-04T22:02:26Z,2026-08-14T15:59:16.403352+00:00,https://www.inmuebles24.com/casas-o-casa-en-condominio-o-departamentos-en-venta-en-queretaro-provincia-ordenado-por-fechaonline-descendente.html-pagina-37.html
https://www.inmuebles24.com/propiedades/clasificado/veclcain-cumbres-del-lago-vendo-moderna-casa-4-recamaras-5-150714352.html,6500000,"MN 6,500,000",MXN,venta,Casa,Juriquilla,Querétaro,Querétaro,364.0,270.0,Publicado hace 10 días,2026-08-04T23:45:40Z,2026-08-14T16:00:45.822018+00:00,https://www.inmuebles24.com/casas-o-casa-en-condominio-o-departamentos-en-venta-en-queretaro-provincia-ordenado-por-fechaonline-descendente.html-pagina-37.html
https://www.inmuebles24.com/propiedades/clasificado/veclcain-departamento-duplex-en-venta-en-zakia-queretaro-184-150714879.html,3699000,"MN 3,699,000",MXN,venta,Casa,Zákia,El Marqués,Querétaro,184.0,184.0,Publicado hace 10 días,2026-08-05T00:36:07Z,2026-08-14T16:00:45.822018+00:00,https://www.inmuebles24.com/casas-o-casa-en-condominio-o-departamentos-en-venta-en-queretaro-provincia-ordenado-por-fechaonline-descendente.html-pagina-37.html
https://www.inmuebles24.com/propiedades/clasificado/veclcain-edificio-en-venta-en-hercules-sobre-av-principal-150709323.html,9000000,"MN 9,000,000",MXN,venta,Casa,Hércules,Querétaro,Querétaro,500.0,284.0,Publicado hace 10 días,2026-08-04T17:10:03Z,2026-08-14T16:00:45.822018+00:00,https://www.inmuebles24.com/casas-o-casa-en-condominio-o-departamentos-en-venta-en-queretaro-provincia-ordenado-por-fechaonline-descendente.html-pagina-37.html
https://www.inmuebles24.com/propiedades/clasificado/veclcain-el-marques-casa-en-venta-cerca-de-universidades-y-150714453.html,2370000,"MN 2,370,000",MXN,venta,Casa,,El Marqués,Querétaro,93.0,100.0,Publicado hace 10 días,2026-08-04T23:53:45Z,2026-08-14T16:00:45.822018+00:00,https://www.inmuebles24.com/casas-o-casa-en-condominio-o-departamentos-en-venta-en-queretaro-provincia-ordenado-por-fechaonline-descendente.html-pagina-37.html
https://www.inmuebles24.com/propiedades/clasificado/veclcain-queretaro-casa-venta-palmas-privada-3-rec-3-banos-2-150707550.html,3000000,"MN 3,000,000",MXN,venta,Casa,,Querétaro,Querétaro,135.0,205.0,Publicado hace 10 días,2026-08-04T14:36:33Z,2026-08-14T16:00:45.822018+00:00,https://www.inmuebles24.com/casas-o-casa-en-condominio-o-departamentos-en-venta-en-queretaro-provincia-ordenado-por-fechaonline-descendente.html-pagina-37.html
https://www.inmuebles24.com/propiedades/clasificado/veclcain-venta-casa-de-una-planta-con-2-recamaras-desarrollo-150715835.html,2999999,"MN 2,999,999",MXN,venta,Casa,Desarrollo San Pablo,Querétaro,Querétaro,104.0,170.0,Publicado hace 10 días,2026-08-05T02:01:08Z,2026-08-14T16:00:45.822018+00:00,https://www.inmuebles24.com/casas-o-casa-en-condominio-o-departamentos-en-venta-en-queretaro-provincia-ordenado-por-fechaonline-descendente.html-pagina-37.html
https://www.inmuebles24.com/propiedades/clasificado/veclcain-venta-casa-en-villas-del-marques-150462559.html,2897000,"MN 2,897,000",MXN,venta,Casa,Ciudad Villa del Marqués,El Marqués,Querétaro,128.0,164.0,Publicado hace 10 días,2026-07-07T21:13:36Z,2026-08-14T16:00:45.822018+00:00,https://www.inmuebles24.com/casas-o-casa-en-condominio-o-departamentos-en-venta-en-queretaro-provincia-ordenado-por-fechaonline-descendente.html-pagina-37.html
https://www.inmuebles24.com/propiedades/clasificado/veclcain-venta-casa-en-zibata-3-recamaras-3-banos-amplio-jardin-150709455.html,3449000,"MN 3,449,000",MXN,venta,Casa,Zibatá,El Marqués,Querétaro,179.0,152.0,Publicado hace 10 días,2026-08-04T17:20:14Z,2026-08-14T16:00:45.822018+00:00,https://www.inmuebles24.com/casas-o-casa-en-condominio-o-departamentos-en-venta-en-queretaro-provincia-ordenado-por-fechaonline-descendente.html-pagina-37.html
https://www.inmuebles24.com/propiedades/clasificado/veclcain-venta-de-casa-en-san-juan-del-rio-barrio-de-san-isidro-150712243.html,573000,"MN 573,000",MXN,venta,Casa,Barrio San Isidro,San Juan del Río,Querétaro,105.0,100.0,Publicado hace 10 días,2026-08-04T20:37:12Z,2026-08-14T16:00:45.822018+00:00,https://www.inmuebles24.com/casas-o-casa-en-condominio-o-departamentos-en-venta-en-queretaro-provincia-ordenado-por-fechaonline-descendente.html-pagina-37.html
https://www.inmuebles24.com/propiedades/clasificado/veclccin-casa-en-condominio-en-venta-juriquilla-queretaro-150711654.html,3200000,"MN 3,200,000",MXN,venta,Casa en condominio,Juriquilla,Querétaro,Querétaro,128.0,108.0,Publicado hace 10 días,2026-08-04T19:58:30Z,2026-08-14T16:00:45.822018+00:00,https://www.inmuebles24.com/casas-o-casa-en-condominio-o-departamentos-en-venta-en-queretaro-provincia-ordenado-por-fechaonline-descendente.html-pagina-37.html
https://www.inmuebles24.com/propiedades/clasificado/veclccin-casa-en-condominio-en-venta-juriquilla-queretaro-150711656.html,3000000,"MN 3,000,000",MXN,venta,Casa en condominio,Juriquilla,Querétaro,Querétaro,126.0,108.0,Publicado hace 10 días,2026-08-04T19:58:47Z,2026-08-14T16:01:55.344491+00:00,https://www.inmuebles24.com/casas-o-casa-en-condominio-o-departamentos-en-venta-en-queretaro-provincia-ordenado-por-fechaonline-descendente.html-pagina-37.html
https://www.inmuebles24.com/propiedades/clasificado/veclccin-el-mirador-casa-en-venta-en-condominio-2-150709556.html,2890000,"MN 2,890,000",MXN,venta,Casa en condominio,Fraccionamiento El Mirador,El Marqués,Querétaro,122.0,150.0,Publicado hace 10 días,2026-08-04T17:30:04Z,2026-08-14T16:01:55.344491+00:00,https://www.inmuebles24.com/casas-o-casa-en-condominio-o-departamentos-en-venta-en-queretaro-provincia-ordenado-por-fechaonline-descendente.html-pagina-37.html
https://www.inmuebles24.com/propiedades/clasificado/veclccin-la-vista-residencial:-casa-en-condominio-en-venta-en-150706464.html,3950000,"MN 3,950,000",MXN,venta,Casa en condominio,La Vista Residencial,Querétaro,Querétaro,166.0,180.0,Publicado hace 10 días,2026-08-04T06:02:08Z,2026-08-14T16:01:55.344491+00:00,https://www.inmuebles24.com/casas-o-casa-en-condominio-o-departamentos-en-venta-en-queretaro-provincia-ordenado-por-fechaonline-descendente.html-pagina-37.html
https://www.inmuebles24.com/propiedades/clasificado/veclccin-vista-lago:-casa-en-condominio-en-venta-en-juriquilla-150706473.html,20000000,"MN 20,000,000",MXN,venta,Casa en condominio,Juriquilla,Querétaro,Querétaro,500.0,618.0,Publicado hace 10 días,2026-08-04T06:02:10Z,2026-08-14T16:01:55.344491+00:00,https://www.inmuebles24.com/casas-o-casa-en-condominio-o-departamentos-en-venta-en-queretaro-provincia-ordenado-por-fechaonline-descendente.html-pagina-37.html
https://www.inmuebles24.com/propiedades/clasificado/veclapin-departamento-en-fraccionamiento-villas-del-refugio-150715091.html,1150000,"MN 1,150,000",MXN,venta,Apartamento,Villas del Refugio,El Marqués,Querétaro,55.0,60.0,Publicado hace 10 días,2026-08-05T00:56:01Z,2026-08-14T16:01:55.344491+00:00,https://www.inmuebles24.com/casas-o-casa-en-condominio-o-departamentos-en-venta-en-queretaro-provincia-ordenado-por-fechaonline-descendente.html-pagina-38.html
https://www.inmuebles24.com/propiedades/clasificado/veclapin-departamento-en-renta-y-venta-en-zona-mira-diamante-150710602.html,5600000,"MN 5,600,000",MXN,venta,Apartamento,Balcones Coloniales,Querétaro,Querétaro,172.0,172.0,Publicado hace 10 días,2026-08-04T18:36:36Z,2026-08-14T16:01:55.344491+00:00,https://www.inmuebles24.com/casas-o-casa-en-condominio-o-departamentos-en-venta-en-queretaro-provincia-ordenado-por-fechaonline-descendente.html-pagina-38.html
https://www.inmuebles24.com/propiedades/clasificado/veclapin-departamento-en-venta-en-verandha-queretaro-150711094.html,3300000,"MN 3,300,000",MXN,venta,Apartamento,,Querétaro,Querétaro,94.0,94.0,Publicado hace 10 días,2026-08-04T19:10:54Z,2026-08-14T16:01:55.344491+00:00,https://www.inmuebles24.com/casas-o-casa-en-condominio-o-departamentos-en-venta-en-queretaro-provincia-ordenado-por-fechaonline-descendente.html-pagina-38.html
https://www.inmuebles24.com/propiedades/clasificado/veclapin-departamento-en-venta-en-zibata-alberca-y-cancha-de-150714656.html,2010000,"MN 2,010,000",MXN,venta,Apartamento,Zibatá,El Marqués,Querétaro,66.0,66.0,Publicado hace 10 días,2026-08-05T00:17:18Z,2026-08-14T16:01:55.344491+00:00,https://www.inmuebles24.com/casas-o-casa-en-condominio-o-departamentos-en-venta-en-queretaro-provincia-ordenado-por-fechaonline-descendente.html-pagina-38.html
https://www.inmuebles24.com/propiedades/clasificado/veclapin-departamento-recien-remodelado-en-venta-150706001.html,1050000,"MN 1,050,000",MXN,venta,Apartamento,Los Encinos,El Marqués,Querétaro,51.0,51.0,Publicado hace 10 días,2026-08-04T03:59:27Z,2026-08-14T16:01:55.344491+00:00,https://www.inmuebles24.com/casas-o-casa-en-condominio-o-departamentos-en-venta-en-queretaro-provincia-ordenado-por-fechaonline-descendente.html-pagina-38.html
https://www.inmuebles24.com/propiedades/clasificado/veclcain-bonitas-casas-en-preventa-2-recam-2.5-banos-terr-150715850.html,1500000,"MN 1,500,000",MXN,venta,Casa,Rancho o rancheria Tlacote El Bajo,Querétaro,Querétaro,70.0,70.0,Publicado hace 10 días,2026-08-05T02:02:46Z,2026-08-14T16:01:55.344491+00:00,https://www.inmuebles24.com/casas-o-casa-en-condominio-o-departamentos-en-venta-en-queretaro-provincia-ordenado-por-fechaonline-descendente.html-pagina-38.html
https://www.inmuebles24.com/propiedades/clasificado/veclcain-casa-de-180-m-sup2--con-3-recamaras-en-venta-en-grand-150712591.html,500000,"MN 500,000",MXN,venta,Casa,Juriquilla,Querétaro,Querétaro,250.0,180.0,Publicado hace 10 días,2026-08-04T21:04:49Z,2026-08-14T16:03:26.675733+00:00,https://www.inmuebles24.com/casas-o-casa-en-condominio-o-departamentos-en-venta-en-queretaro-provincia-ordenado-por-fechaonline-descendente.html-pagina-38.html
https://www.inmuebles24.com/propiedades/clasificado/veclcain-casa-en-venta-con-jardin-de-90-m-sup2--y-vistas-al-150714489.html,4850000,"MN 4,850,000",MXN,venta,Casa,Zibatá,El Marqués,Querétaro,175.0,200.0,Publicado hace 10 días,2026-08-04T23:57:09Z,2026-08-14T16:03:26.675733+00:00,https://www.inmuebles24.com/casas-o-casa-en-condominio-o-departamentos-en-venta-en-queretaro-provincia-ordenado-por-fechaonline-descendente.html-pagina-38.html
https://www.inmuebles24.com/propiedades/clasificado/veclcain-casa-en-venta-en-fraccionamiento-cumbres-del-lago-150706506.html,8000000,"MN 8,000,000",MXN,venta,Casa,Juriquilla,Querétaro,Querétaro,412.0,290.0,Publicado hace 10 días,2026-08-04T06:03:21Z,2026-08-14T16:03:26.675733+00:00,https://www.inmuebles24.com/casas-o-casa-en-condominio-o-departamentos-en-venta-en-queretaro-provincia-ordenado-por-fechaonline-descendente.html-pagina-38.html
https://www.inmuebles24.com/propiedades/clasificado/veclcain-casa-en-venta-en-gran-reserva-preserve-para-150709336.html,4150000,"MN 4,150,000",MXN,venta,Casa,Juriquilla,Querétaro,Querétaro,210.0,160.0,Publicado hace 10 días,2026-08-04T17:10:38Z,2026-08-14T16:03:26.675733+00:00,https://www.inmuebles24.com/casas-o-casa-en-condominio-o-departamentos-en-venta-en-queretaro-provincia-ordenado-por-fechaonline-descendente.html-pagina-38.html
https://www.inmuebles24.com/propiedades/clasificado/veclcain-casa-en-venta-en-jurica-150706502.html,27900000,"MN 27,900,000",MXN,venta,Casa,Jurica,Querétaro,Querétaro,718.0,2220.0,Publicado hace 10 días,2026-08-04T06:03:13Z,2026-08-14T16:03:26.675733+00:00,https://www.inmuebles24.com/casas-o-casa-en-condominio-o-departamentos-en-venta-en-queretaro-provincia-ordenado-por-fechaonline-descendente.html-pagina-38.html
https://www.inmuebles24.com/propiedades/clasificado/veclcain-casa-en-venta-en-jurica-con-alberca-en-un-nivel.-150709349.html,18250000,"MN 18,250,000",MXN,venta,Casa,Jurica,Querétaro,Querétaro,950.0,2220.0,Publicado hace 10 días,2026-08-04T17:12:05Z,2026-08-14T16:03:26.675733+00:00,https://www.inmuebles24.com/casas-o-casa-en-condominio-o-departamentos-en-venta-en-queretaro-provincia-ordenado-por-fechaonline-descendente.html-pagina-38.html
https://www.inmuebles24.com/propiedades/clasificado/veclcain-casa-en-venta-en-jurica-de-un-nivel-amplio-jardin.-150709364.html,9800000,"MN 9,800,000",MXN,venta,Casa,Jurica,Querétaro,Querétaro,380.0,1056.0,Publicado hace 10 días,2026-08-04T17:12:24Z,2026-08-14T16:03:26.675733+00:00,https://www.inmuebles24.com/casas-o-casa-en-condominio-o-departamentos-en-venta-en-queretaro-provincia-ordenado-por-fechaonline-descendente.html-pagina-38.html
https://www.inmuebles24.com/propiedades/clasificado/veclcain-casa-en-venta-en-mision-san-jeronimo-con-acabados-de-150709340.html,15600000,"MN 15,600,000",MXN,venta,Casa,Misión de San Jerónimo,Querétaro,Querétaro,509.0,346.0,Publicado hace 10 días,2026-08-04T17:11:30Z,2026-08-14T16:03:26.675733+00:00,https://www.inmuebles24.com/casas-o-casa-en-condominio-o-departamentos-en-venta-en-queretaro-provincia-ordenado-por-fechaonline-descendente.html-pagina-38.html
https://www.inmuebles24.com/propiedades/clasificado/veclcain-casa-en-venta-en-zakia-150706492.html,4290000,"MN 4,290,000",MXN,venta,Casa,,El Marqués,Querétaro,220.0,129.0,Publicado hace 10 días,2026-08-04T06:02:51Z,2026-08-14T16:03:26.675733+00:00,https://www.inmuebles24.com/casas-o-casa-en-condominio-o-departamentos-en-venta-en-queretaro-provincia-ordenado-por-fechaonline-descendente.html-pagina-38.html
https://www.inmuebles24.com/propiedades/clasificado/veclcain-casa-en-venta-en-zibata-150706508.html,3500000,"MN 3,500,000",MXN,venta,Casa,Zibatá,El Marqués,Querétaro,187.0,132.0,Publicado hace 10 días,2026-08-04T06:03:24Z,2026-08-14T16:03:26.675733+00:00,https://www.inmuebles24.com/casas-o-casa-en-condominio-o-departamentos-en-venta-en-queretaro-provincia-ordenado-por-fechaonline-descendente.html-pagina-38.html
https://www.inmuebles24.com/propiedades/clasificado/veclcain-casa-en-venta-en-zibata-amplio-jardin-de-60-m-sup2-150714825.html,3449000,"MN 3,449,000",MXN,venta,Casa,Zibatá,El Marqués,Querétaro,152.0,179.0,Publicado hace 10 días,2026-08-05T00:34:40Z,2026-08-14T16:04:47.146978+00:00,https://www.inmuebles24.com/casas-o-casa-en-condominio-o-departamentos-en-venta-en-queretaro-provincia-ordenado-por-fechaonline-descendente.html-pagina-38.html
https://www.inmuebles24.com/propiedades/clasificado/veclcain-casa-en-venta-en-zibata-cerca-de-parques-y-plazas-150715642.html,3216000,"MN 3,216,000",MXN,venta,Casa,Zibatá,El Marqués,Querétaro,115.0,105.0,Publicado hace 10 días,2026-08-05T01:34:37Z,2026-08-14T16:04:47.146978+00:00,https://www.inmuebles24.com/casas-o-casa-en-condominio-o-departamentos-en-venta-en-queretaro-provincia-ordenado-por-fechaonline-descendente.html-pagina-38.html
https://www.inmuebles24.com/propiedades/clasificado/veclcain-casa-en-venta-o-renta-sin-muebles-con-amplio-jardin-de-150710525.html,12900000,"MN 12,900,000",MXN,venta,Casa,Jurica,Querétaro,Querétaro,318.0,1000.0,Publicado hace 10 días,2026-08-04T18:32:49Z,2026-08-14T16:04:47.146978+00:00,https://www.inmuebles24.com/casas-o-casa-en-condominio-o-departamentos-en-venta-en-queretaro-provincia-ordenado-por-fechaonline-descendente.html-pagina-38.html
https://www.inmuebles24.com/propiedades/clasificado/veclcain-casa-en-venta-queretaro-milenio-3a-seccion-moderna-y-150713636.html,6500000,"MN 6,500,000",MXN,venta,Casa,Milenio III,Querétaro,Querétaro,264.0,214.0,Publicado hace 10 días,2026-08-04T22:41:13Z,2026-08-14T16:04:47.146978+00:00,https://www.inmuebles24.com/casas-o-casa-en-condominio-o-departamentos-en-venta-en-queretaro-provincia-ordenado-por-fechaonline-descendente.html-pagina-38.html
https://www.inmuebles24.com/propiedades/clasificado/veclcain-desarrollo-san-pablo-casa-de-2-recamaras-1-bano-150708613.html,3300000,"MN 3,300,000",MXN,venta,Casa,,Querétaro,Querétaro,107.0,170.0,Publicado hace 10 días,2026-08-04T16:14:21Z,2026-08-14T16:04:47.146978+00:00,https://www.inmuebles24.com/casas-o-casa-en-condominio-o-departamentos-en-venta-en-queretaro-provincia-ordenado-por-fechaonline-descendente.html-pagina-38.html
https://www.inmuebles24.com/propiedades/clasificado/veclcain-en-venta-casa-en-zibata-3-recamaras-3-banos-amplio-150709722.html,3449000,"MN 3,449,000",MXN,venta,Casa,Zibatá,El Marqués,Querétaro,179.0,152.0,Publicado hace 10 días,2026-08-04T17:42:33Z,2026-08-14T16:04:47.146978+00:00,https://www.inmuebles24.com/casas-o-casa-en-condominio-o-departamentos-en-venta-en-queretaro-provincia-ordenado-por-fechaonline-descendente.html-pagina-38.html
https://www.inmuebles24.com/propiedades/clasificado/veclcain-jurica-casa-en-venta-con-recamaras-en-planta-baja-y-150709335.html,10900000,"MN 10,900,000",MXN,venta,Casa,Jurica,Querétaro,Querétaro,300.0,750.0,Publicado hace 10 días,2026-08-04T17:10:20Z,2026-08-14T16:04:47.146978+00:00,https://www.inmuebles24.com/casas-o-casa-en-condominio-o-departamentos-en-venta-en-queretaro-provincia-ordenado-por-fechaonline-descendente.html-pagina-38.html
https://www.inmuebles24.com/propiedades/clasificado/veclcain-venta-o-renta-casa-con-alberca-y-4-habitaciones-en-150710614.html,18800000,"MN 18,800,000",MXN,venta,Casa,Juriquilla,Querétaro,Querétaro,551.0,884.0,Publicado hace 10 días,2026-08-04T18:37:42Z,2026-08-14T16:04:47.146978+00:00,https://www.inmuebles24.com/casas-o-casa-en-condominio-o-departamentos-en-venta-en-queretaro-provincia-ordenado-por-fechaonline-descendente.html-pagina-38.html
https://www.inmuebles24.com/propiedades/clasificado/veclcain-zakia-casa-en-venta-2-hab-1-estudio-o-rec-en-pb-150715024.html,2950000,"MN 2,950,000",MXN,venta,Casa,Fraccionamiento Zizana,El Marqués,Querétaro,122.0,108.0,Publicado hace 10 días,2026-08-05T00:50:01Z,2026-08-14T16:04:47.146978+00:00,https://www.inmuebles24.com/casas-o-casa-en-condominio-o-departamentos-en-venta-en-queretaro-provincia-ordenado-por-fechaonline-descendente.html-pagina-38.html
https://www.inmuebles24.com/propiedades/clasificado/veclccin-casa-en-condominio-en-venta-en-fraccionamiento-150706500.html,1990000,"MN 1,990,000",MXN,venta,Casa en condominio,Fraccionamiento Sonterra,Querétaro,Querétaro,87.0,132.0,Publicado hace 10 días,2026-08-04T06:03:11Z,2026-08-14T16:04:47.146978+00:00,https://www.inmuebles24.com/casas-o-casa-en-condominio-o-departamentos-en-venta-en-queretaro-provincia-ordenado-por-fechaonline-descendente.html-pagina-38.html
https://www.inmuebles24.com/propiedades/clasificado/veclccin-casa-en-condominio-en-venta-juriquilla-queretaro-150711545.html,3200000,"MN 3,200,000",MXN,venta,Casa en condominio,Juriquilla,Querétaro,Querétaro,132.0,108.0,Publicado hace 10 días,2026-08-04T19:48:35Z,2026-08-14T16:06:13.572419+00:00,https://www.inmuebles24.com/casas-o-casa-en-condominio-o-departamentos-en-venta-en-queretaro-provincia-ordenado-por-fechaonline-descendente.html-pagina-38.html
https://www.inmuebles24.com/propiedades/clasificado/veclccin-casa-en-venta-en-queretaro-en-preserve-juriquilla.-150714999.html,3050000,"MN 3,050,000",MXN,venta,Casa en condominio,Grand Preserve,Querétaro,Querétaro,108.0,197.0,Publicado hace 10 días,2026-08-05T00:46:59Z,2026-08-14T16:06:13.572419+00:00,https://www.inmuebles24.com/casas-o-casa-en-condominio-o-departamentos-en-venta-en-queretaro-provincia-ordenado-por-fechaonline-descendente.html-pagina-38.html
https://www.inmuebles24.com/propiedades/clasificado/veclccin-casa-en-venta-renta-en-arco-de-piedra-jurica-150710565.html,11000000,"MN 11,000,000",MXN,venta,Casa en condominio,Jurica,Querétaro,Querétaro,326.0,386.0,Publicado hace 10 días,2026-08-04T18:34:57Z,2026-08-14T16:06:13.572419+00:00,https://www.inmuebles24.com/casas-o-casa-en-condominio-o-departamentos-en-venta-en-queretaro-provincia-ordenado-por-fechaonline-descendente.html-pagina-38.html
https://www.inmuebles24.com/propiedades/clasificado/veclccin-oportunidad-casa-en-venta-en-el-refugio-150715163.html,4300000,"MN 4,300,000",MXN,venta,Casa en condominio,Residencial El Refugio,Querétaro,Querétaro,182.0,226.0,Publicado hace 10 días,2026-08-05T01:03:32Z,2026-08-14T16:06:13.572419+00:00,https://www.inmuebles24.com/casas-o-casa-en-condominio-o-departamentos-en-venta-en-queretaro-provincia-ordenado-por-fechaonline-descendente.html-pagina-38.html
https://www.inmuebles24.com/propiedades/clasificado/veclapin--lujo-espacio-y-amenidades-increibles!-juriquilla-150706887.html,4500000,"MN 4,500,000",MXN,venta,Apartamento,,Querétaro,Querétaro,111.0,111.0,Publicado hace 10 días,2026-08-04T09:52:18Z,2026-08-14T16:06:13.572419+00:00,https://www.inmuebles24.com/casas-o-casa-en-condominio-o-departamentos-en-venta-en-queretaro-provincia-ordenado-por-fechaonline-descendente.html-pagina-39.html
https://www.inmuebles24.com/propiedades/clasificado/veclapin-casa-en-venta-en-zaru-el-marques-150714275.html,2540000,"MN 2,540,000",MXN,venta,Apartamento,Fraccionamiento Zarú,El Marqués,Querétaro,79.0,79.0,Publicado hace 10 días,2026-08-04T23:40:04Z,2026-08-14T16:06:13.572419+00:00,https://www.inmuebles24.com/casas-o-casa-en-condominio-o-departamentos-en-venta-en-queretaro-provincia-ordenado-por-fechaonline-descendente.html-pagina-39.html
https://www.inmuebles24.com/propiedades/clasificado/veclapin-departamento-en-venta-en-la-vista-queretaro-150705148.html,5200000,"MN 5,200,000",MXN,venta,Apartamento,,Querétaro,Querétaro,215.0,215.0,Publicado hace 11 días,2026-08-04T01:13:18Z,2026-08-14T16:06:13.572419+00:00,https://www.inmuebles24.com/casas-o-casa-en-condominio-o-departamentos-en-venta-en-queretaro-provincia-ordenado-por-fechaonline-descendente.html-pagina-39.html
https://www.inmuebles24.com/propiedades/clasificado/veclappa-gran-oportunidad-remato-departamento-150710801.html,1100000,"MN 1,100,000",MXN,venta,Apartamento,Congregacion El Carmen,El Marqués,Querétaro,50.0,50.0,Publicado hace 10 días,2026-08-04T18:50:53Z,2026-08-14T16:06:13.572419+00:00,https://www.inmuebles24.com/casas-o-casa-en-condominio-o-departamentos-en-venta-en-queretaro-provincia-ordenado-por-fechaonline-descendente.html-pagina-39.html
https://www.inmuebles24.com/propiedades/clasificado/veclcain-casa-con-recamara-en-pb-en-venta-en-zibata-150705538.html,5490000,"MN 5,490,000",MXN,venta,Casa,Zibatá,El Marqués,Querétaro,200.0,180.0,Publicado hace 11 días,2026-08-04T02:13:41Z,2026-08-14T16:06:13.572419+00:00,https://www.inmuebles24.com/casas-o-casa-en-condominio-o-departamentos-en-venta-en-queretaro-provincia-ordenado-por-fechaonline-descendente.html-pagina-39.html
https://www.inmuebles24.com/propiedades/clasificado/veclcain-casa-corregidora-150716049.html,3450000,"MN 3,450,000",MXN,venta,Casa,,Corregidora,Querétaro,175.0,144.0,Publicado hace 10 días,2026-08-05T02:45:10Z,2026-08-14T16:06:13.572419+00:00,https://www.inmuebles24.com/casas-o-casa-en-condominio-o-departamentos-en-venta-en-queretaro-provincia-ordenado-por-fechaonline-descendente.html-pagina-39.html
https://www.inmuebles24.com/propiedades/clasificado/veclcain-casa-de-250-m-sup2--con-3-recamaras-en-venta-en-150703048.html,3900000,"MN 3,900,000",MXN,venta,Casa,Fraccionamiento Residencial Haciendas de Tequisquiapan,Tequisquiapan,Querétaro,157.0,250.0,Publicado hace 11 días,2026-08-03T22:01:17Z,2026-08-14T16:07:41.015053+00:00,https://www.inmuebles24.com/casas-o-casa-en-condominio-o-departamentos-en-venta-en-queretaro-provincia-ordenado-por-fechaonline-descendente.html-pagina-39.html
https://www.inmuebles24.com/propiedades/clasificado/veclcain-casa-en-arancione-zakia-el-marques-queretaro-150706741.html,3648000,"MN 3,648,000",MXN,venta,Casa,Zákia,El Marqués,Querétaro,135.0,140.0,Publicado hace 10 días,2026-08-04T06:20:19Z,2026-08-14T16:07:41.015053+00:00,https://www.inmuebles24.com/casas-o-casa-en-condominio-o-departamentos-en-venta-en-queretaro-provincia-ordenado-por-fechaonline-descendente.html-pagina-39.html
https://www.inmuebles24.com/propiedades/clasificado/veclcain-casa-en-la-vista-residencial-150706309.html,6230000,"MN 6,230,000",MXN,venta,Casa,La Vista Residencial,Querétaro,Querétaro,208.0,180.0,Publicado hace 10 días,2026-08-04T05:14:59Z,2026-08-14T16:07:41.015053+00:00,https://www.inmuebles24.com/casas-o-casa-en-condominio-o-departamentos-en-venta-en-queretaro-provincia-ordenado-por-fechaonline-descendente.html-pagina-39.html
https://www.inmuebles24.com/propiedades/clasificado/veclcain-casa-en-pb-con-jardin-y-3-recamara-en-zaru-a-150700710.html,4000000,"MN 4,000,000",MXN,venta,Casa,Fraccionamiento Zarú,El Marqués,Querétaro,138.0,210.0,Publicado hace 11 días,2026-08-03T19:39:34Z,2026-08-14T16:07:41.015053+00:00,https://www.inmuebles24.com/casas-o-casa-en-condominio-o-departamentos-en-venta-en-queretaro-provincia-ordenado-por-fechaonline-descendente.html-pagina-39.html
https://www.inmuebles24.com/propiedades/clasificado/veclcain-casa-en-venta-en-carretas.-4-recamaras-estudio-150706925.html,8395000,"MN 8,395,000",MXN,venta,Casa,Carretas,Querétaro,Querétaro,404.0,316.0,Publicado hace 10 días,2026-08-04T09:53:53Z,2026-08-14T16:07:41.015053+00:00,https://www.inmuebles24.com/casas-o-casa-en-condominio-o-departamentos-en-venta-en-queretaro-provincia-ordenado-por-fechaonline-descendente.html-pagina-39.html
https://www.inmuebles24.com/propiedades/clasificado/veclcain-casa-en-venta-en-circuito-universidades-zaru-el-150715837.html,3900000,"MN 3,900,000",MXN,venta,Casa,Fraccionamiento Zarú,El Marqués,Querétaro,143.0,143.0,Publicado hace 10 días,2026-08-05T02:01:30Z,2026-08-14T16:07:41.015053+00:00,https://www.inmuebles24.com/casas-o-casa-en-condominio-o-departamentos-en-venta-en-queretaro-provincia-ordenado-por-fechaonline-descendente.html-pagina-39.html
https://www.inmuebles24.com/propiedades/clasificado/veclcain-casa-en-venta-en-grand-juriquilla-150713066.html,4290000,"MN 4,290,000",MXN,venta,Casa,,Querétaro,Querétaro,194.0,213.0,Publicado hace 10 días,2026-08-04T21:45:11Z,2026-08-14T16:07:41.015053+00:00,https://www.inmuebles24.com/casas-o-casa-en-condominio-o-departamentos-en-venta-en-queretaro-provincia-ordenado-por-fechaonline-descendente.html-pagina-39.html
https://www.inmuebles24.com/propiedades/clasificado/veclcain-casa-en-venta-en-la-vista-residencial-150708776.html,6200000,"MN 6,200,000",MXN,venta,Casa,La Vista Residencial,Querétaro,Querétaro,340.0,255.0,Publicado hace 10 días,2026-08-04T16:26:43Z,2026-08-14T16:07:41.015053+00:00,https://www.inmuebles24.com/casas-o-casa-en-condominio-o-departamentos-en-venta-en-queretaro-provincia-ordenado-por-fechaonline-descendente.html-pagina-39.html
https://www.inmuebles24.com/propiedades/clasificado/veclcain-casa-en-venta-en-preserve-juriquilla-150710026.html,3600000,"MN 3,600,000",MXN,venta,Casa,Grand Preserve,Querétaro,Querétaro,161.0,146.0,Publicado hace 10 días,2026-08-04T18:09:34Z,2026-08-14T16:07:41.015053+00:00,https://www.inmuebles24.com/casas-o-casa-en-condominio-o-departamentos-en-venta-en-queretaro-provincia-ordenado-por-fechaonline-descendente.html-pagina-39.html
https://www.inmuebles24.com/propiedades/clasificado/veclcain-casa-en-venta-grand-preserve-juriquilla-150708966.html,3550000,"MN 3,550,000",MXN,venta,Casa,Juriquilla,Querétaro,Querétaro,165.0,165.0,Publicado hace 10 días,2026-08-04T16:36Z,2026-08-14T16:07:41.015053+00:00,https://www.inmuebles24.com/casas-o-casa-en-condominio-o-departamentos-en-venta-en-queretaro-provincia-ordenado-por-fechaonline-descendente.html-pagina-39.html
https://www.inmuebles24.com/propiedades/clasificado/veclcain-casa-en-venta-quintas-del-marques-150706926.html,4000000,"MN 4,000,000",MXN,venta,Casa,Quintas del Marqués,Querétaro,Querétaro,163.0,161.0,Publicado hace 10 días,2026-08-04T09:53:53Z,2026-08-14T16:08:58.108730+00:00,https://www.inmuebles24.com/casas-o-casa-en-condominio-o-departamentos-en-venta-en-queretaro-provincia-ordenado-por-fechaonline-descendente.html-pagina-39.html
https://www.inmuebles24.com/propiedades/clasificado/veclcain-casa-en-venta-villas-del-parque-4-recamaras-150706924.html,5890000,"MN 5,890,000",MXN,venta,Casa,Fraccionamiento Villas del Parque,Querétaro,Querétaro,263.0,280.0,Publicado hace 10 días,2026-08-04T09:53:53Z,2026-08-14T16:08:58.108730+00:00,https://www.inmuebles24.com/casas-o-casa-en-condominio-o-departamentos-en-venta-en-queretaro-provincia-ordenado-por-fechaonline-descendente.html-pagina-39.html
https://www.inmuebles24.com/propiedades/clasificado/veclcain-casa-en-zaru-zakia-150710945.html,3850000,"MN 3,850,000",MXN,venta,Casa,Fraccionamiento Zarú,El Marqués,Querétaro,140.0,143.0,Publicado hace 10 días,2026-08-04T19:01:21Z,2026-08-14T16:08:58.108730+00:00,https://www.inmuebles24.com/casas-o-casa-en-condominio-o-departamentos-en-venta-en-queretaro-provincia-ordenado-por-fechaonline-descendente.html-pagina-39.html
https://www.inmuebles24.com/propiedades/clasificado/veclcain-casa-ensueno-150706120.html,6100000,"MN 6,100,000",MXN,venta,Casa,Ensueño,Querétaro,Querétaro,238.0,154.0,Publicado hace 10 días,2026-08-04T04:49:41Z,2026-08-14T16:08:58.108730+00:00,https://www.inmuebles24.com/casas-o-casa-en-condominio-o-departamentos-en-venta-en-queretaro-provincia-ordenado-por-fechaonline-descendente.html-pagina-39.html
https://www.inmuebles24.com/propiedades/clasificado/veclcain-casa-fraccionamiento-cumbres-del-lago-150714211.html,3954000,"MN 3,954,000",MXN,venta,Casa,Fraccionamiento Cumbres del Lago,Querétaro,Querétaro,110.0,110.0,Publicado hace 10 días,2026-08-04T23:35Z,2026-08-14T16:08:58.108730+00:00,https://www.inmuebles24.com/casas-o-casa-en-condominio-o-departamentos-en-venta-en-queretaro-provincia-ordenado-por-fechaonline-descendente.html-pagina-39.html
https://www.inmuebles24.com/propiedades/clasificado/veclcain-casa-venta-en-zibata-zona-town-center-150715803.html,5250000,"MN 5,250,000",MXN,venta,Casa,Zibatá,El Marqués,Querétaro,277.0,168.0,Publicado hace 10 días,2026-08-05T01:55:04Z,2026-08-14T16:08:58.108730+00:00,https://www.inmuebles24.com/casas-o-casa-en-condominio-o-departamentos-en-venta-en-queretaro-provincia-ordenado-por-fechaonline-descendente.html-pagina-39.html
https://www.inmuebles24.com/propiedades/clasificado/veclcain-casa-zakia-150713844.html,3623000,"MN 3,623,000",MXN,venta,Casa,Zákia,El Marqués,Querétaro,151.0,151.0,Publicado hace 10 días,2026-08-04T23:02:28Z,2026-08-14T16:08:58.108730+00:00,https://www.inmuebles24.com/casas-o-casa-en-condominio-o-departamentos-en-venta-en-queretaro-provincia-ordenado-por-fechaonline-descendente.html-pagina-39.html
https://www.inmuebles24.com/propiedades/clasificado/veclcain-casa-zaru-150714433.html,4000000,"MN 4,000,000",MXN,venta,Casa,Fraccionamiento Zarú,El Marqués,Querétaro,138.0,138.0,Publicado hace 10 días,2026-08-04T23:51:42Z,2026-08-14T16:08:58.108730+00:00,https://www.inmuebles24.com/casas-o-casa-en-condominio-o-departamentos-en-venta-en-queretaro-provincia-ordenado-por-fechaonline-descendente.html-pagina-39.html
https://www.inmuebles24.com/propiedades/clasificado/veclcain-hermosa-casa-con-roof-garden-en-el-refugio-queretaro-150708692.html,3350000,"MN 3,350,000",MXN,venta,Casa,Residencial El Refugio,Querétaro,Querétaro,130.0,130.0,Publicado hace 10 días,2026-08-04T16:24:59Z,2026-08-14T16:08:58.108730+00:00,https://www.inmuebles24.com/casas-o-casa-en-condominio-o-departamentos-en-venta-en-queretaro-provincia-ordenado-por-fechaonline-descendente.html-pagina-39.html
https://www.inmuebles24.com/propiedades/clasificado/veclcapa-acogedora-casa-de-4-recamaras-cuarto-tv-150711258.html,4400000,"MN 4,400,000",MXN,venta,Casa,Fraccionamiento Cumbres del Lago,Querétaro,Querétaro,168.0,,Publicado hace 10 días,2026-08-04T19:23:41Z,2026-08-14T16:08:58.108730+00:00,https://www.inmuebles24.com/casas-o-casa-en-condominio-o-departamentos-en-venta-en-queretaro-provincia-ordenado-por-fechaonline-descendente.html-pagina-39.html
https://www.inmuebles24.com/propiedades/clasificado/veclcapa-casa-en-venta-residencial-zante-150709409.html,3099000,"MN 3,099,000",MXN,venta,Casa,Fraccionamiento Zizana,El Marqués,Querétaro,132.0,163.0,Publicado hace 10 días,2026-08-04T17:15:43Z,2026-08-14T16:10:30.453590+00:00,https://www.inmuebles24.com/casas-o-casa-en-condominio-o-departamentos-en-venta-en-queretaro-provincia-ordenado-por-fechaonline-descendente.html-pagina-39.html
https://www.inmuebles24.com/propiedades/clasificado/veclcapa-hermosa-casa-en-dali-inspira-zibata-estudio-patio-150708349.html,3650000,"MN 3,650,000",MXN,venta,Casa,Zibatá,El Marqués,Querétaro,170.0,146.0,Publicado hace 10 días,2026-08-04T15:46:18Z,2026-08-14T16:10:30.453590+00:00,https://www.inmuebles24.com/casas-o-casa-en-condominio-o-departamentos-en-venta-en-queretaro-provincia-ordenado-por-fechaonline-descendente.html-pagina-39.html
https://www.inmuebles24.com/propiedades/clasificado/veclccin-casa-en-venta-en-condominio-en-el-refugio-queretaro-150709687.html,3990000,"MN 3,990,000",MXN,venta,Casa en condominio,Residencial El Refugio,Querétaro,Querétaro,182.0,150.0,Publicado hace 10 días,2026-08-04T17:39:47Z,2026-08-14T16:10:30.453590+00:00,https://www.inmuebles24.com/casas-o-casa-en-condominio-o-departamentos-en-venta-en-queretaro-provincia-ordenado-por-fechaonline-descendente.html-pagina-39.html
https://www.inmuebles24.com/propiedades/clasificado/veclccpa-se-vende-casa-en-condominio-privado.-150713209.html,1630000,"MN 1,630,000",MXN,venta,Casa en condominio,Fraccionamiento Rancho Bellavista,Querétaro,Querétaro,64.0,70.0,Publicado hace 10 días,2026-08-04T21:59:37Z,2026-08-14T16:10:30.453590+00:00,https://www.inmuebles24.com/casas-o-casa-en-condominio-o-departamentos-en-venta-en-queretaro-provincia-ordenado-por-fechaonline-descendente.html-pagina-39.html
https://www.inmuebles24.com/propiedades/clasificado/veclapin-departamento-de-3-recamaras-en-planta-baja-en-venta-en-150699892.html,3975000,"MN 3,975,000",MXN,venta,Apartamento,La Sierra Residencial,Querétaro,Querétaro,135.0,135.0,Publicado hace 11 días,2026-08-03T18:53:16Z,2026-08-14T16:10:30.453590+00:00,https://www.inmuebles24.com/casas-o-casa-en-condominio-o-departamentos-en-venta-en-queretaro-provincia-ordenado-por-fechaonline-descendente.html-pagina-40.html
https://www.inmuebles24.com/propiedades/clasificado/veclapin-departamento-en-amira-150699650.html,4200000,"MN 4,200,000",MXN,venta,Apartamento,Balcones Coloniales,Querétaro,Querétaro,111.0,111.0,Publicado hace 11 días,2026-08-03T18:47:28Z,2026-08-14T16:10:30.453590+00:00,https://www.inmuebles24.com/casas-o-casa-en-condominio-o-departamentos-en-venta-en-queretaro-provincia-ordenado-por-fechaonline-descendente.html-pagina-40.html
https://www.inmuebles24.com/propiedades/clasificado/veclapin-economico-departamento-en-venta-en-queretaro.-aplica-150705128.html,1450000,"MN 1,450,000",MXN,venta,Apartamento,Tres Cantos Residencial,Querétaro,Querétaro,84.0,84.0,Publicado hace 11 días,2026-08-04T01:09:06Z,2026-08-14T16:10:30.453590+00:00,https://www.inmuebles24.com/casas-o-casa-en-condominio-o-departamentos-en-venta-en-queretaro-provincia-ordenado-por-fechaonline-descendente.html-pagina-40.html
https://www.inmuebles24.com/propiedades/clasificado/veclapin-venta-departamento-pb-el-refugio.-150700474.html,3975000,"MN 3,975,000",MXN,venta,Apartamento,Residencial El Refugio,Querétaro,Querétaro,135.0,135.0,Publicado hace 11 días,2026-08-03T19:24:39Z,2026-08-14T16:10:30.453590+00:00,https://www.inmuebles24.com/casas-o-casa-en-condominio-o-departamentos-en-venta-en-queretaro-provincia-ordenado-por-fechaonline-descendente.html-pagina-40.html
https://www.inmuebles24.com/propiedades/clasificado/veclcain--exclusiva-residencia-en-venta-en-villas-del-meson-150699532.html,13000000,"MN 13,000,000",MXN,venta,Casa,Juriquilla,Querétaro,Querétaro,468.0,1000.0,Publicado hace 11 días,2026-08-03T18:38:29Z,2026-08-14T16:10:30.453590+00:00,https://www.inmuebles24.com/casas-o-casa-en-condominio-o-departamentos-en-venta-en-queretaro-provincia-ordenado-por-fechaonline-descendente.html-pagina-40.html
https://www.inmuebles24.com/propiedades/clasificado/veclcain-atractiva-casa-en-la-vista-residencial-queretaro-150705024.html,7350000,"MN 7,350,000",MXN,venta,Casa,La Vista Residencial,Querétaro,Querétaro,250.0,189.0,Publicado hace 11 días,2026-08-04T00:51:28Z,2026-08-14T16:10:30.453590+00:00,https://www.inmuebles24.com/casas-o-casa-en-condominio-o-departamentos-en-venta-en-queretaro-provincia-ordenado-por-fechaonline-descendente.html-pagina-40.html
https://www.inmuebles24.com/propiedades/clasificado/veclcain-casa-con-4-recamaras-en-lomas-de-banthi-recamara-con-150697087.html,2650000,"MN 2,650,000",MXN,venta,Casa,Banthí,San Juan del Río,Querétaro,196.0,120.0,Publicado hace 11 días,2026-08-03T16:06:32Z,2026-08-14T16:12:08.422547+00:00,https://www.inmuebles24.com/casas-o-casa-en-condominio-o-departamentos-en-venta-en-queretaro-provincia-ordenado-por-fechaonline-descendente.html-pagina-40.html
https://www.inmuebles24.com/propiedades/clasificado/veclcain-casa-de-1-planta-con-3-recamaras-en-fraccionamiento-150696353.html,2650000,"MN 2,650,000",MXN,venta,Casa,Barrio San Juan,Tequisquiapan,Querétaro,125.0,160.0,Publicado hace 11 días,2026-08-03T14:49:39Z,2026-08-14T16:12:08.422547+00:00,https://www.inmuebles24.com/casas-o-casa-en-condominio-o-departamentos-en-venta-en-queretaro-provincia-ordenado-por-fechaonline-descendente.html-pagina-40.html
https://www.inmuebles24.com/propiedades/clasificado/veclcain-casa-de-223-m-sup2--de-terreno-con-4-recamaras-en-150705426.html,8890000,"MN 8,890,000",MXN,venta,Casa,Zibatá,El Marqués,Querétaro,353.0,223.0,Publicado hace 11 días,2026-08-04T02:01:01Z,2026-08-14T16:12:08.422547+00:00,https://www.inmuebles24.com/casas-o-casa-en-condominio-o-departamentos-en-venta-en-queretaro-provincia-ordenado-por-fechaonline-descendente.html-pagina-40.html
https://www.inmuebles24.com/propiedades/clasificado/veclcain-casa-en-claustros-de-la-catedral-con-4-recamaras-id:.-150705431.html,7900000,"MN 7,900,000",MXN,venta,Casa,,Querétaro,Querétaro,180.0,345.0,Publicado hace 11 días,2026-08-04T02:01:13Z,2026-08-14T16:12:08.422547+00:00,https://www.inmuebles24.com/casas-o-casa-en-condominio-o-departamentos-en-venta-en-queretaro-provincia-ordenado-por-fechaonline-descendente.html-pagina-40.html
https://www.inmuebles24.com/propiedades/clasificado/veclcain-casa-en-venta-col.-inas-del-climatario-qro.-150704710.html,6450000,"MN 6,450,000",MXN,venta,Casa,Colinas del Cimatario,Querétaro,Querétaro,327.0,250.0,Publicado hace 11 días,2026-08-04T00:15:17Z,2026-08-14T16:12:08.422547+00:00,https://www.inmuebles24.com/casas-o-casa-en-condominio-o-departamentos-en-venta-en-queretaro-provincia-ordenado-por-fechaonline-descendente.html-pagina-40.html
https://www.inmuebles24.com/propiedades/clasificado/veclcain-casa-en-venta-con-4-recamaras-y-departamento-150697242.html,2900000,"MN 2,900,000",MXN,venta,Casa,Pueblo San Juan Dehedo,Amealco de Bonfil,Querétaro,221.0,272.0,Publicado hace 11 días,2026-08-03T16:25:33Z,2026-08-14T16:12:08.422547+00:00,https://www.inmuebles24.com/casas-o-casa-en-condominio-o-departamentos-en-venta-en-queretaro-provincia-ordenado-por-fechaonline-descendente.html-pagina-40.html
https://www.inmuebles24.com/propiedades/clasificado/veclcain-casa-en-venta-en-fraccionamiento-sonterra-150698357.html,2550000,"MN 2,550,000",MXN,venta,Casa,Fraccionamiento Sonterra,Querétaro,Querétaro,130.0,176.0,Publicado hace 11 días,2026-08-03T17:37:21Z,2026-08-14T16:12:08.422547+00:00,https://www.inmuebles24.com/casas-o-casa-en-condominio-o-departamentos-en-venta-en-queretaro-provincia-ordenado-por-fechaonline-descendente.html-pagina-40.html
https://www.inmuebles24.com/propiedades/clasificado/veclcain-casa-en-venta-en-loarca-qro.-150697042.html,870000,"MN 870,000",MXN,venta,Casa,Fraccionamiento Eduardo Loarca,Querétaro,Querétaro,33.0,42.0,Publicado hace 11 días,2026-08-03T16:02:14Z,2026-08-14T16:12:08.422547+00:00,https://www.inmuebles24.com/casas-o-casa-en-condominio-o-departamentos-en-venta-en-queretaro-provincia-ordenado-por-fechaonline-descendente.html-pagina-40.html
https://www.inmuebles24.com/propiedades/clasificado/veclcain-casa-nueva-con-recamara-en-planta-baja-en-lomas-de-150697258.html,2450000,"MN 2,450,000",MXN,venta,Casa,Banthí,San Juan del Río,Querétaro,143.0,120.0,Publicado hace 11 días,2026-08-03T16:26:39Z,2026-08-14T16:12:08.422547+00:00,https://www.inmuebles24.com/casas-o-casa-en-condominio-o-departamentos-en-venta-en-queretaro-provincia-ordenado-por-fechaonline-descendente.html-pagina-40.html
https://www.inmuebles24.com/propiedades/clasificado/veclcain-casa-nueva-en-venta-cerca-de-centro-comercial-paseo-150695796.html,8350000,"MN 8,350,000",MXN,venta,Casa,Fraccionamiento Misión de Concá,Querétaro,Querétaro,344.0,359.0,Publicado hace 11 días,2026-08-03T05:09:14Z,2026-08-14T16:12:08.422547+00:00,https://www.inmuebles24.com/casas-o-casa-en-condominio-o-departamentos-en-venta-en-queretaro-provincia-ordenado-por-fechaonline-descendente.html-pagina-40.html
https://www.inmuebles24.com/propiedades/clasificado/veclcapa-casa-grande-en-colinas-del-cimatario-150697834.html,6500000,"MN 6,500,000",MXN,venta,Casa,Colinas del Cimatario,Querétaro,Querétaro,298.0,250.0,Publicado hace 11 días,2026-08-03T17:18:40Z,2026-08-14T16:13:30.694261+00:00,https://www.inmuebles24.com/casas-o-casa-en-condominio-o-departamentos-en-venta-en-queretaro-provincia-ordenado-por-fechaonline-descendente.html-pagina-40.html
https://www.inmuebles24.com/propiedades/clasificado/veclccin--casa-en-venta-en-zen-life-i-el-marques!-150700063.html,4230000,"MN 4,230,000",MXN,venta,Casa en condominio,Zákia,El Marqués,Querétaro,196.0,128.0,Publicado hace 11 días,2026-08-03T18:58:55Z,2026-08-14T16:13:30.694261+00:00,https://www.inmuebles24.com/casas-o-casa-en-condominio-o-departamentos-en-venta-en-queretaro-provincia-ordenado-por-fechaonline-descendente.html-pagina-40.html
https://www.inmuebles24.com/propiedades/clasificado/veclccin-casa-de-145-m-sup2--en-venta-en-nuevo-refugio-150700805.html,3400000,"MN 3,400,000",MXN,venta,Casa en condominio,Nuevo Refugio,Querétaro,Querétaro,121.0,145.0,Publicado hace 11 días,2026-08-03T19:46:09Z,2026-08-14T16:13:30.694261+00:00,https://www.inmuebles24.com/casas-o-casa-en-condominio-o-departamentos-en-venta-en-queretaro-provincia-ordenado-por-fechaonline-descendente.html-pagina-40.html
https://www.inmuebles24.com/propiedades/clasificado/veclccin-casa-en-la-vista-residencial-queretaro-150701753.html,3990000,"MN 3,990,000",MXN,venta,Casa en condominio,La Vista Residencial,Querétaro,Querétaro,152.0,138.0,Publicado hace 11 días,2026-08-03T20:52:45Z,2026-08-14T16:13:30.694261+00:00,https://www.inmuebles24.com/casas-o-casa-en-condominio-o-departamentos-en-venta-en-queretaro-provincia-ordenado-por-fechaonline-descendente.html-pagina-40.html
https://www.inmuebles24.com/propiedades/clasificado/veclccin-casa-en-venta-en-los-robles-zire-queretaro-150697631.html,3300000,"MN 3,300,000",MXN,venta,Casa en condominio,Ziré Citadela,El Marqués,Querétaro,128.0,107.0,Publicado hace 11 días,2026-08-03T17:08:41Z,2026-08-14T16:13:30.694261+00:00,https://www.inmuebles24.com/casas-o-casa-en-condominio-o-departamentos-en-venta-en-queretaro-provincia-ordenado-por-fechaonline-descendente.html-pagina-40.html
https://www.inmuebles24.com/propiedades/clasificado/veclccin-casa-en-venta-en-monte-blanco-iii-150697317.html,3150000,"MN 3,150,000",MXN,venta,Casa en condominio,Fraccionamiento Villas del Cimatario,Querétaro,Querétaro,120.0,110.0,Publicado hace 11 días,2026-08-03T16:31:24Z,2026-08-14T16:13:30.694261+00:00,https://www.inmuebles24.com/casas-o-casa-en-condominio-o-departamentos-en-venta-en-queretaro-provincia-ordenado-por-fechaonline-descendente.html-pagina-40.html
https://www.inmuebles24.com/propiedades/clasificado/veclccin-casa-en-venta-vinedos-queretaro-150703870.html,1700000,"MN 1,700,000",MXN,venta,Casa en condominio,Fraccionamiento Viñedos,Querétaro,Querétaro,82.0,82.0,Publicado hace 11 días,2026-08-03T22:56:06Z,2026-08-14T16:13:30.694261+00:00,https://www.inmuebles24.com/casas-o-casa-en-condominio-o-departamentos-en-venta-en-queretaro-provincia-ordenado-por-fechaonline-descendente.html-pagina-40.html
https://www.inmuebles24.com/propiedades/clasificado/veclccin-casa-en-venta-zibata-condominio-nazca-150700897.html,3650000,"MN 3,650,000",MXN,venta,Casa en condominio,Zibatá,El Marqués,Querétaro,115.0,147.0,Publicado hace 11 días,2026-08-03T19:53:33Z,2026-08-14T16:13:30.694261+00:00,https://www.inmuebles24.com/casas-o-casa-en-condominio-o-departamentos-en-venta-en-queretaro-provincia-ordenado-por-fechaonline-descendente.html-pagina-40.html
https://www.inmuebles24.com/propiedades/clasificado/veclccin-casa-nueva-en-venta-en-condominio-fracc.-san-isidro-150697302.html,3150000,"MN 3,150,000",MXN,venta,Casa en condominio,,Querétaro,Querétaro,155.0,128.0,Publicado hace 11 días,2026-08-03T16:30:45Z,2026-08-14T16:13:30.694261+00:00,https://www.inmuebles24.com/casas-o-casa-en-condominio-o-departamentos-en-venta-en-queretaro-provincia-ordenado-por-fechaonline-descendente.html-pagina-40.html
https://www.inmuebles24.com/propiedades/clasificado/veclccin-departamento-duplex-en-la-vista-queretaro-150701484.html,3170000,"MN 3,170,000",MXN,venta,Casa en condominio,La Vista Residencial,Querétaro,Querétaro,108.0,125.0,Publicado hace 11 días,2026-08-03T20:37:13Z,2026-08-14T16:13:30.694261+00:00,https://www.inmuebles24.com/casas-o-casa-en-condominio-o-departamentos-en-venta-en-queretaro-provincia-ordenado-por-fechaonline-descendente.html-pagina-40.html
https://www.inmuebles24.com/propiedades/clasificado/veclccin-excelente-casa-en-venta-en-santa-fe-juriquilla-en-muy-150696331.html,4300000,"MN 4,300,000",MXN,venta,Casa en condominio,Santa Fe,Querétaro,Querétaro,164.0,219.0,Publicado hace 11 días,2026-08-03T14:44:40Z,2026-08-14T16:14:57.401864+00:00,https://www.inmuebles24.com/casas-o-casa-en-condominio-o-departamentos-en-venta-en-queretaro-provincia-ordenado-por-fechaonline-descendente.html-pagina-40.html
https://www.inmuebles24.com/propiedades/clasificado/veclccin-excelente-opcion-para-vivir-seguros-y-en-armonia-150704281.html,3088000,"MN 3,088,000",MXN,venta,Casa en condominio,Residencial El Refugio,Querétaro,Querétaro,145.0,151.0,Publicado hace 11 días,2026-08-03T23:31:30Z,2026-08-14T16:14:57.401864+00:00,https://www.inmuebles24.com/casas-o-casa-en-condominio-o-departamentos-en-venta-en-queretaro-provincia-ordenado-por-fechaonline-descendente.html-pagina-40.html
https://www.inmuebles24.com/propiedades/clasificado/veclccin-residencia-contemporanea-en-venta-altozano-queretaro-150694842.html,7200000,"MN 7,200,000",MXN,venta,Casa en condominio,Altozano el Nuevo Querétaro,Querétaro,Querétaro,250.0,186.0,Publicado hace 11 días,2026-08-02T22:21:17Z,2026-08-14T16:14:57.401864+00:00,https://www.inmuebles24.com/casas-o-casa-en-condominio-o-departamentos-en-venta-en-queretaro-provincia-ordenado-por-fechaonline-descendente.html-pagina-40.html
https://www.inmuebles24.com/propiedades/clasificado/veclccpa-casa-excelente-ubicacion-150698197.html,3200000,"MN 3,200,000",MXN,venta,Casa en condominio,Colinas del Santuario,Corregidora,Querétaro,162.0,192.0,Publicado hace 11 días,2026-08-03T17:35:24Z,2026-08-14T16:14:57.401864+00:00,https://www.inmuebles24.com/casas-o-casa-en-condominio-o-departamentos-en-venta-en-queretaro-provincia-ordenado-por-fechaonline-descendente.html-pagina-40.html
https://www.inmuebles24.com/propiedades/clasificado/veclapin-departamento-de-109-m-sup2--con-3-recamaras-en-venta-150694321.html,2735000,"MN 2,735,000",MXN,venta,Apartamento,Milenio III,Querétaro,Querétaro,109.0,109.0,Publicado hace 12 días,2026-08-02T18:17:10Z,2026-08-14T16:14:57.401864+00:00,https://www.inmuebles24.com/casas-o-casa-en-condominio-o-departamentos-en-venta-en-queretaro-provincia-ordenado-por-fechaonline-descendente.html-pagina-41.html
https://www.inmuebles24.com/propiedades/clasificado/veclapin-departamento-de-98-m-sup2--con-1-recamara-en-venta-en-150694515.html,3700000,"MN 3,700,000",MXN,venta,Apartamento,Juriquilla,Querétaro,Querétaro,98.0,98.0,Publicado hace 12 días,2026-08-02T19:42:08Z,2026-08-14T16:14:57.401864+00:00,https://www.inmuebles24.com/casas-o-casa-en-condominio-o-departamentos-en-venta-en-queretaro-provincia-ordenado-por-fechaonline-descendente.html-pagina-41.html
https://www.inmuebles24.com/propiedades/clasificado/veclapin-departamento-en-planta-baja-de-2-recamaras-con-150693750.html,2373000,"MN 2,373,000",MXN,venta,Apartamento,Fraccionamiento Zarú,El Marqués,Querétaro,87.0,87.0,Publicado hace 12 días,2026-08-02T06:21:03Z,2026-08-14T16:14:57.401864+00:00,https://www.inmuebles24.com/casas-o-casa-en-condominio-o-departamentos-en-venta-en-queretaro-provincia-ordenado-por-fechaonline-descendente.html-pagina-41.html
https://www.inmuebles24.com/propiedades/clasificado/veclapin-departamento-en-santiago-150702094.html,1430000,"MN 1,430,000",MXN,venta,Apartamento,Santiago,Querétaro,Querétaro,57.0,57.0,Publicado hace 11 días,2026-08-03T21:12:58Z,2026-08-14T16:14:57.401864+00:00,https://www.inmuebles24.com/casas-o-casa-en-condominio-o-departamentos-en-venta-en-queretaro-provincia-ordenado-por-fechaonline-descendente.html-pagina-41.html
https://www.inmuebles24.com/propiedades/clasificado/veclapin-departamento-nuevo-en-venta-en-real-solare-150700705.html,1109000,"MN 1,109,000",MXN,venta,Apartamento,Real Solare,El Marqués,Querétaro,,,Publicado hace 11 días,2026-08-03T19:38:59Z,2026-08-14T16:14:57.401864+00:00,https://www.inmuebles24.com/casas-o-casa-en-condominio-o-departamentos-en-venta-en-queretaro-provincia-ordenado-por-fechaonline-descendente.html-pagina-41.html
https://www.inmuebles24.com/propiedades/clasificado/veclapin-departamento-venta-fuerte-sofia-zaru.-150694759.html,2373000,"MN 2,373,000",MXN,venta,Apartamento,Fraccionamiento Zarú,El Marqués,Querétaro,87.0,87.0,Publicado hace 12 días,2026-08-02T21:27:45Z,2026-08-14T16:14:57.401864+00:00,https://www.inmuebles24.com/casas-o-casa-en-condominio-o-departamentos-en-venta-en-queretaro-provincia-ordenado-por-fechaonline-descendente.html-pagina-41.html
https://www.inmuebles24.com/propiedades/clasificado/veclapin-en-fraccionamiento-valle-de-juriquilla-queretaro-150704089.html,4590000,"MN 4,590,000",MXN,venta,Apartamento,,Querétaro,Querétaro,162.0,162.0,Publicado hace 11 días,2026-08-03T23:17:08Z,2026-08-14T16:16:20.439496+00:00,https://www.inmuebles24.com/casas-o-casa-en-condominio-o-departamentos-en-venta-en-queretaro-provincia-ordenado-por-fechaonline-descendente.html-pagina-41.html
https://www.inmuebles24.com/propiedades/clasificado/veclapin-vendo-departamento-en-juriquilla-150695596.html,4000000,"MN 4,000,000",MXN,venta,Apartamento,Juriquilla,Querétaro,Querétaro,113.0,113.0,Publicado hace 12 días,2026-08-03T03:41:28Z,2026-08-14T16:16:20.439496+00:00,https://www.inmuebles24.com/casas-o-casa-en-condominio-o-departamentos-en-venta-en-queretaro-provincia-ordenado-por-fechaonline-descendente.html-pagina-41.html
https://www.inmuebles24.com/propiedades/clasificado/veclapin-venta-departamento-zibata-queretaro-terraza-y-vista-150694708.html,5170000,"MN 5,170,000",MXN,venta,Apartamento,Zibatá,El Marqués,Querétaro,133.0,133.0,Publicado hace 12 días,2026-08-02T21:04:53Z,2026-08-14T16:16:20.439496+00:00,https://www.inmuebles24.com/casas-o-casa-en-condominio-o-departamentos-en-venta-en-queretaro-provincia-ordenado-por-fechaonline-descendente.html-pagina-41.html
https://www.inmuebles24.com/propiedades/clasificado/veclapin-zakia-148800959.html,2340000,"MN 2,340,000",MXN,venta,Apartamento,Zákia,El Marqués,Querétaro,89.0,89.0,Publicado hace 11 días,2026-01-29T16:57:16Z,2026-08-14T16:16:20.439496+00:00,https://www.inmuebles24.com/casas-o-casa-en-condominio-o-departamentos-en-venta-en-queretaro-provincia-ordenado-por-fechaonline-descendente.html-pagina-41.html
https://www.inmuebles24.com/propiedades/clasificado/veclapin-zakia-148801322.html,2052900,"MN 2,052,900",MXN,venta,Apartamento,Zákia,El Marqués,Querétaro,89.0,89.0,Publicado hace 11 días,2026-01-29T17:25:51Z,2026-08-14T16:16:20.439496+00:00,https://www.inmuebles24.com/casas-o-casa-en-condominio-o-departamentos-en-venta-en-queretaro-provincia-ordenado-por-fechaonline-descendente.html-pagina-41.html
https://www.inmuebles24.com/propiedades/clasificado/veclappa-departamento-en-venta-renta-aura-towers-corregidora-150697838.html,2650000,"MN 2,650,000",MXN,venta,Apartamento,El Pueblito,Corregidora,Querétaro,122.0,147.0,Publicado hace 11 días,2026-08-03T17:19:22Z,2026-08-14T16:16:20.439496+00:00,https://www.inmuebles24.com/casas-o-casa-en-condominio-o-departamentos-en-venta-en-queretaro-provincia-ordenado-por-fechaonline-descendente.html-pagina-41.html
https://www.inmuebles24.com/propiedades/clasificado/veclcain-casa-de-3-habitaciones-con-doble-acceso-y-150695405.html,2100000,"MN 2,100,000",MXN,venta,Casa,San Pedrito Peñuelas,Querétaro,Querétaro,113.0,72.0,Publicado hace 12 días,2026-08-03T02:13:22Z,2026-08-14T16:16:20.439496+00:00,https://www.inmuebles24.com/casas-o-casa-en-condominio-o-departamentos-en-venta-en-queretaro-provincia-ordenado-por-fechaonline-descendente.html-pagina-41.html
https://www.inmuebles24.com/propiedades/clasificado/veclcain-casa-de-autor-en-venta-en-club-campestre-queretaro-150700483.html,32800000,"MN 32,800,000",MXN,venta,Casa,Club Campestre,Querétaro,Querétaro,633.0,700.0,Publicado hace 11 días,2026-08-03T19:25:18Z,2026-08-14T16:16:20.439496+00:00,https://www.inmuebles24.com/casas-o-casa-en-condominio-o-departamentos-en-venta-en-queretaro-provincia-ordenado-por-fechaonline-descendente.html-pagina-41.html
https://www.inmuebles24.com/propiedades/clasificado/veclcain-casa-en-terrazas-residencial-fraccionamiento-150704543.html,3464968,"MN 3,464,968",MXN,venta,Casa,Residencial El Refugio,Querétaro,Querétaro,106.0,131.0,Publicado hace 11 días,2026-08-03T23:58:59Z,2026-08-14T16:16:20.439496+00:00,https://www.inmuebles24.com/casas-o-casa-en-condominio-o-departamentos-en-venta-en-queretaro-provincia-ordenado-por-fechaonline-descendente.html-pagina-41.html
https://www.inmuebles24.com/propiedades/clasificado/veclcain-casa-en-venta-en-capital-sur-queretaro-150694233.html,2850000,"MN 2,850,000",MXN,venta,Casa,Capital Sur,El Marqués,Querétaro,125.0,110.0,Publicado hace 12 días,2026-08-02T17:35:52Z,2026-08-14T16:16:20.439496+00:00,https://www.inmuebles24.com/casas-o-casa-en-condominio-o-departamentos-en-venta-en-queretaro-provincia-ordenado-por-fechaonline-descendente.html-pagina-41.html
https://www.inmuebles24.com/propiedades/clasificado/veclcain-casa-preventa-venta-canadas-del-arroyo-corregidora-2-150693966.html,3150000,"MN 3,150,000",MXN,venta,Casa,Cañadas del Arroyo,Corregidora,Querétaro,172.0,162.0,Publicado hace 12 días,2026-08-02T14:00:01Z,2026-08-14T16:17:41.050747+00:00,https://www.inmuebles24.com/casas-o-casa-en-condominio-o-departamentos-en-venta-en-queretaro-provincia-ordenado-por-fechaonline-descendente.html-pagina-41.html
https://www.inmuebles24.com/propiedades/clasificado/veclcain-venta-de-casa-en-geoplazas-qro.-150406884.html,1250000,"MN 1,250,000",MXN,venta,Casa,Fraccionamiento Geo Plazas,Querétaro,Querétaro,70.0,109.0,Publicado hace 12 días,2026-07-02T18:21:51Z,2026-08-14T16:17:41.050747+00:00,https://www.inmuebles24.com/casas-o-casa-en-condominio-o-departamentos-en-venta-en-queretaro-provincia-ordenado-por-fechaonline-descendente.html-pagina-41.html
https://www.inmuebles24.com/propiedades/clasificado/veclcapa-casa-en-venta-en-mision-mariana-corregidora-150704157.html,2450000,"MN 2,450,000",MXN,venta,Casa,Fraccionamiento Misión Mariana,Corregidora,Querétaro,120.0,90.0,Publicado hace 11 días,2026-08-03T23:19:41Z,2026-08-14T16:17:41.050747+00:00,https://www.inmuebles24.com/casas-o-casa-en-condominio-o-departamentos-en-venta-en-queretaro-provincia-ordenado-por-fechaonline-descendente.html-pagina-41.html
https://www.inmuebles24.com/propiedades/clasificado/veclcapa-hermosa-casa-150683175.html,11000000,"MN 11,000,000",MXN,venta,Casa,Club de golf Balvanera Polo y Country Club,Corregidora,Querétaro,325.0,476.0,Publicado hace 11 días,2026-07-31T19:31:43Z,2026-08-14T16:17:41.050747+00:00,https://www.inmuebles24.com/casas-o-casa-en-condominio-o-departamentos-en-venta-en-queretaro-provincia-ordenado-por-fechaonline-descendente.html-pagina-41.html
https://www.inmuebles24.com/propiedades/clasificado/veclcapa-se-vende-casa-en-san-pablo-ii-santiago-de-queretaro.-150701682.html,1550000,"MN 1,550,000",MXN,venta,Casa,San Pablo,Querétaro,Querétaro,85.0,45.0,Publicado hace 11 días,2026-08-03T20:49:17Z,2026-08-14T16:17:41.050747+00:00,https://www.inmuebles24.com/casas-o-casa-en-condominio-o-departamentos-en-venta-en-queretaro-provincia-ordenado-por-fechaonline-descendente.html-pagina-41.html
https://www.inmuebles24.com/propiedades/clasificado/veclccin-casa-en-condominio-en-fraccionamiento-residencial-el-150705775.html,2080000,"MN 2,080,000",MXN,venta,Casa en condominio,Fraccionamiento Residencial el Parque,El Marqués,Querétaro,76.0,70.0,Publicado hace 11 días,2026-08-04T02:58:13Z,2026-08-14T16:17:41.050747+00:00,https://www.inmuebles24.com/casas-o-casa-en-condominio-o-departamentos-en-venta-en-queretaro-provincia-ordenado-por-fechaonline-descendente.html-pagina-41.html
https://www.inmuebles24.com/propiedades/clasificado/veclccin-casa-en-condominio-en-venta-en-zakia-el-marques-150705711.html,2800000,"MN 2,800,000",MXN,venta,Casa en condominio,Zákia,El Marqués,Querétaro,112.0,135.0,Publicado hace 11 días,2026-08-04T02:48:17Z,2026-08-14T16:17:41.050747+00:00,https://www.inmuebles24.com/casas-o-casa-en-condominio-o-departamentos-en-venta-en-queretaro-provincia-ordenado-por-fechaonline-descendente.html-pagina-41.html
https://www.inmuebles24.com/propiedades/clasificado/veclccin-casa-en-condominio-en-villas-del-refugio-el-marques-150705222.html,3140127,"MN 3,140,127",MXN,venta,Casa en condominio,Villas del Refugio,El Marqués,Querétaro,130.0,105.0,Publicado hace 11 días,2026-08-04T01:25:22Z,2026-08-14T16:17:41.050747+00:00,https://www.inmuebles24.com/casas-o-casa-en-condominio-o-departamentos-en-venta-en-queretaro-provincia-ordenado-por-fechaonline-descendente.html-pagina-41.html
https://www.inmuebles24.com/propiedades/clasificado/veclccin-casa-en-condominio-en-zakia-queretaro-150705504.html,2576000,"MN 2,576,000",MXN,venta,Casa en condominio,Zákia,El Marqués,Querétaro,111.0,114.0,Publicado hace 11 días,2026-08-04T02:08:30Z,2026-08-14T16:17:41.050747+00:00,https://www.inmuebles24.com/casas-o-casa-en-condominio-o-departamentos-en-venta-en-queretaro-provincia-ordenado-por-fechaonline-descendente.html-pagina-41.html
https://www.inmuebles24.com/propiedades/clasificado/veclccin-casa-en-lomas-del-marques-virreyes-de-cataluna-150695051.html,3300000,"MN 3,300,000",MXN,venta,Casa en condominio,Lomas del Marqués,Querétaro,Querétaro,132.0,128.0,Publicado hace 12 días,2026-08-02T23:54:34Z,2026-08-14T16:17:41.050747+00:00,https://www.inmuebles24.com/casas-o-casa-en-condominio-o-departamentos-en-venta-en-queretaro-provincia-ordenado-por-fechaonline-descendente.html-pagina-41.html
https://www.inmuebles24.com/propiedades/clasificado/veclccin-casa-en-venta-de-una-planta-en-juriquilla-$3-050-000-150700590.html,3050000,"MN 3,050,000",MXN,venta,Casa en condominio,,Querétaro,Querétaro,108.0,197.0,Publicado hace 11 días,2026-08-03T19:32:08Z,2026-08-14T16:19:12.520794+00:00,https://www.inmuebles24.com/casas-o-casa-en-condominio-o-departamentos-en-venta-en-queretaro-provincia-ordenado-por-fechaonline-descendente.html-pagina-41.html
https://www.inmuebles24.com/propiedades/clasificado/veclccin-casa-en-venta-en-soneto-zibata-el-marques-150694314.html,3650000,"MN 3,650,000",MXN,venta,Casa en condominio,Zibatá,El Marqués,Querétaro,194.0,143.0,Publicado hace 12 días,2026-08-02T18:13:58Z,2026-08-14T16:19:12.520794+00:00,https://www.inmuebles24.com/casas-o-casa-en-condominio-o-departamentos-en-venta-en-queretaro-provincia-ordenado-por-fechaonline-descendente.html-pagina-41.html
https://www.inmuebles24.com/propiedades/clasificado/veclccin-oportunidad-en-cumbres-del-lago-muy-por-debajo-de-su-150693824.html,3500000,"MN 3,500,000",MXN,venta,Casa en condominio,Juriquilla,Querétaro,Querétaro,161.0,250.0,Publicado hace 12 días,2026-08-02T08:38:15Z,2026-08-14T16:19:12.520794+00:00,https://www.inmuebles24.com/casas-o-casa-en-condominio-o-departamentos-en-venta-en-queretaro-provincia-ordenado-por-fechaonline-descendente.html-pagina-41.html
https://www.inmuebles24.com/propiedades/clasificado/veclccpa-casa-venta-renta-con-ipcion-a-compra-150700995.html,1980000,"MN 1,980,000",MXN,venta,Casa en condominio,Fraccionamiento Sonterra,Querétaro,Querétaro,120.0,140.0,Publicado hace 11 días,2026-08-03T20:01:21Z,2026-08-14T16:19:12.520794+00:00,https://www.inmuebles24.com/casas-o-casa-en-condominio-o-departamentos-en-venta-en-queretaro-provincia-ordenado-por-fechaonline-descendente.html-pagina-41.html
https://www.inmuebles24.com/propiedades/clasificado/veclapin-departamento-en-preventa-en-lomas-de-juriquilla-150694189.html,4148302,"MN 4,148,302",MXN,venta,Apartamento,Juriquilla,Querétaro,Querétaro,154.0,154.0,Publicado hace 12 días,2026-08-02T17:14:32Z,2026-08-14T16:19:12.520794+00:00,https://www.inmuebles24.com/casas-o-casa-en-condominio-o-departamentos-en-venta-en-queretaro-provincia-ordenado-por-fechaonline-descendente.html-pagina-42.html
https://www.inmuebles24.com/propiedades/clasificado/veclapin-departamento-en-venta-en-privalia-ambienta-ideal-150695048.html,1400000,"MN 1,400,000",MXN,venta,Apartamento,Privalia Ambienta,Querétaro,Querétaro,84.0,84.0,Publicado hace 12 días,2026-08-02T23:53:42Z,2026-08-14T16:19:12.520794+00:00,https://www.inmuebles24.com/casas-o-casa-en-condominio-o-departamentos-en-venta-en-queretaro-provincia-ordenado-por-fechaonline-descendente.html-pagina-42.html
https://www.inmuebles24.com/propiedades/clasificado/veclapin-departamento-en-venta-en-zakia-queretaro-150693160.html,1850000,"MN 1,850,000",MXN,venta,Apartamento,Zákia,El Marqués,Querétaro,98.0,98.0,Publicado hace 12 días,2026-08-02T05:42:03Z,2026-08-14T16:19:12.520794+00:00,https://www.inmuebles24.com/casas-o-casa-en-condominio-o-departamentos-en-venta-en-queretaro-provincia-ordenado-por-fechaonline-descendente.html-pagina-42.html
https://www.inmuebles24.com/propiedades/clasificado/veclapin-ventas-de-departamentos-a-estrenar-sector-zakia-2-150692407.html,2373000,"MN 2,373,000",MXN,venta,Apartamento,Fraccionamiento Zarú,El Marqués,Querétaro,87.0,87.0,Publicado hace 13 días,2026-08-01T23:35:30Z,2026-08-14T16:19:12.520794+00:00,https://www.inmuebles24.com/casas-o-casa-en-condominio-o-departamentos-en-venta-en-queretaro-provincia-ordenado-por-fechaonline-descendente.html-pagina-42.html
https://www.inmuebles24.com/propiedades/clasificado/veclappa-departamento-en-venta-en-el-arcangel-queretaro-150693924.html,1190000,"MN 1,190,000",MXN,venta,Apartamento,El ArcAngel,Querétaro,Querétaro,55.0,,Publicado hace 12 días,2026-08-02T12:44:12Z,2026-08-14T16:19:12.520794+00:00,https://www.inmuebles24.com/casas-o-casa-en-condominio-o-departamentos-en-venta-en-queretaro-provincia-ordenado-por-fechaonline-descendente.html-pagina-42.html
https://www.inmuebles24.com/propiedades/clasificado/veclcain-casa-de-1-piso-3-reacamaras-en-venta-en-prados-de-la-150690253.html,2500000,"MN 2,500,000",MXN,venta,Casa,Prados de La Capilla,Querétaro,Querétaro,90.0,164.0,Publicado hace 13 días,2026-08-01T19:44:53Z,2026-08-14T16:19:12.520794+00:00,https://www.inmuebles24.com/casas-o-casa-en-condominio-o-departamentos-en-venta-en-queretaro-provincia-ordenado-por-fechaonline-descendente.html-pagina-42.html
https://www.inmuebles24.com/propiedades/clasificado/veclcain-casa-de-1piso-con-2-recamaras-en-venta-en-el-refugio-150687740.html,2650000,"MN 2,650,000",MXN,venta,Casa,Residencial El Refugio,Querétaro,Querétaro,90.0,128.0,Publicado hace 13 días,2026-08-01T04:06:50Z,2026-08-14T16:20:38.179902+00:00,https://www.inmuebles24.com/casas-o-casa-en-condominio-o-departamentos-en-venta-en-queretaro-provincia-ordenado-por-fechaonline-descendente.html-pagina-42.html
https://www.inmuebles24.com/propiedades/clasificado/veclcain-casa-en-condominio-cerca-residencial-tejeda-queretaro-150693159.html,3450000,"MN 3,450,000",MXN,venta,Casa,Residencial Tejeda,Corregidora,Querétaro,175.0,142.0,Publicado hace 12 días,2026-08-02T05:42:03Z,2026-08-14T16:20:38.179902+00:00,https://www.inmuebles24.com/casas-o-casa-en-condominio-o-departamentos-en-venta-en-queretaro-provincia-ordenado-por-fechaonline-descendente.html-pagina-42.html
https://www.inmuebles24.com/propiedades/clasificado/veclcain-casa-en-esquina-con-excelente-ubicacion-en-corregidora-150690022.html,1580000,"MN 1,580,000",MXN,venta,Casa,Fraccionamiento Pirámides,Corregidora,Querétaro,99.0,99.0,Publicado hace 13 días,2026-08-01T18:44:58Z,2026-08-14T16:20:38.179902+00:00,https://www.inmuebles24.com/casas-o-casa-en-condominio-o-departamentos-en-venta-en-queretaro-provincia-ordenado-por-fechaonline-descendente.html-pagina-42.html
https://www.inmuebles24.com/propiedades/clasificado/veclcain-casa-en-venta-$4-200-000-club-de-golf-tequisquiapan-3-150689828.html,4200000,"MN 4,200,000",MXN,venta,Casa,Fraccionamiento Club de Golf Tequisquiapan,Tequisquiapan,Querétaro,150.0,336.0,Publicado hace 13 días,2026-08-01T17:57:02Z,2026-08-14T16:20:38.179902+00:00,https://www.inmuebles24.com/casas-o-casa-en-condominio-o-departamentos-en-venta-en-queretaro-provincia-ordenado-por-fechaonline-descendente.html-pagina-42.html
https://www.inmuebles24.com/propiedades/clasificado/veclcain-casa-en-venta-con-135.43-m-sup2--de-construccion-sobre-150692657.html,3400000,"MN 3,400,000",MXN,venta,Casa,Zákia,El Marqués,Querétaro,135.0,189.0,Publicado hace 13 días,2026-08-02T00:59:17Z,2026-08-14T16:20:38.179902+00:00,https://www.inmuebles24.com/casas-o-casa-en-condominio-o-departamentos-en-venta-en-queretaro-provincia-ordenado-por-fechaonline-descendente.html-pagina-42.html
https://www.inmuebles24.com/propiedades/clasificado/veclcain-casa-en-venta-en-altozano-el-nuevo-queretaro-150689772.html,13690000,"MN 13,690,000",MXN,venta,Casa,Altozano el Nuevo Querétaro,Querétaro,Querétaro,377.0,300.0,Publicado hace 13 días,2026-08-01T17:44:55Z,2026-08-14T16:20:38.179902+00:00,https://www.inmuebles24.com/casas-o-casa-en-condominio-o-departamentos-en-venta-en-queretaro-provincia-ordenado-por-fechaonline-descendente.html-pagina-42.html
https://www.inmuebles24.com/propiedades/clasificado/veclcain-casa-en-venta-en-altozano-niebla-150689756.html,7400000,"MN 7,400,000",MXN,venta,Casa,Altozano el Nuevo Querétaro,Querétaro,Querétaro,255.0,200.0,Publicado hace 13 días,2026-08-01T17:41:57Z,2026-08-14T16:20:38.179902+00:00,https://www.inmuebles24.com/casas-o-casa-en-condominio-o-departamentos-en-venta-en-queretaro-provincia-ordenado-por-fechaonline-descendente.html-pagina-42.html
https://www.inmuebles24.com/propiedades/clasificado/veclcain-casa-en-venta-en-fraccionamiento-el-campanario-150689695.html,27900000,"MN 27,900,000",MXN,venta,Casa,El Campanario,Querétaro,Querétaro,429.0,602.0,Publicado hace 13 días,2026-08-01T17:28:50Z,2026-08-14T16:20:38.179902+00:00,https://www.inmuebles24.com/casas-o-casa-en-condominio-o-departamentos-en-venta-en-queretaro-provincia-ordenado-por-fechaonline-descendente.html-pagina-42.html
https://www.inmuebles24.com/propiedades/clasificado/veclcain-casa-en-venta-en-real-de-juriquilla-juriquilla-150693162.html,2750000,"MN 2,750,000",MXN,venta,Casa,Real de Juriquilla,Querétaro,Querétaro,130.0,140.0,Publicado hace 12 días,2026-08-02T05:42:04Z,2026-08-14T16:20:38.179902+00:00,https://www.inmuebles24.com/casas-o-casa-en-condominio-o-departamentos-en-venta-en-queretaro-provincia-ordenado-por-fechaonline-descendente.html-pagina-42.html
https://www.inmuebles24.com/propiedades/clasificado/veclcain-casa-en-venta-zibata-queretaro-espectacular-jardin-150694633.html,3449000,"MN 3,449,000",MXN,venta,Casa,Zibatá,El Marqués,Querétaro,179.0,152.0,Publicado hace 12 días,2026-08-02T20:27:04Z,2026-08-14T16:20:38.179902+00:00,https://www.inmuebles24.com/casas-o-casa-en-condominio-o-departamentos-en-venta-en-queretaro-provincia-ordenado-por-fechaonline-descendente.html-pagina-42.html
https://www.inmuebles24.com/propiedades/clasificado/veclcain-casa-nueva-con-3-recamaras-sala-de-tv-150694303.html,3603000,"MN 3,603,000",MXN,venta,Casa,Zibatá,El Marqués,Querétaro,142.0,142.0,Publicado hace 12 días,2026-08-02T18:09:58Z,2026-08-14T16:22:09.270501+00:00,https://www.inmuebles24.com/casas-o-casa-en-condominio-o-departamentos-en-venta-en-queretaro-provincia-ordenado-por-fechaonline-descendente.html-pagina-42.html
https://www.inmuebles24.com/propiedades/clasificado/veclcain-casa-para-remodelar-en-jurica-queretaro-1000-m-sup2-150693168.html,11500000,"MN 11,500,000",MXN,venta,Casa,Jurica,Querétaro,Querétaro,385.0,1000.0,Publicado hace 12 días,2026-08-02T05:42:07Z,2026-08-14T16:22:09.270501+00:00,https://www.inmuebles24.com/casas-o-casa-en-condominio-o-departamentos-en-venta-en-queretaro-provincia-ordenado-por-fechaonline-descendente.html-pagina-42.html
https://www.inmuebles24.com/propiedades/clasificado/veclcain-casaen-tequisquiapan-de-200-m-sup2--con-3-recamaras-150690156.html,3200000,"MN 3,200,000",MXN,venta,Casa,Adolfo Lopez Mateos,Tequisquiapan,Querétaro,202.0,200.0,Publicado hace 13 días,2026-08-01T19:21:45Z,2026-08-14T16:22:09.270501+00:00,https://www.inmuebles24.com/casas-o-casa-en-condominio-o-departamentos-en-venta-en-queretaro-provincia-ordenado-por-fechaonline-descendente.html-pagina-42.html
https://www.inmuebles24.com/propiedades/clasificado/veclcain-residencial-frondoso-150695305.html,1700000,"MN 1,700,000",MXN,venta,Casa,Modelo,Querétaro,Querétaro,110.0,78.0,Publicado hace 12 días,2026-08-03T01:36:28Z,2026-08-14T16:22:09.270501+00:00,https://www.inmuebles24.com/casas-o-casa-en-condominio-o-departamentos-en-venta-en-queretaro-provincia-ordenado-por-fechaonline-descendente.html-pagina-42.html
https://www.inmuebles24.com/propiedades/clasificado/veclcain-venta-casa-en-condominio-en-zakia-queretaro-150694682.html,2576000,"MN 2,576,000",MXN,venta,Casa,Zákia,El Marqués,Querétaro,114.0,115.0,Publicado hace 12 días,2026-08-02T20:53:15Z,2026-08-14T16:22:09.270501+00:00,https://www.inmuebles24.com/casas-o-casa-en-condominio-o-departamentos-en-venta-en-queretaro-provincia-ordenado-por-fechaonline-descendente.html-pagina-42.html
https://www.inmuebles24.com/propiedades/clasificado/veclcain-zakia-el-marques-queretaro-150695579.html,3650000,"MN 3,650,000",MXN,venta,Casa,Zákia,El Marqués,Querétaro,,,Publicado hace 12 días,2026-08-03T03:35:26Z,2026-08-14T16:22:09.270501+00:00,https://www.inmuebles24.com/casas-o-casa-en-condominio-o-departamentos-en-venta-en-queretaro-provincia-ordenado-por-fechaonline-descendente.html-pagina-42.html
https://www.inmuebles24.com/propiedades/clasificado/veclcapa-casa-nueva-150695059.html,5500000,"MN 5,500,000",MXN,venta,Casa,Cumbres del Cimatario,Huimilpan,Querétaro,290.0,308.0,Publicado hace 12 días,2026-08-02T23:57:12Z,2026-08-14T16:22:09.270501+00:00,https://www.inmuebles24.com/casas-o-casa-en-condominio-o-departamentos-en-venta-en-queretaro-provincia-ordenado-por-fechaonline-descendente.html-pagina-42.html
https://www.inmuebles24.com/propiedades/clasificado/veclccin-casa-en-venta-o-renta-en-juriquilla-santa-fe-amplias-150688392.html,4500000,"MN 4,500,000",MXN,venta,Casa en condominio,Juriquilla Santa Fe,Querétaro,Querétaro,211.0,200.0,Publicado hace 13 días,2026-08-01T08:43:31Z,2026-08-14T16:22:09.270501+00:00,https://www.inmuebles24.com/casas-o-casa-en-condominio-o-departamentos-en-venta-en-queretaro-provincia-ordenado-por-fechaonline-descendente.html-pagina-42.html
https://www.inmuebles24.com/propiedades/clasificado/veclccin-preventa-casa-moderna-con-acabados-premium-en-zakia-150693166.html,3850000,"MN 3,850,000",MXN,venta,Casa en condominio,Zákia,El Marqués,Querétaro,178.0,153.0,Publicado hace 12 días,2026-08-02T05:42:04Z,2026-08-14T16:22:09.270501+00:00,https://www.inmuebles24.com/casas-o-casa-en-condominio-o-departamentos-en-venta-en-queretaro-provincia-ordenado-por-fechaonline-descendente.html-pagina-42.html
https://www.inmuebles24.com/propiedades/clasificado/veclccin-zakia-casa-de-3-recamaras-en-venta-con-amenidades-150689887.html,2550000,"MN 2,550,000",MXN,venta,Casa en condominio,Zákia,El Marqués,Querétaro,108.0,100.0,Publicado hace 13 días,2026-08-01T18:04:58Z,2026-08-14T16:22:09.270501+00:00,https://www.inmuebles24.com/casas-o-casa-en-condominio-o-departamentos-en-venta-en-queretaro-provincia-ordenado-por-fechaonline-descendente.html-pagina-42.html
https://www.inmuebles24.com/propiedades/clasificado/veclccpa-casa-nueva-en-nuevo-refugio-jardin-terraza-150674300.html,4995000,"MN 4,995,000",MXN,venta,Casa en condominio,Residencial El Refugio,Querétaro,Querétaro,230.0,156.0,Publicado hace 12 días,2026-07-30T21:47:04Z,2026-08-14T16:23:22.674857+00:00,https://www.inmuebles24.com/casas-o-casa-en-condominio-o-departamentos-en-venta-en-queretaro-provincia-ordenado-por-fechaonline-descendente.html-pagina-42.html
https://www.inmuebles24.com/propiedades/clasificado/veclapin-departamento-en-venta-en-fraccionamiento-sonterra-150688204.html,1540000,"MN 1,540,000",MXN,venta,Apartamento,Fraccionamiento Sonterra,Querétaro,Querétaro,82.0,82.0,Publicado hace 13 días,2026-08-01T06:06:27Z,2026-08-14T16:23:22.674857+00:00,https://www.inmuebles24.com/casas-o-casa-en-condominio-o-departamentos-en-venta-en-queretaro-provincia-ordenado-por-fechaonline-descendente.html-pagina-43.html
https://www.inmuebles24.com/propiedades/clasificado/veclapin-departamento-en-venta-en-montebello-towers-milenio-150686264.html,5300000,"MN 5,300,000",MXN,venta,Apartamento,Fraccionamiento Milenio,Querétaro,Querétaro,134.0,134.0,Publicado hace 14 días,2026-08-01T00:36:02Z,2026-08-14T16:23:22.674857+00:00,https://www.inmuebles24.com/casas-o-casa-en-condominio-o-departamentos-en-venta-en-queretaro-provincia-ordenado-por-fechaonline-descendente.html-pagina-43.html
https://www.inmuebles24.com/propiedades/clasificado/veclapin-departamento-en-venta-en-sophia-distrito-150688208.html,6070077,"MN 6,070,077",MXN,venta,Apartamento,El Salitre,Querétaro,Querétaro,165.0,165.0,Publicado hace 13 días,2026-08-01T06:07Z,2026-08-14T16:23:22.674857+00:00,https://www.inmuebles24.com/casas-o-casa-en-condominio-o-departamentos-en-venta-en-queretaro-provincia-ordenado-por-fechaonline-descendente.html-pagina-43.html
https://www.inmuebles24.com/propiedades/clasificado/veclapin-el-campanario-vendo-amplio-moderno-departamento-con-150692257.html,12274047,"MN 12,274,047",MXN,venta,Apartamento,El Campanario,Querétaro,Querétaro,265.0,265.0,Publicado hace 13 días,2026-08-01T22:44:51Z,2026-08-14T16:23:22.674857+00:00,https://www.inmuebles24.com/casas-o-casa-en-condominio-o-departamentos-en-venta-en-queretaro-provincia-ordenado-por-fechaonline-descendente.html-pagina-43.html
https://www.inmuebles24.com/propiedades/clasificado/veclapin-pre-venta-refugio-nogales-ultima-etapa-150692888.html,1710000,"MN 1,710,000",MXN,venta,Apartamento,Villa Villas del Refugio,Querétaro,Querétaro,75.0,75.0,Publicado hace 13 días,2026-08-02T02:48:37Z,2026-08-14T16:23:22.674857+00:00,https://www.inmuebles24.com/casas-o-casa-en-condominio-o-departamentos-en-venta-en-queretaro-provincia-ordenado-por-fechaonline-descendente.html-pagina-43.html
https://www.inmuebles24.com/propiedades/clasificado/veclcain-casa-en-el-refugio-150692613.html,5490000,"MN 5,490,000",MXN,venta,Casa,Residencial El Refugio,Querétaro,Querétaro,220.0,140.0,Publicado hace 13 días,2026-08-02T00:46:17Z,2026-08-14T16:23:22.674857+00:00,https://www.inmuebles24.com/casas-o-casa-en-condominio-o-departamentos-en-venta-en-queretaro-provincia-ordenado-por-fechaonline-descendente.html-pagina-43.html
https://www.inmuebles24.com/propiedades/clasificado/veclcain-casa-en-venta-de-oportunidad-en-loma-dorada-150686400.html,4200000,"MN 4,200,000",MXN,venta,Casa,Loma Dorada,Querétaro,Querétaro,250.0,405.0,Publicado hace 14 días,2026-08-01T00:50:15Z,2026-08-14T16:23:22.674857+00:00,https://www.inmuebles24.com/casas-o-casa-en-condominio-o-departamentos-en-venta-en-queretaro-provincia-ordenado-por-fechaonline-descendente.html-pagina-43.html
https://www.inmuebles24.com/propiedades/clasificado/veclcain-casa-en-venta-en-cimatario-de-una-sola-planta-25o-150688123.html,3700000,"MN 3,700,000",MXN,venta,Casa,Cimatario,Querétaro,Querétaro,169.0,250.0,Publicado hace 13 días,2026-08-01T05:44:12Z,2026-08-14T16:23:22.674857+00:00,https://www.inmuebles24.com/casas-o-casa-en-condominio-o-departamentos-en-venta-en-queretaro-provincia-ordenado-por-fechaonline-descendente.html-pagina-43.html
https://www.inmuebles24.com/propiedades/clasificado/veclcain-casa-en-venta-en-club-de-golf-tequisquiapan-150686367.html,7500000,"MN 7,500,000",MXN,venta,Casa,Fraccionamiento Club de Golf Tequisquiapan,Tequisquiapan,Querétaro,480.0,480.0,Publicado hace 14 días,2026-08-01T00:47:22Z,2026-08-14T16:23:22.674857+00:00,https://www.inmuebles24.com/casas-o-casa-en-condominio-o-departamentos-en-venta-en-queretaro-provincia-ordenado-por-fechaonline-descendente.html-pagina-43.html
https://www.inmuebles24.com/propiedades/clasificado/veclcain-casa-en-venta-en-colinas-del-bosque-corregidora-150686309.html,19700000,"MN 19,700,000",MXN,venta,Casa,Fraccionamiento Colinas del Bosque,Corregidora,Querétaro,1111.0,4292.0,Publicado hace 14 días,2026-08-01T00:41Z,2026-08-14T16:24:50.283654+00:00,https://www.inmuebles24.com/casas-o-casa-en-condominio-o-departamentos-en-venta-en-queretaro-provincia-ordenado-por-fechaonline-descendente.html-pagina-43.html
https://www.inmuebles24.com/propiedades/clasificado/veclcain-casa-en-venta-en-el-campanario-150686274.html,59900000,"MN 59,900,000",MXN,venta,Casa,El Campanario,Querétaro,Querétaro,900.0,1200.0,Publicado hace 14 días,2026-08-01T00:36:27Z,2026-08-14T16:24:50.283654+00:00,https://www.inmuebles24.com/casas-o-casa-en-condominio-o-departamentos-en-venta-en-queretaro-provincia-ordenado-por-fechaonline-descendente.html-pagina-43.html
https://www.inmuebles24.com/propiedades/clasificado/veclcain-casa-en-venta-en-el-campanario-queretaro-150686258.html,74900000,"MN 74,900,000",MXN,venta,Casa,El Campanario,Querétaro,Querétaro,1380.0,1392.0,Publicado hace 14 días,2026-08-01T00:35:06Z,2026-08-14T16:24:50.283654+00:00,https://www.inmuebles24.com/casas-o-casa-en-condominio-o-departamentos-en-venta-en-queretaro-provincia-ordenado-por-fechaonline-descendente.html-pagina-43.html
https://www.inmuebles24.com/propiedades/clasificado/veclcain-casa-en-venta-en-el-pedregal-de-queretaro-150686336.html,14920000,"MN 14,920,000",MXN,venta,Casa,Fraccionamiento El Pedregal de Querétaro,Querétaro,Querétaro,533.0,533.0,Publicado hace 14 días,2026-08-01T00:43:50Z,2026-08-14T16:24:50.283654+00:00,https://www.inmuebles24.com/casas-o-casa-en-condominio-o-departamentos-en-venta-en-queretaro-provincia-ordenado-por-fechaonline-descendente.html-pagina-43.html
https://www.inmuebles24.com/propiedades/clasificado/veclcain-casa-en-venta-en-huertas-el-carmen-corregidora-150686294.html,24000000,"MN 24,000,000",MXN,venta,Casa,Residencial Huertas El Carmen,Corregidora,Querétaro,1125.0,1125.0,Publicado hace 14 días,2026-08-01T00:40:06Z,2026-08-14T16:24:50.283654+00:00,https://www.inmuebles24.com/casas-o-casa-en-condominio-o-departamentos-en-venta-en-queretaro-provincia-ordenado-por-fechaonline-descendente.html-pagina-43.html
https://www.inmuebles24.com/propiedades/clasificado/veclcain-casa-en-venta-en-lomas-del-campanario-norte-150686325.html,9500000,"MN 9,500,000",MXN,venta,Casa,Lomas del Campanario I,Querétaro,Querétaro,305.0,280.0,Publicado hace 14 días,2026-08-01T00:42:29Z,2026-08-14T16:24:50.283654+00:00,https://www.inmuebles24.com/casas-o-casa-en-condominio-o-departamentos-en-venta-en-queretaro-provincia-ordenado-por-fechaonline-descendente.html-pagina-43.html
https://www.inmuebles24.com/propiedades/clasificado/veclcain-casa-en-venta-en-lomas-del-marques-villas-palmira.-150690175.html,3500000,"MN 3,500,000",MXN,venta,Casa,Villas Palmira,Querétaro,Querétaro,158.0,136.0,Publicado hace 13 días,2026-08-01T19:25:46Z,2026-08-14T16:24:50.283654+00:00,https://www.inmuebles24.com/casas-o-casa-en-condominio-o-departamentos-en-venta-en-queretaro-provincia-ordenado-por-fechaonline-descendente.html-pagina-43.html
https://www.inmuebles24.com/propiedades/clasificado/veclcain-casa-en-venta-en-zizana-zakia-frente-a-amenidades-150692780.html,2550000,"MN 2,550,000",MXN,venta,Casa,Fraccionamiento Zizana,El Marqués,Querétaro,108.0,100.0,Publicado hace 13 días,2026-08-02T01:48:28Z,2026-08-14T16:24:50.283654+00:00,https://www.inmuebles24.com/casas-o-casa-en-condominio-o-departamentos-en-venta-en-queretaro-provincia-ordenado-por-fechaonline-descendente.html-pagina-43.html
https://www.inmuebles24.com/propiedades/clasificado/veclcain-casa-fraccionamiento-el-mirador-150692144.html,3170000,"MN 3,170,000",MXN,venta,Casa,Fraccionamiento El Mirador,El Marqués,Querétaro,192.0,128.0,Publicado hace 13 días,2026-08-01T22:05:50Z,2026-08-14T16:24:50.283654+00:00,https://www.inmuebles24.com/casas-o-casa-en-condominio-o-departamentos-en-venta-en-queretaro-provincia-ordenado-por-fechaonline-descendente.html-pagina-43.html
https://www.inmuebles24.com/propiedades/clasificado/veclcain-casa-fraccionamiento-zibata-150692600.html,6300000,"MN 6,300,000",MXN,venta,Casa,Zibatá,El Marqués,Querétaro,266.0,189.0,Publicado hace 13 días,2026-08-02T00:40:36Z,2026-08-14T16:24:50.283654+00:00,https://www.inmuebles24.com/casas-o-casa-en-condominio-o-departamentos-en-venta-en-queretaro-provincia-ordenado-por-fechaonline-descendente.html-pagina-43.html
https://www.inmuebles24.com/propiedades/clasificado/veclcain-casa-nueva-en-venta-en-el-campanario-150686239.html,29300000,"MN 29,300,000",MXN,venta,Casa,El Campanario,Querétaro,Querétaro,568.0,720.0,Publicado hace 14 días,2026-08-01T00:32:53Z,2026-08-14T16:26:19.702506+00:00,https://www.inmuebles24.com/casas-o-casa-en-condominio-o-departamentos-en-venta-en-queretaro-provincia-ordenado-por-fechaonline-descendente.html-pagina-43.html
https://www.inmuebles24.com/propiedades/clasificado/veclcain-casa-para-estrenar-en-venta-en-el-campanario-150686071.html,32900000,"MN 32,900,000",MXN,venta,Casa,El Campanario,Querétaro,Querétaro,726.0,726.0,Publicado hace 14 días,2026-08-01T00:06:12Z,2026-08-14T16:26:19.702506+00:00,https://www.inmuebles24.com/casas-o-casa-en-condominio-o-departamentos-en-venta-en-queretaro-provincia-ordenado-por-fechaonline-descendente.html-pagina-43.html
https://www.inmuebles24.com/propiedades/clasificado/veclcain-casa-preventa-venta-ciudad-del-sol-queretaro-3-150687788.html,2990000,"MN 2,990,000",MXN,venta,Casa,Fraccionamiento Ciudad del Sol,Querétaro,Querétaro,185.0,205.0,Publicado hace 13 días,2026-08-01T04:29:04Z,2026-08-14T16:26:19.702506+00:00,https://www.inmuebles24.com/casas-o-casa-en-condominio-o-departamentos-en-venta-en-queretaro-provincia-ordenado-por-fechaonline-descendente.html-pagina-43.html
https://www.inmuebles24.com/propiedades/clasificado/veclcain-casa-venta-en-el-fraccionamiento-club-de-golf-150686405.html,7500000,"MN 7,500,000",MXN,venta,Casa,Fraccionamiento Club de Golf Tequisquiapan,Tequisquiapan,Querétaro,290.0,726.0,Publicado hace 14 días,2026-08-01T00:51:17Z,2026-08-14T16:26:19.702506+00:00,https://www.inmuebles24.com/casas-o-casa-en-condominio-o-departamentos-en-venta-en-queretaro-provincia-ordenado-por-fechaonline-descendente.html-pagina-43.html
https://www.inmuebles24.com/propiedades/clasificado/veclcain-se-vende-casa-en-el-fraccionamiento-la-vida-150692418.html,1950000,"MN 1,950,000",MXN,venta,Casa,Fraccionamiento La Vida,Corregidora,Querétaro,119.0,102.0,Publicado hace 13 días,2026-08-01T23:39:24Z,2026-08-14T16:26:19.702506+00:00,https://www.inmuebles24.com/casas-o-casa-en-condominio-o-departamentos-en-venta-en-queretaro-provincia-ordenado-por-fechaonline-descendente.html-pagina-43.html
https://www.inmuebles24.com/propiedades/clasificado/veclcapa-casa-con-excelentes-espacios-150692835.html,6200000,"MN 6,200,000",MXN,venta,Casa,Fraccionamiento Cumbres del Lago,Querétaro,Querétaro,310.0,300.0,Publicado hace 13 días,2026-08-02T02:15Z,2026-08-14T16:26:19.702506+00:00,https://www.inmuebles24.com/casas-o-casa-en-condominio-o-departamentos-en-venta-en-queretaro-provincia-ordenado-por-fechaonline-descendente.html-pagina-43.html
https://www.inmuebles24.com/propiedades/clasificado/veclcapa-hermosa-casa-en-los-encinos-150690305.html,1450000,"MN 1,450,000",MXN,venta,Casa,Los Encinos,El Marqués,Querétaro,62.0,159.0,Publicado hace 13 días,2026-08-01T19:58:13Z,2026-08-14T16:26:19.702506+00:00,https://www.inmuebles24.com/casas-o-casa-en-condominio-o-departamentos-en-venta-en-queretaro-provincia-ordenado-por-fechaonline-descendente.html-pagina-43.html
https://www.inmuebles24.com/propiedades/clasificado/veclccin-casa-en-venta-en-condominio-3-recamaras-alberca-150692929.html,2800000,"MN 2,800,000",MXN,venta,Casa en condominio,Epigmenio González,Querétaro,Querétaro,115.0,157.0,Publicado hace 13 días,2026-08-02T03:23:25Z,2026-08-14T16:26:19.702506+00:00,https://www.inmuebles24.com/casas-o-casa-en-condominio-o-departamentos-en-venta-en-queretaro-provincia-ordenado-por-fechaonline-descendente.html-pagina-43.html
https://www.inmuebles24.com/propiedades/clasificado/veclccin-casa-en-venta-en-zakia-de-3-recamaras-con-amenidades-150688209.html,2650000,"MN 2,650,000",MXN,venta,Casa en condominio,Fraccionamiento Zizana,El Marqués,Querétaro,108.0,100.0,Publicado hace 13 días,2026-08-01T06:07:27Z,2026-08-14T16:26:19.702506+00:00,https://www.inmuebles24.com/casas-o-casa-en-condominio-o-departamentos-en-venta-en-queretaro-provincia-ordenado-por-fechaonline-descendente.html-pagina-43.html
https://www.inmuebles24.com/propiedades/clasificado/veclccin-zakia-venta-de-casa-3-recamaras-a-5-mnts-universidad-150688973.html,2550000,"MN 2,550,000",MXN,venta,Casa en condominio,Zákia,El Marqués,Querétaro,107.0,114.0,Publicado hace 13 días,2026-08-01T14:14:19Z,2026-08-14T16:26:19.702506+00:00,https://www.inmuebles24.com/casas-o-casa-en-condominio-o-departamentos-en-venta-en-queretaro-provincia-ordenado-por-fechaonline-descendente.html-pagina-43.html
https://www.inmuebles24.com/propiedades/clasificado/veclccpa-excelente-casa-en-venta-en-queretaro-150692930.html,2490000,"MN 2,490,000",MXN,venta,Casa en condominio,Fraccionamiento Pirámides,Corregidora,Querétaro,112.0,102.0,Publicado hace 13 días,2026-08-02T03:25:10Z,2026-08-14T16:27:47.489679+00:00,https://www.inmuebles24.com/casas-o-casa-en-condominio-o-departamentos-en-venta-en-queretaro-provincia-ordenado-por-fechaonline-descendente.html-pagina-43.html
https://www.inmuebles24.com/propiedades/clasificado/veclapin-departamento-con-vista-a-antea-y-casa-club-jurica-150683048.html,5025000,"MN 5,025,000",MXN,venta,Apartamento,Jurica,Querétaro,Querétaro,135.0,135.0,Publicado hace 14 días,2026-07-31T19:21:35Z,2026-08-14T16:27:47.489679+00:00,https://www.inmuebles24.com/casas-o-casa-en-condominio-o-departamentos-en-venta-en-queretaro-provincia-ordenado-por-fechaonline-descendente.html-pagina-44.html
https://www.inmuebles24.com/propiedades/clasificado/veclapin-departamento-en-venta-en-montebello-towers-milenio-150686262.html,5500000,"MN 5,500,000",MXN,venta,Apartamento,Fraccionamiento Milenio,Querétaro,Querétaro,134.0,134.0,Publicado hace 14 días,2026-08-01T00:35:32Z,2026-08-14T16:27:47.489679+00:00,https://www.inmuebles24.com/casas-o-casa-en-condominio-o-departamentos-en-venta-en-queretaro-provincia-ordenado-por-fechaonline-descendente.html-pagina-44.html
https://www.inmuebles24.com/propiedades/clasificado/veclapin-departamento-en-venta-en-montebello-towers-milenio-150686368.html,10500000,"MN 10,500,000",MXN,venta,Apartamento,Milenio III,Querétaro,Querétaro,273.0,273.0,Publicado hace 14 días,2026-08-01T00:47:48Z,2026-08-14T16:27:47.489679+00:00,https://www.inmuebles24.com/casas-o-casa-en-condominio-o-departamentos-en-venta-en-queretaro-provincia-ordenado-por-fechaonline-descendente.html-pagina-44.html
https://www.inmuebles24.com/propiedades/clasificado/veclapin-departamento-en-venta-entre-el-refugio-y-zibata-150683779.html,2620000,"MN 2,620,000",MXN,venta,Apartamento,Zibatá,El Marqués,Querétaro,100.0,100.0,Publicado hace 14 días,2026-07-31T20:23:56Z,2026-08-14T16:27:47.489679+00:00,https://www.inmuebles24.com/casas-o-casa-en-condominio-o-departamentos-en-venta-en-queretaro-provincia-ordenado-por-fechaonline-descendente.html-pagina-44.html
https://www.inmuebles24.com/propiedades/clasificado/veclapin-departamento-en-venta-the-grand-living-juriquilla-150681005.html,5390000,"MN 5,390,000",MXN,venta,Apartamento,Juriquilla,Querétaro,Querétaro,225.0,225.0,Publicado hace 14 días,2026-07-31T17:33:02Z,2026-08-14T16:27:47.489679+00:00,https://www.inmuebles24.com/casas-o-casa-en-condominio-o-departamentos-en-venta-en-queretaro-provincia-ordenado-por-fechaonline-descendente.html-pagina-44.html
https://www.inmuebles24.com/propiedades/clasificado/veclapin-departamento-para-estrenar-en-venta-en-the-view-el-150686304.html,13140000,"MN 13,140,000",MXN,venta,Apartamento,Fraccionamiento Hacienda Campanario Miradores,Querétaro,Querétaro,273.0,273.0,Publicado hace 14 días,2026-08-01T00:40:35Z,2026-08-14T16:27:47.489679+00:00,https://www.inmuebles24.com/casas-o-casa-en-condominio-o-departamentos-en-venta-en-queretaro-provincia-ordenado-por-fechaonline-descendente.html-pagina-44.html
https://www.inmuebles24.com/propiedades/clasificado/veclcain-casa-con-roof-garden-3-recamaras-en-venta-en-san-juan-150687395.html,3258000,"MN 3,258,000",MXN,venta,Casa,,San Juan del Río,Querétaro,189.0,120.0,Publicado hace 14 días,2026-08-01T02:14:14Z,2026-08-14T16:27:47.489679+00:00,https://www.inmuebles24.com/casas-o-casa-en-condominio-o-departamentos-en-venta-en-queretaro-provincia-ordenado-por-fechaonline-descendente.html-pagina-44.html
https://www.inmuebles24.com/propiedades/clasificado/veclcain-casa-en-venta-de-una-planta-en-el-cimatario-amplios-150684721.html,3700000,"MN 3,700,000",MXN,venta,Casa,,Querétaro,Querétaro,169.0,250.0,Publicado hace 14 días,2026-07-31T22:00:44Z,2026-08-14T16:27:47.489679+00:00,https://www.inmuebles24.com/casas-o-casa-en-condominio-o-departamentos-en-venta-en-queretaro-provincia-ordenado-por-fechaonline-descendente.html-pagina-44.html
https://www.inmuebles24.com/propiedades/clasificado/veclcain-casa-en-venta-el-campanario-queretaro-frente-al-campo-150679298.html,42200000,"MN 42,200,000",MXN,venta,Casa,El Campanario,Querétaro,Querétaro,1066.0,1275.0,Publicado hace 14 días,2026-07-31T16:37:33Z,2026-08-14T16:27:47.489679+00:00,https://www.inmuebles24.com/casas-o-casa-en-condominio-o-departamentos-en-venta-en-queretaro-provincia-ordenado-por-fechaonline-descendente.html-pagina-44.html
https://www.inmuebles24.com/propiedades/clasificado/veclcain-casa-en-venta-en-el-campanario-colindancia-a-area-150683879.html,24900000,"MN 24,900,000",MXN,venta,Casa,El Campanario,Querétaro,Querétaro,640.0,877.0,Publicado hace 14 días,2026-07-31T20:33:35Z,2026-08-14T16:29:14.758387+00:00,https://www.inmuebles24.com/casas-o-casa-en-condominio-o-departamentos-en-venta-en-queretaro-provincia-ordenado-por-fechaonline-descendente.html-pagina-44.html
https://www.inmuebles24.com/propiedades/clasificado/veclcain-casa-en-venta-en-el-campanario-queretaro.-150686150.html,38500000,"MN 38,500,000",MXN,venta,Casa,El Campanario,Querétaro,Querétaro,1256.0,1256.0,Publicado hace 14 días,2026-08-01T00:18:12Z,2026-08-14T16:29:14.758387+00:00,https://www.inmuebles24.com/casas-o-casa-en-condominio-o-departamentos-en-venta-en-queretaro-provincia-ordenado-por-fechaonline-descendente.html-pagina-44.html
https://www.inmuebles24.com/propiedades/clasificado/veclcain-casa-en-venta-en-el-mirador-oportunidad!-150683900.html,2500000,"MN 2,500,000",MXN,venta,Casa,Fraccionamiento El Mirador,El Marqués,Querétaro,110.0,90.0,Publicado hace 14 días,2026-07-31T20:34:57Z,2026-08-14T16:29:14.758387+00:00,https://www.inmuebles24.com/casas-o-casa-en-condominio-o-departamentos-en-venta-en-queretaro-provincia-ordenado-por-fechaonline-descendente.html-pagina-44.html
https://www.inmuebles24.com/propiedades/clasificado/veclcain-casa-en-venta-en-lomas-del-campanario-150682942.html,13600000,"MN 13,600,000",MXN,venta,Casa,El Campanario,Querétaro,Querétaro,362.0,313.0,Publicado hace 14 días,2026-07-31T19:14:22Z,2026-08-14T16:29:14.758387+00:00,https://www.inmuebles24.com/casas-o-casa-en-condominio-o-departamentos-en-venta-en-queretaro-provincia-ordenado-por-fechaonline-descendente.html-pagina-44.html
https://www.inmuebles24.com/propiedades/clasificado/veclcain-casa-en-venta-en-lomas-del-campanario-norte-150686256.html,10700000,"MN 10,700,000",MXN,venta,Casa,Lomas del Campanario I,Querétaro,Querétaro,372.0,311.0,Publicado hace 14 días,2026-08-01T00:34:20Z,2026-08-14T16:29:14.758387+00:00,https://www.inmuebles24.com/casas-o-casa-en-condominio-o-departamentos-en-venta-en-queretaro-provincia-ordenado-por-fechaonline-descendente.html-pagina-44.html
https://www.inmuebles24.com/propiedades/clasificado/veclcain-casa-en-venta-en-milenio-iii-queretaro-150686291.html,7750000,"MN 7,750,000",MXN,venta,Casa,Milenio III,Querétaro,Querétaro,520.0,432.0,Publicado hace 14 días,2026-08-01T00:39Z,2026-08-14T16:29:14.758387+00:00,https://www.inmuebles24.com/casas-o-casa-en-condominio-o-departamentos-en-venta-en-queretaro-provincia-ordenado-por-fechaonline-descendente.html-pagina-44.html
https://www.inmuebles24.com/propiedades/clasificado/veclcain-casa-en-venta-en-zakia-roof-garden-y-seguridad-24-7-150685370.html,2576000,"MN 2,576,000",MXN,venta,Casa,Zákia,El Marqués,Querétaro,115.0,114.0,Publicado hace 14 días,2026-07-31T22:44:44Z,2026-08-14T16:29:14.758387+00:00,https://www.inmuebles24.com/casas-o-casa-en-condominio-o-departamentos-en-venta-en-queretaro-provincia-ordenado-por-fechaonline-descendente.html-pagina-44.html
https://www.inmuebles24.com/propiedades/clasificado/veclcain-casa-en-venta-en-zen-house-oportunidad-gran-150683512.html,3500000,"MN 3,500,000",MXN,venta,Casa,Zen House Habitat,El Marqués,Querétaro,180.0,150.0,Publicado hace 14 días,2026-07-31T19:56:31Z,2026-08-14T16:29:14.758387+00:00,https://www.inmuebles24.com/casas-o-casa-en-condominio-o-departamentos-en-venta-en-queretaro-provincia-ordenado-por-fechaonline-descendente.html-pagina-44.html
https://www.inmuebles24.com/propiedades/clasificado/veclcain-casa-en-venta-renta-de-un-piso-en-milenio-iii-150681303.html,3300000,"MN 3,300,000",MXN,venta,Casa,Milenio III,Querétaro,Querétaro,103.0,175.0,Publicado hace 14 días,2026-07-31T17:47:29Z,2026-08-14T16:29:14.758387+00:00,https://www.inmuebles24.com/casas-o-casa-en-condominio-o-departamentos-en-venta-en-queretaro-provincia-ordenado-por-fechaonline-descendente.html-pagina-44.html
https://www.inmuebles24.com/propiedades/clasificado/veclcain-casa-nueva-con-3-recamaras-y-2.5-banos-en-zibata-150685611.html,3216000,"MN 3,216,000",MXN,venta,Casa,Zibatá,El Marqués,Querétaro,115.0,115.0,Publicado hace 14 días,2026-07-31T23:08:52Z,2026-08-14T16:29:14.758387+00:00,https://www.inmuebles24.com/casas-o-casa-en-condominio-o-departamentos-en-venta-en-queretaro-provincia-ordenado-por-fechaonline-descendente.html-pagina-44.html
https://www.inmuebles24.com/propiedades/clasificado/veclcain-casa-nueva-en-venta-en-altozano-150686138.html,7260000,"MN 7,260,000",MXN,venta,Casa,Altozano el Nuevo Querétaro,Querétaro,Querétaro,236.0,200.0,Publicado hace 14 días,2026-08-01T00:17:35Z,2026-08-14T16:30:25.201159+00:00,https://www.inmuebles24.com/casas-o-casa-en-condominio-o-departamentos-en-venta-en-queretaro-provincia-ordenado-por-fechaonline-descendente.html-pagina-44.html
https://www.inmuebles24.com/propiedades/clasificado/veclcain-casa-nueva-en-venta-en-altozano-150686329.html,13900000,"MN 13,900,000",MXN,venta,Casa,Altozano el Nuevo Querétaro,Querétaro,Querétaro,450.0,300.0,Publicado hace 14 días,2026-08-01T00:42:57Z,2026-08-14T16:30:25.201159+00:00,https://www.inmuebles24.com/casas-o-casa-en-condominio-o-departamentos-en-venta-en-queretaro-provincia-ordenado-por-fechaonline-descendente.html-pagina-44.html
https://www.inmuebles24.com/propiedades/clasificado/veclcain-casa-nueva-en-venta-en-altozano-queretaro.-150686315.html,21800000,"MN 21,800,000",MXN,venta,Casa,Altozano el Nuevo Querétaro,Querétaro,Querétaro,522.0,556.0,Publicado hace 14 días,2026-08-01T00:41:53Z,2026-08-14T16:30:25.201159+00:00,https://www.inmuebles24.com/casas-o-casa-en-condominio-o-departamentos-en-venta-en-queretaro-provincia-ordenado-por-fechaonline-descendente.html-pagina-44.html
https://www.inmuebles24.com/propiedades/clasificado/veclcain-casa-nueva-en-venta-en-el-campanario-150686230.html,31390000,"MN 31,390,000",MXN,venta,Casa,El Campanario,Querétaro,Querétaro,704.0,745.0,Publicado hace 14 días,2026-08-01T00:32:07Z,2026-08-14T16:30:25.201159+00:00,https://www.inmuebles24.com/casas-o-casa-en-condominio-o-departamentos-en-venta-en-queretaro-provincia-ordenado-por-fechaonline-descendente.html-pagina-44.html
https://www.inmuebles24.com/propiedades/clasificado/veclcain-cimatario-en-venta-casa-una-sola-planta-3-recamaras-150686578.html,3700000,"MN 3,700,000",MXN,venta,Casa,Cimatario,Querétaro,Querétaro,169.0,250.0,Publicado hace 14 días,2026-08-01T01:17:48Z,2026-08-14T16:30:25.201159+00:00,https://www.inmuebles24.com/casas-o-casa-en-condominio-o-departamentos-en-venta-en-queretaro-provincia-ordenado-por-fechaonline-descendente.html-pagina-44.html
https://www.inmuebles24.com/propiedades/clasificado/veclcain-jurica-casa-en-venta-con-4-habitaciones-y-bungalow-150683036.html,13000000,"MN 13,000,000",MXN,venta,Casa,Jurica,Querétaro,Querétaro,776.0,1358.0,Publicado hace 14 días,2026-07-31T19:20:24Z,2026-08-14T16:30:25.201159+00:00,https://www.inmuebles24.com/casas-o-casa-en-condominio-o-departamentos-en-venta-en-queretaro-provincia-ordenado-por-fechaonline-descendente.html-pagina-44.html
https://www.inmuebles24.com/propiedades/clasificado/veclcain-venta-jurica-campestre-casa-de-1-planta-con-150683010.html,10500000,"MN 10,500,000",MXN,venta,Casa,Jurica,Querétaro,Querétaro,445.0,600.0,Publicado hace 14 días,2026-07-31T19:18:32Z,2026-08-14T16:30:25.201159+00:00,https://www.inmuebles24.com/casas-o-casa-en-condominio-o-departamentos-en-venta-en-queretaro-provincia-ordenado-por-fechaonline-descendente.html-pagina-44.html
https://www.inmuebles24.com/propiedades/clasificado/veclcapa-casa-en-real-de-juriquilla-4-niveles-con-vista-150686369.html,6500000,"MN 6,500,000",MXN,venta,Casa,Real de Juriquilla,Querétaro,Querétaro,225.0,308.0,Publicado hace 14 días,2026-08-01T00:48Z,2026-08-14T16:30:25.201159+00:00,https://www.inmuebles24.com/casas-o-casa-en-condominio-o-departamentos-en-venta-en-queretaro-provincia-ordenado-por-fechaonline-descendente.html-pagina-44.html
https://www.inmuebles24.com/propiedades/clasificado/veclccin-casa-en-condominio-en-venta-en-el-campanario-150684961.html,49900000,"MN 49,900,000",MXN,venta,Casa en condominio,Lomas del Campanario I,Querétaro,Querétaro,1281.0,1281.0,Publicado hace 14 días,2026-07-31T22:16:21Z,2026-08-14T16:30:25.201159+00:00,https://www.inmuebles24.com/casas-o-casa-en-condominio-o-departamentos-en-venta-en-queretaro-provincia-ordenado-por-fechaonline-descendente.html-pagina-44.html
https://www.inmuebles24.com/propiedades/clasificado/veclccin-casa-renta-o-venta-4-recamaras-milenio-privada-150684090.html,4200000,"MN 4,200,000",MXN,venta,Casa en condominio,Milenio III,Querétaro,Querétaro,180.0,140.0,Publicado hace 14 días,2026-07-31T20:55:35Z,2026-08-14T16:30:25.201159+00:00,https://www.inmuebles24.com/casas-o-casa-en-condominio-o-departamentos-en-venta-en-queretaro-provincia-ordenado-por-fechaonline-descendente.html-pagina-44.html
https://www.inmuebles24.com/propiedades/clasificado/veclccin-venta-de-casa-en-puerta-de-piedra-150683831.html,3100000,"MN 3,100,000",MXN,venta,Casa en condominio,Puerta de Piedra,Corregidora,Querétaro,138.0,150.0,Publicado hace 14 días,2026-07-31T20:30Z,2026-08-14T16:31:44.626166+00:00,https://www.inmuebles24.com/casas-o-casa-en-condominio-o-departamentos-en-venta-en-queretaro-provincia-ordenado-por-fechaonline-descendente.html-pagina-44.html
https://www.inmuebles24.com/propiedades/clasificado/veclapin-departamento-en-venta-en-the-grand-living-juriquilla-150683849.html,4999000,"MN 4,999,000",MXN,venta,Apartamento,Valle de Juriquilla,Querétaro,Querétaro,141.0,141.0,Publicado hace 14 días,2026-07-31T20:31:05Z,2026-08-14T16:31:44.626166+00:00,https://www.inmuebles24.com/casas-o-casa-en-condominio-o-departamentos-en-venta-en-queretaro-provincia-ordenado-por-fechaonline-descendente.html-pagina-45.html
https://www.inmuebles24.com/propiedades/clasificado/veclcain-carretas.-casa-con-cuarto-de-servicio-sala-de-tv-4-150677094.html,7200000,"MN 7,200,000",MXN,venta,Casa,Carretas,Querétaro,Querétaro,290.0,250.0,Publicado hace 14 días,2026-07-31T03:53:38Z,2026-08-14T16:31:44.626166+00:00,https://www.inmuebles24.com/casas-o-casa-en-condominio-o-departamentos-en-venta-en-queretaro-provincia-ordenado-por-fechaonline-descendente.html-pagina-45.html
https://www.inmuebles24.com/propiedades/clasificado/veclcain-casa-en-venta-en-altozano-qro-150686028.html,6950000,"MN 6,950,000",MXN,venta,Casa,Altozano el Nuevo Querétaro,Querétaro,Querétaro,238.0,185.0,Publicado hace 14 días,2026-07-31T23:58:13Z,2026-08-14T16:31:44.626166+00:00,https://www.inmuebles24.com/casas-o-casa-en-condominio-o-departamentos-en-venta-en-queretaro-provincia-ordenado-por-fechaonline-descendente.html-pagina-45.html
https://www.inmuebles24.com/propiedades/clasificado/veclcain-casa-en-venta-en-bio-preserve-nueva-con-roof-garden-150683047.html,4270000,"MN 4,270,000",MXN,venta,Casa,Juriquilla,Querétaro,Querétaro,210.0,160.0,Publicado hace 14 días,2026-07-31T19:21:33Z,2026-08-14T16:31:44.626166+00:00,https://www.inmuebles24.com/casas-o-casa-en-condominio-o-departamentos-en-venta-en-queretaro-provincia-ordenado-por-fechaonline-descendente.html-pagina-45.html
https://www.inmuebles24.com/propiedades/clasificado/veclcain-casa-en-venta-en-ciudad-del-sol-equipada-150683586.html,2300000,"MN 2,300,000",MXN,venta,Casa,Fraccionamiento Ciudad del Sol,Querétaro,Querétaro,106.0,90.0,Publicado hace 14 días,2026-07-31T20:05:26Z,2026-08-14T16:31:44.626166+00:00,https://www.inmuebles24.com/casas-o-casa-en-condominio-o-departamentos-en-venta-en-queretaro-provincia-ordenado-por-fechaonline-descendente.html-pagina-45.html
https://www.inmuebles24.com/propiedades/clasificado/veclcain-casa-en-venta-en-colinas-del-bosque-queretaro-150677192.html,5300000,"MN 5,300,000",MXN,venta,Casa,Colinas del Bosque II,Corregidora,Querétaro,280.0,510.0,Publicado hace 14 días,2026-07-31T04:28:16Z,2026-08-14T16:31:44.626166+00:00,https://www.inmuebles24.com/casas-o-casa-en-condominio-o-departamentos-en-venta-en-queretaro-provincia-ordenado-por-fechaonline-descendente.html-pagina-45.html
https://www.inmuebles24.com/propiedades/clasificado/veclcain-casa-en-venta-en-inspira-zibata-3-recamaras-150685086.html,4070000,"MN 4,070,000",MXN,venta,Casa,Zibatá,El Marqués,Querétaro,184.0,160.0,Publicado hace 14 días,2026-07-31T22:23:24Z,2026-08-14T16:31:44.626166+00:00,https://www.inmuebles24.com/casas-o-casa-en-condominio-o-departamentos-en-venta-en-queretaro-provincia-ordenado-por-fechaonline-descendente.html-pagina-45.html
https://www.inmuebles24.com/propiedades/clasificado/veclcain-casa-en-venta-en-jurica-hermosa-residencia-con-gran-150683432.html,5515000,"MN 5,515,000",MXN,venta,Casa,Jurica,Querétaro,Querétaro,190.0,150.0,Publicado hace 14 días,2026-07-31T19:51:55Z,2026-08-14T16:31:44.626166+00:00,https://www.inmuebles24.com/casas-o-casa-en-condominio-o-departamentos-en-venta-en-queretaro-provincia-ordenado-por-fechaonline-descendente.html-pagina-45.html
https://www.inmuebles24.com/propiedades/clasificado/veclcain-casa-en-venta-en-juriquilla-san-isidro-diseno-de-150683632.html,3663000,"MN 3,663,000",MXN,venta,Casa,San Isidro,Querétaro,Querétaro,165.0,150.0,Publicado hace 14 días,2026-07-31T20:09:49Z,2026-08-14T16:31:44.626166+00:00,https://www.inmuebles24.com/casas-o-casa-en-condominio-o-departamentos-en-venta-en-queretaro-provincia-ordenado-por-fechaonline-descendente.html-pagina-45.html
https://www.inmuebles24.com/propiedades/clasificado/veclcain-casa-en-venta-en-la-espiga-queretaro-150679152.html,12500000,"MN 12,500,000",MXN,venta,Casa,La Espiga,Querétaro,Querétaro,360.0,367.0,Publicado hace 14 días,2026-07-31T16:22:44Z,2026-08-14T16:33:15.704899+00:00,https://www.inmuebles24.com/casas-o-casa-en-condominio-o-departamentos-en-venta-en-queretaro-provincia-ordenado-por-fechaonline-descendente.html-pagina-45.html
https://www.inmuebles24.com/propiedades/clasificado/veclcain-casa-en-venta-en-la-espiga-residencial-queretaro-150679139.html,10200000,"MN 10,200,000",MXN,venta,Casa,La Espiga,Querétaro,Querétaro,359.0,330.0,Publicado hace 14 días,2026-07-31T16:22:01Z,2026-08-14T16:33:15.704899+00:00,https://www.inmuebles24.com/casas-o-casa-en-condominio-o-departamentos-en-venta-en-queretaro-provincia-ordenado-por-fechaonline-descendente.html-pagina-45.html
https://www.inmuebles24.com/propiedades/clasificado/veclcain-casa-en-venta-en-los-robles-zibata-150683910.html,5000000,"MN 5,000,000",MXN,venta,Casa,Zibatá,El Marqués,Querétaro,189.0,120.0,Publicado hace 14 días,2026-07-31T20:37:24Z,2026-08-14T16:33:15.704899+00:00,https://www.inmuebles24.com/casas-o-casa-en-condominio-o-departamentos-en-venta-en-queretaro-provincia-ordenado-por-fechaonline-descendente.html-pagina-45.html
https://www.inmuebles24.com/propiedades/clasificado/veclcain-casa-en-venta-en-puerta-real-amplio-jardin-casa-150683337.html,3790000,"MN 3,790,000",MXN,venta,Casa,Fraccionamiento Puerta Real,Corregidora,Querétaro,149.0,223.0,Publicado hace 14 días,2026-07-31T19:44:44Z,2026-08-14T16:33:15.704899+00:00,https://www.inmuebles24.com/casas-o-casa-en-condominio-o-departamentos-en-venta-en-queretaro-provincia-ordenado-por-fechaonline-descendente.html-pagina-45.html
https://www.inmuebles24.com/propiedades/clasificado/veclcain-casa-en-venta-en-zakia-excelente-estado-de-150686049.html,2650000,"MN 2,650,000",MXN,venta,Casa,Zákia,El Marqués,Querétaro,108.0,100.0,Publicado hace 14 días,2026-08-01T00:03:47Z,2026-08-14T16:33:15.704899+00:00,https://www.inmuebles24.com/casas-o-casa-en-condominio-o-departamentos-en-venta-en-queretaro-provincia-ordenado-por-fechaonline-descendente.html-pagina-45.html
https://www.inmuebles24.com/propiedades/clasificado/veclcain-casa-en-venta-en-zibata-frente-a-parque-y-amenidades-150687163.html,4250000,"MN 4,250,000",MXN,venta,Casa,Zibatá,El Marqués,Querétaro,121.0,135.0,Publicado hace 14 días,2026-08-01T01:42:51Z,2026-08-14T16:33:15.704899+00:00,https://www.inmuebles24.com/casas-o-casa-en-condominio-o-departamentos-en-venta-en-queretaro-provincia-ordenado-por-fechaonline-descendente.html-pagina-45.html
https://www.inmuebles24.com/propiedades/clasificado/veclcain-casa-en-venta-en-zona-el-mirador-3-recamaras-3-banos-150683264.html,2678000,"MN 2,678,000",MXN,venta,Casa,Fraccionamiento El Mirador,El Marqués,Querétaro,108.0,108.0,Publicado hace 14 días,2026-07-31T19:39:11Z,2026-08-14T16:33:15.704899+00:00,https://www.inmuebles24.com/casas-o-casa-en-condominio-o-departamentos-en-venta-en-queretaro-provincia-ordenado-por-fechaonline-descendente.html-pagina-45.html
https://www.inmuebles24.com/propiedades/clasificado/veclcain-cumbres-del-lago-casa-en-venta-en-juriquilla-150684924.html,4890000,"MN 4,890,000",MXN,venta,Casa,Juriquilla,Querétaro,Querétaro,220.0,257.0,Publicado hace 14 días,2026-07-31T22:14:53Z,2026-08-14T16:33:15.704899+00:00,https://www.inmuebles24.com/casas-o-casa-en-condominio-o-departamentos-en-venta-en-queretaro-provincia-ordenado-por-fechaonline-descendente.html-pagina-45.html
https://www.inmuebles24.com/propiedades/clasificado/veclcain-el-cimatario-queretaro-casa-de-un-nivel-en-venta-3-150686359.html,3700000,"MN 3,700,000",MXN,venta,Casa,Colinas del Cimatario,Querétaro,Querétaro,169.0,250.0,Publicado hace 14 días,2026-08-01T00:45:27Z,2026-08-14T16:33:15.704899+00:00,https://www.inmuebles24.com/casas-o-casa-en-condominio-o-departamentos-en-venta-en-queretaro-provincia-ordenado-por-fechaonline-descendente.html-pagina-45.html
https://www.inmuebles24.com/propiedades/clasificado/veclcain-excelente-propiedad-en-venta-ubicada-en-jurica-150684049.html,990000,"MN 990,000",MXN,venta,Casa,Jurica,Querétaro,Querétaro,644.0,610.0,Publicado hace 14 días,2026-07-31T20:50:47Z,2026-08-14T16:33:15.704899+00:00,https://www.inmuebles24.com/casas-o-casa-en-condominio-o-departamentos-en-venta-en-queretaro-provincia-ordenado-por-fechaonline-descendente.html-pagina-45.html
https://www.inmuebles24.com/propiedades/clasificado/veclcain-la-vista-residencial-en-venta-en-privada-con-150683066.html,7490000,"MN 7,490,000",MXN,venta,Casa,La Vista Residencial,Querétaro,Querétaro,345.0,299.0,Publicado hace 14 días,2026-07-31T19:22:48Z,2026-08-14T16:34:40.190464+00:00,https://www.inmuebles24.com/casas-o-casa-en-condominio-o-departamentos-en-venta-en-queretaro-provincia-ordenado-por-fechaonline-descendente.html-pagina-45.html
https://www.inmuebles24.com/propiedades/clasificado/veclcain-real-solare-casa-en-venta-arquitectura-contemporanea-150684392.html,1745000,"MN 1,745,000",MXN,venta,Casa,,El Marqués,Querétaro,75.0,90.0,Publicado hace 14 días,2026-07-31T21:32:49Z,2026-08-14T16:34:40.190464+00:00,https://www.inmuebles24.com/casas-o-casa-en-condominio-o-departamentos-en-venta-en-queretaro-provincia-ordenado-por-fechaonline-descendente.html-pagina-45.html
https://www.inmuebles24.com/propiedades/clasificado/veclcain-se-vende-casa-en-balbanera-polo-y-country-club-150687326.html,22000000,"MN 22,000,000",MXN,venta,Casa,Club de golf Balvanera Polo y Country Club,Corregidora,Querétaro,383.0,1717.0,Publicado hace 14 días,2026-08-01T02:02:11Z,2026-08-14T16:34:40.190464+00:00,https://www.inmuebles24.com/casas-o-casa-en-condominio-o-departamentos-en-venta-en-queretaro-provincia-ordenado-por-fechaonline-descendente.html-pagina-45.html
https://www.inmuebles24.com/propiedades/clasificado/veclcain-venta-casa-con-4-habitaciones-excelente-ubicacion-150683014.html,15500000,"MN 15,500,000",MXN,venta,Casa,Juriquilla,Querétaro,Querétaro,587.0,814.0,Publicado hace 14 días,2026-07-31T19:18:53Z,2026-08-14T16:34:40.190464+00:00,https://www.inmuebles24.com/casas-o-casa-en-condominio-o-departamentos-en-venta-en-queretaro-provincia-ordenado-por-fechaonline-descendente.html-pagina-45.html
https://www.inmuebles24.com/propiedades/clasificado/veclcain-venta-casa-de-una-planta-colinas-del-cimatario-150686437.html,3700000,"MN 3,700,000",MXN,venta,Casa,Colinas del Cimatario,Querétaro,Querétaro,169.0,250.0,Publicado hace 14 días,2026-08-01T00:55:36Z,2026-08-14T16:34:40.190464+00:00,https://www.inmuebles24.com/casas-o-casa-en-condominio-o-departamentos-en-venta-en-queretaro-provincia-ordenado-por-fechaonline-descendente.html-pagina-45.html
https://www.inmuebles24.com/propiedades/clasificado/veclcain-venta-casa-queretaro-juriquilla-3-recamaras-150687389.html,4380000,"MN 4,380,000",MXN,venta,Casa,Juriquilla,Querétaro,Querétaro,193.0,300.0,Publicado hace 14 días,2026-08-01T02:12:26Z,2026-08-14T16:34:40.190464+00:00,https://www.inmuebles24.com/casas-o-casa-en-condominio-o-departamentos-en-venta-en-queretaro-provincia-ordenado-por-fechaonline-descendente.html-pagina-45.html
https://www.inmuebles24.com/propiedades/clasificado/veclcain-venta-de-casa-en-queretaro-col-el-pueblito-queretaro-150684853.html,550000,"MN 550,000",MXN,venta,Casa,El Pueblito,Corregidora,Querétaro,186.0,270.0,Publicado hace 14 días,2026-07-31T22:10:32Z,2026-08-14T16:34:40.190464+00:00,https://www.inmuebles24.com/casas-o-casa-en-condominio-o-departamentos-en-venta-en-queretaro-provincia-ordenado-por-fechaonline-descendente.html-pagina-45.html
https://www.inmuebles24.com/propiedades/clasificado/veclcain-venta-de-casa-en-queretaro-col-lomas-del-marques-150684653.html,702000,"MN 702,000",MXN,venta,Casa,Lomas del Marqués,Querétaro,Querétaro,250.0,137.0,Publicado hace 14 días,2026-07-31T21:56:57Z,2026-08-14T16:34:40.190464+00:00,https://www.inmuebles24.com/casas-o-casa-en-condominio-o-departamentos-en-venta-en-queretaro-provincia-ordenado-por-fechaonline-descendente.html-pagina-45.html
https://www.inmuebles24.com/propiedades/clasificado/veclccin-antea-ultimas-casas-3-habitaciones-estilo-moderno-150683022.html,5582911,"MN 5,582,911",MXN,venta,Casa en condominio,Jurica,Querétaro,Querétaro,219.0,150.0,Publicado hace 14 días,2026-07-31T19:20:01Z,2026-08-14T16:34:40.190464+00:00,https://www.inmuebles24.com/casas-o-casa-en-condominio-o-departamentos-en-venta-en-queretaro-provincia-ordenado-por-fechaonline-descendente.html-pagina-45.html
https://www.inmuebles24.com/propiedades/clasificado/veclccin-casa-de-3-recamaras-en-alegro-ii-zizana-zakia-frente-150684321.html,2550000,"MN 2,550,000",MXN,venta,Casa en condominio,Zákia,El Marqués,Querétaro,108.0,136.0,Publicado hace 14 días,2026-07-31T21:25:17Z,2026-08-14T16:34:40.190464+00:00,https://www.inmuebles24.com/casas-o-casa-en-condominio-o-departamentos-en-venta-en-queretaro-provincia-ordenado-por-fechaonline-descendente.html-pagina-45.html
https://www.inmuebles24.com/propiedades/clasificado/veclccin-casa-en-venta-remodelada-y-con-terreno-excedente-en-150680809.html,3490000,"MN 3,490,000",MXN,venta,Casa en condominio,El Salitre,Querétaro,Querétaro,162.0,208.0,Publicado hace 14 días,2026-07-31T17:22:55Z,2026-08-14T16:36:18.528308+00:00,https://www.inmuebles24.com/casas-o-casa-en-condominio-o-departamentos-en-venta-en-queretaro-provincia-ordenado-por-fechaonline-descendente.html-pagina-45.html
https://www.inmuebles24.com/propiedades/clasificado/veclapin-departamento-en-venta-con-vista-panoramica-a-jurica-150684989.html,5050000,"MN 5,050,000",MXN,venta,Apartamento,,Querétaro,Querétaro,135.0,135.0,Publicado hace 14 días,2026-07-31T22:17:49Z,2026-08-14T16:36:18.528308+00:00,https://www.inmuebles24.com/casas-o-casa-en-condominio-o-departamentos-en-venta-en-queretaro-provincia-ordenado-por-fechaonline-descendente.html-pagina-46.html
https://www.inmuebles24.com/propiedades/clasificado/veclapin-departamento-en-venta-en-altos-de-juriquilla-150687436.html,3800000,"MN 3,800,000",MXN,venta,Apartamento,Juriquilla,Querétaro,Querétaro,172.0,172.0,Publicado hace 14 días,2026-08-01T02:23:45Z,2026-08-14T16:36:18.528308+00:00,https://www.inmuebles24.com/casas-o-casa-en-condominio-o-departamentos-en-venta-en-queretaro-provincia-ordenado-por-fechaonline-descendente.html-pagina-46.html
https://www.inmuebles24.com/propiedades/clasificado/veclapin-departamento-en-venta-en-latitud-la-victoria-piso-8-150685063.html,5130000,"MN 5,130,000",MXN,venta,Apartamento,Mercurio,Querétaro,Querétaro,121.0,121.0,Publicado hace 14 días,2026-07-31T22:20:55Z,2026-08-14T16:36:18.528308+00:00,https://www.inmuebles24.com/casas-o-casa-en-condominio-o-departamentos-en-venta-en-queretaro-provincia-ordenado-por-fechaonline-descendente.html-pagina-46.html
https://www.inmuebles24.com/propiedades/clasificado/veclapin-el-mirador-departamento-duplex-en-venta-amplios-150684431.html,2050000,"MN 2,050,000",MXN,venta,Apartamento,Fraccionamiento El Mirador,El Marqués,Querétaro,105.0,105.0,Publicado hace 14 días,2026-07-31T21:37:27Z,2026-08-14T16:36:18.528308+00:00,https://www.inmuebles24.com/casas-o-casa-en-condominio-o-departamentos-en-venta-en-queretaro-provincia-ordenado-por-fechaonline-descendente.html-pagina-46.html
https://www.inmuebles24.com/propiedades/clasificado/veclapin-nuevo-refugio-departamento-en-preventa-2-recamaras-y-150686310.html,2960000,"MN 2,960,000",MXN,venta,Apartamento,,Querétaro,Querétaro,109.0,109.0,Publicado hace 14 días,2026-08-01T00:41:05Z,2026-08-14T16:36:18.528308+00:00,https://www.inmuebles24.com/casas-o-casa-en-condominio-o-departamentos-en-venta-en-queretaro-provincia-ordenado-por-fechaonline-descendente.html-pagina-46.html
https://www.inmuebles24.com/propiedades/clasificado/veclapin-zibata-departamento-cerca-de-parques-y-supermercado-en-150687458.html,3800000,"MN 3,800,000",MXN,venta,Apartamento,Zibatá,El Marqués,Querétaro,180.0,180.0,Publicado hace 14 días,2026-08-01T02:27:08Z,2026-08-14T16:36:18.528308+00:00,https://www.inmuebles24.com/casas-o-casa-en-condominio-o-departamentos-en-venta-en-queretaro-provincia-ordenado-por-fechaonline-descendente.html-pagina-46.html
https://www.inmuebles24.com/propiedades/clasificado/veclcain-casa-de-una-planta-en-venta-en-el-cimatario-amplios-150687354.html,3700000,"MN 3,700,000",MXN,venta,Casa,,Querétaro,Querétaro,169.0,250.0,Publicado hace 14 días,2026-08-01T02:06:39Z,2026-08-14T16:36:18.528308+00:00,https://www.inmuebles24.com/casas-o-casa-en-condominio-o-departamentos-en-venta-en-queretaro-provincia-ordenado-por-fechaonline-descendente.html-pagina-46.html
https://www.inmuebles24.com/propiedades/clasificado/veclcain-casa-en-venta-balcones-de-juriquilla-queretaro-150679111.html,15700000,"MN 15,700,000",MXN,venta,Casa,Balcones de Juriquilla,Querétaro,Querétaro,443.0,701.0,Publicado hace 14 días,2026-07-31T16:19:13Z,2026-08-14T16:36:18.528308+00:00,https://www.inmuebles24.com/casas-o-casa-en-condominio-o-departamentos-en-venta-en-queretaro-provincia-ordenado-por-fechaonline-descendente.html-pagina-46.html
https://www.inmuebles24.com/propiedades/clasificado/veclcain-casa-en-venta-el-refugio-queretaro-150682529.html,4900000,"MN 4,900,000",MXN,venta,Casa,Residencial El Refugio,Querétaro,Querétaro,259.0,220.0,Publicado hace 14 días,2026-07-31T18:48:06Z,2026-08-14T16:36:18.528308+00:00,https://www.inmuebles24.com/casas-o-casa-en-condominio-o-departamentos-en-venta-en-queretaro-provincia-ordenado-por-fechaonline-descendente.html-pagina-46.html
https://www.inmuebles24.com/propiedades/clasificado/veclcain-casa-en-venta-en-corregidora-qro-150679135.html,3300000,"MN 3,300,000",MXN,venta,Casa,Ampliación el Pueblito,Corregidora,Querétaro,196.0,200.0,Publicado hace 14 días,2026-07-31T16:20:41Z,2026-08-14T16:37:41.033814+00:00,https://www.inmuebles24.com/casas-o-casa-en-condominio-o-departamentos-en-venta-en-queretaro-provincia-ordenado-por-fechaonline-descendente.html-pagina-46.html
https://www.inmuebles24.com/propiedades/clasificado/veclcain-casa-en-venta-en-juriquilla-campestre-3-recamaras-150683734.html,3455000,"MN 3,455,000",MXN,venta,Casa,Juriquilla Campestre,Querétaro,Querétaro,140.0,120.0,Publicado hace 14 días,2026-07-31T20:20:12Z,2026-08-14T16:37:41.033814+00:00,https://www.inmuebles24.com/casas-o-casa-en-condominio-o-departamentos-en-venta-en-queretaro-provincia-ordenado-por-fechaonline-descendente.html-pagina-46.html
https://www.inmuebles24.com/propiedades/clasificado/veclcain-casa-en-venta-en-juriquilla-frente-al-campo-de-golf-.-150683020.html,46000000,"MN 46,000,000",MXN,venta,Casa,Juriquilla,Querétaro,Querétaro,632.0,1533.0,Publicado hace 14 días,2026-07-31T19:19:34Z,2026-08-14T16:37:41.033814+00:00,https://www.inmuebles24.com/casas-o-casa-en-condominio-o-departamentos-en-venta-en-queretaro-provincia-ordenado-por-fechaonline-descendente.html-pagina-46.html
https://www.inmuebles24.com/propiedades/clasificado/veclcain-casa-en-venta-en-la-meseta-queretaro.-3-recamaras-150683695.html,2670000,"MN 2,670,000",MXN,venta,Casa,Huertas La Joya,Querétaro,Querétaro,115.0,99.0,Publicado hace 14 días,2026-07-31T20:15:46Z,2026-08-14T16:37:41.033814+00:00,https://www.inmuebles24.com/casas-o-casa-en-condominio-o-departamentos-en-venta-en-queretaro-provincia-ordenado-por-fechaonline-descendente.html-pagina-46.html
https://www.inmuebles24.com/propiedades/clasificado/veclcain-casa-en-venta-en-villas-del-meson-juriquilla-con-gran-150682949.html,10500000,"MN 10,500,000",MXN,venta,Casa,Juriquilla,Querétaro,Querétaro,361.0,1074.0,Publicado hace 14 días,2026-07-31T19:15:19Z,2026-08-14T16:37:41.033814+00:00,https://www.inmuebles24.com/casas-o-casa-en-condominio-o-departamentos-en-venta-en-queretaro-provincia-ordenado-por-fechaonline-descendente.html-pagina-46.html
https://www.inmuebles24.com/propiedades/clasificado/veclcain-casa-en-venta-en-zakia-alberca-climatizada-y-150684496.html,2550000,"MN 2,550,000",MXN,venta,Casa,Zákia,El Marqués,Querétaro,107.0,114.0,Publicado hace 14 días,2026-07-31T21:44:28Z,2026-08-14T16:37:41.033814+00:00,https://www.inmuebles24.com/casas-o-casa-en-condominio-o-departamentos-en-venta-en-queretaro-provincia-ordenado-por-fechaonline-descendente.html-pagina-46.html
https://www.inmuebles24.com/propiedades/clasificado/veclcain-casa-en-venta-en-zibata-diseno-moderno-y-amenidades-150687263.html,3216000,"MN 3,216,000",MXN,venta,Casa,Zibatá,El Marqués,Querétaro,115.0,105.0,Publicado hace 14 días,2026-08-01T01:54:26Z,2026-08-14T16:37:41.033814+00:00,https://www.inmuebles24.com/casas-o-casa-en-condominio-o-departamentos-en-venta-en-queretaro-provincia-ordenado-por-fechaonline-descendente.html-pagina-46.html
https://www.inmuebles24.com/propiedades/clasificado/veclcain-casa-en-venta-los-robles-zire-150684091.html,3500000,"MN 3,500,000",MXN,venta,Casa,Ziré Citadela,El Marqués,Querétaro,136.0,107.0,Publicado hace 14 días,2026-07-31T20:55:36Z,2026-08-14T16:37:41.033814+00:00,https://www.inmuebles24.com/casas-o-casa-en-condominio-o-departamentos-en-venta-en-queretaro-provincia-ordenado-por-fechaonline-descendente.html-pagina-46.html
https://www.inmuebles24.com/propiedades/clasificado/veclcain-casa-nueva-con-4-recamaras-y-3.5-banos-en-zibata-150685666.html,3930000,"MN 3,930,000",MXN,venta,Casa,Zibatá,El Marqués,Querétaro,141.0,141.0,Publicado hace 14 días,2026-07-31T23:14:13Z,2026-08-14T16:37:41.033814+00:00,https://www.inmuebles24.com/casas-o-casa-en-condominio-o-departamentos-en-venta-en-queretaro-provincia-ordenado-por-fechaonline-descendente.html-pagina-46.html
https://www.inmuebles24.com/propiedades/clasificado/veclcain-colinas-del-cimatario-casa-en-venta-de-una-sola-150686301.html,3700000,"MN 3,700,000",MXN,venta,Casa,Colinas del Cimatario,Querétaro,Querétaro,169.0,250.0,Publicado hace 14 días,2026-08-01T00:40:14Z,2026-08-14T16:37:41.033814+00:00,https://www.inmuebles24.com/casas-o-casa-en-condominio-o-departamentos-en-venta-en-queretaro-provincia-ordenado-por-fechaonline-descendente.html-pagina-46.html
https://www.inmuebles24.com/propiedades/clasificado/veclcain-real-solare-casa-en-venta-escritura-inmediata-y-150684360.html,1640000,"MN 1,640,000",MXN,venta,Casa,,El Marqués,Querétaro,75.0,90.0,Publicado hace 14 días,2026-07-31T21:29:36Z,2026-08-14T16:39:12.395833+00:00,https://www.inmuebles24.com/casas-o-casa-en-condominio-o-departamentos-en-venta-en-queretaro-provincia-ordenado-por-fechaonline-descendente.html-pagina-46.html
https://www.inmuebles24.com/propiedades/clasificado/veclcain-real-solare-casa-en-venta-invierte-en-una-zona-de-150684589.html,1985000,"MN 1,985,000",MXN,venta,Casa,,El Marqués,Querétaro,85.0,90.0,Publicado hace 14 días,2026-07-31T21:52:40Z,2026-08-14T16:39:12.395833+00:00,https://www.inmuebles24.com/casas-o-casa-en-condominio-o-departamentos-en-venta-en-queretaro-provincia-ordenado-por-fechaonline-descendente.html-pagina-46.html
https://www.inmuebles24.com/propiedades/clasificado/veclcain-venta-casa-en-gran-reserva-preserve-con-habitacion-en-150682953.html,4250000,"MN 4,250,000",MXN,venta,Casa,Juriquilla,Querétaro,Querétaro,203.0,214.0,Publicado hace 14 días,2026-07-31T19:16:05Z,2026-08-14T16:39:12.395833+00:00,https://www.inmuebles24.com/casas-o-casa-en-condominio-o-departamentos-en-venta-en-queretaro-provincia-ordenado-por-fechaonline-descendente.html-pagina-46.html
https://www.inmuebles24.com/propiedades/clasificado/veclcain-zibata-casa-de-una-planta-en-preventa-2-recamaras-150687412.html,3770000,"MN 3,770,000",MXN,venta,Casa,Zibatá,El Marqués,Querétaro,130.0,150.0,Publicado hace 14 días,2026-08-01T02:19:01Z,2026-08-14T16:39:12.395833+00:00,https://www.inmuebles24.com/casas-o-casa-en-condominio-o-departamentos-en-venta-en-queretaro-provincia-ordenado-por-fechaonline-descendente.html-pagina-46.html
https://www.inmuebles24.com/propiedades/clasificado/veclcain-zibata-casa-en-venta-arquitectura-de-autor-y-150687397.html,8315000,"MN 8,315,000",MXN,venta,Casa,Zibatá,El Marqués,Querétaro,176.0,172.0,Publicado hace 14 días,2026-08-01T02:15:04Z,2026-08-14T16:39:12.395833+00:00,https://www.inmuebles24.com/casas-o-casa-en-condominio-o-departamentos-en-venta-en-queretaro-provincia-ordenado-por-fechaonline-descendente.html-pagina-46.html
https://www.inmuebles24.com/propiedades/clasificado/veclccin-casa-en-venta-en-altos-juriquilla-con-amenidades-150682970.html,4575000,"MN 4,575,000",MXN,venta,Casa en condominio,Juriquilla,Querétaro,Querétaro,215.0,296.0,Publicado hace 14 días,2026-07-31T19:16:29Z,2026-08-14T16:39:12.395833+00:00,https://www.inmuebles24.com/casas-o-casa-en-condominio-o-departamentos-en-venta-en-queretaro-provincia-ordenado-por-fechaonline-descendente.html-pagina-46.html
https://www.inmuebles24.com/propiedades/clasificado/veclccin-casa-en-venta-en-lomas-del-campanario-iv-con-3-150683045.html,11400000,"MN 11,400,000",MXN,venta,Casa en condominio,Lomas del Campanario I,Querétaro,Querétaro,350.0,315.0,Publicado hace 14 días,2026-07-31T19:21:07Z,2026-08-14T16:39:12.395833+00:00,https://www.inmuebles24.com/casas-o-casa-en-condominio-o-departamentos-en-venta-en-queretaro-provincia-ordenado-por-fechaonline-descendente.html-pagina-46.html
https://www.inmuebles24.com/propiedades/clasificado/veclccin-casa-en-venta-en-torre-de-piedra-zaru-en-la-zona-de-150682975.html,3917000,"MN 3,917,000",MXN,venta,Casa en condominio,Fraccionamiento Zarú,El Marqués,Querétaro,141.0,133.0,Publicado hace 14 días,2026-07-31T19:16:54Z,2026-08-14T16:39:12.395833+00:00,https://www.inmuebles24.com/casas-o-casa-en-condominio-o-departamentos-en-venta-en-queretaro-provincia-ordenado-por-fechaonline-descendente.html-pagina-46.html
https://www.inmuebles24.com/propiedades/clasificado/veclccin-estrene-casa-con-4-recamaras-en-gran-reserva-preserve-150681115.html,3890000,"MN 3,890,000",MXN,venta,Casa en condominio,,Querétaro,Querétaro,172.0,140.0,Publicado hace 14 días,2026-07-31T17:39:12Z,2026-08-14T16:39:12.395833+00:00,https://www.inmuebles24.com/casas-o-casa-en-condominio-o-departamentos-en-venta-en-queretaro-provincia-ordenado-por-fechaonline-descendente.html-pagina-46.html
https://www.inmuebles24.com/propiedades/clasificado/veclccin-estrene-casa-en-condominio-la-reserva-hai-fracc.-150682837.html,4875000,"MN 4,875,000",MXN,venta,Casa en condominio,Zibatá,El Marqués,Querétaro,175.0,250.0,Publicado hace 14 días,2026-07-31T19:06:42Z,2026-08-14T16:39:12.395833+00:00,https://www.inmuebles24.com/casas-o-casa-en-condominio-o-departamentos-en-venta-en-queretaro-provincia-ordenado-por-fechaonline-descendente.html-pagina-46.html
https://www.inmuebles24.com/propiedades/clasificado/veclccin-zizana-se-vende-casa-con-3-recamaras-ubicada-frente-150684789.html,2550000,"MN 2,550,000",MXN,venta,Casa en condominio,Fraccionamiento Zizana,El Marqués,Querétaro,108.0,100.0,Publicado hace 14 días,2026-07-31T22:07:03Z,2026-08-14T16:40:31.702999+00:00,https://www.inmuebles24.com/casas-o-casa-en-condominio-o-departamentos-en-venta-en-queretaro-provincia-ordenado-por-fechaonline-descendente.html-pagina-46.html
https://www.inmuebles24.com/propiedades/clasificado/veclapin-departamento-en-venta-en-cond.-ikani-fracc.-cumbres-150675771.html,7100000,"MN 7,100,000",MXN,venta,Apartamento,Juriquilla,Querétaro,Querétaro,166.0,166.0,Publicado hace 15 días,2026-07-31T00:04:12Z,2026-08-14T16:40:31.702999+00:00,https://www.inmuebles24.com/casas-o-casa-en-condominio-o-departamentos-en-venta-en-queretaro-provincia-ordenado-por-fechaonline-descendente.html-pagina-47.html
https://www.inmuebles24.com/propiedades/clasificado/veclapin-departamento-en-venta-en-el-mirador-queretaro-150674837.html,2540000,"MN 2,540,000",MXN,venta,Apartamento,Zibatá,El Marqués,Querétaro,81.0,81.0,Publicado hace 14 días,2026-07-30T22:28:02Z,2026-08-14T16:40:31.702999+00:00,https://www.inmuebles24.com/casas-o-casa-en-condominio-o-departamentos-en-venta-en-queretaro-provincia-ordenado-por-fechaonline-descendente.html-pagina-47.html
https://www.inmuebles24.com/propiedades/clasificado/veclapin-departamento-en-venta-en-el-mirador-queretaro-150675387.html,1730000,"MN 1,730,000",MXN,venta,Apartamento,Zibatá,El Marqués,Querétaro,70.0,70.0,Publicado hace 14 días,2026-07-30T23:24:15Z,2026-08-14T16:40:31.702999+00:00,https://www.inmuebles24.com/casas-o-casa-en-condominio-o-departamentos-en-venta-en-queretaro-provincia-ordenado-por-fechaonline-descendente.html-pagina-47.html
https://www.inmuebles24.com/propiedades/clasificado/veclapin-departamento-en-venta-en-la-ceiba-para-inversion-con-150679322.html,3600000,"MN 3,600,000",MXN,venta,Apartamento,,Querétaro,Querétaro,85.0,85.0,Publicado hace 14 días,2026-07-31T16:40:26Z,2026-08-14T16:40:31.702999+00:00,https://www.inmuebles24.com/casas-o-casa-en-condominio-o-departamentos-en-venta-en-queretaro-provincia-ordenado-por-fechaonline-descendente.html-pagina-47.html
https://www.inmuebles24.com/propiedades/clasificado/veclapin-venta-depa-para-inversionistas-queretaro-cerca-itesm-150674752.html,3150000,"MN 3,150,000",MXN,venta,Apartamento,San Pablo,Querétaro,Querétaro,160.0,160.0,Publicado hace 15 días,2026-07-30T22:20:12Z,2026-08-14T16:40:31.702999+00:00,https://www.inmuebles24.com/casas-o-casa-en-condominio-o-departamentos-en-venta-en-queretaro-provincia-ordenado-por-fechaonline-descendente.html-pagina-47.html
https://www.inmuebles24.com/propiedades/clasificado/veclappa-departamento-nuevo-en-zibata-133-m-sup2--entrega-150683235.html,3900000,"MN 3,900,000",MXN,venta,Apartamento,Zibatá,El Marqués,Querétaro,133.0,133.0,Publicado hace 14 días,2026-07-31T19:37:05Z,2026-08-14T16:40:31.702999+00:00,https://www.inmuebles24.com/casas-o-casa-en-condominio-o-departamentos-en-venta-en-queretaro-provincia-ordenado-por-fechaonline-descendente.html-pagina-47.html
https://www.inmuebles24.com/propiedades/clasificado/veclappa-departamento-queretaro-juriquilla-venta-directa-150679342.html,5500000,"MN 5,500,000",MXN,venta,Apartamento,Juriquilla,Querétaro,Querétaro,111.0,,Publicado hace 14 días,2026-07-31T16:42:20Z,2026-08-14T16:40:31.702999+00:00,https://www.inmuebles24.com/casas-o-casa-en-condominio-o-departamentos-en-venta-en-queretaro-provincia-ordenado-por-fechaonline-descendente.html-pagina-47.html
https://www.inmuebles24.com/propiedades/clasificado/veclcain-alleza-mirador-op-maru-150672774.html,3190000,"MN 3,190,000",MXN,venta,Casa,Alleza Mirador,El Marqués,Querétaro,146.0,114.0,Publicado hace 15 días,2026-07-30T19:51:06Z,2026-08-14T16:40:31.702999+00:00,https://www.inmuebles24.com/casas-o-casa-en-condominio-o-departamentos-en-venta-en-queretaro-provincia-ordenado-por-fechaonline-descendente.html-pagina-47.html
https://www.inmuebles24.com/propiedades/clasificado/veclcain-casa-en-renta-150683608.html,8500000,"MN 8,500,000",MXN,venta,Casa,Misión de San Jerónimo,Querétaro,Querétaro,335.0,350.0,Publicado hace 14 días,2026-07-31T20:07:13Z,2026-08-14T16:40:31.702999+00:00,https://www.inmuebles24.com/casas-o-casa-en-condominio-o-departamentos-en-venta-en-queretaro-provincia-ordenado-por-fechaonline-descendente.html-pagina-47.html
https://www.inmuebles24.com/propiedades/clasificado/veclcain-casa-en-venta-cumbres-del-lago-150676289.html,5900000,"MN 5,900,000",MXN,venta,Casa,Juriquilla,Querétaro,Querétaro,339.0,270.0,Publicado hace 15 días,2026-07-31T01:25:48Z,2026-08-14T16:41:48.987506+00:00,https://www.inmuebles24.com/casas-o-casa-en-condominio-o-departamentos-en-venta-en-queretaro-provincia-ordenado-por-fechaonline-descendente.html-pagina-47.html
https://www.inmuebles24.com/propiedades/clasificado/veclcain-casa-en-venta-en-el-condado-150687402.html,5200000,"MN 5,200,000",MXN,venta,Casa,El Condado,Corregidora,Querétaro,315.0,198.0,Publicado hace 14 días,2026-08-01T02:16:20Z,2026-08-14T16:41:48.987506+00:00,https://www.inmuebles24.com/casas-o-casa-en-condominio-o-departamentos-en-venta-en-queretaro-provincia-ordenado-por-fechaonline-descendente.html-pagina-47.html
https://www.inmuebles24.com/propiedades/clasificado/veclcain-casa-en-venta-en-plazas-del-sol-150674417.html,2400000,"MN 2,400,000",MXN,venta,Casa,Plazas del Sol 2a Sección,Querétaro,Querétaro,115.0,105.0,Publicado hace 15 días,2026-07-30T21:57:23Z,2026-08-14T16:41:48.987506+00:00,https://www.inmuebles24.com/casas-o-casa-en-condominio-o-departamentos-en-venta-en-queretaro-provincia-ordenado-por-fechaonline-descendente.html-pagina-47.html
https://www.inmuebles24.com/propiedades/clasificado/veclcain-casa-en-venta-en-santa-elena-queretaro-alberca-150669989.html,4800000,"MN 4,800,000",MXN,venta,Casa,Fraccionamiento Provincia Santa Elena,Querétaro,Querétaro,250.0,225.0,Publicado hace 15 días,2026-07-30T17:24:18Z,2026-08-14T16:41:48.987506+00:00,https://www.inmuebles24.com/casas-o-casa-en-condominio-o-departamentos-en-venta-en-queretaro-provincia-ordenado-por-fechaonline-descendente.html-pagina-47.html
https://www.inmuebles24.com/propiedades/clasificado/veclcain-casa-en-venta-nueva-en-fracc-el-refugio-queretaro-150680160.html,4200000,"MN 4,200,000",MXN,venta,Casa,Residencial El Refugio,Querétaro,Querétaro,132.0,132.0,Publicado hace 14 días,2026-07-31T17:06:57Z,2026-08-14T16:41:48.987506+00:00,https://www.inmuebles24.com/casas-o-casa-en-condominio-o-departamentos-en-venta-en-queretaro-provincia-ordenado-por-fechaonline-descendente.html-pagina-47.html
https://www.inmuebles24.com/propiedades/clasificado/veclcain-casa-reforma-agraria-150687345.html,4500000,"MN 4,500,000",MXN,venta,Casa,Reforma Agraria,Querétaro,Querétaro,600.0,250.0,Publicado hace 14 días,2026-08-01T02:05:03Z,2026-08-14T16:41:48.987506+00:00,https://www.inmuebles24.com/casas-o-casa-en-condominio-o-departamentos-en-venta-en-queretaro-provincia-ordenado-por-fechaonline-descendente.html-pagina-47.html
https://www.inmuebles24.com/propiedades/clasificado/veclcain-casa-residencial-vista-real-150687460.html,7830000,"MN 7,830,000",MXN,venta,Casa,Residencial Vista Real,Corregidora,Querétaro,400.0,800.0,Publicado hace 14 días,2026-08-01T02:27:44Z,2026-08-14T16:41:48.987506+00:00,https://www.inmuebles24.com/casas-o-casa-en-condominio-o-departamentos-en-venta-en-queretaro-provincia-ordenado-por-fechaonline-descendente.html-pagina-47.html
https://www.inmuebles24.com/propiedades/clasificado/veclcain-casa-vista-alegre-150684587.html,3700000,"MN 3,700,000",MXN,venta,Casa,Vista Alegre,Querétaro,Querétaro,137.0,128.0,Publicado hace 14 días,2026-07-31T21:52:29Z,2026-08-14T16:41:48.987506+00:00,https://www.inmuebles24.com/casas-o-casa-en-condominio-o-departamentos-en-venta-en-queretaro-provincia-ordenado-por-fechaonline-descendente.html-pagina-47.html
https://www.inmuebles24.com/propiedades/clasificado/veclcain-el-campanario-queretaro-150685641.html,29850000,"MN 29,850,000",MXN,venta,Casa,El Campanario,Querétaro,Querétaro,1425.0,1425.0,Publicado hace 14 días,2026-07-31T23:12:05Z,2026-08-14T16:41:48.987506+00:00,https://www.inmuebles24.com/casas-o-casa-en-condominio-o-departamentos-en-venta-en-queretaro-provincia-ordenado-por-fechaonline-descendente.html-pagina-47.html
https://www.inmuebles24.com/propiedades/clasificado/veclcain-milenio-3-vendo-casa-en-privadas-con-amenidades-y-150678356.html,4650000,"MN 4,650,000",MXN,venta,Casa,Milenio III,Querétaro,Querétaro,196.0,128.0,Publicado hace 14 días,2026-07-31T14:22:30Z,2026-08-14T16:41:48.987506+00:00,https://www.inmuebles24.com/casas-o-casa-en-condominio-o-departamentos-en-venta-en-queretaro-provincia-ordenado-por-fechaonline-descendente.html-pagina-47.html
https://www.inmuebles24.com/propiedades/clasificado/veclcain-renta-de-casa-en-vista-real-extraordinaria-residencia-150678072.html,12500000,"MN 12,500,000",MXN,venta,Casa,Fraccionamiento Los Cipreses,Corregidora,Querétaro,352.0,712.0,Publicado hace 14 días,2026-07-31T13:22:09Z,2026-08-14T16:43:27.958881+00:00,https://www.inmuebles24.com/casas-o-casa-en-condominio-o-departamentos-en-venta-en-queretaro-provincia-ordenado-por-fechaonline-descendente.html-pagina-47.html
https://www.inmuebles24.com/propiedades/clasificado/veclcain-tu-estilo-de-vida-cluster-con-alberca-artelia-150675886.html,3450000,"MN 3,450,000",MXN,venta,Casa,Tejeda,Corregidora,Querétaro,150.0,144.0,Publicado hace 15 días,2026-07-31T00:20:35Z,2026-08-14T16:43:27.958881+00:00,https://www.inmuebles24.com/casas-o-casa-en-condominio-o-departamentos-en-venta-en-queretaro-provincia-ordenado-por-fechaonline-descendente.html-pagina-47.html
https://www.inmuebles24.com/propiedades/clasificado/veclcain-una-planta-con-doble-altura-cluster-con-alberca-150675736.html,3150000,"MN 3,150,000",MXN,venta,Casa,Tejeda,Corregidora,Querétaro,120.0,144.0,Publicado hace 15 días,2026-07-30T23:59:45Z,2026-08-14T16:43:27.958881+00:00,https://www.inmuebles24.com/casas-o-casa-en-condominio-o-departamentos-en-venta-en-queretaro-provincia-ordenado-por-fechaonline-descendente.html-pagina-47.html
https://www.inmuebles24.com/propiedades/clasificado/veclcain-venta-de-casa-fantastica-residencia-con-alberca-150678181.html,6600000,"MN 6,600,000",MXN,venta,Casa,Fraccionamiento Cumbres del Lago,Querétaro,Querétaro,312.0,270.0,Publicado hace 14 días,2026-07-31T13:33:35Z,2026-08-14T16:43:27.958881+00:00,https://www.inmuebles24.com/casas-o-casa-en-condominio-o-departamentos-en-venta-en-queretaro-provincia-ordenado-por-fechaonline-descendente.html-pagina-47.html
https://www.inmuebles24.com/propiedades/clasificado/veclcapa-casa-belli-elite-en-venta-en-zakia-150675933.html,3595000,"MN 3,595,000",MXN,venta,Casa,Zákia,El Marqués,Querétaro,142.0,142.0,Publicado hace 15 días,2026-07-31T00:27:14Z,2026-08-14T16:43:27.958881+00:00,https://www.inmuebles24.com/casas-o-casa-en-condominio-o-departamentos-en-venta-en-queretaro-provincia-ordenado-por-fechaonline-descendente.html-pagina-47.html
https://www.inmuebles24.com/propiedades/clasificado/veclcapa-casa-de-una-planta-en-carretas-muy-cerca-del-parque-150686546.html,6200000,"MN 6,200,000",MXN,venta,Casa,Carretas,Querétaro,Querétaro,241.0,262.0,Publicado hace 14 días,2026-08-01T01:11:21Z,2026-08-14T16:43:27.958881+00:00,https://www.inmuebles24.com/casas-o-casa-en-condominio-o-departamentos-en-venta-en-queretaro-provincia-ordenado-por-fechaonline-descendente.html-pagina-47.html
https://www.inmuebles24.com/propiedades/clasificado/veclcapa-casa-en-venta-el-encino-residencial-150007881.html,4000000,"MN 4,000,000",MXN,venta,Casa,El Encino Residencial,Huimilpan,Querétaro,140.0,200.0,Publicado hace 14 días,2026-05-27T01:10:19Z,2026-08-14T16:43:27.958881+00:00,https://www.inmuebles24.com/casas-o-casa-en-condominio-o-departamentos-en-venta-en-queretaro-provincia-ordenado-por-fechaonline-descendente.html-pagina-47.html
https://www.inmuebles24.com/propiedades/clasificado/veclcapa-estrena-residencia-en-san-isidro-juriquilla-150682181.html,3000000,"MN 3,000,000",MXN,venta,Casa,San Isidro,Querétaro,Querétaro,165.0,128.0,Publicado hace 14 días,2026-07-31T18:27:53Z,2026-08-14T16:43:27.958881+00:00,https://www.inmuebles24.com/casas-o-casa-en-condominio-o-departamentos-en-venta-en-queretaro-provincia-ordenado-por-fechaonline-descendente.html-pagina-47.html
https://www.inmuebles24.com/propiedades/clasificado/veclcapa-exclusivo-conjunto-residencial-en-colonia-las-brujas-150684340.html,15200000,"MN 15,200,000",MXN,venta,Casa,Alamos 1a Sección,Querétaro,Querétaro,569.0,630.0,Publicado hace 14 días,2026-07-31T21:27:04Z,2026-08-14T16:43:27.958881+00:00,https://www.inmuebles24.com/casas-o-casa-en-condominio-o-departamentos-en-venta-en-queretaro-provincia-ordenado-por-fechaonline-descendente.html-pagina-47.html
https://www.inmuebles24.com/propiedades/clasificado/veclcapa-la-casa-de-tus-suenos-150679020.html,3385000,"MN 3,385,000",MXN,venta,Casa,Capital Sur,El Marqués,Querétaro,191.0,99.0,Publicado hace 14 días,2026-07-31T16:05:35Z,2026-08-14T16:43:27.958881+00:00,https://www.inmuebles24.com/casas-o-casa-en-condominio-o-departamentos-en-venta-en-queretaro-provincia-ordenado-por-fechaonline-descendente.html-pagina-47.html
https://www.inmuebles24.com/propiedades/clasificado/veclccin-casa-en-condominio-rincones-el-marques-150684821.html,1855000,"MN 1,855,000",MXN,venta,Casa en condominio,Rincones el Marqués,El Marqués,Querétaro,,,Publicado hace 14 días,2026-07-31T22:08:30Z,2026-08-14T16:44:52.874800+00:00,https://www.inmuebles24.com/casas-o-casa-en-condominio-o-departamentos-en-venta-en-queretaro-provincia-ordenado-por-fechaonline-descendente.html-pagina-47.html
https://www.inmuebles24.com/propiedades/clasificado/veclapin-casa-en-venta-en-volterra-la-vista-queretaro-150668097.html,3170000,"MN 3,170,000",MXN,venta,Apartamento,La Vista Residencial,Querétaro,Querétaro,108.0,108.0,Publicado hace 15 días,2026-07-30T15:54:46Z,2026-08-14T16:44:52.874800+00:00,https://www.inmuebles24.com/casas-o-casa-en-condominio-o-departamentos-en-venta-en-queretaro-provincia-ordenado-por-fechaonline-descendente.html-pagina-48.html
https://www.inmuebles24.com/propiedades/clasificado/veclapin-departamento-amueblado-en-venta-alia-sky-living-150669098.html,4600000,"MN 4,600,000",MXN,venta,Apartamento,Centro Sur,Querétaro,Querétaro,108.0,108.0,Publicado hace 15 días,2026-07-30T16:53:29Z,2026-08-14T16:44:52.874800+00:00,https://www.inmuebles24.com/casas-o-casa-en-condominio-o-departamentos-en-venta-en-queretaro-provincia-ordenado-por-fechaonline-descendente.html-pagina-48.html
https://www.inmuebles24.com/propiedades/clasificado/veclapin-departamento-en-venta-con-patio-y-terreno-excedente-150675907.html,1600000,"MN 1,600,000",MXN,venta,Apartamento,Fraccionamiento La Pradera,El Marqués,Querétaro,57.0,110.0,Publicado hace 15 días,2026-07-31T00:24:08Z,2026-08-14T16:44:52.874800+00:00,https://www.inmuebles24.com/casas-o-casa-en-condominio-o-departamentos-en-venta-en-queretaro-provincia-ordenado-por-fechaonline-descendente.html-pagina-48.html
https://www.inmuebles24.com/propiedades/clasificado/veclapin-departamento-en-venta-pb-villas-del-refugio-queretaro-150670147.html,1100000,"MN 1,100,000",MXN,venta,Apartamento,Villas del Refugio,El Marqués,Querétaro,57.0,57.0,Publicado hace 15 días,2026-07-30T17:39:37Z,2026-08-14T16:44:52.874800+00:00,https://www.inmuebles24.com/casas-o-casa-en-condominio-o-departamentos-en-venta-en-queretaro-provincia-ordenado-por-fechaonline-descendente.html-pagina-48.html
https://www.inmuebles24.com/propiedades/clasificado/veclapin-rdv-departamento-venta-canadas-del-lago-corregidora-150655833.html,2800000,"MN 2,800,000",MXN,venta,Apartamento,Fraccionamiento Cañadas del Lago,Corregidora,Querétaro,83.0,83.0,Publicado hace 15 días,2026-07-28T22:55:56Z,2026-08-14T16:44:52.874800+00:00,https://www.inmuebles24.com/casas-o-casa-en-condominio-o-departamentos-en-venta-en-queretaro-provincia-ordenado-por-fechaonline-descendente.html-pagina-48.html
https://www.inmuebles24.com/propiedades/clasificado/veclapin-venta-departamento-wise-living-queretaro-150668809.html,5250000,"MN 5,250,000",MXN,venta,Apartamento,Juriquilla,Querétaro,Querétaro,162.0,162.0,Publicado hace 15 días,2026-07-30T16:47:40Z,2026-08-14T16:44:52.874800+00:00,https://www.inmuebles24.com/casas-o-casa-en-condominio-o-departamentos-en-venta-en-queretaro-provincia-ordenado-por-fechaonline-descendente.html-pagina-48.html
https://www.inmuebles24.com/propiedades/clasificado/veclcain-casa-de-139-m-sup2--con-3-recamaras-en-venta-en-150672878.html,3200000,"MN 3,200,000",MXN,venta,Casa,Condominio Amstel,Corregidora,Querétaro,199.0,139.0,Publicado hace 15 días,2026-07-30T19:57:10Z,2026-08-14T16:44:52.874800+00:00,https://www.inmuebles24.com/casas-o-casa-en-condominio-o-departamentos-en-venta-en-queretaro-provincia-ordenado-por-fechaonline-descendente.html-pagina-48.html
https://www.inmuebles24.com/propiedades/clasificado/veclcain-casa-de-300-m-sup2--con-3-recamaras-en-venta-en-150670584.html,5000000,"MN 5,000,000",MXN,venta,Casa,Conjunto habitacional Claustros de la Corregidora,Querétaro,Querétaro,191.0,300.0,Publicado hace 15 días,2026-07-30T18:06:56Z,2026-08-14T16:44:52.874800+00:00,https://www.inmuebles24.com/casas-o-casa-en-condominio-o-departamentos-en-venta-en-queretaro-provincia-ordenado-por-fechaonline-descendente.html-pagina-48.html
https://www.inmuebles24.com/propiedades/clasificado/veclcain-casa-en-venta-casa-en-milenio-iii-excelente-ubicacion-150668092.html,4350000,"MN 4,350,000",MXN,venta,Casa,Milenio III,Querétaro,Querétaro,192.0,170.0,Publicado hace 15 días,2026-07-30T15:54:28Z,2026-08-14T16:44:52.874800+00:00,https://www.inmuebles24.com/casas-o-casa-en-condominio-o-departamentos-en-venta-en-queretaro-provincia-ordenado-por-fechaonline-descendente.html-pagina-48.html
https://www.inmuebles24.com/propiedades/clasificado/veclcain-casa-en-venta-el-campanario-residencial-golf-150676301.html,27450000,"MN 27,450,000",MXN,venta,Casa,El Campanario,Querétaro,Querétaro,580.0,683.0,Publicado hace 15 días,2026-07-31T01:27:44Z,2026-08-14T16:46:19.777823+00:00,https://www.inmuebles24.com/casas-o-casa-en-condominio-o-departamentos-en-venta-en-queretaro-provincia-ordenado-por-fechaonline-descendente.html-pagina-48.html
https://www.inmuebles24.com/propiedades/clasificado/veclcain-casa-en-venta-en-grand-juriquilla-hermosa!-4ta-150670702.html,3690000,"MN 3,690,000",MXN,venta,Casa,Juriquilla,Querétaro,Querétaro,190.0,190.0,Publicado hace 15 días,2026-07-30T18:16:40Z,2026-08-14T16:46:19.777823+00:00,https://www.inmuebles24.com/casas-o-casa-en-condominio-o-departamentos-en-venta-en-queretaro-provincia-ordenado-por-fechaonline-descendente.html-pagina-48.html
https://www.inmuebles24.com/propiedades/clasificado/veclcain-casa-en-venta-en-linda-vista-queretaro-150668161.html,4750000,"MN 4,750,000",MXN,venta,Casa,,Querétaro,Querétaro,197.0,137.0,Publicado hace 15 días,2026-07-30T16:02:15Z,2026-08-14T16:46:19.777823+00:00,https://www.inmuebles24.com/casas-o-casa-en-condominio-o-departamentos-en-venta-en-queretaro-provincia-ordenado-por-fechaonline-descendente.html-pagina-48.html
https://www.inmuebles24.com/propiedades/clasificado/veclcain-casa-en-venta-en-santa-elena-queretaro-diseno-de-150669819.html,6825000,"MN 6,825,000",MXN,venta,Casa,Fraccionamiento Provincia Santa Elena,Querétaro,Querétaro,270.0,270.0,Publicado hace 15 días,2026-07-30T17:09:02Z,2026-08-14T16:46:19.777823+00:00,https://www.inmuebles24.com/casas-o-casa-en-condominio-o-departamentos-en-venta-en-queretaro-provincia-ordenado-por-fechaonline-descendente.html-pagina-48.html
https://www.inmuebles24.com/propiedades/clasificado/veclcain-estrena-casa-a-20-min-del-aeropuerto-internacional-de-150676652.html,3475000,"MN 3,475,000",MXN,venta,Casa,Capital Sur,El Marqués,Querétaro,191.0,161.0,Publicado hace 15 días,2026-07-31T02:10:35Z,2026-08-14T16:46:19.777823+00:00,https://www.inmuebles24.com/casas-o-casa-en-condominio-o-departamentos-en-venta-en-queretaro-provincia-ordenado-por-fechaonline-descendente.html-pagina-48.html
https://www.inmuebles24.com/propiedades/clasificado/veclcain-increible-casa-en-venta-en-calle-abierta-en-milenio-150673602.html,4700000,"MN 4,700,000",MXN,venta,Casa,Milenio III,Querétaro,Querétaro,221.0,196.0,Publicado hace 15 días,2026-07-30T20:52:52Z,2026-08-14T16:46:19.777823+00:00,https://www.inmuebles24.com/casas-o-casa-en-condominio-o-departamentos-en-venta-en-queretaro-provincia-ordenado-por-fechaonline-descendente.html-pagina-48.html
https://www.inmuebles24.com/propiedades/clasificado/veclcain-preciosa-casa-en-venta-en-milenio-iii-santiago-de-150670190.html,800000,"MN 800,000",MXN,venta,Casa,Milenio III,Querétaro,Querétaro,246.0,187.0,Publicado hace 15 días,2026-07-30T17:41:33Z,2026-08-14T16:46:19.777823+00:00,https://www.inmuebles24.com/casas-o-casa-en-condominio-o-departamentos-en-venta-en-queretaro-provincia-ordenado-por-fechaonline-descendente.html-pagina-48.html
https://www.inmuebles24.com/propiedades/clasificado/veclcain-rcv-casa-venta-juriquilla-villas-del-meson-150629184.html,10500000,"MN 10,500,000",MXN,venta,Casa,Juriquilla,Querétaro,Querétaro,600.0,1000.0,Publicado hace 15 días,2026-07-25T18:14:32Z,2026-08-14T16:46:19.777823+00:00,https://www.inmuebles24.com/casas-o-casa-en-condominio-o-departamentos-en-venta-en-queretaro-provincia-ordenado-por-fechaonline-descendente.html-pagina-48.html
https://www.inmuebles24.com/propiedades/clasificado/veclcain-rcv-casa-venta-lomas-de-juriquilla-150628317.html,7600000,"MN 7,600,000",MXN,venta,Casa,Juriquilla,Querétaro,Querétaro,329.0,278.0,Publicado hace 15 días,2026-07-25T14:20:45Z,2026-08-14T16:46:19.777823+00:00,https://www.inmuebles24.com/casas-o-casa-en-condominio-o-departamentos-en-venta-en-queretaro-provincia-ordenado-por-fechaonline-descendente.html-pagina-48.html
https://www.inmuebles24.com/propiedades/clasificado/veclcain-residencia-de-autor-en-colinas-de-juriquilla-premium!-150670390.html,7600000,"MN 7,600,000",MXN,venta,Casa,Juriquilla,Querétaro,Querétaro,441.0,250.0,Publicado hace 15 días,2026-07-30T17:52:09Z,2026-08-14T16:46:19.777823+00:00,https://www.inmuebles24.com/casas-o-casa-en-condominio-o-departamentos-en-venta-en-queretaro-provincia-ordenado-por-fechaonline-descendente.html-pagina-48.html
https://www.inmuebles24.com/propiedades/clasificado/veclcain-residencia-de-autor-en-colinas-de-juriquilla-roof-150670308.html,7200000,"MN 7,200,000",MXN,venta,Casa,Juriquilla,Querétaro,Querétaro,387.0,220.0,Publicado hace 15 días,2026-07-30T17:45:22Z,2026-08-14T16:47:49.571125+00:00,https://www.inmuebles24.com/casas-o-casa-en-condominio-o-departamentos-en-venta-en-queretaro-provincia-ordenado-por-fechaonline-descendente.html-pagina-48.html
https://www.inmuebles24.com/propiedades/clasificado/veclcain-residencial-en-cumbres-del-lago-150668411.html,6800000,"MN 6,800,000",MXN,venta,Casa,Fraccionamiento Cumbres del Lago,Querétaro,Querétaro,295.0,270.0,Publicado hace 15 días,2026-07-30T16:27:25Z,2026-08-14T16:47:49.571125+00:00,https://www.inmuebles24.com/casas-o-casa-en-condominio-o-departamentos-en-venta-en-queretaro-provincia-ordenado-por-fechaonline-descendente.html-pagina-48.html
https://www.inmuebles24.com/propiedades/clasificado/veclcain-venta-casa-queretaro-juriquilla-3-recamaras-150666636.html,5490000,"MN 5,490,000",MXN,venta,Casa,Juriquilla,Querétaro,Querétaro,268.0,283.0,Publicado hace 15 días,2026-07-30T07:02:29Z,2026-08-14T16:47:49.571125+00:00,https://www.inmuebles24.com/casas-o-casa-en-condominio-o-departamentos-en-venta-en-queretaro-provincia-ordenado-por-fechaonline-descendente.html-pagina-48.html
https://www.inmuebles24.com/propiedades/clasificado/veclcain-venta-de-casa-en-colinas-de-cimatario-150673084.html,17000000,"MN 17,000,000",MXN,venta,Casa,Colinas del Cimatario,Querétaro,Querétaro,478.0,250.0,Publicado hace 15 días,2026-07-30T20:13:25Z,2026-08-14T16:47:49.571125+00:00,https://www.inmuebles24.com/casas-o-casa-en-condominio-o-departamentos-en-venta-en-queretaro-provincia-ordenado-por-fechaonline-descendente.html-pagina-48.html
https://www.inmuebles24.com/propiedades/clasificado/veclccin-artelia-paseo-amsterdam-$3-150676106.html,3450000,"MN 3,450,000",MXN,venta,Casa en condominio,,Corregidora,Querétaro,175.0,144.0,Publicado hace 15 días,2026-07-31T00:52:43Z,2026-08-14T16:47:49.571125+00:00,https://www.inmuebles24.com/casas-o-casa-en-condominio-o-departamentos-en-venta-en-queretaro-provincia-ordenado-por-fechaonline-descendente.html-pagina-48.html
https://www.inmuebles24.com/propiedades/clasificado/veclccin-casa-en-venta-con-o-sin-muebles-modelo-grande-con-150668082.html,5290000,"MN 5,290,000",MXN,venta,Casa en condominio,Zákia,El Marqués,Querétaro,290.0,246.0,Publicado hace 15 días,2026-07-30T15:54:12Z,2026-08-14T16:47:49.571125+00:00,https://www.inmuebles24.com/casas-o-casa-en-condominio-o-departamentos-en-venta-en-queretaro-provincia-ordenado-por-fechaonline-descendente.html-pagina-48.html
https://www.inmuebles24.com/propiedades/clasificado/veclccin-casa-en-venta-estilo-moderno-en-el-refugio-150668050.html,5390000,"MN 5,390,000",MXN,venta,Casa en condominio,Residencial El Refugio,Querétaro,Querétaro,210.0,137.0,Publicado hace 15 días,2026-07-30T15:51:21Z,2026-08-14T16:47:49.571125+00:00,https://www.inmuebles24.com/casas-o-casa-en-condominio-o-departamentos-en-venta-en-queretaro-provincia-ordenado-por-fechaonline-descendente.html-pagina-48.html
https://www.inmuebles24.com/propiedades/clasificado/veclccin-precio-competitivo-casa-en-venta-zakia-115-m-sup2--150667417.html,2576000,"MN 2,576,000",MXN,venta,Casa en condominio,Zákia,El Marqués,Querétaro,115.0,114.0,Publicado hace 15 días,2026-07-30T12:43:55Z,2026-08-14T16:47:49.571125+00:00,https://www.inmuebles24.com/casas-o-casa-en-condominio-o-departamentos-en-venta-en-queretaro-provincia-ordenado-por-fechaonline-descendente.html-pagina-48.html
https://www.inmuebles24.com/propiedades/clasificado/veclccin-preventa:-estrena-casa-con-diseno-flexible-y-estilo-150668051.html,6200000,"MN 6,200,000",MXN,venta,Casa en condominio,Residencial El Refugio,Querétaro,Querétaro,270.0,162.0,Publicado hace 15 días,2026-07-30T15:51:42Z,2026-08-14T16:47:49.571125+00:00,https://www.inmuebles24.com/casas-o-casa-en-condominio-o-departamentos-en-venta-en-queretaro-provincia-ordenado-por-fechaonline-descendente.html-pagina-48.html
https://www.inmuebles24.com/propiedades/clasificado/veclccin-residencia-de-autor-en-venta-casa-maeba-jade-sur-150673007.html,12500000,"MN 12,500,000",MXN,venta,Casa en condominio,Zibatá,El Marqués,Querétaro,320.0,320.0,Publicado hace 15 días,2026-07-30T20:07:17Z,2026-08-14T16:47:49.571125+00:00,https://www.inmuebles24.com/casas-o-casa-en-condominio-o-departamentos-en-venta-en-queretaro-provincia-ordenado-por-fechaonline-descendente.html-pagina-48.html
https://www.inmuebles24.com/propiedades/clasificado/veclccin-venta-casa-mision-de-conca-nueva-en-queretaro-qro.-150676377.html,8350000,"MN 8,350,000",MXN,venta,Casa en condominio,Fraccionamiento Misión de Concá,Querétaro,Querétaro,343.0,358.0,Publicado hace 15 días,2026-07-31T01:41:14Z,2026-08-14T16:49:14.605232+00:00,https://www.inmuebles24.com/casas-o-casa-en-condominio-o-departamentos-en-venta-en-queretaro-provincia-ordenado-por-fechaonline-descendente.html-pagina-48.html
https://www.inmuebles24.com/propiedades/clasificado/veclapin-departamento-en-venta-en-queretaro-juriquilla-150669667.html,5300000,"MN 5,300,000",MXN,venta,Apartamento,,Querétaro,Querétaro,174.0,174.0,Publicado hace 15 días,2026-07-30T16:56:50Z,2026-08-14T16:49:14.605232+00:00,https://www.inmuebles24.com/casas-o-casa-en-condominio-o-departamentos-en-venta-en-queretaro-provincia-ordenado-por-fechaonline-descendente.html-pagina-49.html
https://www.inmuebles24.com/propiedades/clasificado/veclapin-departamento-en-venta-en-zibata-3-recamaras-terraza-150669751.html,5113000,"MN 5,113,000",MXN,venta,Apartamento,Zibatá,El Marqués,Querétaro,180.0,180.0,Publicado hace 15 días,2026-07-30T17:03:37Z,2026-08-14T16:49:14.605232+00:00,https://www.inmuebles24.com/casas-o-casa-en-condominio-o-departamentos-en-venta-en-queretaro-provincia-ordenado-por-fechaonline-descendente.html-pagina-49.html
https://www.inmuebles24.com/propiedades/clasificado/veclapin-departamentos-en-venta-en-linda-vista-queretaro-150668162.html,3295000,"MN 3,295,000",MXN,venta,Apartamento,,Querétaro,Querétaro,108.0,108.0,Publicado hace 15 días,2026-07-30T16:02:16Z,2026-08-14T16:49:14.605232+00:00,https://www.inmuebles24.com/casas-o-casa-en-condominio-o-departamentos-en-venta-en-queretaro-provincia-ordenado-por-fechaonline-descendente.html-pagina-49.html
https://www.inmuebles24.com/propiedades/clasificado/veclapin-departamentos-en-venta-en-milenio-3-recamaras-150666518.html,2700000,"MN 2,700,000",MXN,venta,Apartamento,Milenio III,Querétaro,Querétaro,109.0,109.0,Publicado hace 15 días,2026-07-30T05:22:54Z,2026-08-14T16:49:14.605232+00:00,https://www.inmuebles24.com/casas-o-casa-en-condominio-o-departamentos-en-venta-en-queretaro-provincia-ordenado-por-fechaonline-descendente.html-pagina-49.html
https://www.inmuebles24.com/propiedades/clasificado/veclapin-milenio-departamento-en-venta-con-increibles-150668386.html,4900000,"MN 4,900,000",MXN,venta,Apartamento,Milenio III,Querétaro,Querétaro,135.0,135.0,Publicado hace 15 días,2026-07-30T16:25:39Z,2026-08-14T16:49:14.605232+00:00,https://www.inmuebles24.com/casas-o-casa-en-condominio-o-departamentos-en-venta-en-queretaro-provincia-ordenado-por-fechaonline-descendente.html-pagina-49.html
https://www.inmuebles24.com/propiedades/clasificado/veclapin-zaru-departamento-en-venta-en-planta-alta-con-2-150676930.html,1899000,"MN 1,899,000",MXN,venta,Apartamento,Fraccionamiento Zarú,El Marqués,Querétaro,76.0,76.0,Publicado hace 15 días,2026-07-31T02:58:36Z,2026-08-14T16:49:14.605232+00:00,https://www.inmuebles24.com/casas-o-casa-en-condominio-o-departamentos-en-venta-en-queretaro-provincia-ordenado-por-fechaonline-descendente.html-pagina-49.html
https://www.inmuebles24.com/propiedades/clasificado/veclapin-zire-departamento-en-venta-acabados-premium-y-150676849.html,2499000,"MN 2,499,000",MXN,venta,Apartamento,,El Marqués,Querétaro,106.0,106.0,Publicado hace 15 días,2026-07-31T02:48:03Z,2026-08-14T16:49:14.605232+00:00,https://www.inmuebles24.com/casas-o-casa-en-condominio-o-departamentos-en-venta-en-queretaro-provincia-ordenado-por-fechaonline-descendente.html-pagina-49.html
https://www.inmuebles24.com/propiedades/clasificado/veclcain-casa-en-centro-sur-en-venta-150642459.html,7200000,"MN 7,200,000",MXN,venta,Casa,Centro Sur,Querétaro,Querétaro,381.0,296.0,Publicado hace 15 días,2026-07-27T19:37:18Z,2026-08-14T16:49:14.605232+00:00,https://www.inmuebles24.com/casas-o-casa-en-condominio-o-departamentos-en-venta-en-queretaro-provincia-ordenado-por-fechaonline-descendente.html-pagina-49.html
https://www.inmuebles24.com/propiedades/clasificado/veclcain-casa-en-fraccionamiento-el-mirador-150675895.html,2550000,"MN 2,550,000",MXN,venta,Casa,Fraccionamiento El Mirador,El Marqués,Querétaro,110.0,110.0,Publicado hace 15 días,2026-07-31T00:22:02Z,2026-08-14T16:49:14.605232+00:00,https://www.inmuebles24.com/casas-o-casa-en-condominio-o-departamentos-en-venta-en-queretaro-provincia-ordenado-por-fechaonline-descendente.html-pagina-49.html
https://www.inmuebles24.com/propiedades/clasificado/veclcain-casa-en-mision-santa-sofia-queretaro.-150668440.html,1590000,"MN 1,590,000",MXN,venta,Casa,San José de los Olvera,Corregidora,Querétaro,70.0,90.0,Publicado hace 15 días,2026-07-30T16:29:47Z,2026-08-14T16:50:37.830698+00:00,https://www.inmuebles24.com/casas-o-casa-en-condominio-o-departamentos-en-venta-en-queretaro-provincia-ordenado-por-fechaonline-descendente.html-pagina-49.html
https://www.inmuebles24.com/propiedades/clasificado/veclcain-casa-en-venta-en-colinas-del-cimatario-queretaro-150668408.html,5000000,"MN 5,000,000",MXN,venta,Casa,Colinas del Cimatario,Querétaro,Querétaro,175.0,250.0,Publicado hace 15 días,2026-07-30T16:27:01Z,2026-08-14T16:50:37.830698+00:00,https://www.inmuebles24.com/casas-o-casa-en-condominio-o-departamentos-en-venta-en-queretaro-provincia-ordenado-por-fechaonline-descendente.html-pagina-49.html
https://www.inmuebles24.com/propiedades/clasificado/veclcain-casa-en-venta-en-grand-juriquilla-3-recamaras-3.5-150670529.html,3750000,"MN 3,750,000",MXN,venta,Casa,Juriquilla,Querétaro,Querétaro,220.0,190.0,Publicado hace 15 días,2026-07-30T18:03:47Z,2026-08-14T16:50:37.830698+00:00,https://www.inmuebles24.com/casas-o-casa-en-condominio-o-departamentos-en-venta-en-queretaro-provincia-ordenado-por-fechaonline-descendente.html-pagina-49.html
https://www.inmuebles24.com/propiedades/clasificado/veclcain-casa-en-venta-en-hercules-150675348.html,2190000,"MN 2,190,000",MXN,venta,Casa,Hércules,Querétaro,Querétaro,115.0,55.0,Publicado hace 15 días,2026-07-30T23:18:19Z,2026-08-14T16:50:37.830698+00:00,https://www.inmuebles24.com/casas-o-casa-en-condominio-o-departamentos-en-venta-en-queretaro-provincia-ordenado-por-fechaonline-descendente.html-pagina-49.html
https://www.inmuebles24.com/propiedades/clasificado/veclcain-casa-en-venta-en-santa-elena-4-recamaras-3-banos-150670657.html,3950000,"MN 3,950,000",MXN,venta,Casa,Fraccionamiento Provincia Santa Elena,Querétaro,Querétaro,165.0,191.0,Publicado hace 15 días,2026-07-30T18:12:23Z,2026-08-14T16:50:37.830698+00:00,https://www.inmuebles24.com/casas-o-casa-en-condominio-o-departamentos-en-venta-en-queretaro-provincia-ordenado-por-fechaonline-descendente.html-pagina-49.html
https://www.inmuebles24.com/propiedades/clasificado/veclcain-casa-en-venta-en-santa-elena-queretaro-3-recamaras-150669666.html,3700000,"MN 3,700,000",MXN,venta,Casa,Fraccionamiento Provincia Santa Elena,Querétaro,Querétaro,140.0,190.0,Publicado hace 15 días,2026-07-30T16:56:49Z,2026-08-14T16:50:37.830698+00:00,https://www.inmuebles24.com/casas-o-casa-en-condominio-o-departamentos-en-venta-en-queretaro-provincia-ordenado-por-fechaonline-descendente.html-pagina-49.html
https://www.inmuebles24.com/propiedades/clasificado/veclcain-casa-en-venta-en-zibata-4-recamaras-una-en-pb-4-150668851.html,5776000,"MN 5,776,000",MXN,venta,Casa,Zibatá,El Marqués,Querétaro,200.0,200.0,Publicado hace 15 días,2026-07-30T16:51:16Z,2026-08-14T16:50:37.830698+00:00,https://www.inmuebles24.com/casas-o-casa-en-condominio-o-departamentos-en-venta-en-queretaro-provincia-ordenado-por-fechaonline-descendente.html-pagina-49.html
https://www.inmuebles24.com/propiedades/clasificado/veclcain-casa-en-venta-en-zibata-queretaro-150676620.html,4170000,"MN 4,170,000",MXN,venta,Casa,Zibatá,El Marqués,Querétaro,189.0,126.0,Publicado hace 15 días,2026-07-31T02:04:15Z,2026-08-14T16:50:37.830698+00:00,https://www.inmuebles24.com/casas-o-casa-en-condominio-o-departamentos-en-venta-en-queretaro-provincia-ordenado-por-fechaonline-descendente.html-pagina-49.html
https://www.inmuebles24.com/propiedades/clasificado/veclcain-casa-en-venta-en-zire-con-doble-altura-y-3-recamaras-150676906.html,4402590,"MN 4,402,590",MXN,venta,Casa,,El Marqués,Querétaro,155.0,113.0,Publicado hace 15 días,2026-07-31T02:53:54Z,2026-08-14T16:50:37.830698+00:00,https://www.inmuebles24.com/casas-o-casa-en-condominio-o-departamentos-en-venta-en-queretaro-provincia-ordenado-por-fechaonline-descendente.html-pagina-49.html
https://www.inmuebles24.com/propiedades/clasificado/veclcain-casa-en-venta-juriquilla-150670406.html,3790000,"MN 3,790,000",MXN,venta,Casa,Juriquilla,Querétaro,Querétaro,189.0,184.0,Publicado hace 15 días,2026-07-30T17:53:22Z,2026-08-14T16:50:37.830698+00:00,https://www.inmuebles24.com/casas-o-casa-en-condominio-o-departamentos-en-venta-en-queretaro-provincia-ordenado-por-fechaonline-descendente.html-pagina-49.html
https://www.inmuebles24.com/propiedades/clasificado/veclcain-casa-venta-allegro-ii-zizana.-150675049.html,2650000,"MN 2,650,000",MXN,venta,Casa,Fraccionamiento Zizana,El Marqués,Querétaro,109.0,100.0,Publicado hace 15 días,2026-07-30T22:49:40Z,2026-08-14T16:51:56.212434+00:00,https://www.inmuebles24.com/casas-o-casa-en-condominio-o-departamentos-en-venta-en-queretaro-provincia-ordenado-por-fechaonline-descendente.html-pagina-49.html
https://www.inmuebles24.com/propiedades/clasificado/veclcain-casa-venta-el-canto-zibata.-150675374.html,3449000,"MN 3,449,000",MXN,venta,Casa,Zibatá,El Marqués,Querétaro,179.0,152.0,Publicado hace 15 días,2026-07-30T23:22:44Z,2026-08-14T16:51:56.212434+00:00,https://www.inmuebles24.com/casas-o-casa-en-condominio-o-departamentos-en-venta-en-queretaro-provincia-ordenado-por-fechaonline-descendente.html-pagina-49.html
https://www.inmuebles24.com/propiedades/clasificado/veclcain-hostal-venta-desarrollo-san-pablo-150677059.html,6000000,"MN 6,000,000",MXN,venta,Casa,Desarrollo San Pablo,Querétaro,Querétaro,270.0,105.0,Publicado hace 15 días,2026-07-31T03:42:03Z,2026-08-14T16:51:56.212434+00:00,https://www.inmuebles24.com/casas-o-casa-en-condominio-o-departamentos-en-venta-en-queretaro-provincia-ordenado-por-fechaonline-descendente.html-pagina-49.html
https://www.inmuebles24.com/propiedades/clasificado/veclcain-preciosa-casa-en-venta-en-jurica-santiago-de-150672246.html,990000,"MN 990,000",MXN,venta,Casa,Jurica,Querétaro,Querétaro,644.0,610.0,Publicado hace 15 días,2026-07-30T19:19:04Z,2026-08-14T16:51:56.212434+00:00,https://www.inmuebles24.com/casas-o-casa-en-condominio-o-departamentos-en-venta-en-queretaro-provincia-ordenado-por-fechaonline-descendente.html-pagina-49.html
https://www.inmuebles24.com/propiedades/clasificado/veclcain-residencia-casa-en-venta-pedregal-de-queretaro-150668102.html,13900000,"MN 13,900,000",MXN,venta,Casa,Alamos 2a Sección,Querétaro,Querétaro,320.0,315.0,Publicado hace 15 días,2026-07-30T15:55:34Z,2026-08-14T16:51:56.212434+00:00,https://www.inmuebles24.com/casas-o-casa-en-condominio-o-departamentos-en-venta-en-queretaro-provincia-ordenado-por-fechaonline-descendente.html-pagina-49.html
https://www.inmuebles24.com/propiedades/clasificado/veclcain-venta-casa-queretaro-zakia-3-recamaras-150666615.html,2550000,"MN 2,550,000",MXN,venta,Casa,Zákia,El Marqués,Querétaro,107.0,114.0,Publicado hace 15 días,2026-07-30T06:33:28Z,2026-08-14T16:51:56.212434+00:00,https://www.inmuebles24.com/casas-o-casa-en-condominio-o-departamentos-en-venta-en-queretaro-provincia-ordenado-por-fechaonline-descendente.html-pagina-49.html
https://www.inmuebles24.com/propiedades/clasificado/veclccin-casa-en-venta-en-milenio-iii-4-recamaras-en-privada-150666472.html,4650000,"MN 4,650,000",MXN,venta,Casa en condominio,Milenio III,Querétaro,Querétaro,196.0,128.0,Publicado hace 15 días,2026-07-30T04:55:24Z,2026-08-14T16:51:56.212434+00:00,https://www.inmuebles24.com/casas-o-casa-en-condominio-o-departamentos-en-venta-en-queretaro-provincia-ordenado-por-fechaonline-descendente.html-pagina-49.html
https://www.inmuebles24.com/propiedades/clasificado/veclccin-casa-nueva-de-3-recamaras-en-san-isidro-juriquilla-en-150668099.html,3100000,"MN 3,100,000",MXN,venta,Casa en condominio,Juriquilla,Querétaro,Querétaro,156.0,128.0,Publicado hace 15 días,2026-07-30T15:55:04Z,2026-08-14T16:51:56.212434+00:00,https://www.inmuebles24.com/casas-o-casa-en-condominio-o-departamentos-en-venta-en-queretaro-provincia-ordenado-por-fechaonline-descendente.html-pagina-49.html
https://www.inmuebles24.com/propiedades/clasificado/veclccin-casa-nueva-en-pedregal-de-schoenstatt-en-privada-con-150668065.html,7650000,"MN 7,650,000",MXN,venta,Casa en condominio,Pedregal de Schoenstatt,Corregidora,Querétaro,320.0,400.0,Publicado hace 15 días,2026-07-30T15:52:53Z,2026-08-14T16:51:56.212434+00:00,https://www.inmuebles24.com/casas-o-casa-en-condominio-o-departamentos-en-venta-en-queretaro-provincia-ordenado-por-fechaonline-descendente.html-pagina-49.html
https://www.inmuebles24.com/propiedades/clasificado/veclccin-el-mirador-casa-en-venta-en-cotto-novo-2-150668064.html,2890000,"MN 2,890,000",MXN,venta,Casa en condominio,Fraccionamiento El Mirador,Querétaro,Querétaro,122.0,150.0,Publicado hace 15 días,2026-07-30T15:52:37Z,2026-08-14T16:51:56.212434+00:00,https://www.inmuebles24.com/casas-o-casa-en-condominio-o-departamentos-en-venta-en-queretaro-provincia-ordenado-por-fechaonline-descendente.html-pagina-49.html
https://www.inmuebles24.com/propiedades/clasificado/veclccin-venta-segunda-etapa-en-villa-carriedo-lomas-del-150668404.html,6000000,"MN 6,000,000",MXN,venta,Casa en condominio,Lomas del Campanario I,Querétaro,Querétaro,277.0,144.0,Publicado hace 15 días,2026-07-30T16:26:34Z,2026-08-14T16:53:23.314157+00:00,https://www.inmuebles24.com/casas-o-casa-en-condominio-o-departamentos-en-venta-en-queretaro-provincia-ordenado-por-fechaonline-descendente.html-pagina-49.html
https://www.inmuebles24.com/propiedades/clasificado/veclapin-departamento-en-venta-milenio-2-pisos-terraza-sala-150671591.html,6976000,"MN 6,976,000",MXN,venta,Apartamento,Milenio III,Querétaro,Querétaro,235.0,235.0,Publicado hace 15 días,2026-07-30T18:59:02Z,2026-08-14T16:53:23.314157+00:00,https://www.inmuebles24.com/casas-o-casa-en-condominio-o-departamentos-en-venta-en-queretaro-provincia-ordenado-por-fechaonline-descendente.html-pagina-50.html
https://www.inmuebles24.com/propiedades/clasificado/veclapin-departamento-en-venta-nuevo-refugio-dos-niveles-150671510.html,2894000,"MN 2,894,000",MXN,venta,Apartamento,Nuevo Refugio,Querétaro,Querétaro,96.0,96.0,Publicado hace 15 días,2026-07-30T18:58:55Z,2026-08-14T16:53:23.314157+00:00,https://www.inmuebles24.com/casas-o-casa-en-condominio-o-departamentos-en-venta-en-queretaro-provincia-ordenado-por-fechaonline-descendente.html-pagina-50.html
https://www.inmuebles24.com/propiedades/clasificado/veclapin-departamento-en-venta-zakia-family-room-estudio-150671486.html,2469000,"MN 2,469,000",MXN,venta,Apartamento,Zákia,El Marqués,Querétaro,100.0,100.0,Publicado hace 15 días,2026-07-30T18:58:54Z,2026-08-14T16:53:23.314157+00:00,https://www.inmuebles24.com/casas-o-casa-en-condominio-o-departamentos-en-venta-en-queretaro-provincia-ordenado-por-fechaonline-descendente.html-pagina-50.html
https://www.inmuebles24.com/propiedades/clasificado/veclcain-casa-en-el-marques-150673629.html,3811000,"MN 3,811,000",MXN,venta,Casa,,El Marqués,Querétaro,157.0,126.0,Publicado hace 15 días,2026-07-30T20:56:42Z,2026-08-14T16:53:23.314157+00:00,https://www.inmuebles24.com/casas-o-casa-en-condominio-o-departamentos-en-venta-en-queretaro-provincia-ordenado-por-fechaonline-descendente.html-pagina-50.html
https://www.inmuebles24.com/propiedades/clasificado/veclcain-casa-en-venta-altozano-acabados-de-lujo-amplio-150671632.html,15150000,"MN 15,150,000",MXN,venta,Casa,Altozano el Nuevo Querétaro,Querétaro,Querétaro,445.0,490.0,Publicado hace 15 días,2026-07-30T18:59:05Z,2026-08-14T16:53:23.314157+00:00,https://www.inmuebles24.com/casas-o-casa-en-condominio-o-departamentos-en-venta-en-queretaro-provincia-ordenado-por-fechaonline-descendente.html-pagina-50.html
https://www.inmuebles24.com/propiedades/clasificado/veclcain-casa-en-venta-cimatario-jardin-trasero-balcon-150671452.html,2276300,"MN 2,276,300",MXN,venta,Casa,El Rosario,Querétaro,Querétaro,98.0,110.0,Publicado hace 15 días,2026-07-30T18:58:51Z,2026-08-14T16:53:23.314157+00:00,https://www.inmuebles24.com/casas-o-casa-en-condominio-o-departamentos-en-venta-en-queretaro-provincia-ordenado-por-fechaonline-descendente.html-pagina-50.html
https://www.inmuebles24.com/propiedades/clasificado/veclcain-casa-en-venta-ciudad-marques-salida-ciudad-de-mexico-150671546.html,1640000,"MN 1,640,000",MXN,venta,Casa,,El Marqués,Querétaro,75.0,90.0,Publicado hace 15 días,2026-07-30T18:58:58Z,2026-08-14T16:53:23.314157+00:00,https://www.inmuebles24.com/casas-o-casa-en-condominio-o-departamentos-en-venta-en-queretaro-provincia-ordenado-por-fechaonline-descendente.html-pagina-50.html
https://www.inmuebles24.com/propiedades/clasificado/veclcain-casa-en-venta-juriquilla-amenidades-seguridad-24-7-150671383.html,3623000,"MN 3,623,000",MXN,venta,Casa,Juriquilla,Querétaro,Querétaro,130.0,126.0,Publicado hace 15 días,2026-07-30T18:58:46Z,2026-08-14T16:53:23.314157+00:00,https://www.inmuebles24.com/casas-o-casa-en-condominio-o-departamentos-en-venta-en-queretaro-provincia-ordenado-por-fechaonline-descendente.html-pagina-50.html
https://www.inmuebles24.com/propiedades/clasificado/veclcain-casa-en-venta-juriquilla-doble-altura-sala-de-tv-o-150671651.html,5300000,"MN 5,300,000",MXN,venta,Casa,Juriquilla,Querétaro,Querétaro,174.0,130.0,Publicado hace 15 días,2026-07-30T18:59:07Z,2026-08-14T16:53:23.314157+00:00,https://www.inmuebles24.com/casas-o-casa-en-condominio-o-departamentos-en-venta-en-queretaro-provincia-ordenado-por-fechaonline-descendente.html-pagina-50.html
https://www.inmuebles24.com/propiedades/clasificado/veclcain-casa-en-venta-meseta-amplia-cocina-3-recamaras-150671620.html,2419000,"MN 2,419,000",MXN,venta,Casa,,Querétaro,Querétaro,108.0,84.0,Publicado hace 15 días,2026-07-30T18:59:04Z,2026-08-14T16:54:32.046479+00:00,https://www.inmuebles24.com/casas-o-casa-en-condominio-o-departamentos-en-venta-en-queretaro-provincia-ordenado-por-fechaonline-descendente.html-pagina-50.html
https://www.inmuebles24.com/propiedades/clasificado/veclcain-casa-en-venta-meseta-amplios-espacios-ultima-150671460.html,2490000,"MN 2,490,000",MXN,venta,Casa,,Querétaro,Querétaro,120.0,125.0,Publicado hace 15 días,2026-07-30T18:58:52Z,2026-08-14T16:54:32.046479+00:00,https://www.inmuebles24.com/casas-o-casa-en-condominio-o-departamentos-en-venta-en-queretaro-provincia-ordenado-por-fechaonline-descendente.html-pagina-50.html
https://www.inmuebles24.com/propiedades/clasificado/veclcain-casa-en-venta-meseta-estudio-en-pb-o-4ta-recamaras-3-150671658.html,3090000,"MN 3,090,000",MXN,venta,Casa,,Querétaro,Querétaro,165.0,145.0,Publicado hace 15 días,2026-07-30T18:59:08Z,2026-08-14T16:54:32.046479+00:00,https://www.inmuebles24.com/casas-o-casa-en-condominio-o-departamentos-en-venta-en-queretaro-provincia-ordenado-por-fechaonline-descendente.html-pagina-50.html
https://www.inmuebles24.com/propiedades/clasificado/veclcain-casa-en-venta-nuevo-refugio-estudio-balcon-150671513.html,3991000,"MN 3,991,000",MXN,venta,Casa,Nuevo Refugio,Querétaro,Querétaro,161.0,126.0,Publicado hace 15 días,2026-07-30T18:58:55Z,2026-08-14T16:54:32.046479+00:00,https://www.inmuebles24.com/casas-o-casa-en-condominio-o-departamentos-en-venta-en-queretaro-provincia-ordenado-por-fechaonline-descendente.html-pagina-50.html
https://www.inmuebles24.com/propiedades/clasificado/veclcain-casa-en-venta-nuevo-refugio-luces-led-sala-de-tv-150671514.html,4630000,"MN 4,630,000",MXN,venta,Casa,Nuevo Refugio,Querétaro,Querétaro,192.0,142.0,Publicado hace 15 días,2026-07-30T18:58:55Z,2026-08-14T16:54:32.046479+00:00,https://www.inmuebles24.com/casas-o-casa-en-condominio-o-departamentos-en-venta-en-queretaro-provincia-ordenado-por-fechaonline-descendente.html-pagina-50.html
https://www.inmuebles24.com/propiedades/clasificado/veclcain-casa-en-venta-nuevo-refugio-sala-de-tv-amplio-jardin-150671499.html,3368000,"MN 3,368,000",MXN,venta,Casa,Nuevo Refugio,Querétaro,Querétaro,121.0,126.0,Publicado hace 15 días,2026-07-30T18:58:54Z,2026-08-14T16:54:32.046479+00:00,https://www.inmuebles24.com/casas-o-casa-en-condominio-o-departamentos-en-venta-en-queretaro-provincia-ordenado-por-fechaonline-descendente.html-pagina-50.html
https://www.inmuebles24.com/propiedades/clasificado/veclcain-casa-en-venta-nuevo-refugio-sala-de-tv-roof-garden-150671505.html,4383000,"MN 4,383,000",MXN,venta,Casa,Nuevo Refugio,Querétaro,Querétaro,180.0,151.0,Publicado hace 15 días,2026-07-30T18:58:55Z,2026-08-14T16:54:32.046479+00:00,https://www.inmuebles24.com/casas-o-casa-en-condominio-o-departamentos-en-venta-en-queretaro-provincia-ordenado-por-fechaonline-descendente.html-pagina-50.html
https://www.inmuebles24.com/propiedades/clasificado/veclcain-casa-en-venta-zakia-3-recamaras-amplio-jardin.-150671415.html,2790000,"MN 2,790,000",MXN,venta,Casa,Zákia,El Marqués,Querétaro,116.0,117.0,Publicado hace 15 días,2026-07-30T18:58:48Z,2026-08-14T16:54:32.046479+00:00,https://www.inmuebles24.com/casas-o-casa-en-condominio-o-departamentos-en-venta-en-queretaro-provincia-ordenado-por-fechaonline-descendente.html-pagina-50.html
https://www.inmuebles24.com/propiedades/clasificado/veclcain-casa-en-venta-zakia-sala-de-tv-jardin-150671585.html,3504000,"MN 3,504,000",MXN,venta,Casa,Zákia,El Marqués,Querétaro,99.0,99.0,Publicado hace 15 días,2026-07-30T18:59:02Z,2026-08-14T16:54:32.046479+00:00,https://www.inmuebles24.com/casas-o-casa-en-condominio-o-departamentos-en-venta-en-queretaro-provincia-ordenado-por-fechaonline-descendente.html-pagina-50.html
https://www.inmuebles24.com/propiedades/clasificado/veclcain-casa-en-venta-zakia-sala-doble-altura-sala-de-tv-150671517.html,3930000,"MN 3,930,000",MXN,venta,Casa,Zákia,El Marqués,Querétaro,155.0,113.0,Publicado hace 15 días,2026-07-30T18:58:56Z,2026-08-14T16:54:32.046479+00:00,https://www.inmuebles24.com/casas-o-casa-en-condominio-o-departamentos-en-venta-en-queretaro-provincia-ordenado-por-fechaonline-descendente.html-pagina-50.html
https://www.inmuebles24.com/propiedades/clasificado/veclcain-casa-en-venta-zakia-terraza-o-4ta-recamara-pb-150671414.html,2637000,"MN 2,637,000",MXN,venta,Casa,Zákia,El Marqués,Querétaro,111.0,117.0,Publicado hace 15 días,2026-07-30T18:58:48Z,2026-08-14T16:55:47.733289+00:00,https://www.inmuebles24.com/casas-o-casa-en-condominio-o-departamentos-en-venta-en-queretaro-provincia-ordenado-por-fechaonline-descendente.html-pagina-50.html
https://www.inmuebles24.com/propiedades/clasificado/veclcain-casa-en-venta-zaru-recamara-en-pb-jardin-150671402.html,2550000,"MN 2,550,000",MXN,venta,Casa,Fraccionamiento Zarú,El Marqués,Querétaro,97.0,100.0,Publicado hace 15 días,2026-07-30T18:58:47Z,2026-08-14T16:55:47.733289+00:00,https://www.inmuebles24.com/casas-o-casa-en-condominio-o-departamentos-en-venta-en-queretaro-provincia-ordenado-por-fechaonline-descendente.html-pagina-50.html
https://www.inmuebles24.com/propiedades/clasificado/veclcain-casa-en-venta-zibata-doble-terraza-roof-garden-3-150671382.html,3900000,"MN 3,900,000",MXN,venta,Casa,Zibatá,El Marqués,Querétaro,189.0,123.0,Publicado hace 15 días,2026-07-30T18:58:46Z,2026-08-14T16:55:47.733289+00:00,https://www.inmuebles24.com/casas-o-casa-en-condominio-o-departamentos-en-venta-en-queretaro-provincia-ordenado-por-fechaonline-descendente.html-pagina-50.html
https://www.inmuebles24.com/propiedades/clasificado/veclcain-casa-en-venta-zibata-espacios-pensados-en-tu-150671577.html,3300000,"MN 3,300,000",MXN,venta,Casa,Fraccionamiento Desarrollo Habitacional Zibata,El Marqués,Querétaro,108.0,112.0,Publicado hace 15 días,2026-07-30T18:59:01Z,2026-08-14T16:55:47.733289+00:00,https://www.inmuebles24.com/casas-o-casa-en-condominio-o-departamentos-en-venta-en-queretaro-provincia-ordenado-por-fechaonline-descendente.html-pagina-50.html
https://www.inmuebles24.com/propiedades/clasificado/veclcain-casa-en-venta-zibata-recamara-p-b-seguridad-24-7-150671559.html,3900000,"MN 3,900,000",MXN,venta,Casa,Zibatá,El Marqués,Querétaro,121.0,135.0,Publicado hace 15 días,2026-07-30T18:59Z,2026-08-14T16:55:47.733289+00:00,https://www.inmuebles24.com/casas-o-casa-en-condominio-o-departamentos-en-venta-en-queretaro-provincia-ordenado-por-fechaonline-descendente.html-pagina-50.html
https://www.inmuebles24.com/propiedades/clasificado/veclcain-casa-en-venta-zibata-sala-de-tv-terraza-150671475.html,4555000,"MN 4,555,000",MXN,venta,Casa,Zibatá,El Marqués,Querétaro,158.0,120.0,Publicado hace 15 días,2026-07-30T18:58:53Z,2026-08-14T16:55:47.733289+00:00,https://www.inmuebles24.com/casas-o-casa-en-condominio-o-departamentos-en-venta-en-queretaro-provincia-ordenado-por-fechaonline-descendente.html-pagina-50.html
https://www.inmuebles24.com/propiedades/clasificado/veclapin-departamento-en-venta-ciudad-del-sol-2-recamaras-2-150671445.html,1470000,"MN 1,470,000",MXN,venta,Apartamento,Fraccionamiento Ciudad del Sol,Querétaro,Querétaro,64.0,64.0,Publicado hace 15 días,2026-07-30T18:58:50Z,2026-08-14T16:55:47.733289+00:00,https://www.inmuebles24.com/casas-o-casa-en-condominio-o-departamentos-en-venta-en-queretaro-provincia-ordenado-por-fechaonline-descendente.html-pagina-51.html
https://www.inmuebles24.com/propiedades/clasificado/veclapin-departamento-en-venta-el-refugio-2-recamaras-150671504.html,2799000,"MN 2,799,000",MXN,venta,Apartamento,Residencial El Refugio,Querétaro,Querétaro,85.0,140.0,Publicado hace 15 días,2026-07-30T18:58:55Z,2026-08-14T16:55:47.733289+00:00,https://www.inmuebles24.com/casas-o-casa-en-condominio-o-departamentos-en-venta-en-queretaro-provincia-ordenado-por-fechaonline-descendente.html-pagina-51.html
https://www.inmuebles24.com/propiedades/clasificado/veclcain-casa-en-el-marques-150673796.html,4230000,"MN 4,230,000",MXN,venta,Casa,,El Marqués,Querétaro,173.0,160.0,Publicado hace 15 días,2026-07-30T21:11:11Z,2026-08-14T16:55:47.733289+00:00,https://www.inmuebles24.com/casas-o-casa-en-condominio-o-departamentos-en-venta-en-queretaro-provincia-ordenado-por-fechaonline-descendente.html-pagina-51.html
https://www.inmuebles24.com/propiedades/clasificado/veclcain-casa-en-preventa-santa-fe-4ta-recamara-p-b-roof-150671400.html,4289000,"MN 4,289,000",MXN,venta,Casa,Fraccionamiento Residencial Santa Fe,Corregidora,Querétaro,220.0,180.0,Publicado hace 15 días,2026-07-30T18:58:47Z,2026-08-14T16:55:47.733289+00:00,https://www.inmuebles24.com/casas-o-casa-en-condominio-o-departamentos-en-venta-en-queretaro-provincia-ordenado-por-fechaonline-descendente.html-pagina-51.html
https://www.inmuebles24.com/propiedades/clasificado/veclcain-casa-en-preventa-zibata-estacionamiento-techado-sala-150671435.html,3603000,"MN 3,603,000",MXN,venta,Casa,Zibatá,El Marqués,Querétaro,143.0,112.0,Publicado hace 15 días,2026-07-30T18:58:50Z,2026-08-14T16:57:11.019258+00:00,https://www.inmuebles24.com/casas-o-casa-en-condominio-o-departamentos-en-venta-en-queretaro-provincia-ordenado-por-fechaonline-descendente.html-pagina-51.html
https://www.inmuebles24.com/propiedades/clasificado/veclcain-casa-en-venta-a-pie-de-calle-el-refugio-excedente-de-150671518.html,6390000,"MN 6,390,000",MXN,venta,Casa,Residencial El Refugio,Querétaro,Querétaro,185.0,260.0,Publicado hace 15 días,2026-07-30T18:58:56Z,2026-08-14T16:57:11.019258+00:00,https://www.inmuebles24.com/casas-o-casa-en-condominio-o-departamentos-en-venta-en-queretaro-provincia-ordenado-por-fechaonline-descendente.html-pagina-51.html
https://www.inmuebles24.com/propiedades/clasificado/veclcain-casa-en-venta-altozano-4ta-recamara-en-p-b-acabados-150671660.html,6900000,"MN 6,900,000",MXN,venta,Casa,Altozano el Nuevo Querétaro,Querétaro,Querétaro,245.0,180.0,Publicado hace 15 días,2026-07-30T18:59:08Z,2026-08-14T16:57:11.019258+00:00,https://www.inmuebles24.com/casas-o-casa-en-condominio-o-departamentos-en-venta-en-queretaro-provincia-ordenado-por-fechaonline-descendente.html-pagina-51.html
https://www.inmuebles24.com/propiedades/clasificado/veclcain-casa-en-venta-altozano-acabados-de-lujo-pergola-150671551.html,6200000,"MN 6,200,000",MXN,venta,Casa,Altozano el Nuevo Querétaro,Querétaro,Querétaro,223.0,183.0,Publicado hace 15 días,2026-07-30T18:58:59Z,2026-08-14T16:57:11.019258+00:00,https://www.inmuebles24.com/casas-o-casa-en-condominio-o-departamentos-en-venta-en-queretaro-provincia-ordenado-por-fechaonline-descendente.html-pagina-51.html
https://www.inmuebles24.com/propiedades/clasificado/veclcain-casa-en-venta-altozano-cuarto-de-servicio-150671412.html,7810000,"MN 7,810,000",MXN,venta,Casa,Altozano el Nuevo Querétaro,Querétaro,Querétaro,280.0,200.0,Publicado hace 15 días,2026-07-30T18:58:48Z,2026-08-14T16:57:11.019258+00:00,https://www.inmuebles24.com/casas-o-casa-en-condominio-o-departamentos-en-venta-en-queretaro-provincia-ordenado-por-fechaonline-descendente.html-pagina-51.html
https://www.inmuebles24.com/propiedades/clasificado/veclcain-casa-en-venta-carretas-pie-de-calle-5-cuartos-3-150671458.html,9990000,"MN 9,990,000",MXN,venta,Casa,Carretas,Querétaro,Querétaro,502.0,309.0,Publicado hace 15 días,2026-07-30T18:58:51Z,2026-08-14T16:57:11.019258+00:00,https://www.inmuebles24.com/casas-o-casa-en-condominio-o-departamentos-en-venta-en-queretaro-provincia-ordenado-por-fechaonline-descendente.html-pagina-51.html
https://www.inmuebles24.com/propiedades/clasificado/veclcain-casa-en-venta-el-mirador-a-pie-de-calle-3-recamaras-150671677.html,3290000,"MN 3,290,000",MXN,venta,Casa,Fraccionamiento El Mirador,El Marqués,Querétaro,142.0,128.0,Publicado hace 15 días,2026-07-30T18:59:10Z,2026-08-14T16:57:11.019258+00:00,https://www.inmuebles24.com/casas-o-casa-en-condominio-o-departamentos-en-venta-en-queretaro-provincia-ordenado-por-fechaonline-descendente.html-pagina-51.html
https://www.inmuebles24.com/propiedades/clasificado/veclcain-casa-en-venta-el-refugio-sala-de-tv-3-recamaras-150671468.html,3763000,"MN 3,763,000",MXN,venta,Casa,Residencial El Refugio,Querétaro,Querétaro,141.0,117.0,Publicado hace 15 días,2026-07-30T18:58:52Z,2026-08-14T16:57:11.019258+00:00,https://www.inmuebles24.com/casas-o-casa-en-condominio-o-departamentos-en-venta-en-queretaro-provincia-ordenado-por-fechaonline-descendente.html-pagina-51.html
https://www.inmuebles24.com/propiedades/clasificado/veclcain-casa-en-venta-en-juriquilla-amplio-espacios-cocina-150671461.html,4790000,"MN 4,790,000",MXN,venta,Casa,Juriquilla,Querétaro,Querétaro,213.0,190.0,Publicado hace 15 días,2026-07-30T18:58:52Z,2026-08-14T16:57:11.019258+00:00,https://www.inmuebles24.com/casas-o-casa-en-condominio-o-departamentos-en-venta-en-queretaro-provincia-ordenado-por-fechaonline-descendente.html-pagina-51.html
https://www.inmuebles24.com/propiedades/clasificado/veclcain-casa-en-venta-juriquilla-oportunidad-oficina-3-150671530.html,5700000,"MN 5,700,000",MXN,venta,Casa,Juriquilla,Querétaro,Querétaro,321.0,180.0,Publicado hace 15 días,2026-07-30T18:58:57Z,2026-08-14T16:57:11.019258+00:00,https://www.inmuebles24.com/casas-o-casa-en-condominio-o-departamentos-en-venta-en-queretaro-provincia-ordenado-por-fechaonline-descendente.html-pagina-51.html
https://www.inmuebles24.com/propiedades/clasificado/veclcain-casa-en-venta-meseta-terraza-recamara-p-b-acabados-150671565.html,2540000,"MN 2,540,000",MXN,venta,Casa,,Querétaro,Querétaro,128.0,128.0,Publicado hace 15 días,2026-07-30T18:59Z,2026-08-14T16:58:22.211564+00:00,https://www.inmuebles24.com/casas-o-casa-en-condominio-o-departamentos-en-venta-en-queretaro-provincia-ordenado-por-fechaonline-descendente.html-pagina-51.html
https://www.inmuebles24.com/propiedades/clasificado/veclcain-casa-en-venta-nuevo-refugio-estudio-sala-de-tv-150671511.html,5200000,"MN 5,200,000",MXN,venta,Casa,Nuevo Refugio,Querétaro,Querétaro,238.0,160.0,Publicado hace 15 días,2026-07-30T18:58:55Z,2026-08-14T16:58:22.211564+00:00,https://www.inmuebles24.com/casas-o-casa-en-condominio-o-departamentos-en-venta-en-queretaro-provincia-ordenado-por-fechaonline-descendente.html-pagina-51.html
https://www.inmuebles24.com/propiedades/clasificado/veclcain-casa-en-venta-santa-fe-10-min-de-uaq-amenidades-150671603.html,3600000,"MN 3,600,000",MXN,venta,Casa,Santa Fe,Querétaro,Querétaro,108.0,154.0,Publicado hace 15 días,2026-07-30T18:59:03Z,2026-08-14T16:58:22.211564+00:00,https://www.inmuebles24.com/casas-o-casa-en-condominio-o-departamentos-en-venta-en-queretaro-provincia-ordenado-por-fechaonline-descendente.html-pagina-51.html
https://www.inmuebles24.com/propiedades/clasificado/veclcain-casa-en-venta-zakia-3-recamaras-amenidades-equipada-150671485.html,2754000,"MN 2,754,000",MXN,venta,Casa,Zákia,El Marqués,Querétaro,132.0,146.0,Publicado hace 15 días,2026-07-30T18:58:54Z,2026-08-14T16:58:22.211564+00:00,https://www.inmuebles24.com/casas-o-casa-en-condominio-o-departamentos-en-venta-en-queretaro-provincia-ordenado-por-fechaonline-descendente.html-pagina-51.html
https://www.inmuebles24.com/propiedades/clasificado/veclcain-casa-en-venta-zakia-espacios-amplios-acabados-de-150671601.html,3550000,"MN 3,550,000",MXN,venta,Casa,Zákia,El Marqués,Querétaro,136.0,136.0,Publicado hace 15 días,2026-07-30T18:59:03Z,2026-08-14T16:58:22.211564+00:00,https://www.inmuebles24.com/casas-o-casa-en-condominio-o-departamentos-en-venta-en-queretaro-provincia-ordenado-por-fechaonline-descendente.html-pagina-51.html
https://www.inmuebles24.com/propiedades/clasificado/veclcain-casa-en-venta-zakia-jardin-interior-3-recamaras-150671371.html,2840000,"MN 2,840,000",MXN,venta,Casa,Zákia,El Marqués,Querétaro,144.0,116.0,Publicado hace 15 días,2026-07-30T18:58:44Z,2026-08-14T16:58:22.211564+00:00,https://www.inmuebles24.com/casas-o-casa-en-condominio-o-departamentos-en-venta-en-queretaro-provincia-ordenado-por-fechaonline-descendente.html-pagina-51.html
https://www.inmuebles24.com/propiedades/clasificado/veclcain-casa-en-venta-zakia-recamara-en-pb-terraza-150671432.html,2930000,"MN 2,930,000",MXN,venta,Casa,Zákia,El Marqués,Querétaro,150.0,100.0,Publicado hace 15 días,2026-07-30T18:58:49Z,2026-08-14T16:58:22.211564+00:00,https://www.inmuebles24.com/casas-o-casa-en-condominio-o-departamentos-en-venta-en-queretaro-provincia-ordenado-por-fechaonline-descendente.html-pagina-51.html
https://www.inmuebles24.com/propiedades/clasificado/veclcain-casa-en-venta-zakia-sala-de-tv-3-recamaras-150671457.html,3350000,"MN 3,350,000",MXN,venta,Casa,Zákia,El Marqués,Querétaro,137.0,107.0,Publicado hace 15 días,2026-07-30T18:58:51Z,2026-08-14T16:58:22.211564+00:00,https://www.inmuebles24.com/casas-o-casa-en-condominio-o-departamentos-en-venta-en-queretaro-provincia-ordenado-por-fechaonline-descendente.html-pagina-51.html
https://www.inmuebles24.com/propiedades/clasificado/veclcain-casa-en-venta-zakia-sala-de-tv-zona-flex-jardin-150671587.html,3205000,"MN 3,205,000",MXN,venta,Casa,Zákia,El Marqués,Querétaro,106.0,99.0,Publicado hace 15 días,2026-07-30T18:59:02Z,2026-08-14T16:58:22.211564+00:00,https://www.inmuebles24.com/casas-o-casa-en-condominio-o-departamentos-en-venta-en-queretaro-provincia-ordenado-por-fechaonline-descendente.html-pagina-51.html
https://www.inmuebles24.com/propiedades/clasificado/veclcain-casa-en-venta-zakia-zona-flex-jardin-3-recamaras-150671583.html,3388000,"MN 3,388,000",MXN,venta,Casa,Zákia,El Marqués,Querétaro,99.0,115.0,Publicado hace 15 días,2026-07-30T18:59:01Z,2026-08-14T16:58:22.211564+00:00,https://www.inmuebles24.com/casas-o-casa-en-condominio-o-departamentos-en-venta-en-queretaro-provincia-ordenado-por-fechaonline-descendente.html-pagina-51.html
https://www.inmuebles24.com/propiedades/clasificado/veclcain-casa-en-venta-zaru-3-recamaras-2.5-banos-seguridad-150671401.html,2633000,"MN 2,633,000",MXN,venta,Casa,Zákia,El Marqués,Querétaro,109.0,100.0,Publicado hace 15 días,2026-07-30T18:58:47Z,2026-08-14T16:59:41.553298+00:00,https://www.inmuebles24.com/casas-o-casa-en-condominio-o-departamentos-en-venta-en-queretaro-provincia-ordenado-por-fechaonline-descendente.html-pagina-51.html
https://www.inmuebles24.com/propiedades/clasificado/veclcain-casa-en-venta-zibata-3-racamaras-espacio-flex-150671637.html,3900000,"MN 3,900,000",MXN,venta,Casa,Zibatá,El Marqués,Querétaro,130.0,136.0,Publicado hace 15 días,2026-07-30T18:59:06Z,2026-08-14T16:59:41.553298+00:00,https://www.inmuebles24.com/casas-o-casa-en-condominio-o-departamentos-en-venta-en-queretaro-provincia-ordenado-por-fechaonline-descendente.html-pagina-51.html
https://www.inmuebles24.com/propiedades/clasificado/veclcain-casa-en-venta-zibata-amueblada-2-terrazas-3-niveles-150671563.html,5850000,"MN 5,850,000",MXN,venta,Casa,Zibatá,El Marqués,Querétaro,243.0,200.0,Publicado hace 15 días,2026-07-30T18:59Z,2026-08-14T16:59:41.553298+00:00,https://www.inmuebles24.com/casas-o-casa-en-condominio-o-departamentos-en-venta-en-queretaro-provincia-ordenado-por-fechaonline-descendente.html-pagina-51.html
https://www.inmuebles24.com/propiedades/clasificado/veclcain-casa-en-venta-zibata-oficina-bar-estudio-o-area-de-150671413.html,3960000,"MN 3,960,000",MXN,venta,Casa,Zibatá,El Marqués,Querétaro,156.0,126.0,Publicado hace 15 días,2026-07-30T18:58:48Z,2026-08-14T16:59:41.553298+00:00,https://www.inmuebles24.com/casas-o-casa-en-condominio-o-departamentos-en-venta-en-queretaro-provincia-ordenado-por-fechaonline-descendente.html-pagina-51.html
https://www.inmuebles24.com/propiedades/clasificado/veclcain-casa-en-venta-zibata-sala-de-tv-acabados-de-lujo.-150671433.html,4250000,"MN 4,250,000",MXN,venta,Casa,Zibatá,El Marqués,Querétaro,150.0,102.0,Publicado hace 15 días,2026-07-30T18:58:50Z,2026-08-14T16:59:41.553298+00:00,https://www.inmuebles24.com/casas-o-casa-en-condominio-o-departamentos-en-venta-en-queretaro-provincia-ordenado-por-fechaonline-descendente.html-pagina-51.html
https://www.inmuebles24.com/propiedades/clasificado/veclcain-casa-en-venta-zibata-zona-flex-bano-completo-p-b-3-150671575.html,4265000,"MN 4,265,000",MXN,venta,Casa,Fraccionamiento Desarrollo Habitacional Zibata,El Marqués,Querétaro,152.0,139.0,Publicado hace 15 días,2026-07-30T18:59:01Z,2026-08-14T16:59:41.553298+00:00,https://www.inmuebles24.com/casas-o-casa-en-condominio-o-departamentos-en-venta-en-queretaro-provincia-ordenado-por-fechaonline-descendente.html-pagina-51.html
https://www.inmuebles24.com/propiedades/clasificado/veclapin-departamento-en-preventa-zibata-oportunidad-150671434.html,2010000,"MN 2,010,000",MXN,venta,Apartamento,Zibatá,El Marqués,Querétaro,66.0,66.0,Publicado hace 15 días,2026-07-30T18:58:50Z,2026-08-14T16:59:41.553298+00:00,https://www.inmuebles24.com/casas-o-casa-en-condominio-o-departamentos-en-venta-en-queretaro-provincia-ordenado-por-fechaonline-descendente.html-pagina-52.html
https://www.inmuebles24.com/propiedades/clasificado/veclapin-departamento-en-venta-el-refugio-82-m-sup2-150671473.html,3022000,"MN 3,022,000",MXN,venta,Apartamento,Residencial El Refugio,Querétaro,Querétaro,92.0,95.0,Publicado hace 15 días,2026-07-30T18:58:53Z,2026-08-14T16:59:41.553298+00:00,https://www.inmuebles24.com/casas-o-casa-en-condominio-o-departamentos-en-venta-en-queretaro-provincia-ordenado-por-fechaonline-descendente.html-pagina-52.html
https://www.inmuebles24.com/propiedades/clasificado/veclapin-departamento-en-venta-juriquilla-3-recamaras-150671650.html,6300000,"MN 6,300,000",MXN,venta,Apartamento,Juriquilla,Querétaro,Querétaro,165.0,165.0,Publicado hace 15 días,2026-07-30T18:59:07Z,2026-08-14T16:59:41.553298+00:00,https://www.inmuebles24.com/casas-o-casa-en-condominio-o-departamentos-en-venta-en-queretaro-provincia-ordenado-por-fechaonline-descendente.html-pagina-52.html
https://www.inmuebles24.com/propiedades/clasificado/veclapin-departamento-en-venta-juriquilla-estudio-terraza-2-150671649.html,5187000,"MN 5,187,000",MXN,venta,Apartamento,Juriquilla,Querétaro,Querétaro,134.0,134.0,Publicado hace 15 días,2026-07-30T18:59:07Z,2026-08-14T16:59:41.553298+00:00,https://www.inmuebles24.com/casas-o-casa-en-condominio-o-departamentos-en-venta-en-queretaro-provincia-ordenado-por-fechaonline-descendente.html-pagina-52.html
https://www.inmuebles24.com/propiedades/clasificado/veclapin-departamento-en-venta-p-b-meseta-2-recamaras-150671621.html,2017000,"MN 2,017,000",MXN,venta,Apartamento,,Querétaro,Querétaro,71.0,71.0,Publicado hace 15 días,2026-07-30T18:59:04Z,2026-08-14T17:01:04.392933+00:00,https://www.inmuebles24.com/casas-o-casa-en-condominio-o-departamentos-en-venta-en-queretaro-provincia-ordenado-por-fechaonline-descendente.html-pagina-52.html
https://www.inmuebles24.com/propiedades/clasificado/veclapin-departamento-en-venta-zakia-amplios-espacios-3-150671584.html,2892000,"MN 2,892,000",MXN,venta,Apartamento,Zákia,El Marqués,Querétaro,115.0,115.0,Publicado hace 15 días,2026-07-30T18:59:01Z,2026-08-14T17:01:04.392933+00:00,https://www.inmuebles24.com/casas-o-casa-en-condominio-o-departamentos-en-venta-en-queretaro-provincia-ordenado-por-fechaonline-descendente.html-pagina-52.html
https://www.inmuebles24.com/propiedades/clasificado/veclapin-departamento-en-venta-zakia-terraza-con-vista-al-150671418.html,2165000,"MN 2,165,000",MXN,venta,Apartamento,Zákia,El Marqués,Querétaro,70.0,70.0,Publicado hace 15 días,2026-07-30T18:58:48Z,2026-08-14T17:01:04.392933+00:00,https://www.inmuebles24.com/casas-o-casa-en-condominio-o-departamentos-en-venta-en-queretaro-provincia-ordenado-por-fechaonline-descendente.html-pagina-52.html
https://www.inmuebles24.com/propiedades/clasificado/veclapin-departamento-en-venta-zaru-2-recamaras-amplia-sala-150671523.html,2999000,"MN 2,999,000",MXN,venta,Apartamento,Fraccionamiento Zarú,El Marqués,Querétaro,87.0,87.0,Publicado hace 15 días,2026-07-30T18:58:56Z,2026-08-14T17:01:04.392933+00:00,https://www.inmuebles24.com/casas-o-casa-en-condominio-o-departamentos-en-venta-en-queretaro-provincia-ordenado-por-fechaonline-descendente.html-pagina-52.html
https://www.inmuebles24.com/propiedades/clasificado/veclapin-departamento-en-venta-zaru-terraza-2-recamaras-sala-150671553.html,2790000,"MN 2,790,000",MXN,venta,Apartamento,Fraccionamiento Zarú,El Marqués,Querétaro,110.0,110.0,Publicado hace 15 días,2026-07-30T18:58:59Z,2026-08-14T17:01:04.392933+00:00,https://www.inmuebles24.com/casas-o-casa-en-condominio-o-departamentos-en-venta-en-queretaro-provincia-ordenado-por-fechaonline-descendente.html-pagina-52.html
https://www.inmuebles24.com/propiedades/clasificado/veclcain-casa-en-preventa-altozano-en-una-de-las-mejores-zonas-150671550.html,9490000,"MN 9,490,000",MXN,venta,Casa,Altozano el Nuevo Querétaro,Querétaro,Querétaro,309.0,302.0,Publicado hace 15 días,2026-07-30T18:58:59Z,2026-08-14T17:01:04.392933+00:00,https://www.inmuebles24.com/casas-o-casa-en-condominio-o-departamentos-en-venta-en-queretaro-provincia-ordenado-por-fechaonline-descendente.html-pagina-52.html
https://www.inmuebles24.com/propiedades/clasificado/veclcain-casa-en-venta-cimatario-15-min-del-centro-aun-lado-150671456.html,3332000,"MN 3,332,000",MXN,venta,Casa,El Rosario,Querétaro,Querétaro,142.0,120.0,Publicado hace 15 días,2026-07-30T18:58:51Z,2026-08-14T17:01:04.392933+00:00,https://www.inmuebles24.com/casas-o-casa-en-condominio-o-departamentos-en-venta-en-queretaro-provincia-ordenado-por-fechaonline-descendente.html-pagina-52.html
https://www.inmuebles24.com/propiedades/clasificado/veclcain-casa-en-venta-en-altozano-hermosa-casa-con-acabados-150671443.html,9950000,"MN 9,950,000",MXN,venta,Casa,Altozano el Nuevo Querétaro,Querétaro,Querétaro,340.0,250.0,Publicado hace 15 días,2026-07-30T18:58:50Z,2026-08-14T17:01:04.392933+00:00,https://www.inmuebles24.com/casas-o-casa-en-condominio-o-departamentos-en-venta-en-queretaro-provincia-ordenado-por-fechaonline-descendente.html-pagina-52.html
https://www.inmuebles24.com/propiedades/clasificado/veclcain-casa-en-venta-juriquilla-jardin-3-recamaras-150671479.html,3050000,"MN 3,050,000",MXN,venta,Casa,Juriquilla,Querétaro,Querétaro,126.0,108.0,Publicado hace 15 días,2026-07-30T18:58:53Z,2026-08-14T17:01:04.392933+00:00,https://www.inmuebles24.com/casas-o-casa-en-condominio-o-departamentos-en-venta-en-queretaro-provincia-ordenado-por-fechaonline-descendente.html-pagina-52.html
https://www.inmuebles24.com/propiedades/clasificado/veclcain-casa-en-venta-los-senderos-doble-altura-estudio-o-150671622.html,3980000,"MN 3,980,000",MXN,venta,Casa,,Corregidora,Querétaro,190.0,144.0,Publicado hace 15 días,2026-07-30T18:59:05Z,2026-08-14T17:01:04.392933+00:00,https://www.inmuebles24.com/casas-o-casa-en-condominio-o-departamentos-en-venta-en-queretaro-provincia-ordenado-por-fechaonline-descendente.html-pagina-52.html
https://www.inmuebles24.com/propiedades/clasificado/veclcain-casa-en-venta-meseta-3-recamaras-amenidades-150671492.html,2255000,"MN 2,255,000",MXN,venta,Casa,,Querétaro,Querétaro,100.0,105.0,Publicado hace 15 días,2026-07-30T18:58:54Z,2026-08-14T17:02:21.341264+00:00,https://www.inmuebles24.com/casas-o-casa-en-condominio-o-departamentos-en-venta-en-queretaro-provincia-ordenado-por-fechaonline-descendente.html-pagina-52.html
https://www.inmuebles24.com/propiedades/clasificado/veclcain-casa-en-venta-meseta-3-recamaras-pasillo-de-150671605.html,3290000,"MN 3,290,000",MXN,venta,Casa,,Querétaro,Querétaro,165.0,145.0,Publicado hace 15 días,2026-07-30T18:59:03Z,2026-08-14T17:02:21.341264+00:00,https://www.inmuebles24.com/casas-o-casa-en-condominio-o-departamentos-en-venta-en-queretaro-provincia-ordenado-por-fechaonline-descendente.html-pagina-52.html
https://www.inmuebles24.com/propiedades/clasificado/veclcain-casa-en-venta-nuevo-refugio-doble-altura-jardin-150671389.html,4850000,"MN 4,850,000",MXN,venta,Casa,Nuevo Refugio,Querétaro,Querétaro,207.0,184.0,Publicado hace 15 días,2026-07-30T18:58:46Z,2026-08-14T17:02:21.341264+00:00,https://www.inmuebles24.com/casas-o-casa-en-condominio-o-departamentos-en-venta-en-queretaro-provincia-ordenado-por-fechaonline-descendente.html-pagina-52.html
https://www.inmuebles24.com/propiedades/clasificado/veclcain-casa-en-venta-santa-fe-tlacote-sala-doble-altura-150671564.html,3980000,"MN 3,980,000",MXN,venta,Casa,Fraccionamiento Residencial Santa Fe,Corregidora,Querétaro,200.0,180.0,Publicado hace 15 días,2026-07-30T18:59Z,2026-08-14T17:02:21.341264+00:00,https://www.inmuebles24.com/casas-o-casa-en-condominio-o-departamentos-en-venta-en-queretaro-provincia-ordenado-por-fechaonline-descendente.html-pagina-52.html
https://www.inmuebles24.com/propiedades/clasificado/veclcain-casa-en-venta-zakia-3-recamaras-amplios-espacios-150671521.html,3807000,"MN 3,807,000",MXN,venta,Casa,Zákia,El Marqués,Querétaro,151.0,172.0,Publicado hace 15 días,2026-07-30T18:58:56Z,2026-08-14T17:02:21.341264+00:00,https://www.inmuebles24.com/casas-o-casa-en-condominio-o-departamentos-en-venta-en-queretaro-provincia-ordenado-por-fechaonline-descendente.html-pagina-52.html
https://www.inmuebles24.com/propiedades/clasificado/veclcain-casa-en-venta-zakia-amplia-cocina-sala-de-tv-jardin-150671588.html,3740000,"MN 3,740,000",MXN,venta,Casa,Zákia,El Marqués,Querétaro,129.0,142.0,Publicado hace 15 días,2026-07-30T18:59:02Z,2026-08-14T17:02:21.341264+00:00,https://www.inmuebles24.com/casas-o-casa-en-condominio-o-departamentos-en-venta-en-queretaro-provincia-ordenado-por-fechaonline-descendente.html-pagina-52.html
https://www.inmuebles24.com/propiedades/clasificado/veclcain-casa-en-venta-zakia-comodidad-y-modernidad-150671595.html,3300000,"MN 3,300,000",MXN,venta,Casa,Zákia,El Marqués,Querétaro,125.0,125.0,Publicado hace 15 días,2026-07-30T18:59:03Z,2026-08-14T17:02:21.341264+00:00,https://www.inmuebles24.com/casas-o-casa-en-condominio-o-departamentos-en-venta-en-queretaro-provincia-ordenado-por-fechaonline-descendente.html-pagina-52.html
https://www.inmuebles24.com/propiedades/clasificado/veclcain-casa-en-venta-zakia-terraza-3-recamaras-oportunidad-150671558.html,2400000,"MN 2,400,000",MXN,venta,Casa,Zákia,El Marqués,Querétaro,112.0,108.0,Publicado hace 15 días,2026-07-30T18:58:59Z,2026-08-14T17:02:21.341264+00:00,https://www.inmuebles24.com/casas-o-casa-en-condominio-o-departamentos-en-venta-en-queretaro-provincia-ordenado-por-fechaonline-descendente.html-pagina-52.html
https://www.inmuebles24.com/propiedades/clasificado/veclcain-casa-en-venta-zaru-detalles-que-hacen-la-diferencia-150671613.html,3920000,"MN 3,920,000",MXN,venta,Casa,Fraccionamiento Zarú,El Marqués,Querétaro,141.0,119.0,Publicado hace 15 días,2026-07-30T18:59:04Z,2026-08-14T17:02:21.341264+00:00,https://www.inmuebles24.com/casas-o-casa-en-condominio-o-departamentos-en-venta-en-queretaro-provincia-ordenado-por-fechaonline-descendente.html-pagina-52.html
https://www.inmuebles24.com/propiedades/clasificado/veclcain-casa-en-venta-zibata-135-m-de-terreno-jardin-3-150671554.html,4350000,"MN 4,350,000",MXN,venta,Casa,Zibatá,El Marqués,Querétaro,147.0,135.0,Publicado hace 15 días,2026-07-30T18:58:59Z,2026-08-14T17:02:21.341264+00:00,https://www.inmuebles24.com/casas-o-casa-en-condominio-o-departamentos-en-venta-en-queretaro-provincia-ordenado-por-fechaonline-descendente.html-pagina-52.html
https://www.inmuebles24.com/propiedades/clasificado/veclcain-casa-en-venta-zibata-cuarto-de-servicio-3-recamaras-150671444.html,5250000,"MN 5,250,000",MXN,venta,Casa,Zibatá,El Marqués,Querétaro,240.0,176.0,Publicado hace 15 días,2026-07-30T18:58:50Z,2026-08-14T17:03:44.176514+00:00,https://www.inmuebles24.com/casas-o-casa-en-condominio-o-departamentos-en-venta-en-queretaro-provincia-ordenado-por-fechaonline-descendente.html-pagina-52.html
https://www.inmuebles24.com/propiedades/clasificado/veclcain-casa-en-venta-zibata-estudio-roof-garden-patio-150671442.html,5900000,"MN 5,900,000",MXN,venta,Casa,Zibatá,El Marqués,Querétaro,290.0,250.0,Publicado hace 15 días,2026-07-30T18:58:50Z,2026-08-14T17:03:44.176514+00:00,https://www.inmuebles24.com/casas-o-casa-en-condominio-o-departamentos-en-venta-en-queretaro-provincia-ordenado-por-fechaonline-descendente.html-pagina-52.html
https://www.inmuebles24.com/propiedades/clasificado/veclcain-casa-en-venta-zibata-jardin-amplios-espacios-150671578.html,4299000,"MN 4,299,000",MXN,venta,Casa,Fraccionamiento Desarrollo Habitacional Zibata,El Marqués,Querétaro,165.0,139.0,Publicado hace 15 días,2026-07-30T18:59:01Z,2026-08-14T17:03:44.176514+00:00,https://www.inmuebles24.com/casas-o-casa-en-condominio-o-departamentos-en-venta-en-queretaro-provincia-ordenado-por-fechaonline-descendente.html-pagina-52.html
https://www.inmuebles24.com/propiedades/clasificado/veclcain-casa-en-venta-zibata-jardin-trasero-zona-flex-150671638.html,2990000,"MN 2,990,000",MXN,venta,Casa,Zibatá,El Marqués,Querétaro,104.0,110.0,Publicado hace 15 días,2026-07-30T18:59:06Z,2026-08-14T17:03:44.176514+00:00,https://www.inmuebles24.com/casas-o-casa-en-condominio-o-departamentos-en-venta-en-queretaro-provincia-ordenado-por-fechaonline-descendente.html-pagina-52.html
https://www.inmuebles24.com/propiedades/clasificado/veclcain-casa-en-venta-zibata-roof-con-asador-recibidor-3-150671474.html,4950000,"MN 4,950,000",MXN,venta,Casa,Zibatá,El Marqués,Querétaro,182.0,120.0,Publicado hace 15 días,2026-07-30T18:58:53Z,2026-08-14T17:03:44.176514+00:00,https://www.inmuebles24.com/casas-o-casa-en-condominio-o-departamentos-en-venta-en-queretaro-provincia-ordenado-por-fechaonline-descendente.html-pagina-52.html
https://www.inmuebles24.com/propiedades/clasificado/veclcain-casa-en-venta-zibata-roof-jacuzzi-4-recamaras-150671447.html,11700000,"MN 11,700,000",MXN,venta,Casa,Zibatá,El Marqués,Querétaro,440.0,300.0,Publicado hace 15 días,2026-07-30T18:58:50Z,2026-08-14T17:03:44.176514+00:00,https://www.inmuebles24.com/casas-o-casa-en-condominio-o-departamentos-en-venta-en-queretaro-provincia-ordenado-por-fechaonline-descendente.html-pagina-52.html
https://www.inmuebles24.com/propiedades/clasificado/veclapin-departamento-en-venta-el-refugio-cuarto-de-lavado-150671502.html,3300000,"MN 3,300,000",MXN,venta,Apartamento,Residencial El Refugio,Querétaro,Querétaro,104.0,140.0,Publicado hace 15 días,2026-07-30T18:58:55Z,2026-08-14T17:03:44.176514+00:00,https://www.inmuebles24.com/casas-o-casa-en-condominio-o-departamentos-en-venta-en-queretaro-provincia-ordenado-por-fechaonline-descendente.html-pagina-53.html
https://www.inmuebles24.com/propiedades/clasificado/veclapin-departamento-en-venta-juriquilla-2-plantas-terraza-150671654.html,4206000,"MN 4,206,000",MXN,venta,Apartamento,Juriquilla,Querétaro,Querétaro,142.0,142.0,Publicado hace 15 días,2026-07-30T18:59:07Z,2026-08-14T17:03:44.176514+00:00,https://www.inmuebles24.com/casas-o-casa-en-condominio-o-departamentos-en-venta-en-queretaro-provincia-ordenado-por-fechaonline-descendente.html-pagina-53.html
https://www.inmuebles24.com/propiedades/clasificado/veclapin-departamento-en-venta-zaru-amplia-terraza-150671522.html,2540000,"MN 2,540,000",MXN,venta,Apartamento,Fraccionamiento Zarú,El Marqués,Querétaro,99.0,99.0,Publicado hace 15 días,2026-07-30T18:58:56Z,2026-08-14T17:03:44.176514+00:00,https://www.inmuebles24.com/casas-o-casa-en-condominio-o-departamentos-en-venta-en-queretaro-provincia-ordenado-por-fechaonline-descendente.html-pagina-53.html
https://www.inmuebles24.com/propiedades/clasificado/veclapin-departamento-en-venta-zaru-terraza-estudio-o-3ra-150671526.html,3457000,"MN 3,457,000",MXN,venta,Apartamento,Fraccionamiento Zarú,El Marqués,Querétaro,114.0,114.0,Publicado hace 15 días,2026-07-30T18:58:56Z,2026-08-14T17:03:44.176514+00:00,https://www.inmuebles24.com/casas-o-casa-en-condominio-o-departamentos-en-venta-en-queretaro-provincia-ordenado-por-fechaonline-descendente.html-pagina-53.html
https://www.inmuebles24.com/propiedades/clasificado/veclapin-departamento-en-venta-zibata-vista-al-valle-5-min-150671373.html,4089000,"MN 4,089,000",MXN,venta,Apartamento,El Marqués,Querétaro,Querétaro,96.0,96.0,Publicado hace 15 días,2026-07-30T18:58:44Z,2026-08-14T17:04:53.764970+00:00,https://www.inmuebles24.com/casas-o-casa-en-condominio-o-departamentos-en-venta-en-queretaro-provincia-ordenado-por-fechaonline-descendente.html-pagina-53.html
https://www.inmuebles24.com/propiedades/clasificado/veclapin-lujosos-departamentos-en-venta-milineo-2-recamaras-150671636.html,4134000,"MN 4,134,000",MXN,venta,Apartamento,Milenio III,Querétaro,Querétaro,130.0,130.0,Publicado hace 15 días,2026-07-30T18:59:06Z,2026-08-14T17:04:53.764970+00:00,https://www.inmuebles24.com/casas-o-casa-en-condominio-o-departamentos-en-venta-en-queretaro-provincia-ordenado-por-fechaonline-descendente.html-pagina-53.html
https://www.inmuebles24.com/propiedades/clasificado/veclcain-casa-a-pie-de-calle-en-venta-el-refugio-247-m-de-150671657.html,4500000,"MN 4,500,000",MXN,venta,Casa,Residencial El Refugio,Querétaro,Querétaro,247.0,167.0,Publicado hace 15 días,2026-07-30T18:59:08Z,2026-08-14T17:04:53.764970+00:00,https://www.inmuebles24.com/casas-o-casa-en-condominio-o-departamentos-en-venta-en-queretaro-provincia-ordenado-por-fechaonline-descendente.html-pagina-53.html
https://www.inmuebles24.com/propiedades/clasificado/veclcain-casa-duplex-pa-en-venta-el-mirador-terraza-sala-de-150671441.html,2850000,"MN 2,850,000",MXN,venta,Casa,Fraccionamiento El Mirador,El Marqués,Querétaro,158.0,153.0,Publicado hace 15 días,2026-07-30T18:58:50Z,2026-08-14T17:04:53.764970+00:00,https://www.inmuebles24.com/casas-o-casa-en-condominio-o-departamentos-en-venta-en-queretaro-provincia-ordenado-por-fechaonline-descendente.html-pagina-53.html
https://www.inmuebles24.com/propiedades/clasificado/veclcain-casa-en-venta-altozano-dos-pasillos-laterales-150671446.html,21900000,"MN 21,900,000",MXN,venta,Casa,Altozano el Nuevo Querétaro,Querétaro,Querétaro,524.0,566.0,Publicado hace 15 días,2026-07-30T18:58:50Z,2026-08-14T17:04:53.764970+00:00,https://www.inmuebles24.com/casas-o-casa-en-condominio-o-departamentos-en-venta-en-queretaro-provincia-ordenado-por-fechaonline-descendente.html-pagina-53.html
https://www.inmuebles24.com/propiedades/clasificado/veclcain-casa-en-venta-cimatario-estudio-amplios-espacios-150671454.html,2740000,"MN 2,740,000",MXN,venta,Casa,El Rosario,Querétaro,Querétaro,132.0,110.0,Publicado hace 15 días,2026-07-30T18:58:51Z,2026-08-14T17:04:53.764970+00:00,https://www.inmuebles24.com/casas-o-casa-en-condominio-o-departamentos-en-venta-en-queretaro-provincia-ordenado-por-fechaonline-descendente.html-pagina-53.html
https://www.inmuebles24.com/propiedades/clasificado/veclcain-casa-en-venta-ciudad-marques-3-recamaras-amplios-150671540.html,1820000,"MN 1,820,000",MXN,venta,Casa,,El Marqués,Querétaro,88.0,90.0,Publicado hace 15 días,2026-07-30T18:58:58Z,2026-08-14T17:04:53.764970+00:00,https://www.inmuebles24.com/casas-o-casa-en-condominio-o-departamentos-en-venta-en-queretaro-provincia-ordenado-por-fechaonline-descendente.html-pagina-53.html
https://www.inmuebles24.com/propiedades/clasificado/veclcain-casa-en-venta-el-marques-oportunidad-3-recamaras-2-150671552.html,1880000,"MN 1,880,000",MXN,venta,Casa,,El Marqués,Querétaro,105.0,126.0,Publicado hace 15 días,2026-07-30T18:58:59Z,2026-08-14T17:04:53.764970+00:00,https://www.inmuebles24.com/casas-o-casa-en-condominio-o-departamentos-en-venta-en-queretaro-provincia-ordenado-por-fechaonline-descendente.html-pagina-53.html
https://www.inmuebles24.com/propiedades/clasificado/veclcain-casa-en-venta-el-refugio-3-plantas-4-recamaras-roof-150671590.html,4700000,"MN 4,700,000",MXN,venta,Casa,Residencial El Refugio,Querétaro,Querétaro,215.0,130.0,Publicado hace 15 días,2026-07-30T18:59:02Z,2026-08-14T17:04:53.764970+00:00,https://www.inmuebles24.com/casas-o-casa-en-condominio-o-departamentos-en-venta-en-queretaro-provincia-ordenado-por-fechaonline-descendente.html-pagina-53.html
https://www.inmuebles24.com/propiedades/clasificado/veclcain-casa-en-venta-el-refugio-sala-de-tv-cocina-equipada-150671608.html,2949000,"MN 2,949,000",MXN,venta,Casa,Residencial El Refugio,Querétaro,Querétaro,131.0,110.0,Publicado hace 15 días,2026-07-30T18:59:03Z,2026-08-14T17:04:53.764970+00:00,https://www.inmuebles24.com/casas-o-casa-en-condominio-o-departamentos-en-venta-en-queretaro-provincia-ordenado-por-fechaonline-descendente.html-pagina-53.html
https://www.inmuebles24.com/propiedades/clasificado/veclcain-casa-en-venta-en-lomas-del-campanario-3-recamaras-150671440.html,8650000,"MN 8,650,000",MXN,venta,Casa,Lomas del Campanario I,Querétaro,Querétaro,290.0,236.0,Publicado hace 15 días,2026-07-30T18:58:50Z,2026-08-14T17:06:14.027700+00:00,https://www.inmuebles24.com/casas-o-casa-en-condominio-o-departamentos-en-venta-en-queretaro-provincia-ordenado-por-fechaonline-descendente.html-pagina-53.html
https://www.inmuebles24.com/propiedades/clasificado/veclcain-casa-en-venta-juriquilla-estdio-o-sala-de-tv-roof-150671647.html,4995000,"MN 4,995,000",MXN,venta,Casa,Juriquilla,Querétaro,Querétaro,179.0,127.0,Publicado hace 15 días,2026-07-30T18:59:07Z,2026-08-14T17:06:14.027700+00:00,https://www.inmuebles24.com/casas-o-casa-en-condominio-o-departamentos-en-venta-en-queretaro-provincia-ordenado-por-fechaonline-descendente.html-pagina-53.html
https://www.inmuebles24.com/propiedades/clasificado/veclcain-casa-en-venta-juriquilla-recamara-en-p-b-cantina-150671542.html,5890000,"MN 5,890,000",MXN,venta,Casa,Juriquilla,Querétaro,Querétaro,300.0,200.0,Publicado hace 15 días,2026-07-30T18:58:58Z,2026-08-14T17:06:14.027700+00:00,https://www.inmuebles24.com/casas-o-casa-en-condominio-o-departamentos-en-venta-en-queretaro-provincia-ordenado-por-fechaonline-descendente.html-pagina-53.html
https://www.inmuebles24.com/propiedades/clasificado/veclcain-casa-en-venta-lomas-del-marques-sala-de-gran-espacio-150671537.html,3552000,"MN 3,552,000",MXN,venta,Casa,Lomas del Marqués,Querétaro,Querétaro,119.0,119.0,Publicado hace 15 días,2026-07-30T18:58:58Z,2026-08-14T17:06:14.027700+00:00,https://www.inmuebles24.com/casas-o-casa-en-condominio-o-departamentos-en-venta-en-queretaro-provincia-ordenado-por-fechaonline-descendente.html-pagina-53.html
https://www.inmuebles24.com/propiedades/clasificado/veclcain-casa-en-venta-meseta-recamara-pb-roof-garden-150671662.html,3090000,"MN 3,090,000",MXN,venta,Casa,,Querétaro,Querétaro,175.0,115.0,Publicado hace 15 días,2026-07-30T18:59:08Z,2026-08-14T17:06:14.027700+00:00,https://www.inmuebles24.com/casas-o-casa-en-condominio-o-departamentos-en-venta-en-queretaro-provincia-ordenado-por-fechaonline-descendente.html-pagina-53.html
https://www.inmuebles24.com/propiedades/clasificado/veclcain-casa-en-venta-nuevo-refugio-jardin-interior-sonido-150671503.html,4077000,"MN 4,077,000",MXN,venta,Casa,Nuevo Refugio,Querétaro,Querétaro,165.0,152.0,Publicado hace 15 días,2026-07-30T18:58:55Z,2026-08-14T17:06:14.027700+00:00,https://www.inmuebles24.com/casas-o-casa-en-condominio-o-departamentos-en-venta-en-queretaro-provincia-ordenado-por-fechaonline-descendente.html-pagina-53.html
https://www.inmuebles24.com/propiedades/clasificado/veclcain-casa-en-venta-villa-carriedo-3-habitaciones-3-pisos-150671378.html,6000000,"MN 6,000,000",MXN,venta,Casa,,El Marqués,Querétaro,277.0,144.0,Publicado hace 15 días,2026-07-30T18:58:45Z,2026-08-14T17:06:14.027700+00:00,https://www.inmuebles24.com/casas-o-casa-en-condominio-o-departamentos-en-venta-en-queretaro-provincia-ordenado-por-fechaonline-descendente.html-pagina-53.html
https://www.inmuebles24.com/propiedades/clasificado/veclcain-casa-en-venta-villa-magna-3-recamaras-con-bano-150671370.html,4300000,"MN 4,300,000",MXN,venta,Casa,,El Marqués,Querétaro,173.0,119.0,Publicado hace 15 días,2026-07-30T18:58:44Z,2026-08-14T17:06:14.027700+00:00,https://www.inmuebles24.com/casas-o-casa-en-condominio-o-departamentos-en-venta-en-queretaro-provincia-ordenado-por-fechaonline-descendente.html-pagina-53.html
https://www.inmuebles24.com/propiedades/clasificado/veclcain-casa-en-venta-zakia-3-recamaras-seguridad-24-7-150671429.html,2580000,"MN 2,580,000",MXN,venta,Casa,Zákia,El Marqués,Querétaro,110.0,100.0,Publicado hace 15 días,2026-07-30T18:58:49Z,2026-08-14T17:06:14.027700+00:00,https://www.inmuebles24.com/casas-o-casa-en-condominio-o-departamentos-en-venta-en-queretaro-provincia-ordenado-por-fechaonline-descendente.html-pagina-53.html
https://www.inmuebles24.com/propiedades/clasificado/veclcain-casa-en-venta-zakia-estudio-balcon.-oportunidad-150671419.html,2685000,"MN 2,685,000",MXN,venta,Casa,Zákia,El Marqués,Querétaro,110.0,105.0,Publicado hace 15 días,2026-07-30T18:58:48Z,2026-08-14T17:06:14.027700+00:00,https://www.inmuebles24.com/casas-o-casa-en-condominio-o-departamentos-en-venta-en-queretaro-provincia-ordenado-por-fechaonline-descendente.html-pagina-53.html
https://www.inmuebles24.com/propiedades/clasificado/veclcain-casa-en-venta-zakia-recamara-p-b-amplios-espacios-150671453.html,3005000,"MN 3,005,000",MXN,venta,Casa,Zákia,El Marqués,Querétaro,122.0,102.0,Publicado hace 15 días,2026-07-30T18:58:51Z,2026-08-14T17:07:26.152030+00:00,https://www.inmuebles24.com/casas-o-casa-en-condominio-o-departamentos-en-venta-en-queretaro-provincia-ordenado-por-fechaonline-descendente.html-pagina-53.html
https://www.inmuebles24.com/propiedades/clasificado/veclcain-casa-en-venta-zaru-recamara-en-p-b-3-banos-completos-150671593.html,2980000,"MN 2,980,000",MXN,venta,Casa,Fraccionamiento Zarú,El Marqués,Querétaro,125.0,102.0,Publicado hace 15 días,2026-07-30T18:59:02Z,2026-08-14T17:07:26.152030+00:00,https://www.inmuebles24.com/casas-o-casa-en-condominio-o-departamentos-en-venta-en-queretaro-provincia-ordenado-por-fechaonline-descendente.html-pagina-53.html
https://www.inmuebles24.com/propiedades/clasificado/veclcain-casa-en-venta-zibata-3-recamaras-amplios-espacios-150671555.html,3800000,"MN 3,800,000",MXN,venta,Casa,Zibatá,El Marqués,Querétaro,122.0,138.0,Publicado hace 15 días,2026-07-30T18:58:59Z,2026-08-14T17:07:26.152030+00:00,https://www.inmuebles24.com/casas-o-casa-en-condominio-o-departamentos-en-venta-en-queretaro-provincia-ordenado-por-fechaonline-descendente.html-pagina-53.html
https://www.inmuebles24.com/propiedades/clasificado/veclcain-casa-en-venta-zibata-area-de-lavado-interior-3-150671579.html,3432000,"MN 3,432,000",MXN,venta,Casa,Fraccionamiento Desarrollo Habitacional Zibata,El Marqués,Querétaro,119.0,112.0,Publicado hace 15 días,2026-07-30T18:59:01Z,2026-08-14T17:07:26.152030+00:00,https://www.inmuebles24.com/casas-o-casa-en-condominio-o-departamentos-en-venta-en-queretaro-provincia-ordenado-por-fechaonline-descendente.html-pagina-53.html
https://www.inmuebles24.com/propiedades/clasificado/veclcain-casa-en-venta-zibata-estudio-sala-de-tv-150671374.html,5503000,"MN 5,503,000",MXN,venta,Casa,Zibatá,El Marqués,Querétaro,198.0,198.0,Publicado hace 15 días,2026-07-30T18:58:45Z,2026-08-14T17:07:26.152030+00:00,https://www.inmuebles24.com/casas-o-casa-en-condominio-o-departamentos-en-venta-en-queretaro-provincia-ordenado-por-fechaonline-descendente.html-pagina-53.html
https://www.inmuebles24.com/propiedades/clasificado/veclcain-casa-en-venta-zibata-recamara-en-roof-terraza-sala-150671476.html,5000000,"MN 5,000,000",MXN,venta,Casa,Zibatá,El Marqués,Querétaro,189.0,120.0,Publicado hace 15 días,2026-07-30T18:58:53Z,2026-08-14T17:07:26.152030+00:00,https://www.inmuebles24.com/casas-o-casa-en-condominio-o-departamentos-en-venta-en-queretaro-provincia-ordenado-por-fechaonline-descendente.html-pagina-53.html
https://www.inmuebles24.com/propiedades/clasificado/veclapin-departamento-en-meseta-p-a-terraza-amplios-espacios-150671626.html,2017000,"MN 2,017,000",MXN,venta,Apartamento,,Querétaro,Querétaro,81.0,81.0,Publicado hace 15 días,2026-07-30T18:59:05Z,2026-08-14T17:07:26.152030+00:00,https://www.inmuebles24.com/casas-o-casa-en-condominio-o-departamentos-en-venta-en-queretaro-provincia-ordenado-por-fechaonline-descendente.html-pagina-54.html
https://www.inmuebles24.com/propiedades/clasificado/veclapin-departamento-en-preventa-zaru-amplia-cocina-150671616.html,2423000,"MN 2,423,000",MXN,venta,Apartamento,Fraccionamiento Zarú,El Marqués,Querétaro,79.0,79.0,Publicado hace 15 días,2026-07-30T18:59:04Z,2026-08-14T17:07:26.152030+00:00,https://www.inmuebles24.com/casas-o-casa-en-condominio-o-departamentos-en-venta-en-queretaro-provincia-ordenado-por-fechaonline-descendente.html-pagina-54.html
https://www.inmuebles24.com/propiedades/clasificado/veclapin-departamento-en-venta-el-mirador-roof-garden-2-150671614.html,2800000,"MN 2,800,000",MXN,venta,Apartamento,Fraccionamiento El Mirador,El Marqués,Querétaro,138.0,138.0,Publicado hace 15 días,2026-07-30T18:59:04Z,2026-08-14T17:07:26.152030+00:00,https://www.inmuebles24.com/casas-o-casa-en-condominio-o-departamentos-en-venta-en-queretaro-provincia-ordenado-por-fechaonline-descendente.html-pagina-54.html
https://www.inmuebles24.com/propiedades/clasificado/veclapin-departamento-en-venta-el-refugio-balcon-bodega-150671469.html,2669000,"MN 2,669,000",MXN,venta,Apartamento,Residencial El Refugio,Querétaro,Querétaro,84.0,74.0,Publicado hace 15 días,2026-07-30T18:58:52Z,2026-08-14T17:07:26.152030+00:00,https://www.inmuebles24.com/casas-o-casa-en-condominio-o-departamentos-en-venta-en-queretaro-provincia-ordenado-por-fechaonline-descendente.html-pagina-54.html
https://www.inmuebles24.com/propiedades/clasificado/veclapin-departamento-en-venta-juriquilla-estudio-o-tercer-150671648.html,4370000,"MN 4,370,000",MXN,venta,Apartamento,Juriquilla,Querétaro,Querétaro,114.0,114.0,Publicado hace 15 días,2026-07-30T18:59:07Z,2026-08-14T17:08:42.422994+00:00,https://www.inmuebles24.com/casas-o-casa-en-condominio-o-departamentos-en-venta-en-queretaro-provincia-ordenado-por-fechaonline-descendente.html-pagina-54.html
https://www.inmuebles24.com/propiedades/clasificado/veclapin-departamento-en-venta-zakia-2-recamaras-5-min-150671425.html,2099000,"MN 2,099,000",MXN,venta,Apartamento,Zákia,El Marqués,Querétaro,66.0,66.0,Publicado hace 15 días,2026-07-30T18:58:49Z,2026-08-14T17:08:42.422994+00:00,https://www.inmuebles24.com/casas-o-casa-en-condominio-o-departamentos-en-venta-en-queretaro-provincia-ordenado-por-fechaonline-descendente.html-pagina-54.html
https://www.inmuebles24.com/propiedades/clasificado/veclapin-departamento-en-venta-zakia-roof-top-sala-de-tv-5-150671428.html,2851000,"MN 2,851,000",MXN,venta,Apartamento,Zákia,El Marqués,Querétaro,112.0,112.0,Publicado hace 15 días,2026-07-30T18:58:49Z,2026-08-14T17:08:42.422994+00:00,https://www.inmuebles24.com/casas-o-casa-en-condominio-o-departamentos-en-venta-en-queretaro-provincia-ordenado-por-fechaonline-descendente.html-pagina-54.html
https://www.inmuebles24.com/propiedades/clasificado/veclapin-departamento-en-venta-zakia-terraza-espacios-150671582.html,2685000,"MN 2,685,000",MXN,venta,Apartamento,Zákia,El Marqués,Querétaro,97.0,97.0,Publicado hace 15 días,2026-07-30T18:59:01Z,2026-08-14T17:08:42.422994+00:00,https://www.inmuebles24.com/casas-o-casa-en-condominio-o-departamentos-en-venta-en-queretaro-provincia-ordenado-por-fechaonline-descendente.html-pagina-54.html
https://www.inmuebles24.com/propiedades/clasificado/veclapin-departamento-en-venta-zaru-amplia-alacena-y-area-de-150671525.html,3100000,"MN 3,100,000",MXN,venta,Apartamento,Fraccionamiento Zarú,El Marqués,Querétaro,126.0,126.0,Publicado hace 15 días,2026-07-30T18:58:56Z,2026-08-14T17:08:42.422994+00:00,https://www.inmuebles24.com/casas-o-casa-en-condominio-o-departamentos-en-venta-en-queretaro-provincia-ordenado-por-fechaonline-descendente.html-pagina-54.html
https://www.inmuebles24.com/propiedades/clasificado/veclcain-casa-en-el-marques-150673244.html,3628000,"MN 3,628,000",MXN,venta,Casa,,El Marqués,Querétaro,142.0,126.0,Publicado hace 15 días,2026-07-30T20:25:55Z,2026-08-14T17:08:42.422994+00:00,https://www.inmuebles24.com/casas-o-casa-en-condominio-o-departamentos-en-venta-en-queretaro-provincia-ordenado-por-fechaonline-descendente.html-pagina-54.html
https://www.inmuebles24.com/propiedades/clasificado/veclcain-casa-en-el-marques-150674159.html,5171000,"MN 5,171,000",MXN,venta,Casa,,El Marqués,Querétaro,215.0,160.0,Publicado hace 15 días,2026-07-30T21:31:37Z,2026-08-14T17:08:42.422994+00:00,https://www.inmuebles24.com/casas-o-casa-en-condominio-o-departamentos-en-venta-en-queretaro-provincia-ordenado-por-fechaonline-descendente.html-pagina-54.html
https://www.inmuebles24.com/propiedades/clasificado/veclcain-casa-en-preventa-zakia-3-recamaras-alberca-150671386.html,2350000,"MN 2,350,000",MXN,venta,Casa,Zákia,El Marqués,Querétaro,88.0,100.0,Publicado hace 15 días,2026-07-30T18:58:46Z,2026-08-14T17:08:42.422994+00:00,https://www.inmuebles24.com/casas-o-casa-en-condominio-o-departamentos-en-venta-en-queretaro-provincia-ordenado-por-fechaonline-descendente.html-pagina-54.html
https://www.inmuebles24.com/propiedades/clasificado/veclcain-casa-en-venta-ciudad-del-sol-3-recamaras-2.5-banos-150671629.html,2099000,"MN 2,099,000",MXN,venta,Casa,Fraccionamiento Ciudad del Sol,Querétaro,Querétaro,105.0,83.0,Publicado hace 15 días,2026-07-30T18:59:05Z,2026-08-14T17:08:42.422994+00:00,https://www.inmuebles24.com/casas-o-casa-en-condominio-o-departamentos-en-venta-en-queretaro-provincia-ordenado-por-fechaonline-descendente.html-pagina-54.html
https://www.inmuebles24.com/propiedades/clasificado/veclcain-casa-en-venta-juriquilla-espacios-amplios-sala-de-tv-150671477.html,3250000,"MN 3,250,000",MXN,venta,Casa,Juriquilla,Querétaro,Querétaro,133.0,108.0,Publicado hace 15 días,2026-07-30T18:58:53Z,2026-08-14T17:08:42.422994+00:00,https://www.inmuebles24.com/casas-o-casa-en-condominio-o-departamentos-en-venta-en-queretaro-provincia-ordenado-por-fechaonline-descendente.html-pagina-54.html
https://www.inmuebles24.com/propiedades/clasificado/veclcain-casa-en-venta-juriquilla-estudio-o-4ta-recamara-p-b-150671536.html,5500000,"MN 5,500,000",MXN,venta,Casa,Juriquilla,Querétaro,Querétaro,277.0,317.0,Publicado hace 15 días,2026-07-30T18:58:58Z,2026-08-14T17:10:02.641576+00:00,https://www.inmuebles24.com/casas-o-casa-en-condominio-o-departamentos-en-venta-en-queretaro-provincia-ordenado-por-fechaonline-descendente.html-pagina-54.html
https://www.inmuebles24.com/propiedades/clasificado/veclcain-casa-en-venta-juriquilla-terminados-de-lujo-3-150671478.html,3150000,"MN 3,150,000",MXN,venta,Casa,Juriquilla,Querétaro,Querétaro,128.0,108.0,Publicado hace 15 días,2026-07-30T18:58:53Z,2026-08-14T17:10:02.641576+00:00,https://www.inmuebles24.com/casas-o-casa-en-condominio-o-departamentos-en-venta-en-queretaro-provincia-ordenado-por-fechaonline-descendente.html-pagina-54.html
https://www.inmuebles24.com/propiedades/clasificado/veclcain-casa-en-venta-lomas-del-campanario-norte-3-recamaras-150671381.html,4550000,"MN 4,550,000",MXN,venta,Casa,,El Marqués,Querétaro,177.0,119.0,Publicado hace 15 días,2026-07-30T18:58:45Z,2026-08-14T17:10:02.641576+00:00,https://www.inmuebles24.com/casas-o-casa-en-condominio-o-departamentos-en-venta-en-queretaro-provincia-ordenado-por-fechaonline-descendente.html-pagina-54.html
https://www.inmuebles24.com/propiedades/clasificado/veclcain-casa-en-venta-meseta-3-recamaras-sala-de-tv-cochera-150671490.html,3015000,"MN 3,015,000",MXN,venta,Casa,,Querétaro,Querétaro,144.0,122.0,Publicado hace 15 días,2026-07-30T18:58:54Z,2026-08-14T17:10:02.641576+00:00,https://www.inmuebles24.com/casas-o-casa-en-condominio-o-departamentos-en-venta-en-queretaro-provincia-ordenado-por-fechaonline-descendente.html-pagina-54.html
https://www.inmuebles24.com/propiedades/clasificado/veclcain-casa-en-venta-nuevo-refugio-amplios-espacios-y-150671617.html,4999000,"MN 4,999,000",MXN,venta,Casa,Nuevo Refugio,Querétaro,Querétaro,213.0,160.0,Publicado hace 15 días,2026-07-30T18:59:04Z,2026-08-14T17:10:02.641576+00:00,https://www.inmuebles24.com/casas-o-casa-en-condominio-o-departamentos-en-venta-en-queretaro-provincia-ordenado-por-fechaonline-descendente.html-pagina-54.html
https://www.inmuebles24.com/propiedades/clasificado/veclcain-casa-en-venta-zakia-2-recamaras-en-pb-terraza-sala-150671481.html,3380000,"MN 3,380,000",MXN,venta,Casa,Zákia,El Marqués,Querétaro,130.0,113.0,Publicado hace 15 días,2026-07-30T18:58:53Z,2026-08-14T17:10:02.641576+00:00,https://www.inmuebles24.com/casas-o-casa-en-condominio-o-departamentos-en-venta-en-queretaro-provincia-ordenado-por-fechaonline-descendente.html-pagina-54.html
https://www.inmuebles24.com/propiedades/clasificado/veclcain-casa-en-venta-zakia-amplios-espacios-3-recamaras-150671598.html,3400000,"MN 3,400,000",MXN,venta,Casa,Zákia,El Marqués,Querétaro,128.0,128.0,Publicado hace 15 días,2026-07-30T18:59:03Z,2026-08-14T17:10:02.641576+00:00,https://www.inmuebles24.com/casas-o-casa-en-condominio-o-departamentos-en-venta-en-queretaro-provincia-ordenado-por-fechaonline-descendente.html-pagina-54.html
https://www.inmuebles24.com/propiedades/clasificado/veclcain-casa-en-venta-zakia-sala-de-tv-2-estacionamientos-150671417.html,3044000,"MN 3,044,000",MXN,venta,Casa,Zákia,El Marqués,Querétaro,135.0,117.0,Publicado hace 15 días,2026-07-30T18:58:48Z,2026-08-14T17:10:02.641576+00:00,https://www.inmuebles24.com/casas-o-casa-en-condominio-o-departamentos-en-venta-en-queretaro-provincia-ordenado-por-fechaonline-descendente.html-pagina-54.html
https://www.inmuebles24.com/propiedades/clasificado/veclcain-casa-en-venta-zakia-sala-de-tv-amplios-espacios-150671424.html,2934000,"MN 2,934,000",MXN,venta,Casa,Zákia,El Marqués,Querétaro,111.0,111.0,Publicado hace 15 días,2026-07-30T18:58:49Z,2026-08-14T17:10:02.641576+00:00,https://www.inmuebles24.com/casas-o-casa-en-condominio-o-departamentos-en-venta-en-queretaro-provincia-ordenado-por-fechaonline-descendente.html-pagina-54.html
https://www.inmuebles24.com/propiedades/clasificado/veclcain-casa-en-venta-zakia-terraza-opcion-a-recamara-en-150671416.html,2865000,"MN 2,865,000",MXN,venta,Casa,Zákia,El Marqués,Querétaro,122.0,117.0,Publicado hace 15 días,2026-07-30T18:58:48Z,2026-08-14T17:10:02.641576+00:00,https://www.inmuebles24.com/casas-o-casa-en-condominio-o-departamentos-en-venta-en-queretaro-provincia-ordenado-por-fechaonline-descendente.html-pagina-54.html
https://www.inmuebles24.com/propiedades/clasificado/veclcain-casa-en-venta-zaru-estacionamiento-techado-roof-top.-150671436.html,3725000,"MN 3,725,000",MXN,venta,Casa,Fraccionamiento Zarú,El Marqués,Querétaro,161.0,108.0,Publicado hace 15 días,2026-07-30T18:58:50Z,2026-08-14T17:11:08.260088+00:00,https://www.inmuebles24.com/casas-o-casa-en-condominio-o-departamentos-en-venta-en-queretaro-provincia-ordenado-por-fechaonline-descendente.html-pagina-54.html
https://www.inmuebles24.com/propiedades/clasificado/veclcain-casa-en-venta-zibata-3-recamaras-con-bano-completo-150671375.html,3940000,"MN 3,940,000",MXN,venta,Casa,Zibatá,El Marqués,Querétaro,160.0,131.0,Publicado hace 15 días,2026-07-30T18:58:45Z,2026-08-14T17:11:08.260088+00:00,https://www.inmuebles24.com/casas-o-casa-en-condominio-o-departamentos-en-venta-en-queretaro-provincia-ordenado-por-fechaonline-descendente.html-pagina-54.html
https://www.inmuebles24.com/propiedades/clasificado/veclcain-casa-en-venta-zibata-3-recamaras-espacios-pensados-150671641.html,3800000,"MN 3,800,000",MXN,venta,Casa,Zibatá,El Marqués,Querétaro,127.0,110.0,Publicado hace 15 días,2026-07-30T18:59:06Z,2026-08-14T17:11:08.260088+00:00,https://www.inmuebles24.com/casas-o-casa-en-condominio-o-departamentos-en-venta-en-queretaro-provincia-ordenado-por-fechaonline-descendente.html-pagina-54.html
https://www.inmuebles24.com/propiedades/clasificado/veclcain-casa-en-venta-zibata-3-recamaras-sala-de-tv-150671576.html,3642000,"MN 3,642,000",MXN,venta,Casa,Fraccionamiento Desarrollo Habitacional Zibata,El Marqués,Querétaro,127.0,112.0,Publicado hace 15 días,2026-07-30T18:59:01Z,2026-08-14T17:11:08.260088+00:00,https://www.inmuebles24.com/casas-o-casa-en-condominio-o-departamentos-en-venta-en-queretaro-provincia-ordenado-por-fechaonline-descendente.html-pagina-54.html
https://www.inmuebles24.com/propiedades/clasificado/veclcain-casa-en-venta-zibata-estancia-pb-amplios-espacios-150671390.html,2999000,"MN 2,999,000",MXN,venta,Casa,Zibatá,El Marqués,Querétaro,118.0,105.0,Publicado hace 15 días,2026-07-30T18:58:46Z,2026-08-14T17:11:08.260088+00:00,https://www.inmuebles24.com/casas-o-casa-en-condominio-o-departamentos-en-venta-en-queretaro-provincia-ordenado-por-fechaonline-descendente.html-pagina-54.html
https://www.inmuebles24.com/propiedades/clasificado/veclcapa-casa-en-milenio-iii-excelente-estado-sobre-senda-150668087.html,3650000,"MN 3,650,000",MXN,venta,Casa,Milenio III,Querétaro,Querétaro,150.0,170.0,Publicado hace 15 días,2026-07-30T15:54:19Z,2026-08-14T17:11:08.260088+00:00,https://www.inmuebles24.com/casas-o-casa-en-condominio-o-departamentos-en-venta-en-queretaro-provincia-ordenado-por-fechaonline-descendente.html-pagina-54.html
https://www.inmuebles24.com/propiedades/clasificado/veclapin-departamento-duplex-en-venta-cedros-tulipanes-150676144.html,1745000,"MN 1,745,000",MXN,venta,Apartamento,Peñuelas,Querétaro,Querétaro,75.0,75.0,Publicado hace 15 días,2026-07-31T00:58:49Z,2026-08-14T17:11:08.260088+00:00,https://www.inmuebles24.com/casas-o-casa-en-condominio-o-departamentos-en-venta-en-queretaro-provincia-ordenado-por-fechaonline-descendente.html-pagina-55.html
https://www.inmuebles24.com/propiedades/clasificado/veclapin-departamento-en-preventa-zibata-oportunidad-sala-de-150671439.html,2405000,"MN 2,405,000",MXN,venta,Apartamento,Zibatá,El Marqués,Querétaro,83.0,83.0,Publicado hace 15 días,2026-07-30T18:58:50Z,2026-08-14T17:11:08.260088+00:00,https://www.inmuebles24.com/casas-o-casa-en-condominio-o-departamentos-en-venta-en-queretaro-provincia-ordenado-por-fechaonline-descendente.html-pagina-55.html
https://www.inmuebles24.com/propiedades/clasificado/veclapin-departamento-en-venta-ciudad-del-sol-espacios-150671624.html,1450000,"MN 1,450,000",MXN,venta,Apartamento,Fraccionamiento Ciudad del Sol,Querétaro,Querétaro,57.0,57.0,Publicado hace 15 días,2026-07-30T18:59:05Z,2026-08-14T17:11:08.260088+00:00,https://www.inmuebles24.com/casas-o-casa-en-condominio-o-departamentos-en-venta-en-queretaro-provincia-ordenado-por-fechaonline-descendente.html-pagina-55.html
https://www.inmuebles24.com/propiedades/clasificado/veclapin-departamento-en-venta-nuevo-refugio-terraza-jardin-150671508.html,3101000,"MN 3,101,000",MXN,venta,Apartamento,Nuevo Refugio,Querétaro,Querétaro,95.0,95.0,Publicado hace 15 días,2026-07-30T18:58:55Z,2026-08-14T17:11:08.260088+00:00,https://www.inmuebles24.com/casas-o-casa-en-condominio-o-departamentos-en-venta-en-queretaro-provincia-ordenado-por-fechaonline-descendente.html-pagina-55.html
https://www.inmuebles24.com/propiedades/clasificado/veclapin-departamento-en-venta-zakia-sala-de-tv-amplios-150671483.html,2286000,"MN 2,286,000",MXN,venta,Apartamento,Zákia,El Marqués,Querétaro,93.0,93.0,Publicado hace 15 días,2026-07-30T18:58:53Z,2026-08-14T17:12:28.808978+00:00,https://www.inmuebles24.com/casas-o-casa-en-condominio-o-departamentos-en-venta-en-queretaro-provincia-ordenado-por-fechaonline-descendente.html-pagina-55.html
https://www.inmuebles24.com/propiedades/clasificado/veclcain-casa-en-el-marques-150674992.html,5600000,"MN 5,600,000",MXN,venta,Casa,,El Marqués,Querétaro,277.0,162.0,Publicado hace 15 días,2026-07-30T22:43:47Z,2026-08-14T17:12:28.808978+00:00,https://www.inmuebles24.com/casas-o-casa-en-condominio-o-departamentos-en-venta-en-queretaro-provincia-ordenado-por-fechaonline-descendente.html-pagina-55.html
https://www.inmuebles24.com/propiedades/clasificado/veclcain-casa-en-venta-altozano-4-recamaras-cochera-techada-150671610.html,7800000,"MN 7,800,000",MXN,venta,Casa,Altozano el Nuevo Querétaro,Querétaro,Querétaro,270.0,200.0,Publicado hace 15 días,2026-07-30T18:59:03Z,2026-08-14T17:12:28.808978+00:00,https://www.inmuebles24.com/casas-o-casa-en-condominio-o-departamentos-en-venta-en-queretaro-provincia-ordenado-por-fechaonline-descendente.html-pagina-55.html
https://www.inmuebles24.com/propiedades/clasificado/veclcain-casa-en-venta-cimatario-3-recamaras-recamara-150671484.html,2531000,"MN 2,531,000",MXN,venta,Casa,El Rosario,Querétaro,Querétaro,116.0,110.0,Publicado hace 15 días,2026-07-30T18:58:54Z,2026-08-14T17:12:28.808978+00:00,https://www.inmuebles24.com/casas-o-casa-en-condominio-o-departamentos-en-venta-en-queretaro-provincia-ordenado-por-fechaonline-descendente.html-pagina-55.html
https://www.inmuebles24.com/propiedades/clasificado/veclcain-casa-en-venta-el-refugio-jardin-sala-de-tv-amplios-150671496.html,4200000,"MN 4,200,000",MXN,venta,Casa,Residencial El Refugio,Querétaro,Querétaro,152.0,140.0,Publicado hace 15 días,2026-07-30T18:58:54Z,2026-08-14T17:12:28.808978+00:00,https://www.inmuebles24.com/casas-o-casa-en-condominio-o-departamentos-en-venta-en-queretaro-provincia-ordenado-por-fechaonline-descendente.html-pagina-55.html
https://www.inmuebles24.com/propiedades/clasificado/veclcain-casa-en-venta-frente-a-jurica-family-room-3-150671470.html,4950000,"MN 4,950,000",MXN,venta,Casa,Jurica,Querétaro,Querétaro,186.0,142.0,Publicado hace 15 días,2026-07-30T18:58:52Z,2026-08-14T17:12:28.808978+00:00,https://www.inmuebles24.com/casas-o-casa-en-condominio-o-departamentos-en-venta-en-queretaro-provincia-ordenado-por-fechaonline-descendente.html-pagina-55.html
https://www.inmuebles24.com/propiedades/clasificado/veclcain-casa-en-venta-juriquilla-15-min-de-uvm-y-unam-150671646.html,3340000,"MN 3,340,000",MXN,venta,Casa,Juriquilla,Querétaro,Querétaro,155.0,136.0,Publicado hace 15 días,2026-07-30T18:59:07Z,2026-08-14T17:12:28.808978+00:00,https://www.inmuebles24.com/casas-o-casa-en-condominio-o-departamentos-en-venta-en-queretaro-provincia-ordenado-por-fechaonline-descendente.html-pagina-55.html
https://www.inmuebles24.com/propiedades/clasificado/veclcain-casa-en-venta-juriquilla-3-niveles-roof-garden-150671388.html,4170000,"MN 4,170,000",MXN,venta,Casa,Juriquilla,Querétaro,Querétaro,148.0,138.0,Publicado hace 15 días,2026-07-30T18:58:46Z,2026-08-14T17:12:28.808978+00:00,https://www.inmuebles24.com/casas-o-casa-en-condominio-o-departamentos-en-venta-en-queretaro-provincia-ordenado-por-fechaonline-descendente.html-pagina-55.html
https://www.inmuebles24.com/propiedades/clasificado/veclcain-casa-en-venta-lomas-del-marques-cocina-equipada-de-150671534.html,4913000,"MN 4,913,000",MXN,venta,Casa,Lomas del Marqués,Querétaro,Querétaro,151.0,127.0,Publicado hace 15 días,2026-07-30T18:58:58Z,2026-08-14T17:12:28.808978+00:00,https://www.inmuebles24.com/casas-o-casa-en-condominio-o-departamentos-en-venta-en-queretaro-provincia-ordenado-por-fechaonline-descendente.html-pagina-55.html
https://www.inmuebles24.com/propiedades/clasificado/veclcain-casa-en-venta-meseta-2-pisos-con-jardin-y-asador-150671376.html,2669000,"MN 2,669,000",MXN,venta,Casa,,Querétaro,Querétaro,122.0,115.0,Publicado hace 15 días,2026-07-30T18:58:45Z,2026-08-14T17:12:28.808978+00:00,https://www.inmuebles24.com/casas-o-casa-en-condominio-o-departamentos-en-venta-en-queretaro-provincia-ordenado-por-fechaonline-descendente.html-pagina-55.html
https://www.inmuebles24.com/propiedades/clasificado/veclcain-casa-en-venta-meseta-2-recamaras-amenidades-150671667.html,1900000,"MN 1,900,000",MXN,venta,Casa,,Querétaro,Querétaro,70.0,75.0,Publicado hace 15 días,2026-07-30T18:59:09Z,2026-08-14T17:13:47.846092+00:00,https://www.inmuebles24.com/casas-o-casa-en-condominio-o-departamentos-en-venta-en-queretaro-provincia-ordenado-por-fechaonline-descendente.html-pagina-55.html
https://www.inmuebles24.com/propiedades/clasificado/veclcain-casa-en-venta-meseta-sala-de-tv-3-recamaras-150671683.html,2330000,"MN 2,330,000",MXN,venta,Casa,,Querétaro,Querétaro,108.0,99.0,Publicado hace 15 días,2026-07-30T18:59:12Z,2026-08-14T17:13:47.846092+00:00,https://www.inmuebles24.com/casas-o-casa-en-condominio-o-departamentos-en-venta-en-queretaro-provincia-ordenado-por-fechaonline-descendente.html-pagina-55.html
https://www.inmuebles24.com/propiedades/clasificado/veclcain-casa-en-venta-mirador-10-minutos-del-centro-sala-tv-150671380.html,2793000,"MN 2,793,000",MXN,venta,Casa,Fraccionamiento El Mirador,El Marqués,Querétaro,111.0,108.0,Publicado hace 15 días,2026-07-30T18:58:45Z,2026-08-14T17:13:47.846092+00:00,https://www.inmuebles24.com/casas-o-casa-en-condominio-o-departamentos-en-venta-en-queretaro-provincia-ordenado-por-fechaonline-descendente.html-pagina-55.html
https://www.inmuebles24.com/propiedades/clasificado/veclcain-casa-en-venta-zakia-amplios-espacios-amenidades-150671628.html,3690000,"MN 3,690,000",MXN,venta,Casa,Zákia,El Marqués,Querétaro,150.0,150.0,Publicado hace 15 días,2026-07-30T18:59:05Z,2026-08-14T17:13:47.846092+00:00,https://www.inmuebles24.com/casas-o-casa-en-condominio-o-departamentos-en-venta-en-queretaro-provincia-ordenado-por-fechaonline-descendente.html-pagina-55.html
https://www.inmuebles24.com/propiedades/clasificado/veclcain-casa-en-venta-zaru-4-recamaras-una-en-pb-amplio-150671406.html,2850000,"MN 2,850,000",MXN,venta,Casa,Fraccionamiento Zarú,El Marqués,Querétaro,120.0,102.0,Publicado hace 15 días,2026-07-30T18:58:48Z,2026-08-14T17:13:47.846092+00:00,https://www.inmuebles24.com/casas-o-casa-en-condominio-o-departamentos-en-venta-en-queretaro-provincia-ordenado-por-fechaonline-descendente.html-pagina-55.html
https://www.inmuebles24.com/propiedades/clasificado/veclcain-casa-en-venta-zaru-4ta-recamara-terraza-150671618.html,3260000,"MN 3,260,000",MXN,venta,Casa,Fraccionamiento Zarú,El Marqués,Querétaro,149.0,116.0,Publicado hace 15 días,2026-07-30T18:59:04Z,2026-08-14T17:13:47.846092+00:00,https://www.inmuebles24.com/casas-o-casa-en-condominio-o-departamentos-en-venta-en-queretaro-provincia-ordenado-por-fechaonline-descendente.html-pagina-55.html
https://www.inmuebles24.com/propiedades/clasificado/veclcain-casa-en-venta-zaru-amplio-jardin-sala-a-doble-altura-150671599.html,3760000,"MN 3,760,000",MXN,venta,Casa,Fraccionamiento Zarú,El Marqués,Querétaro,171.0,117.0,Publicado hace 15 días,2026-07-30T18:59:03Z,2026-08-14T17:13:47.846092+00:00,https://www.inmuebles24.com/casas-o-casa-en-condominio-o-departamentos-en-venta-en-queretaro-provincia-ordenado-por-fechaonline-descendente.html-pagina-55.html
https://www.inmuebles24.com/propiedades/clasificado/veclcain-casa-en-venta-zaru-recamara-en-p-b-roof-top.-150671430.html,3720000,"MN 3,720,000",MXN,venta,Casa,Fraccionamiento Zarú,El Marqués,Querétaro,159.0,108.0,Publicado hace 15 días,2026-07-30T18:58:49Z,2026-08-14T17:13:47.846092+00:00,https://www.inmuebles24.com/casas-o-casa-en-condominio-o-departamentos-en-venta-en-queretaro-provincia-ordenado-por-fechaonline-descendente.html-pagina-55.html
https://www.inmuebles24.com/propiedades/clasificado/veclcain-casa-en-venta-zaru-roof-garden-2-terrazas-estacia.-150671426.html,3850000,"MN 3,850,000",MXN,venta,Casa,Fraccionamiento Zarú,El Marqués,Querétaro,190.0,123.0,Publicado hace 15 días,2026-07-30T18:58:49Z,2026-08-14T17:13:47.846092+00:00,https://www.inmuebles24.com/casas-o-casa-en-condominio-o-departamentos-en-venta-en-queretaro-provincia-ordenado-por-fechaonline-descendente.html-pagina-55.html
https://www.inmuebles24.com/propiedades/clasificado/veclcain-casa-en-venta-zaru-roof-top-sala-de-tv.-150671431.html,3630000,"MN 3,630,000",MXN,venta,Casa,Fraccionamiento Zarú,El Marqués,Querétaro,154.0,108.0,Publicado hace 15 días,2026-07-30T18:58:49Z,2026-08-14T17:13:47.846092+00:00,https://www.inmuebles24.com/casas-o-casa-en-condominio-o-departamentos-en-venta-en-queretaro-provincia-ordenado-por-fechaonline-descendente.html-pagina-55.html
https://www.inmuebles24.com/propiedades/clasificado/veclcain-casa-en-venta-zibata-cuarto-de-lavado-sala-de-tv-150671377.html,5322000,"MN 5,322,000",MXN,venta,Casa,Zibatá,El Marqués,Querétaro,187.0,186.0,Publicado hace 15 días,2026-07-30T18:58:45Z,2026-08-14T17:15:15.071094+00:00,https://www.inmuebles24.com/casas-o-casa-en-condominio-o-departamentos-en-venta-en-queretaro-provincia-ordenado-por-fechaonline-descendente.html-pagina-55.html
https://www.inmuebles24.com/propiedades/clasificado/veclcain-casa-en-venta-zibata-roof-garden-balcones-3-150671493.html,5050000,"MN 5,050,000",MXN,venta,Casa,Zibatá,El Marqués,Querétaro,235.0,185.0,Publicado hace 15 días,2026-07-30T18:58:54Z,2026-08-14T17:15:15.071094+00:00,https://www.inmuebles24.com/casas-o-casa-en-condominio-o-departamentos-en-venta-en-queretaro-provincia-ordenado-por-fechaonline-descendente.html-pagina-55.html
https://www.inmuebles24.com/propiedades/clasificado/veclcain-casa-en-venta-zibata-terraza-sala-de-tv-a-a-frio-y-150671538.html,5200000,"MN 5,200,000",MXN,venta,Casa,Zibatá,El Marqués,Querétaro,233.0,160.0,Publicado hace 15 días,2026-07-30T18:58:58Z,2026-08-14T17:15:15.071094+00:00,https://www.inmuebles24.com/casas-o-casa-en-condominio-o-departamentos-en-venta-en-queretaro-provincia-ordenado-por-fechaonline-descendente.html-pagina-55.html
https://www.inmuebles24.com/propiedades/clasificado/veclcain-casa-fraccionamiento-zibata-150666793.html,3814277,"MN 3,814,277",MXN,venta,Casa,Zibatá,El Marqués,Querétaro,,,Publicado hace 15 días,2026-07-30T08:40:03Z,2026-08-14T17:15:15.071094+00:00,https://www.inmuebles24.com/casas-o-casa-en-condominio-o-departamentos-en-venta-en-queretaro-provincia-ordenado-por-fechaonline-descendente.html-pagina-55.html
https://www.inmuebles24.com/propiedades/clasificado/veclcapa-casa-en-milenio-iii-lista-para-entrega-150600326.html,3750000,"MN 3,750,000",MXN,venta,Casa,Milenio III,Querétaro,Querétaro,167.0,187.0,Publicado hace 15 días,2026-07-22T19:57:03Z,2026-08-14T17:15:15.071094+00:00,https://www.inmuebles24.com/casas-o-casa-en-condominio-o-departamentos-en-venta-en-queretaro-provincia-ordenado-por-fechaonline-descendente.html-pagina-55.html
https://www.inmuebles24.com/propiedades/clasificado/veclccin-casa-en-condominio-lomas-de-juriquilla-150676479.html,5500000,"MN 5,500,000",MXN,venta,Casa en condominio,Lomas de Juriquilla,Querétaro,Querétaro,238.0,154.0,Publicado hace 15 días,2026-07-31T01:47:42Z,2026-08-14T17:15:15.071094+00:00,https://www.inmuebles24.com/casas-o-casa-en-condominio-o-departamentos-en-venta-en-queretaro-provincia-ordenado-por-fechaonline-descendente.html-pagina-55.html
https://www.inmuebles24.com/propiedades/clasificado/veclapin-departamento-en-venta-ciudad-del-sol-patio-trasero-2-150671384.html,1311000,"MN 1,311,000",MXN,venta,Apartamento,Fraccionamiento Ciudad del Sol,Querétaro,Querétaro,57.0,57.0,Publicado hace 15 días,2026-07-30T18:58:46Z,2026-08-14T17:15:15.071094+00:00,https://www.inmuebles24.com/casas-o-casa-en-condominio-o-departamentos-en-venta-en-queretaro-provincia-ordenado-por-fechaonline-descendente.html-pagina-56.html
https://www.inmuebles24.com/propiedades/clasificado/veclapin-departamento-en-venta-en-ciudad-del-sol-2-recamaras-150671625.html,1450000,"MN 1,450,000",MXN,venta,Apartamento,Fraccionamiento Ciudad del Sol,Querétaro,Querétaro,57.0,57.0,Publicado hace 15 días,2026-07-30T18:59:05Z,2026-08-14T17:15:15.071094+00:00,https://www.inmuebles24.com/casas-o-casa-en-condominio-o-departamentos-en-venta-en-queretaro-provincia-ordenado-por-fechaonline-descendente.html-pagina-56.html
https://www.inmuebles24.com/propiedades/clasificado/veclapin-departamento-en-venta-juriquilla-sala-de-tv-estudio-150671497.html,5280000,"MN 5,280,000",MXN,venta,Apartamento,Juriquilla,Querétaro,Querétaro,153.0,153.0,Publicado hace 15 días,2026-07-30T18:58:54Z,2026-08-14T17:15:15.071094+00:00,https://www.inmuebles24.com/casas-o-casa-en-condominio-o-departamentos-en-venta-en-queretaro-provincia-ordenado-por-fechaonline-descendente.html-pagina-56.html
https://www.inmuebles24.com/propiedades/clasificado/veclapin-departamento-en-venta-nuevo-refugio-amplia-terraza-150671509.html,3700000,"MN 3,700,000",MXN,venta,Apartamento,Nuevo Refugio,Querétaro,Querétaro,149.0,149.0,Publicado hace 15 días,2026-07-30T18:58:55Z,2026-08-14T17:15:15.071094+00:00,https://www.inmuebles24.com/casas-o-casa-en-condominio-o-departamentos-en-venta-en-queretaro-provincia-ordenado-por-fechaonline-descendente.html-pagina-56.html
https://www.inmuebles24.com/propiedades/clasificado/veclapin-departamento-en-venta-p-b-zakia-jardin-posterior-y-150671580.html,2598000,"MN 2,598,000",MXN,venta,Apartamento,Zákia,El Marqués,Querétaro,94.0,94.0,Publicado hace 15 días,2026-07-30T18:59:01Z,2026-08-14T17:16:38.828172+00:00,https://www.inmuebles24.com/casas-o-casa-en-condominio-o-departamentos-en-venta-en-queretaro-provincia-ordenado-por-fechaonline-descendente.html-pagina-56.html
https://www.inmuebles24.com/propiedades/clasificado/veclapin-departamento-en-venta-zakia-sala-tv-2-recamaras-5-150671427.html,2433000,"MN 2,433,000",MXN,venta,Apartamento,Zákia,El Marqués,Querétaro,83.0,83.0,Publicado hace 15 días,2026-07-30T18:58:49Z,2026-08-14T17:16:38.828172+00:00,https://www.inmuebles24.com/casas-o-casa-en-condominio-o-departamentos-en-venta-en-queretaro-provincia-ordenado-por-fechaonline-descendente.html-pagina-56.html
https://www.inmuebles24.com/propiedades/clasificado/veclcain-casa-en-preventa-el-refugio-estudio-roof-top-196-150671489.html,4490000,"MN 4,490,000",MXN,venta,Casa,Residencial El Refugio,Querétaro,Querétaro,196.0,143.0,Publicado hace 15 días,2026-07-30T18:58:54Z,2026-08-14T17:16:38.828172+00:00,https://www.inmuebles24.com/casas-o-casa-en-condominio-o-departamentos-en-venta-en-queretaro-provincia-ordenado-por-fechaonline-descendente.html-pagina-56.html
https://www.inmuebles24.com/propiedades/clasificado/veclcain-casa-en-preventa-lomas-de-juriquilla-4-150671437.html,9850000,"MN 9,850,000",MXN,venta,Casa,Juriquilla,Querétaro,Querétaro,468.0,280.0,Publicado hace 15 días,2026-07-30T18:58:50Z,2026-08-14T17:16:38.828172+00:00,https://www.inmuebles24.com/casas-o-casa-en-condominio-o-departamentos-en-venta-en-queretaro-provincia-ordenado-por-fechaonline-descendente.html-pagina-56.html
https://www.inmuebles24.com/propiedades/clasificado/veclcain-casa-en-venta-altozano-acabados-premium-terraza-150671562.html,11890000,"MN 11,890,000",MXN,venta,Casa,Altozano el Nuevo Querétaro,Querétaro,Querétaro,343.0,264.0,Publicado hace 15 días,2026-07-30T18:59Z,2026-08-14T17:16:38.828172+00:00,https://www.inmuebles24.com/casas-o-casa-en-condominio-o-departamentos-en-venta-en-queretaro-provincia-ordenado-por-fechaonline-descendente.html-pagina-56.html
https://www.inmuebles24.com/propiedades/clasificado/veclcain-casa-en-venta-cimatario-3-recamaras-estudio-150671455.html,3255000,"MN 3,255,000",MXN,venta,Casa,,El Marqués,Querétaro,156.0,120.0,Publicado hace 15 días,2026-07-30T18:58:51Z,2026-08-14T17:16:38.828172+00:00,https://www.inmuebles24.com/casas-o-casa-en-condominio-o-departamentos-en-venta-en-queretaro-provincia-ordenado-por-fechaonline-descendente.html-pagina-56.html
https://www.inmuebles24.com/propiedades/clasificado/veclcain-casa-en-venta-ciudad-del-sol-amplio-patio-150671633.html,1590000,"MN 1,590,000",MXN,venta,Casa,Fraccionamiento Ciudad del Sol,Querétaro,Querétaro,79.0,77.0,Publicado hace 15 días,2026-07-30T18:59:05Z,2026-08-14T17:16:38.828172+00:00,https://www.inmuebles24.com/casas-o-casa-en-condominio-o-departamentos-en-venta-en-queretaro-provincia-ordenado-por-fechaonline-descendente.html-pagina-56.html
https://www.inmuebles24.com/propiedades/clasificado/veclcain-casa-en-venta-en-zibata-sala-de-tv-roof-garden-150671398.html,4265000,"MN 4,265,000",MXN,venta,Casa,Zibatá,El Marqués,Querétaro,189.0,131.0,Publicado hace 15 días,2026-07-30T18:58:47Z,2026-08-14T17:16:38.828172+00:00,https://www.inmuebles24.com/casas-o-casa-en-condominio-o-departamentos-en-venta-en-queretaro-provincia-ordenado-por-fechaonline-descendente.html-pagina-56.html
https://www.inmuebles24.com/propiedades/clasificado/veclcain-casa-en-venta-lomas-del-marques-recamara-en-p-b-sala-150671539.html,4599000,"MN 4,599,000",MXN,venta,Casa,Lomas del Marqués,Querétaro,Querétaro,171.0,127.0,Publicado hace 15 días,2026-07-30T18:58:58Z,2026-08-14T17:16:38.828172+00:00,https://www.inmuebles24.com/casas-o-casa-en-condominio-o-departamentos-en-venta-en-queretaro-provincia-ordenado-por-fechaonline-descendente.html-pagina-56.html
https://www.inmuebles24.com/propiedades/clasificado/veclcain-casa-en-venta-meseta-3-recamaras-3-banos-completos-150671394.html,1890000,"MN 1,890,000",MXN,venta,Casa,,Querétaro,Querétaro,93.0,78.0,Publicado hace 15 días,2026-07-30T18:58:47Z,2026-08-14T17:16:38.828172+00:00,https://www.inmuebles24.com/casas-o-casa-en-condominio-o-departamentos-en-venta-en-queretaro-provincia-ordenado-por-fechaonline-descendente.html-pagina-56.html
https://www.inmuebles24.com/propiedades/clasificado/veclcain-casa-en-venta-meseta-cochera-semi-techada-recamara-150671615.html,3140000,"MN 3,140,000",MXN,venta,Casa,,Querétaro,Querétaro,145.0,145.0,Publicado hace 15 días,2026-07-30T18:59:04Z,2026-08-14T17:17:50.385478+00:00,https://www.inmuebles24.com/casas-o-casa-en-condominio-o-departamentos-en-venta-en-queretaro-provincia-ordenado-por-fechaonline-descendente.html-pagina-56.html
https://www.inmuebles24.com/propiedades/clasificado/veclcain-casa-en-venta-meseta-cochera-techada-excelentes-150671568.html,2690000,"MN 2,690,000",MXN,venta,Casa,,Querétaro,Querétaro,150.0,118.0,Publicado hace 15 días,2026-07-30T18:59Z,2026-08-14T17:17:50.385478+00:00,https://www.inmuebles24.com/casas-o-casa-en-condominio-o-departamentos-en-venta-en-queretaro-provincia-ordenado-por-fechaonline-descendente.html-pagina-56.html
https://www.inmuebles24.com/propiedades/clasificado/veclcain-casa-en-venta-mirador-3-recamaras-143-m-sup2-150671385.html,3229000,"MN 3,229,000",MXN,venta,Casa,Fraccionamiento El Mirador,El Marqués,Querétaro,143.0,122.0,Publicado hace 15 días,2026-07-30T18:58:46Z,2026-08-14T17:17:50.385478+00:00,https://www.inmuebles24.com/casas-o-casa-en-condominio-o-departamentos-en-venta-en-queretaro-provincia-ordenado-por-fechaonline-descendente.html-pagina-56.html
https://www.inmuebles24.com/propiedades/clasificado/veclcain-casa-en-venta-mirador-3-recamaras-salida-cdmx-150671393.html,2577000,"MN 2,577,000",MXN,venta,Casa,Fraccionamiento El Mirador,El Marqués,Querétaro,105.0,105.0,Publicado hace 15 días,2026-07-30T18:58:47Z,2026-08-14T17:17:50.385478+00:00,https://www.inmuebles24.com/casas-o-casa-en-condominio-o-departamentos-en-venta-en-queretaro-provincia-ordenado-por-fechaonline-descendente.html-pagina-56.html
https://www.inmuebles24.com/propiedades/clasificado/veclcain-casa-en-venta-zakia-amplio-jardin-preparacion-a-a-150671450.html,2395000,"MN 2,395,000",MXN,venta,Casa,Zákia,El Marqués,Querétaro,92.0,102.0,Publicado hace 15 días,2026-07-30T18:58:51Z,2026-08-14T17:17:50.385478+00:00,https://www.inmuebles24.com/casas-o-casa-en-condominio-o-departamentos-en-venta-en-queretaro-provincia-ordenado-por-fechaonline-descendente.html-pagina-56.html
https://www.inmuebles24.com/propiedades/clasificado/veclcain-casa-en-venta-zakia-jardin-3-recamaras-150671480.html,2767000,"MN 2,767,000",MXN,venta,Casa,Zákia,El Marqués,Querétaro,118.0,105.0,Publicado hace 15 días,2026-07-30T18:58:53Z,2026-08-14T17:17:50.385478+00:00,https://www.inmuebles24.com/casas-o-casa-en-condominio-o-departamentos-en-venta-en-queretaro-provincia-ordenado-por-fechaonline-descendente.html-pagina-56.html
https://www.inmuebles24.com/propiedades/clasificado/veclcain-casa-en-venta-zakia-sala-tv-4ta-recamara-en-pb-150671464.html,3499000,"MN 3,499,000",MXN,venta,Casa,Zákia,El Marqués,Querétaro,151.0,126.0,Publicado hace 15 días,2026-07-30T18:58:52Z,2026-08-14T17:17:50.385478+00:00,https://www.inmuebles24.com/casas-o-casa-en-condominio-o-departamentos-en-venta-en-queretaro-provincia-ordenado-por-fechaonline-descendente.html-pagina-56.html
https://www.inmuebles24.com/propiedades/clasificado/veclcain-casa-en-venta-zaru-doble-altura-amplio-jardin-roof-150671535.html,4200000,"MN 4,200,000",MXN,venta,Casa,Fraccionamiento Zarú,El Marqués,Querétaro,215.0,117.0,Publicado hace 15 días,2026-07-30T18:58:58Z,2026-08-14T17:17:50.385478+00:00,https://www.inmuebles24.com/casas-o-casa-en-condominio-o-departamentos-en-venta-en-queretaro-provincia-ordenado-por-fechaonline-descendente.html-pagina-56.html
https://www.inmuebles24.com/propiedades/clasificado/veclcain-casa-en-venta-zaru-estancia-3-recamaras-amenidades-150671421.html,2760000,"MN 2,760,000",MXN,venta,Casa,Fraccionamiento Zarú,El Marqués,Querétaro,110.0,105.0,Publicado hace 15 días,2026-07-30T18:58:49Z,2026-08-14T17:17:50.385478+00:00,https://www.inmuebles24.com/casas-o-casa-en-condominio-o-departamentos-en-venta-en-queretaro-provincia-ordenado-por-fechaonline-descendente.html-pagina-56.html
https://www.inmuebles24.com/propiedades/clasificado/veclcain-casa-en-venta-zaru-jardin-interior-sala-de-tv.-150671407.html,3130000,"MN 3,130,000",MXN,venta,Casa,Fraccionamiento Zarú,El Marqués,Querétaro,143.0,116.0,Publicado hace 15 días,2026-07-30T18:58:48Z,2026-08-14T17:17:50.385478+00:00,https://www.inmuebles24.com/casas-o-casa-en-condominio-o-departamentos-en-venta-en-queretaro-provincia-ordenado-por-fechaonline-descendente.html-pagina-56.html
https://www.inmuebles24.com/propiedades/clasificado/veclcain-casa-en-venta-ziabata-3-niveles-roof-garden-jacuzzi-150671640.html,11700000,"MN 11,700,000",MXN,venta,Casa,Zibatá,El Marqués,Querétaro,440,300,Publicado hace 15 días,2026-07-30T18:59:06Z,2026-08-14T17:18:36.793766+00:00,https://www.inmuebles24.com/casas-o-casa-en-condominio-o-departamentos-en-venta-en-queretaro-provincia-ordenado-por-fechaonline-descendente.html-pagina-56.html
https://www.inmuebles24.com/propiedades/clasificado/veclcain-casa-en-venta-zibata-4-niveles-sala-de-tv-estudio-150671531.html,6950000,"MN 6,950,000",MXN,venta,Casa,Zibatá,El Marqués,Querétaro,260,174,Publicado hace 15 días,2026-07-30T18:58:57Z,2026-08-14T17:18:36.793766+00:00,https://www.inmuebles24.com/casas-o-casa-en-condominio-o-departamentos-en-venta-en-queretaro-provincia-ordenado-por-fechaonline-descendente.html-pagina-56.html
https://www.inmuebles24.com/propiedades/clasificado/veclcain-casa-en-venta-zibata-estudio-o-4ta-recamara-en-p-b-150671501.html,7460000,"MN 7,460,000",MXN,venta,Casa,Zibatá,El Marqués,Querétaro,342,232,Publicado hace 15 días,2026-07-30T18:58:55Z,2026-08-14T17:18:36.793766+00:00,https://www.inmuebles24.com/casas-o-casa-en-condominio-o-departamentos-en-venta-en-queretaro-provincia-ordenado-por-fechaonline-descendente.html-pagina-56.html
https://www.inmuebles24.com/propiedades/clasificado/veclcain-casa-en-venta-zibata-sala-de-tv-5-min-de-la-anahuac-150671395.html,5118000,"MN 5,118,000",MXN,venta,Casa,Zibatá,El Marqués,Querétaro,181,196,Publicado hace 15 días,2026-07-30T18:58:47Z,2026-08-14T17:18:36.793766+00:00,https://www.inmuebles24.com/casas-o-casa-en-condominio-o-departamentos-en-venta-en-queretaro-provincia-ordenado-por-fechaonline-descendente.html-pagina-56.html
https://www.inmuebles24.com/propiedades/clasificado/veclcain-casa-en-venta-zibata-sotano-terraza-y-jardin-sala-150671642.html,12700000,"MN 12,700,000",MXN,venta,Casa,Zibatá,El Marqués,Querétaro,490,313,Publicado hace 15 días,2026-07-30T18:59:06Z,2026-08-14T17:18:36.793766+00:00,https://www.inmuebles24.com/casas-o-casa-en-condominio-o-departamentos-en-venta-en-queretaro-provincia-ordenado-por-fechaonline-descendente.html-pagina-56.html
https://www.inmuebles24.com/propiedades/clasificado/veclcain-hermosa-casa-en-venta-juriquilla-2-recamaras-estudio-150671655.html,3875000,"MN 3,875,000",MXN,venta,Casa,Juriquilla,Querétaro,Querétaro,121,108,Publicado hace 15 días,2026-07-30T18:59:07Z,2026-08-14T17:18:36.793766+00:00,https://www.inmuebles24.com/casas-o-casa-en-condominio-o-departamentos-en-venta-en-queretaro-provincia-ordenado-por-fechaonline-descendente.html-pagina-56.html
