url,price,price_text,currency,operation,property_type,neighborhood,city,state,built_m2,land_m2,publication_age,published_date,scraped_at,source_page
https://www.inmuebles24.com/propiedades/clasificado/veclapin-departamento-en-venta-en-bosque-real-150789206.html,12450000,"MN 12,450,000",MXN,venta,Apartamento,Bosque Real,Huixquilucan,Edo. de México,218.0,218.0,Publicado hoy,2026-08-13T04:47:51Z,2026-08-13T20:40:02.577140+00:00,https://www.inmuebles24.com/casas-o-casa-en-condominio-o-departamentos-en-venta-en-edo.-de-mexico-ordenado-por-fechaonline-descendente.html.html
https://www.inmuebles24.com/propiedades/clasificado/veclapin-departamento-en-venta-en-bosque-real-150789207.html,12450000,"MN 12,450,000",MXN,venta,Apartamento,Bosque Real,Huixquilucan,Edo. de México,194.0,194.0,Publicado hoy,2026-08-13T04:47:53Z,2026-08-13T20:40:02.577140+00:00,https://www.inmuebles24.com/casas-o-casa-en-condominio-o-departamentos-en-venta-en-edo.-de-mexico-ordenado-por-fechaonline-descendente.html.html
https://www.inmuebles24.com/propiedades/clasificado/veclapin-departamento-en-venta-en-interlomas-150792648.html,6700000,"MN 6,700,000",MXN,venta,Apartamento,Bosques de las Palmas,Huixquilucan,Edo. de México,214.0,214.0,Publicado hoy,2026-08-13T17:07:27Z,2026-08-13T20:40:02.577140+00:00,https://www.inmuebles24.com/casas-o-casa-en-condominio-o-departamentos-en-venta-en-edo.-de-mexico-ordenado-por-fechaonline-descendente.html.html
https://www.inmuebles24.com/propiedades/clasificado/veclapin-departamento-en-venta-en-lo-alto-bosque-real-150789674.html,9450000,"MN 9,450,000",MXN,venta,Apartamento,Bosque Real,Huixquilucan,Edo. de México,267.0,267.0,Publicado hoy,2026-08-13T05:40:48Z,2026-08-13T20:40:02.577140+00:00,https://www.inmuebles24.com/casas-o-casa-en-condominio-o-departamentos-en-venta-en-edo.-de-mexico-ordenado-por-fechaonline-descendente.html.html
https://www.inmuebles24.com/propiedades/clasificado/veclapin-departamento-en-venta-en-lomas-country-club-150789436.html,11000000,"MN 11,000,000",MXN,venta,Apartamento,Lomas Country Club,Huixquilucan,Edo. de México,107.0,107.0,Publicado hoy,2026-08-13T04:52:54Z,2026-08-13T20:40:02.577140+00:00,https://www.inmuebles24.com/casas-o-casa-en-condominio-o-departamentos-en-venta-en-edo.-de-mexico-ordenado-por-fechaonline-descendente.html.html
https://www.inmuebles24.com/propiedades/clasificado/veclapin-departamento-en-venta-en-san-bartolo-cuautlalpan-150791460.html,869000,"MN 869,000",MXN,venta,Apartamento,San Bartolo Cuautlalpan,Zumpango,Edo. de México,50.0,50.0,Publicado hoy,2026-08-13T16:28:34Z,2026-08-13T20:40:02.577140+00:00,https://www.inmuebles24.com/casas-o-casa-en-condominio-o-departamentos-en-venta-en-edo.-de-mexico-ordenado-por-fechaonline-descendente.html.html
https://www.inmuebles24.com/propiedades/clasificado/veclapin-sayabes:-departamento-en-venta-en-bosque-real-150789366.html,6800000,"MN 6,800,000",MXN,venta,Apartamento,Bosque Real,Huixquilucan,Edo. de México,156.0,156.0,Publicado hoy,2026-08-13T04:51:23Z,2026-08-13T20:40:02.577140+00:00,https://www.inmuebles24.com/casas-o-casa-en-condominio-o-departamentos-en-venta-en-edo.-de-mexico-ordenado-por-fechaonline-descendente.html.html
https://www.inmuebles24.com/propiedades/clasificado/veclapin-verandas:-departamento-en-venta-en-hacienda-de-las-150788880.html,7950000,"MN 7,950,000",MXN,venta,Apartamento,Hacienda de las Palmas,Huixquilucan,Edo. de México,252.0,252.0,Publicado hoy,2026-08-13T04:34:49Z,2026-08-13T20:40:02.577140+00:00,https://www.inmuebles24.com/casas-o-casa-en-condominio-o-departamentos-en-venta-en-edo.-de-mexico-ordenado-por-fechaonline-descendente.html.html
https://www.inmuebles24.com/propiedades/clasificado/veclapin-zereniti:-departamento-en-venta-en-bosque-real-150789858.html,28179100,"MN 28,179,100",MXN,venta,Apartamento,Bosque Real,Huixquilucan,Edo. de México,582.0,582.0,Publicado hoy,2026-08-13T06:49:10Z,2026-08-13T20:40:02.577140+00:00,https://www.inmuebles24.com/casas-o-casa-en-condominio-o-departamentos-en-venta-en-edo.-de-mexico-ordenado-por-fechaonline-descendente.html.html
https://www.inmuebles24.com/propiedades/clasificado/veclcain-casa-en-venta-bosques-de-echegaray-naucalpan-estado-150789723.html,6200000,"MN 6,200,000",MXN,venta,Casa,,Naucalpan de Juárez,Edo. de México,150.0,200.0,Publicado hoy,2026-08-13T06:08:20Z,2026-08-13T20:40:02.577140+00:00,https://www.inmuebles24.com/casas-o-casa-en-condominio-o-departamentos-en-venta-en-edo.-de-mexico-ordenado-por-fechaonline-descendente.html.html
https://www.inmuebles24.com/propiedades/clasificado/veclcain-casa-en-venta-en-bosques-de-la-herradura-150788877.html,9800000,"MN 9,800,000",MXN,venta,Casa,Bosques de la Herradura,Huixquilucan,Edo. de México,415.0,445.0,Publicado hoy,2026-08-13T04:34:40Z,2026-08-13T20:41:08.021796+00:00,https://www.inmuebles24.com/casas-o-casa-en-condominio-o-departamentos-en-venta-en-edo.-de-mexico-ordenado-por-fechaonline-descendente.html.html
https://www.inmuebles24.com/propiedades/clasificado/veclcain-casa-en-venta-en-la-altena-ii-150789216.html,8600000,"MN 8,600,000",MXN,venta,Casa,La Alteña II,Naucalpan de Juárez,Edo. de México,235.0,165.0,Publicado hoy,2026-08-13T04:48:12Z,2026-08-13T20:41:08.021796+00:00,https://www.inmuebles24.com/casas-o-casa-en-condominio-o-departamentos-en-venta-en-edo.-de-mexico-ordenado-por-fechaonline-descendente.html.html
https://www.inmuebles24.com/propiedades/clasificado/veclcain-casa-en-venta-en-lomas-de-tecamachalco-150789353.html,26000000,"MN 26,000,000",MXN,venta,Casa,Lomas de Tecamachalco,Naucalpan de Juárez,Edo. de México,1235.0,1235.0,Publicado hoy,2026-08-13T04:50:49Z,2026-08-13T20:41:08.021796+00:00,https://www.inmuebles24.com/casas-o-casa-en-condominio-o-departamentos-en-venta-en-edo.-de-mexico-ordenado-por-fechaonline-descendente.html.html
https://www.inmuebles24.com/propiedades/clasificado/veclcain-casa-en-venta-en-lomas-del-sol-150789365.html,10800000,"MN 10,800,000",MXN,venta,Casa,Lomas del Sol,Huixquilucan,Edo. de México,400.0,400.0,Publicado hoy,2026-08-13T04:51:21Z,2026-08-13T20:41:08.021796+00:00,https://www.inmuebles24.com/casas-o-casa-en-condominio-o-departamentos-en-venta-en-edo.-de-mexico-ordenado-por-fechaonline-descendente.html.html
https://www.inmuebles24.com/propiedades/clasificado/veclcain-casa-en-venta-en-lomas-hipodromo-150789059.html,14850000,"MN 14,850,000",MXN,venta,Casa,Lomas Hipódromo,Naucalpan de Juárez,Edo. de México,493.0,423.0,Publicado hoy,2026-08-13T04:41:22Z,2026-08-13T20:41:08.021796+00:00,https://www.inmuebles24.com/casas-o-casa-en-condominio-o-departamentos-en-venta-en-edo.-de-mexico-ordenado-por-fechaonline-descendente.html.html
https://www.inmuebles24.com/propiedades/clasificado/veclcain-casa-en-venta-en-ojo-de-agua-tecamac-26-3152-fm-150791561.html,1408500,"MN 1,408,500",MXN,venta,Casa,Ojo de Agua,Tecámac,Edo. de México,69.0,69.0,Publicado hoy,2026-08-13T16:31:10Z,2026-08-13T20:41:08.021796+00:00,https://www.inmuebles24.com/casas-o-casa-en-condominio-o-departamentos-en-venta-en-edo.-de-mexico-ordenado-por-fechaonline-descendente.html.html
https://www.inmuebles24.com/propiedades/clasificado/veclcain-casa-en-venta-en-parques-de-la-herradura-150789364.html,14990000,"MN 14,990,000",MXN,venta,Casa,Parques de la Herradura,Huixquilucan,Edo. de México,420.0,392.0,Publicado hoy,2026-08-13T04:51:19Z,2026-08-13T20:41:08.021796+00:00,https://www.inmuebles24.com/casas-o-casa-en-condominio-o-departamentos-en-venta-en-edo.-de-mexico-ordenado-por-fechaonline-descendente.html.html
https://www.inmuebles24.com/propiedades/clasificado/veclcain-casa-en-venta-en-santa-teresa-iii-huehuetoca-150792798.html,750000,"MN 750,000",MXN,venta,Casa,Santa Teresa,Huehuetoca,Edo. de México,55.0,60.0,Publicado hoy,2026-08-13T17:18:04Z,2026-08-13T20:41:08.021796+00:00,https://www.inmuebles24.com/casas-o-casa-en-condominio-o-departamentos-en-venta-en-edo.-de-mexico-ordenado-por-fechaonline-descendente.html.html
https://www.inmuebles24.com/propiedades/clasificado/veclcain-hacienda-de-valle-escondido:-casa-en-venta-en-hacienda-150788875.html,31000000,"MN 31,000,000",MXN,venta,Casa,,Atizapán de Zaragoza,Edo. de México,1887.0,1887.0,Publicado hoy,2026-08-13T04:34:36Z,2026-08-13T20:41:08.021796+00:00,https://www.inmuebles24.com/casas-o-casa-en-condominio-o-departamentos-en-venta-en-edo.-de-mexico-ordenado-por-fechaonline-descendente.html.html
https://www.inmuebles24.com/propiedades/clasificado/veclcain-hacienda-san-martin:-casa-en-venta-en-ex-hacienda-150789201.html,44500000,"MN 44,500,000",MXN,venta,Casa,Ex-hacienda Jajalpa,Ocoyoacac,Edo. de México,3161.0,3161.0,Publicado hoy,2026-08-13T04:47:37Z,2026-08-13T20:41:08.021796+00:00,https://www.inmuebles24.com/casas-o-casa-en-condominio-o-departamentos-en-venta-en-edo.-de-mexico-ordenado-por-fechaonline-descendente.html.html
https://www.inmuebles24.com/propiedades/clasificado/veclcain-novedad:-casa-en-venta-en-club-de-golf-los-encinos-150789202.html,15900000,"MN 15,900,000",MXN,venta,Casa,Club de Golf los Encinos,Lerma,Edo. de México,324.0,324.0,Publicado hoy,2026-08-13T04:47:39Z,2026-08-13T20:42:18.435319+00:00,https://www.inmuebles24.com/casas-o-casa-en-condominio-o-departamentos-en-venta-en-edo.-de-mexico-ordenado-por-fechaonline-descendente.html.html
https://www.inmuebles24.com/propiedades/clasificado/veclcain-residencia-en-condado-de-sayavedra-720-m-sup2--de-150793235.html,15800000,"MN 15,800,000",MXN,venta,Casa,Condado de Sayavedra,Atizapán de Zaragoza,Edo. de México,541.0,720.0,Publicado hoy,2026-08-13T17:53Z,2026-08-13T20:42:18.435319+00:00,https://www.inmuebles24.com/casas-o-casa-en-condominio-o-departamentos-en-venta-en-edo.-de-mexico-ordenado-por-fechaonline-descendente.html.html
https://www.inmuebles24.com/propiedades/clasificado/veclcain-residencial-rincon-del-los-encinos:-casa-en-venta-en-150789204.html,9000000,"MN 9,000,000",MXN,venta,Casa,Amomolulco,Lerma,Edo. de México,333.0,333.0,Publicado hoy,2026-08-13T04:47:43Z,2026-08-13T20:42:18.435319+00:00,https://www.inmuebles24.com/casas-o-casa-en-condominio-o-departamentos-en-venta-en-edo.-de-mexico-ordenado-por-fechaonline-descendente.html.html
https://www.inmuebles24.com/propiedades/clasificado/veclccin-casa-en-condominio-en-venta-en-avandaro-150789432.html,8451240,"MN 8,451,240",MXN,venta,Casa en condominio,Avandaro,Valle de Bravo,Edo. de México,190.0,300.0,Publicado hoy,2026-08-13T04:52:48Z,2026-08-13T20:42:18.435319+00:00,https://www.inmuebles24.com/casas-o-casa-en-condominio-o-departamentos-en-venta-en-edo.-de-mexico-ordenado-por-fechaonline-descendente.html.html
https://www.inmuebles24.com/propiedades/clasificado/veclccin-casa-en-condominio-en-venta-en-bosques-de-la-herradura-150789438.html,8499000,"MN 8,499,000",MXN,venta,Casa en condominio,Bosques de la Herradura,Huixquilucan,Edo. de México,322.0,282.0,Publicado hoy,2026-08-13T04:53Z,2026-08-13T20:42:18.435319+00:00,https://www.inmuebles24.com/casas-o-casa-en-condominio-o-departamentos-en-venta-en-edo.-de-mexico-ordenado-por-fechaonline-descendente.html.html
https://www.inmuebles24.com/propiedades/clasificado/veclccin-casa-en-condominio-en-venta-en-hacienda-de-las-palmas-150789276.html,21000000,"MN 21,000,000",MXN,venta,Casa en condominio,Hacienda de las Palmas,Huixquilucan,Edo. de México,630.0,300.0,Publicado hoy,2026-08-13T04:49:19Z,2026-08-13T20:42:18.435319+00:00,https://www.inmuebles24.com/casas-o-casa-en-condominio-o-departamentos-en-venta-en-edo.-de-mexico-ordenado-por-fechaonline-descendente.html.html
https://www.inmuebles24.com/propiedades/clasificado/veclccin-casa-en-condominio-en-venta-en-lomas-de-tecamachalco-150789354.html,26000000,"MN 26,000,000",MXN,venta,Casa en condominio,Lomas de Tecamachalco,Naucalpan de Juárez,Edo. de México,1235.0,1235.0,Publicado hoy,2026-08-13T04:50:52Z,2026-08-13T20:42:18.435319+00:00,https://www.inmuebles24.com/casas-o-casa-en-condominio-o-departamentos-en-venta-en-edo.-de-mexico-ordenado-por-fechaonline-descendente.html.html
https://www.inmuebles24.com/propiedades/clasificado/veclccin-casa-en-condominio-en-venta-fraccionamiento-lomas-150790922.html,4650000,"MN 4,650,000",MXN,venta,Casa en condominio,Lomas Verdes 5a Sección,Naucalpan de Juárez,Edo. de México,127.0,127.0,Publicado hoy,2026-08-13T15:41:58Z,2026-08-13T20:42:18.435319+00:00,https://www.inmuebles24.com/casas-o-casa-en-condominio-o-departamentos-en-venta-en-edo.-de-mexico-ordenado-por-fechaonline-descendente.html.html
https://www.inmuebles24.com/propiedades/clasificado/veclccin-casa-en-venta-valle-de-bravo-avandaro-150794330.html,18000000,"MN 18,000,000",MXN,venta,Casa en condominio,Cerro Gordo,Valle de Bravo,Edo. de México,385.0,1000.0,Publicado hoy,2026-08-13T19:16:31Z,2026-08-13T20:42:18.435319+00:00,https://www.inmuebles24.com/casas-o-casa-en-condominio-o-departamentos-en-venta-en-edo.-de-mexico-ordenado-por-fechaonline-descendente.html.html
https://www.inmuebles24.com/propiedades/clasificado/veclccin-casa-venta-en-fraccionamiento-cerrado-con-vigilancia-150789736.html,7500000,"MN 7,500,000",MXN,venta,Casa en condominio,Santa Cruz del Monte,Naucalpan de Juárez,Edo. de México,304.0,192.0,Publicado hoy,2026-08-13T06:16:06Z,2026-08-13T20:42:18.435319+00:00,https://www.inmuebles24.com/casas-o-casa-en-condominio-o-departamentos-en-venta-en-edo.-de-mexico-ordenado-por-fechaonline-descendente.html.html
https://www.inmuebles24.com/propiedades/clasificado/veclapin-departamento-en-venta-en-interlomas-150789355.html,15500000,"MN 15,500,000",MXN,venta,Apartamento,Interlomas,Huixquilucan,Edo. de México,370.0,370.0,Publicado hoy,2026-08-13T04:50:54Z,2026-08-13T20:43:18.933203+00:00,https://www.inmuebles24.com/casas-o-casa-en-condominio-o-departamentos-en-venta-en-edo.-de-mexico-ordenado-por-fechaonline-descendente.html-pagina-2.html
https://www.inmuebles24.com/propiedades/clasificado/veclapin-departamento-en-venta-en-jesus-del-monte-150789521.html,7521660,"MN 7,521,660",MXN,venta,Apartamento,Jesús del Monte,Huixquilucan,Edo. de México,165.0,165.0,Publicado hoy,2026-08-13T04:54:25Z,2026-08-13T20:43:18.933203+00:00,https://www.inmuebles24.com/casas-o-casa-en-condominio-o-departamentos-en-venta-en-edo.-de-mexico-ordenado-por-fechaonline-descendente.html-pagina-2.html
https://www.inmuebles24.com/propiedades/clasificado/veclapin-departamento-en-venta-en-lomas-de-tecamachalco-150788778.html,7900000,"MN 7,900,000",MXN,venta,Apartamento,Lomas de Tecamachalco Bosques I y II,Huixquilucan,Edo. de México,180.0,180.0,Publicado hoy,2026-08-13T04:32:02Z,2026-08-13T20:43:18.933203+00:00,https://www.inmuebles24.com/casas-o-casa-en-condominio-o-departamentos-en-venta-en-edo.-de-mexico-ordenado-por-fechaonline-descendente.html-pagina-2.html
https://www.inmuebles24.com/propiedades/clasificado/veclapin-departamento-en-venta-en-lomas-del-rio-150788762.html,6200000,"MN 6,200,000",MXN,venta,Apartamento,Bosques de la Herradura,Huixquilucan,Edo. de México,160.0,160.0,Publicado hoy,2026-08-13T04:31Z,2026-08-13T20:43:18.933203+00:00,https://www.inmuebles24.com/casas-o-casa-en-condominio-o-departamentos-en-venta-en-edo.-de-mexico-ordenado-por-fechaonline-descendente.html-pagina-2.html
https://www.inmuebles24.com/propiedades/clasificado/veclapin-departamento-en-venta-en-rancho-la-luz-26-2119-fm-150791475.html,1343300,"MN 1,343,300",MXN,venta,Apartamento,Rancho la Luz,Tecámac,Edo. de México,60.0,60.0,Publicado hoy,2026-08-13T16:29:35Z,2026-08-13T20:43:18.933203+00:00,https://www.inmuebles24.com/casas-o-casa-en-condominio-o-departamentos-en-venta-en-edo.-de-mexico-ordenado-por-fechaonline-descendente.html-pagina-2.html
https://www.inmuebles24.com/propiedades/clasificado/veclapin-departamento-en-venta-en-rancho-la-luz-tecamac-26-150791474.html,1044495,"MN 1,044,495",MXN,venta,Apartamento,Rancho la Luz,Tecámac,Edo. de México,45.0,45.0,Publicado hoy,2026-08-13T16:29:35Z,2026-08-13T20:43:18.933203+00:00,https://www.inmuebles24.com/casas-o-casa-en-condominio-o-departamentos-en-venta-en-edo.-de-mexico-ordenado-por-fechaonline-descendente.html-pagina-2.html
https://www.inmuebles24.com/propiedades/clasificado/veclapin-departamento-en-venta-en-rancho-la-luz-tecamac-26-150791476.html,1393800,"MN 1,393,800",MXN,venta,Apartamento,Rancho la Luz,Tecámac,Edo. de México,65.0,65.0,Publicado hoy,2026-08-13T16:29:35Z,2026-08-13T20:43:18.933203+00:00,https://www.inmuebles24.com/casas-o-casa-en-condominio-o-departamentos-en-venta-en-edo.-de-mexico-ordenado-por-fechaonline-descendente.html-pagina-2.html
https://www.inmuebles24.com/propiedades/clasificado/veclapin-departamento-en-venta-en-villas-del-lago-huixquilucan-150790600.html,5000000,"MN 5,000,000",MXN,venta,Apartamento,Jesús del Monte,Huixquilucan,Edo. de México,155.0,155.0,Publicado hoy,2026-08-13T14:51:48Z,2026-08-13T20:43:18.933203+00:00,https://www.inmuebles24.com/casas-o-casa-en-condominio-o-departamentos-en-venta-en-edo.-de-mexico-ordenado-por-fechaonline-descendente.html-pagina-2.html
https://www.inmuebles24.com/propiedades/clasificado/veclapin-departamento-venta-col.-torres-de-atizapan-150789582.html,1800000,"MN 1,800,000",MXN,venta,Apartamento,Real de Atizapán,Atizapán de Zaragoza,Edo. de México,90.0,90.0,Publicado hoy,2026-08-13T05:08:13Z,2026-08-13T20:43:18.933203+00:00,https://www.inmuebles24.com/casas-o-casa-en-condominio-o-departamentos-en-venta-en-edo.-de-mexico-ordenado-por-fechaonline-descendente.html-pagina-2.html
https://www.inmuebles24.com/propiedades/clasificado/veclapin-departamento-venta-ojo-de-agua-tecamac-26-2815-fm-150791587.html,800000,"MN 800,000",MXN,venta,Apartamento,Ojo de Agua,Tecámac,Edo. de México,47.0,47.0,Publicado hoy,2026-08-13T16:31:14Z,2026-08-13T20:43:18.933203+00:00,https://www.inmuebles24.com/casas-o-casa-en-condominio-o-departamentos-en-venta-en-edo.-de-mexico-ordenado-por-fechaonline-descendente.html-pagina-2.html
https://www.inmuebles24.com/propiedades/clasificado/veclapin-departamento-venta-san-bartolo-cuautlalpan-zumpango-150791462.html,1009000,"MN 1,009,000",MXN,venta,Apartamento,San Bartolo Cuautlalpan,Zumpango,Edo. de México,65.0,65.0,Publicado hoy,2026-08-13T16:28:34Z,2026-08-13T20:44:18.639612+00:00,https://www.inmuebles24.com/casas-o-casa-en-condominio-o-departamentos-en-venta-en-edo.-de-mexico-ordenado-por-fechaonline-descendente.html-pagina-2.html
https://www.inmuebles24.com/propiedades/clasificado/veclapin-gardenias:-departamento-en-venta-en-lomas-del-chamizal-150789350.html,12000000,"MN 12,000,000",MXN,venta,Apartamento,,Huixquilucan,Edo. de México,315.0,315.0,Publicado hoy,2026-08-13T04:50:41Z,2026-08-13T20:44:18.639612+00:00,https://www.inmuebles24.com/casas-o-casa-en-condominio-o-departamentos-en-venta-en-edo.-de-mexico-ordenado-por-fechaonline-descendente.html-pagina-2.html
https://www.inmuebles24.com/propiedades/clasificado/veclapin-palma-real-i:-departamento-en-venta-en-hacienda-de-las-150789287.html,7600000,"MN 7,600,000",MXN,venta,Apartamento,Hacienda de las Palmas,Huixquilucan,Edo. de México,260.0,260.0,Publicado hoy,2026-08-13T04:49:43Z,2026-08-13T20:44:18.639612+00:00,https://www.inmuebles24.com/casas-o-casa-en-condominio-o-departamentos-en-venta-en-edo.-de-mexico-ordenado-por-fechaonline-descendente.html-pagina-2.html
https://www.inmuebles24.com/propiedades/clasificado/veclapin-palma-real:-departamento-en-venta-en-hacienda-de-las-150788761.html,8300000,"MN 8,300,000",MXN,venta,Apartamento,Hacienda de las Palmas,Huixquilucan,Edo. de México,290.0,290.0,Publicado hoy,2026-08-13T04:30:58Z,2026-08-13T20:44:18.639612+00:00,https://www.inmuebles24.com/casas-o-casa-en-condominio-o-departamentos-en-venta-en-edo.-de-mexico-ordenado-por-fechaonline-descendente.html-pagina-2.html
https://www.inmuebles24.com/propiedades/clasificado/veclapin-residencial-lomas-verdes:-departamento-en-venta-en-150789522.html,11700000,"MN 11,700,000",MXN,venta,Apartamento,Lomas Verdes,Naucalpan de Juárez,Edo. de México,300.0,300.0,Publicado hoy,2026-08-13T04:54:26Z,2026-08-13T20:44:18.639612+00:00,https://www.inmuebles24.com/casas-o-casa-en-condominio-o-departamentos-en-venta-en-edo.-de-mexico-ordenado-por-fechaonline-descendente.html-pagina-2.html
https://www.inmuebles24.com/propiedades/clasificado/veclcain-apaxco-de-ocampo:-casa-en-venta-en-apaxco-de-ocampo-150789519.html,5500001,"MN 5,500,001",MXN,venta,Casa,Apaxco de Ocampo,Apaxco,Edo. de México,500.0,1600.0,Publicado hoy,2026-08-13T04:54:20Z,2026-08-13T20:44:18.639612+00:00,https://www.inmuebles24.com/casas-o-casa-en-condominio-o-departamentos-en-venta-en-edo.-de-mexico-ordenado-por-fechaonline-descendente.html-pagina-2.html
https://www.inmuebles24.com/propiedades/clasificado/veclcain-casa-en-venta-en-bosque-real-150789114.html,23500000,"MN 23,500,000",MXN,venta,Casa,Bosque Real,Huixquilucan,Edo. de México,338.0,650.0,Publicado hoy,2026-08-13T04:42:49Z,2026-08-13T20:44:18.639612+00:00,https://www.inmuebles24.com/casas-o-casa-en-condominio-o-departamentos-en-venta-en-edo.-de-mexico-ordenado-por-fechaonline-descendente.html-pagina-2.html
https://www.inmuebles24.com/propiedades/clasificado/veclcain-casa-en-venta-en-bosque-real-huixquilucan-edo.-de-150791276.html,7300000,"MN 7,300,000",MXN,venta,Casa,Bosque Real,Huixquilucan,Edo. de México,183.0,114.0,Publicado hoy,2026-08-13T16:15:53Z,2026-08-13T20:44:18.639612+00:00,https://www.inmuebles24.com/casas-o-casa-en-condominio-o-departamentos-en-venta-en-edo.-de-mexico-ordenado-por-fechaonline-descendente.html-pagina-2.html
https://www.inmuebles24.com/propiedades/clasificado/veclcain-casa-en-venta-en-condado-de-sayavedra-150789357.html,14000000,"MN 14,000,000",MXN,venta,Casa,,Atizapán de Zaragoza,Edo. de México,516.0,416.0,Publicado hoy,2026-08-13T04:51:01Z,2026-08-13T20:44:18.639612+00:00,https://www.inmuebles24.com/casas-o-casa-en-condominio-o-departamentos-en-venta-en-edo.-de-mexico-ordenado-por-fechaonline-descendente.html-pagina-2.html
https://www.inmuebles24.com/propiedades/clasificado/veclcain-casa-en-venta-en-fraccionamiento-real-verona-tecamac-150791477.html,1650000,"MN 1,650,000",MXN,venta,Casa,,Tecámac,Edo. de México,77.0,77.0,Publicado hoy,2026-08-13T16:29:35Z,2026-08-13T20:44:18.639612+00:00,https://www.inmuebles24.com/casas-o-casa-en-condominio-o-departamentos-en-venta-en-edo.-de-mexico-ordenado-por-fechaonline-descendente.html-pagina-2.html
https://www.inmuebles24.com/propiedades/clasificado/veclcain-casa-en-venta-en-lomas-de-tecamachalco-150788876.html,13000000,"MN 13,000,000",MXN,venta,Casa,Lomas de Tecamachalco,Naucalpan de Juárez,Edo. de México,435.0,535.0,Publicado hoy,2026-08-13T04:34:38Z,2026-08-13T20:45:34.704650+00:00,https://www.inmuebles24.com/casas-o-casa-en-condominio-o-departamentos-en-venta-en-edo.-de-mexico-ordenado-por-fechaonline-descendente.html-pagina-2.html
https://www.inmuebles24.com/propiedades/clasificado/veclcain-casa-en-venta-en-lomas-de-tecamachalco-150789372.html,21000000,"MN 21,000,000",MXN,venta,Casa,Lomas de Tecamachalco,Naucalpan de Juárez,Edo. de México,600.0,500.0,Publicado hoy,2026-08-13T04:51:52Z,2026-08-13T20:45:34.704650+00:00,https://www.inmuebles24.com/casas-o-casa-en-condominio-o-departamentos-en-venta-en-edo.-de-mexico-ordenado-por-fechaonline-descendente.html-pagina-2.html
https://www.inmuebles24.com/propiedades/clasificado/veclcain-casa-en-venta-en-lomas-hipodromo-150788823.html,30000000,"MN 30,000,000",MXN,venta,Casa,Lomas Hipódromo,Naucalpan de Juárez,Edo. de México,650.0,950.0,Publicado hoy,2026-08-13T04:32:34Z,2026-08-13T20:45:34.704650+00:00,https://www.inmuebles24.com/casas-o-casa-en-condominio-o-departamentos-en-venta-en-edo.-de-mexico-ordenado-por-fechaonline-descendente.html-pagina-2.html
https://www.inmuebles24.com/propiedades/clasificado/veclcain-casa-en-venta-en-rancho-la-luz-tecamac-26-2121-fm-150791478.html,1775178,"MN 1,775,178",MXN,venta,Casa,Rancho la Luz,Tecámac,Edo. de México,62.0,62.0,Publicado hoy,2026-08-13T16:29:37Z,2026-08-13T20:45:34.704650+00:00,https://www.inmuebles24.com/casas-o-casa-en-condominio-o-departamentos-en-venta-en-edo.-de-mexico-ordenado-por-fechaonline-descendente.html-pagina-2.html
https://www.inmuebles24.com/propiedades/clasificado/veclcain-casa-venta-san-bartolo-cuautlalpan-zumpango-27-150791461.html,1499900,"MN 1,499,900",MXN,venta,Casa,San Bartolo Cuautlalpan,Zumpango,Edo. de México,82.0,82.0,Publicado hoy,2026-08-13T16:28:34Z,2026-08-13T20:45:34.704650+00:00,https://www.inmuebles24.com/casas-o-casa-en-condominio-o-departamentos-en-venta-en-edo.-de-mexico-ordenado-por-fechaonline-descendente.html-pagina-2.html
https://www.inmuebles24.com/propiedades/clasificado/veclcain-hacienda-san-martin:-casa-en-venta-en-ex-hacienda-150788770.html,36500000,"MN 36,500,000",MXN,venta,Casa,Ex-hacienda Jajalpa,Ocoyoacac,Edo. de México,900.0,1009.0,Publicado hoy,2026-08-13T04:31:34Z,2026-08-13T20:45:34.704650+00:00,https://www.inmuebles24.com/casas-o-casa-en-condominio-o-departamentos-en-venta-en-edo.-de-mexico-ordenado-por-fechaonline-descendente.html-pagina-2.html
https://www.inmuebles24.com/propiedades/clasificado/veclcain-hacienda-san-martin:-casa-en-venta-en-ex-hacienda-150789203.html,19200000,"MN 19,200,000",MXN,venta,Casa,Ex-hacienda Jajalpa,Ocoyoacac,Edo. de México,1315.0,1315.0,Publicado hoy,2026-08-13T04:47:41Z,2026-08-13T20:45:34.704650+00:00,https://www.inmuebles24.com/casas-o-casa-en-condominio-o-departamentos-en-venta-en-edo.-de-mexico-ordenado-por-fechaonline-descendente.html-pagina-2.html
https://www.inmuebles24.com/propiedades/clasificado/veclcain-puerta-tlanepantla-residencial:-casa-en-venta-en-150789469.html,7500000,"MN 7,500,000",MXN,venta,Casa,Valle de los Pinos,Tlalnepantla de Baz,Edo. de México,175.0,264.0,Publicado hoy,2026-08-13T04:54:12Z,2026-08-13T20:45:34.704650+00:00,https://www.inmuebles24.com/casas-o-casa-en-condominio-o-departamentos-en-venta-en-edo.-de-mexico-ordenado-por-fechaonline-descendente.html-pagina-2.html
https://www.inmuebles24.com/propiedades/clasificado/veclcain-venta-de-casa-excelente-ubicacion-jardines-de-santa-150794018.html,7000000,"MN 7,000,000",MXN,venta,Casa,Jardines de Santa Mónica,Tlalnepantla de Baz,Edo. de México,180.0,145.0,Publicado hoy,2026-08-13T18:53:20Z,2026-08-13T20:45:34.704650+00:00,https://www.inmuebles24.com/casas-o-casa-en-condominio-o-departamentos-en-venta-en-edo.-de-mexico-ordenado-por-fechaonline-descendente.html-pagina-2.html
https://www.inmuebles24.com/propiedades/clasificado/veclccin-venta-casa-en-condominio-bosque-de-las-palmas-150788668.html,20000000,"MN 20,000,000",MXN,venta,Casa en condominio,Bosques de las Palmas,Huixquilucan,Edo. de México,715.0,545.0,Publicado hoy,2026-08-13T04:14:07Z,2026-08-13T20:45:34.704650+00:00,https://www.inmuebles24.com/casas-o-casa-en-condominio-o-departamentos-en-venta-en-edo.-de-mexico-ordenado-por-fechaonline-descendente.html-pagina-2.html
https://www.inmuebles24.com/propiedades/clasificado/veclapin-avivia-bosque-real!-oportunidad!-150791781.html,7500000,"MN 7,500,000",MXN,venta,Apartamento,Bosque Real,Huixquilucan,Edo. de México,185.0,185.0,Publicado hoy,2026-08-13T16:37:57Z,2026-08-13T20:46:34.614693+00:00,https://www.inmuebles24.com/casas-o-casa-en-condominio-o-departamentos-en-venta-en-edo.-de-mexico-ordenado-por-fechaonline-descendente.html-pagina-3.html
https://www.inmuebles24.com/propiedades/clasificado/veclapin-departamento-en-venta-150790556.html,3250000,"MN 3,250,000",MXN,venta,Apartamento,Jesús del Monte,Huixquilucan,Edo. de México,131.0,131.0,Publicado hoy,2026-08-13T14:41:13Z,2026-08-13T20:46:34.614693+00:00,https://www.inmuebles24.com/casas-o-casa-en-condominio-o-departamentos-en-venta-en-edo.-de-mexico-ordenado-por-fechaonline-descendente.html-pagina-3.html
https://www.inmuebles24.com/propiedades/clasificado/veclapin-departamento-en-venta-en-benito-juarez-centro-150791501.html,4105262,"MN 4,105,262",MXN,venta,Apartamento,Benito Juárez Centro,Tlalnepantla de Baz,Edo. de México,68.0,68.0,Publicado hoy,2026-08-13T16:31:05Z,2026-08-13T20:46:34.614693+00:00,https://www.inmuebles24.com/casas-o-casa-en-condominio-o-departamentos-en-venta-en-edo.-de-mexico-ordenado-por-fechaonline-descendente.html-pagina-3.html
https://www.inmuebles24.com/propiedades/clasificado/veclapin-departamento-en-venta-en-central-park-interlomas-150792180.html,5950000,"MN 5,950,000",MXN,venta,Apartamento,Bosques de las Palmas,Huixquilucan,Edo. de México,120.0,120.0,Publicado hoy,2026-08-13T16:46:08Z,2026-08-13T20:46:34.614693+00:00,https://www.inmuebles24.com/casas-o-casa-en-condominio-o-departamentos-en-venta-en-edo.-de-mexico-ordenado-por-fechaonline-descendente.html-pagina-3.html
https://www.inmuebles24.com/propiedades/clasificado/veclapin-departamento-en-venta-en-jesus-del-monte-150789062.html,6900000,"MN 6,900,000",MXN,venta,Apartamento,Jesús del Monte,Huixquilucan,Edo. de México,192.0,192.0,Publicado hoy,2026-08-13T04:41:29Z,2026-08-13T20:46:34.614693+00:00,https://www.inmuebles24.com/casas-o-casa-en-condominio-o-departamentos-en-venta-en-edo.-de-mexico-ordenado-por-fechaonline-descendente.html-pagina-3.html
https://www.inmuebles24.com/propiedades/clasificado/veclapin-departamento-en-venta-en-jesus-del-monte-150791733.html,7300000,"MN 7,300,000",MXN,venta,Apartamento,Jesús del Monte,Huixquilucan,Edo. de México,170.0,170.0,Publicado hoy,2026-08-13T16:34Z,2026-08-13T20:46:34.614693+00:00,https://www.inmuebles24.com/casas-o-casa-en-condominio-o-departamentos-en-venta-en-edo.-de-mexico-ordenado-por-fechaonline-descendente.html-pagina-3.html
https://www.inmuebles24.com/propiedades/clasificado/veclapin-departamento-en-venta-en-lomas-country-club-150791731.html,16700000,"MN 16,700,000",MXN,venta,Apartamento,Lomas Country Club,Huixquilucan,Edo. de México,582.0,582.0,Publicado hoy,2026-08-13T16:33:40Z,2026-08-13T20:46:34.614693+00:00,https://www.inmuebles24.com/casas-o-casa-en-condominio-o-departamentos-en-venta-en-edo.-de-mexico-ordenado-por-fechaonline-descendente.html-pagina-3.html
https://www.inmuebles24.com/propiedades/clasificado/veclapin-departamento-en-venta-en-lomas-de-tecamachalco-315-150788168.html,10900000,"MN 10,900,000",MXN,venta,Apartamento,Lomas de Tecamachalco,Naucalpan de Juárez,Edo. de México,315.0,315.0,Publicado hoy,2026-08-13T02:51:44Z,2026-08-13T20:46:34.614693+00:00,https://www.inmuebles24.com/casas-o-casa-en-condominio-o-departamentos-en-venta-en-edo.-de-mexico-ordenado-por-fechaonline-descendente.html-pagina-3.html
https://www.inmuebles24.com/propiedades/clasificado/veclapin-departamento-en-venta-en-tlalnepantla-centro-150791502.html,3876000,"MN 3,876,000",MXN,venta,Apartamento,Tlalnepantla  Centro,Tlalnepantla de Baz,Edo. de México,101.0,101.0,Publicado hoy,2026-08-13T16:31:05Z,2026-08-13T20:46:34.614693+00:00,https://www.inmuebles24.com/casas-o-casa-en-condominio-o-departamentos-en-venta-en-edo.-de-mexico-ordenado-por-fechaonline-descendente.html-pagina-3.html
https://www.inmuebles24.com/propiedades/clasificado/veclapin-departamento-venta-bosque-real-huixquilucan-26-150791548.html,11745000,"MN 11,745,000",MXN,venta,Apartamento,Bosque Real,Huixquilucan,Edo. de México,215.0,215.0,Publicado hoy,2026-08-13T16:31:09Z,2026-08-13T20:46:34.614693+00:00,https://www.inmuebles24.com/casas-o-casa-en-condominio-o-departamentos-en-venta-en-edo.-de-mexico-ordenado-por-fechaonline-descendente.html-pagina-3.html
https://www.inmuebles24.com/propiedades/clasificado/veclapin-gardenias:-departamento-en-venta-en-lomas-del-chamizal-150789351.html,12499000,"MN 12,499,000",MXN,venta,Apartamento,,Huixquilucan,Edo. de México,315.0,315.0,Publicado hoy,2026-08-13T04:50:43Z,2026-08-13T20:47:48.877416+00:00,https://www.inmuebles24.com/casas-o-casa-en-condominio-o-departamentos-en-venta-en-edo.-de-mexico-ordenado-por-fechaonline-descendente.html-pagina-3.html
https://www.inmuebles24.com/propiedades/clasificado/veclapin-residencial-cuatro-puntos:-departamento-en-venta-en-150789118.html,22000000,"MN 22,000,000",MXN,venta,Apartamento,Bosque Real,Huixquilucan,Edo. de México,689.0,689.0,Publicado hoy,2026-08-13T04:43:02Z,2026-08-13T20:47:48.877416+00:00,https://www.inmuebles24.com/casas-o-casa-en-condominio-o-departamentos-en-venta-en-edo.-de-mexico-ordenado-por-fechaonline-descendente.html-pagina-3.html
https://www.inmuebles24.com/propiedades/clasificado/veclcain-casa-en-venta-3-recamaras-y-jardin-parque-residencial-150791722.html,2320000,"MN 2,320,000",MXN,venta,Casa,Parque Residencial Coacalco,Coacalco de Berriozábal,Edo. de México,150.0,123.0,Publicado hoy,2026-08-13T16:32:52Z,2026-08-13T20:47:48.877416+00:00,https://www.inmuebles24.com/casas-o-casa-en-condominio-o-departamentos-en-venta-en-edo.-de-mexico-ordenado-por-fechaonline-descendente.html-pagina-3.html
https://www.inmuebles24.com/propiedades/clasificado/veclcain-casa-en-venta-en-ciudad-satelite-150788958.html,18000000,"MN 18,000,000",MXN,venta,Casa,Ciudad Satélite,Naucalpan de Juárez,Edo. de México,600.0,490.0,Publicado hoy,2026-08-13T04:38:03Z,2026-08-13T20:47:48.877416+00:00,https://www.inmuebles24.com/casas-o-casa-en-condominio-o-departamentos-en-venta-en-edo.-de-mexico-ordenado-por-fechaonline-descendente.html-pagina-3.html
https://www.inmuebles24.com/propiedades/clasificado/veclcain-casa-en-venta-en-club-de-golf-los-encinos-150788766.html,25600000,"MN 25,600,000",MXN,venta,Casa,Club de Golf los Encinos,Lerma,Edo. de México,720.0,720.0,Publicado hoy,2026-08-13T04:31:16Z,2026-08-13T20:47:48.877416+00:00,https://www.inmuebles24.com/casas-o-casa-en-condominio-o-departamentos-en-venta-en-edo.-de-mexico-ordenado-por-fechaonline-descendente.html-pagina-3.html
https://www.inmuebles24.com/propiedades/clasificado/veclcain-casa-en-venta-en-club-de-golf-los-encinos-150788769.html,31000000,"MN 31,000,000",MXN,venta,Casa,Centro,Toluca,Edo. de México,550.0,1000.0,Publicado hoy,2026-08-13T04:31:31Z,2026-08-13T20:47:48.877416+00:00,https://www.inmuebles24.com/casas-o-casa-en-condominio-o-departamentos-en-venta-en-edo.-de-mexico-ordenado-por-fechaonline-descendente.html-pagina-3.html
https://www.inmuebles24.com/propiedades/clasificado/veclcain-casa-en-venta-en-heroes-de-la-revolucion-naucalpan-de-150791543.html,16500000,"MN 16,500,000",MXN,venta,Casa,,Naucalpan de Juárez,Edo. de México,512.0,512.0,Publicado hoy,2026-08-13T16:31:09Z,2026-08-13T20:47:48.877416+00:00,https://www.inmuebles24.com/casas-o-casa-en-condominio-o-departamentos-en-venta-en-edo.-de-mexico-ordenado-por-fechaonline-descendente.html-pagina-3.html
https://www.inmuebles24.com/propiedades/clasificado/veclcain-casa-en-venta-en-la-herradura-150788937.html,14900000,"MN 14,900,000",MXN,venta,Casa,Lomas de la Herradura,Huixquilucan,Edo. de México,675.0,1021.0,Publicado hoy,2026-08-13T04:36:54Z,2026-08-13T20:47:48.877416+00:00,https://www.inmuebles24.com/casas-o-casa-en-condominio-o-departamentos-en-venta-en-edo.-de-mexico-ordenado-por-fechaonline-descendente.html-pagina-3.html
https://www.inmuebles24.com/propiedades/clasificado/veclcain-casa-en-venta-en-la-herradura-150789049.html,8900000,"MN 8,900,000",MXN,venta,Casa,La Herradura,Huixquilucan,Edo. de México,440.0,400.0,Publicado hoy,2026-08-13T04:40:45Z,2026-08-13T20:47:48.877416+00:00,https://www.inmuebles24.com/casas-o-casa-en-condominio-o-departamentos-en-venta-en-edo.-de-mexico-ordenado-por-fechaonline-descendente.html-pagina-3.html
https://www.inmuebles24.com/propiedades/clasificado/veclcain-casa-en-venta-en-lomas-de-tecamachalco-150788888.html,38000000,"MN 38,000,000",MXN,venta,Casa,Lomas de Tecamachalco Bosques I y II,Huixquilucan,Edo. de México,1200.0,1200.0,Publicado hoy,2026-08-13T04:35:19Z,2026-08-13T20:47:48.877416+00:00,https://www.inmuebles24.com/casas-o-casa-en-condominio-o-departamentos-en-venta-en-edo.-de-mexico-ordenado-por-fechaonline-descendente.html-pagina-3.html
https://www.inmuebles24.com/propiedades/clasificado/veclcain-casa-en-venta-en-lomas-de-tecamachalco-150791817.html,21000000,"MN 21,000,000",MXN,venta,Casa,Lomas de Tecamachalco Bosques I y II,Huixquilucan,Edo. de México,807.0,807.0,Publicado hoy,2026-08-13T16:39:12Z,2026-08-13T20:48:52.418726+00:00,https://www.inmuebles24.com/casas-o-casa-en-condominio-o-departamentos-en-venta-en-edo.-de-mexico-ordenado-por-fechaonline-descendente.html-pagina-3.html
https://www.inmuebles24.com/propiedades/clasificado/veclcain-casa-en-venta-en-metepec-fraccionamiento-150792240.html,4000000,"MN 4,000,000",MXN,venta,Casa,San Jorge Pueblo Nuevo,Metepec,Edo. de México,200.0,141.0,Publicado hoy,2026-08-13T16:48:16Z,2026-08-13T20:48:52.418726+00:00,https://www.inmuebles24.com/casas-o-casa-en-condominio-o-departamentos-en-venta-en-edo.-de-mexico-ordenado-por-fechaonline-descendente.html-pagina-3.html
https://www.inmuebles24.com/propiedades/clasificado/veclcain-casa-en-venta-en-ojo-de-agua-tecamac-26-598-fm-150791511.html,2900000,"MN 2,900,000",MXN,venta,Casa,Ojo de Agua,Tecámac,Edo. de México,80.0,80.0,Publicado hoy,2026-08-13T16:31:06Z,2026-08-13T20:48:52.418726+00:00,https://www.inmuebles24.com/casas-o-casa-en-condominio-o-departamentos-en-venta-en-edo.-de-mexico-ordenado-por-fechaonline-descendente.html-pagina-3.html
https://www.inmuebles24.com/propiedades/clasificado/veclcain-casa-en-venta-en-ojo-de-agua-tecamac-26-603-fm-150791515.html,5100000,"MN 5,100,000",MXN,venta,Casa,Ojo de Agua,Tecámac,Edo. de México,124.0,124.0,Publicado hoy,2026-08-13T16:31:06Z,2026-08-13T20:48:52.418726+00:00,https://www.inmuebles24.com/casas-o-casa-en-condominio-o-departamentos-en-venta-en-edo.-de-mexico-ordenado-por-fechaonline-descendente.html-pagina-3.html
https://www.inmuebles24.com/propiedades/clasificado/veclcain-casa-en-venta-en-san-bartolo-cuautlalpan-zumpango-26-150791503.html,1229000,"MN 1,229,000",MXN,venta,Casa,San Bartolo Cuautlalpan,Zumpango,Edo. de México,69.0,69.0,Publicado hoy,2026-08-13T16:31:05Z,2026-08-13T20:48:52.418726+00:00,https://www.inmuebles24.com/casas-o-casa-en-condominio-o-departamentos-en-venta-en-edo.-de-mexico-ordenado-por-fechaonline-descendente.html-pagina-3.html
https://www.inmuebles24.com/propiedades/clasificado/veclcain-casa-en-venta-en-villa-guerrero-150789119.html,22500000,"MN 22,500,000",MXN,venta,Casa,Villa Guerrero,Villa Guerrero,Edo. de México,13319.0,13319.0,Publicado hoy,2026-08-13T04:43:06Z,2026-08-13T20:48:52.418726+00:00,https://www.inmuebles24.com/casas-o-casa-en-condominio-o-departamentos-en-venta-en-edo.-de-mexico-ordenado-por-fechaonline-descendente.html-pagina-3.html
https://www.inmuebles24.com/propiedades/clasificado/veclcain-casa-venta-lomas-lindas-atizapan-de-zaragoza-26-150791541.html,4114650,"MN 4,114,650",MXN,venta,Casa,,Atizapán de Zaragoza,Edo. de México,129.0,129.0,Publicado hoy,2026-08-13T16:31:08Z,2026-08-13T20:48:52.418726+00:00,https://www.inmuebles24.com/casas-o-casa-en-condominio-o-departamentos-en-venta-en-edo.-de-mexico-ordenado-por-fechaonline-descendente.html-pagina-3.html
https://www.inmuebles24.com/propiedades/clasificado/veclcain-los-naranjos:-casa-en-venta-en-rincon-de-san-lorenzo-150789069.html,2200000,"MN 2,200,000",MXN,venta,Casa,La Crespa,Toluca,Edo. de México,120.0,72.0,Publicado hoy,2026-08-13T04:41:55Z,2026-08-13T20:48:52.418726+00:00,https://www.inmuebles24.com/casas-o-casa-en-condominio-o-departamentos-en-venta-en-edo.-de-mexico-ordenado-por-fechaonline-descendente.html-pagina-3.html
https://www.inmuebles24.com/propiedades/clasificado/veclcain-santa-cruz-del-monte-naucalpan-casa-en-venta-150790349.html,7500000,"MN 7,500,000",MXN,venta,Casa,Santa Cruz del Monte,Naucalpan de Juárez,Edo. de México,170.0,257.0,Publicado hoy,2026-08-13T13:08:56Z,2026-08-13T20:48:52.418726+00:00,https://www.inmuebles24.com/casas-o-casa-en-condominio-o-departamentos-en-venta-en-edo.-de-mexico-ordenado-por-fechaonline-descendente.html-pagina-3.html
https://www.inmuebles24.com/propiedades/clasificado/veclccin-condado-del-valle:-casa-en-condominio-en-venta-en-150788989.html,9792000,"MN 9,792,000",MXN,venta,Casa en condominio,,Metepec,Edo. de México,288.0,330.0,Publicado hoy,2026-08-13T04:38:29Z,2026-08-13T20:48:52.418726+00:00,https://www.inmuebles24.com/casas-o-casa-en-condominio-o-departamentos-en-venta-en-edo.-de-mexico-ordenado-por-fechaonline-descendente.html-pagina-3.html
https://www.inmuebles24.com/propiedades/clasificado/veclapin-central-park-interlomas:-departamento-en-venta-en-150788840.html,7750000,"MN 7,750,000",MXN,venta,Apartamento,Bosques de las Palmas,Huixquilucan,Edo. de México,169.0,169.0,Publicado hoy,2026-08-13T04:33:52Z,2026-08-13T20:49:55.868985+00:00,https://www.inmuebles24.com/casas-o-casa-en-condominio-o-departamentos-en-venta-en-edo.-de-mexico-ordenado-por-fechaonline-descendente.html-pagina-4.html
https://www.inmuebles24.com/propiedades/clasificado/veclapin-depa-en-venta-proyec-en-ejido-rancho-blanco-ejido-de-150791508.html,3875000,"MN 3,875,000",MXN,venta,Apartamento,,Atizapán de Zaragoza,Edo. de México,80.0,80.0,Publicado hoy,2026-08-13T16:31:06Z,2026-08-13T20:49:55.868985+00:00,https://www.inmuebles24.com/casas-o-casa-en-condominio-o-departamentos-en-venta-en-edo.-de-mexico-ordenado-por-fechaonline-descendente.html-pagina-4.html
https://www.inmuebles24.com/propiedades/clasificado/veclapin-departamento-venta-san-jose-rio-hondo-rio-hondo-150791560.html,4896000,"MN 4,896,000",MXN,venta,Apartamento,San José Río Hondo (Río Hondo),Naucalpan de Juárez,Edo. de México,84.0,84.0,Publicado hoy,2026-08-13T16:31:10Z,2026-08-13T20:49:55.868985+00:00,https://www.inmuebles24.com/casas-o-casa-en-condominio-o-departamentos-en-venta-en-edo.-de-mexico-ordenado-por-fechaonline-descendente.html-pagina-4.html
https://www.inmuebles24.com/propiedades/clasificado/veclapin-fairway:-departamento-en-venta-en-lomas-country-club-150788882.html,17500000,"MN 17,500,000",MXN,venta,Apartamento,Lomas Country Club,Huixquilucan,Edo. de México,353.0,364.0,Publicado hoy,2026-08-13T04:34:56Z,2026-08-13T20:49:55.868985+00:00,https://www.inmuebles24.com/casas-o-casa-en-condominio-o-departamentos-en-venta-en-edo.-de-mexico-ordenado-por-fechaonline-descendente.html-pagina-4.html
https://www.inmuebles24.com/propiedades/clasificado/veclapin-la-enrramada:-departamento-en-venta-en-lomas-country-150791718.html,15000000,"MN 15,000,000",MXN,venta,Apartamento,Lomas Country Club,Huixquilucan,Edo. de México,474.0,474.0,Publicado hoy,2026-08-13T16:32:33Z,2026-08-13T20:49:55.868985+00:00,https://www.inmuebles24.com/casas-o-casa-en-condominio-o-departamentos-en-venta-en-edo.-de-mexico-ordenado-por-fechaonline-descendente.html-pagina-4.html
https://www.inmuebles24.com/propiedades/clasificado/veclapin-montecarlo:-departamento-en-venta-en-lomas-country-150791780.html,8300000,"MN 8,300,000",MXN,venta,Apartamento,Lomas Country Club,Huixquilucan,Edo. de México,270.0,270.0,Publicado hoy,2026-08-13T16:37:53Z,2026-08-13T20:49:55.868985+00:00,https://www.inmuebles24.com/casas-o-casa-en-condominio-o-departamentos-en-venta-en-edo.-de-mexico-ordenado-por-fechaonline-descendente.html-pagina-4.html
https://www.inmuebles24.com/propiedades/clasificado/veclcain-casa-en-venta-en-ciudad-oriente-ecatepec-de-morelos-150791506.html,1650000,"MN 1,650,000",MXN,venta,Casa,Ciudad Oriente,Ecatepec de Morelos,Edo. de México,140.0,140.0,Publicado hoy,2026-08-13T16:31:05Z,2026-08-13T20:49:55.868985+00:00,https://www.inmuebles24.com/casas-o-casa-en-condominio-o-departamentos-en-venta-en-edo.-de-mexico-ordenado-por-fechaonline-descendente.html-pagina-4.html
https://www.inmuebles24.com/propiedades/clasificado/veclcain-casa-en-venta-en-ciudad-satelite-150788898.html,10500000,"MN 10,500,000",MXN,venta,Casa,Ciudad Satélite,Naucalpan de Juárez,Edo. de México,338.0,359.0,Publicado hoy,2026-08-13T04:36:06Z,2026-08-13T20:49:55.868985+00:00,https://www.inmuebles24.com/casas-o-casa-en-condominio-o-departamentos-en-venta-en-edo.-de-mexico-ordenado-por-fechaonline-descendente.html-pagina-4.html
https://www.inmuebles24.com/propiedades/clasificado/veclcain-casa-en-venta-en-cumbres-del-valle-150790671.html,2690000,"MN 2,690,000",MXN,venta,Casa,Cumbres del Valle,Tlalnepantla de Baz,Edo. de México,95.0,60.0,Publicado hoy,2026-08-13T15:03:37Z,2026-08-13T20:49:55.868985+00:00,https://www.inmuebles24.com/casas-o-casa-en-condominio-o-departamentos-en-venta-en-edo.-de-mexico-ordenado-por-fechaonline-descendente.html-pagina-4.html
https://www.inmuebles24.com/propiedades/clasificado/veclcain-casa-en-venta-en-hacienda-de-valle-escondido-150788891.html,32000000,"MN 32,000,000",MXN,venta,Casa,Hacienda de Valle Escondido,Atizapán de Zaragoza,Edo. de México,627.0,1957.0,Publicado hoy,2026-08-13T04:35:32Z,2026-08-13T20:49:55.868985+00:00,https://www.inmuebles24.com/casas-o-casa-en-condominio-o-departamentos-en-venta-en-edo.-de-mexico-ordenado-por-fechaonline-descendente.html-pagina-4.html
https://www.inmuebles24.com/propiedades/clasificado/veclcain-casa-en-venta-en-huixquilucan-150789620.html,5300000,"MN 5,300,000",MXN,venta,Casa,Jesús del Monte,Huixquilucan,Edo. de México,271.0,109.0,Publicado hoy,2026-08-13T05:22Z,2026-08-13T20:51:17.999668+00:00,https://www.inmuebles24.com/casas-o-casa-en-condominio-o-departamentos-en-venta-en-edo.-de-mexico-ordenado-por-fechaonline-descendente.html-pagina-4.html
https://www.inmuebles24.com/propiedades/clasificado/veclcain-casa-en-venta-en-las-americas-iv-150790814.html,2190000,"MN 2,190,000",MXN,venta,Casa,Las Américas,Ecatepec de Morelos,Edo. de México,71.0,73.0,Publicado hoy,2026-08-13T15:26:12Z,2026-08-13T20:51:17.999668+00:00,https://www.inmuebles24.com/casas-o-casa-en-condominio-o-departamentos-en-venta-en-edo.-de-mexico-ordenado-por-fechaonline-descendente.html-pagina-4.html
https://www.inmuebles24.com/propiedades/clasificado/veclcain-casa-en-venta-en-ojo-de-agua-tecamac-26-2621-fm-150791509.html,2237000,"MN 2,237,000",MXN,venta,Casa,Ojo de Agua,Tecámac,Edo. de México,113.0,113.0,Publicado hoy,2026-08-13T16:31:06Z,2026-08-13T20:51:17.999668+00:00,https://www.inmuebles24.com/casas-o-casa-en-condominio-o-departamentos-en-venta-en-edo.-de-mexico-ordenado-por-fechaonline-descendente.html-pagina-4.html
https://www.inmuebles24.com/propiedades/clasificado/veclcain-casa-en-venta-en-ojo-de-agua-tecamac-26-600-fm-150791510.html,3236000,"MN 3,236,000",MXN,venta,Casa,Ojo de Agua,Tecámac,Edo. de México,103.0,103.0,Publicado hoy,2026-08-13T16:31:06Z,2026-08-13T20:51:17.999668+00:00,https://www.inmuebles24.com/casas-o-casa-en-condominio-o-departamentos-en-venta-en-edo.-de-mexico-ordenado-por-fechaonline-descendente.html-pagina-4.html
https://www.inmuebles24.com/propiedades/clasificado/veclcain-casa-en-venta-en-rancho-la-luz-tecamac-26-2122-fm-150791507.html,2124030,"MN 2,124,030",MXN,venta,Casa,Rancho la Luz,Tecámac,Edo. de México,79.0,79.0,Publicado hoy,2026-08-13T16:31:05Z,2026-08-13T20:51:17.999668+00:00,https://www.inmuebles24.com/casas-o-casa-en-condominio-o-departamentos-en-venta-en-edo.-de-mexico-ordenado-por-fechaonline-descendente.html-pagina-4.html
https://www.inmuebles24.com/propiedades/clasificado/veclcain-casa-venta-la-herradura-huixquilucan-26-2969-fm-150791542.html,13950000,"MN 13,950,000",MXN,venta,Casa,La Herradura,Huixquilucan,Edo. de México,400.0,400.0,Publicado hoy,2026-08-13T16:31:09Z,2026-08-13T20:51:17.999668+00:00,https://www.inmuebles24.com/casas-o-casa-en-condominio-o-departamentos-en-venta-en-edo.-de-mexico-ordenado-por-fechaonline-descendente.html-pagina-4.html
https://www.inmuebles24.com/propiedades/clasificado/veclcain-casa-venta-llano-grande-metepec-26-2984-fm-150791551.html,6500000,"MN 6,500,000",MXN,venta,Casa,Llano Grande,Metepec,Edo. de México,264.0,264.0,Publicado hoy,2026-08-13T16:31:10Z,2026-08-13T20:51:17.999668+00:00,https://www.inmuebles24.com/casas-o-casa-en-condominio-o-departamentos-en-venta-en-edo.-de-mexico-ordenado-por-fechaonline-descendente.html-pagina-4.html
https://www.inmuebles24.com/propiedades/clasificado/veclcain-casa-venta-llano-grande-metepec-26-3020-fm-150791580.html,7024511,"MN 7,024,511",MXN,venta,Casa,Llano Grande,Metepec,Edo. de México,155.0,155.0,Publicado hoy,2026-08-13T16:31:12Z,2026-08-13T20:51:17.999668+00:00,https://www.inmuebles24.com/casas-o-casa-en-condominio-o-departamentos-en-venta-en-edo.-de-mexico-ordenado-por-fechaonline-descendente.html-pagina-4.html
https://www.inmuebles24.com/propiedades/clasificado/veclcain-club-de-golf-los-encinos:-casa-en-venta-en-club-de-150788765.html,57850000,"MN 57,850,000",MXN,venta,Casa,Club de Golf los Encinos,Lerma,Edo. de México,1200.0,1200.0,Publicado hoy,2026-08-13T04:31:13Z,2026-08-13T20:51:17.999668+00:00,https://www.inmuebles24.com/casas-o-casa-en-condominio-o-departamentos-en-venta-en-edo.-de-mexico-ordenado-por-fechaonline-descendente.html-pagina-4.html
https://www.inmuebles24.com/propiedades/clasificado/veclcain-club-de-golf-los-encinos:-casa-en-venta-en-club-de-150788768.html,55000000,"MN 55,000,000",MXN,venta,Casa,Club de Golf los Encinos,Lerma,Edo. de México,850.0,850.0,Publicado hoy,2026-08-13T04:31:27Z,2026-08-13T20:51:17.999668+00:00,https://www.inmuebles24.com/casas-o-casa-en-condominio-o-departamentos-en-venta-en-edo.-de-mexico-ordenado-por-fechaonline-descendente.html-pagina-4.html
https://www.inmuebles24.com/propiedades/clasificado/veclcain-hermosa-casa-en-renta-en-club-de-golf-chiluca.-150793749.html,43000,"MN 43,000",MXN,venta,Casa,Bosque Esmeralda,Atizapán de Zaragoza,Edo. de México,180.0,462.0,Publicado hoy,2026-08-13T18:33:43Z,2026-08-13T20:52:21.301308+00:00,https://www.inmuebles24.com/casas-o-casa-en-condominio-o-departamentos-en-venta-en-edo.-de-mexico-ordenado-por-fechaonline-descendente.html-pagina-4.html
https://www.inmuebles24.com/propiedades/clasificado/veclcain-hermosa-residencia-en-zona-exclusiva-en-izcalli-150792547.html,4600000,"MN 4,600,000",MXN,venta,Casa,Jardines del Alba,Cuautitlán Izcalli,Edo. de México,180.0,154.0,Publicado hoy,2026-08-13T17:00:21Z,2026-08-13T20:52:21.301308+00:00,https://www.inmuebles24.com/casas-o-casa-en-condominio-o-departamentos-en-venta-en-edo.-de-mexico-ordenado-por-fechaonline-descendente.html-pagina-4.html
https://www.inmuebles24.com/propiedades/clasificado/veclcain-residencia-en-un-solo-nivel-en-club-de-golf-hacienda-150788760.html,18300000,"MN 18,300,000",MXN,venta,Casa,Club de Golf Hacienda,Atizapán de Zaragoza,Edo. de México,540.0,1072.0,Publicado hoy,2026-08-13T04:30:57Z,2026-08-13T20:52:21.301308+00:00,https://www.inmuebles24.com/casas-o-casa-en-condominio-o-departamentos-en-venta-en-edo.-de-mexico-ordenado-por-fechaonline-descendente.html-pagina-4.html
https://www.inmuebles24.com/propiedades/clasificado/veclcain-vendo-casa-en-satelite-naucalpan-estado-de-mexico-150789577.html,8250000,"MN 8,250,000",MXN,venta,Casa,Ciudad Satélite,Naucalpan de Juárez,Edo. de México,196.0,140.0,Publicado hoy,2026-08-13T05:06:59Z,2026-08-13T20:52:21.301308+00:00,https://www.inmuebles24.com/casas-o-casa-en-condominio-o-departamentos-en-venta-en-edo.-de-mexico-ordenado-por-fechaonline-descendente.html-pagina-4.html
https://www.inmuebles24.com/propiedades/clasificado/veclcain-venta-casa-remodelada-en-hacienda-de-echegaray-150793882.html,7490000,"MN 7,490,000",MXN,venta,Casa,Hacienda de Echegaray,Naucalpan de Juárez,Edo. de México,234.0,200.0,Publicado hoy,2026-08-13T18:42:18Z,2026-08-13T20:52:21.301308+00:00,https://www.inmuebles24.com/casas-o-casa-en-condominio-o-departamentos-en-venta-en-edo.-de-mexico-ordenado-por-fechaonline-descendente.html-pagina-4.html
https://www.inmuebles24.com/propiedades/clasificado/veclccin-casa-en-condominio-en-venta-en-tenantongo-150788843.html,23800000,"MN 23,800,000",MXN,venta,Casa en condominio,Tenantongo,Valle de Bravo,Edo. de México,500.0,500.0,Publicado hoy,2026-08-13T04:34:08Z,2026-08-13T20:52:21.301308+00:00,https://www.inmuebles24.com/casas-o-casa-en-condominio-o-departamentos-en-venta-en-edo.-de-mexico-ordenado-por-fechaonline-descendente.html-pagina-4.html
https://www.inmuebles24.com/propiedades/clasificado/veclccin-casa-en-venta-en-jardes-de-girasoles-150791079.html,1100000,"MN 1,100,000",MXN,venta,Casa en condominio,San Juan,Zumpango,Edo. de México,75.0,60.0,Publicado hoy,2026-08-13T15:59:54Z,2026-08-13T20:52:21.301308+00:00,https://www.inmuebles24.com/casas-o-casa-en-condominio-o-departamentos-en-venta-en-edo.-de-mexico-ordenado-por-fechaonline-descendente.html-pagina-4.html
https://www.inmuebles24.com/propiedades/clasificado/veclccin-club-de-golf-bellavista:-casa-en-condominio-en-venta-150788764.html,20000000,"MN 20,000,000",MXN,venta,Casa en condominio,Club de Golf Bellavista,Atizapán de Zaragoza,Edo. de México,374.0,758.0,Publicado hoy,2026-08-13T04:31:07Z,2026-08-13T20:52:21.301308+00:00,https://www.inmuebles24.com/casas-o-casa-en-condominio-o-departamentos-en-venta-en-edo.-de-mexico-ordenado-por-fechaonline-descendente.html-pagina-4.html
https://www.inmuebles24.com/propiedades/clasificado/veclccin-incanto:-casa-en-condominio-en-venta-en-bosque-real-150788942.html,29900000,"MN 29,900,000",MXN,venta,Casa en condominio,Bosque Real,Huixquilucan,Edo. de México,449.0,449.0,Publicado hoy,2026-08-13T04:37:12Z,2026-08-13T20:52:21.301308+00:00,https://www.inmuebles24.com/casas-o-casa-en-condominio-o-departamentos-en-venta-en-edo.-de-mexico-ordenado-por-fechaonline-descendente.html-pagina-4.html
https://www.inmuebles24.com/propiedades/clasificado/veclccin-residencial-lares:-casa-en-condominio-en-venta-en-150788943.html,28000000,"MN 28,000,000",MXN,venta,Casa en condominio,Batan Chico,Donato Guerra,Edo. de México,563.0,2366.0,Publicado hoy,2026-08-13T04:37:16Z,2026-08-13T20:52:21.301308+00:00,https://www.inmuebles24.com/casas-o-casa-en-condominio-o-departamentos-en-venta-en-edo.-de-mexico-ordenado-por-fechaonline-descendente.html-pagina-4.html
https://www.inmuebles24.com/propiedades/clasificado/veclapin-avivia-bosque-real:-departamento-en-venta-en-bosque-150788883.html,10700000,"MN 10,700,000",MXN,venta,Apartamento,Bosque Real,Huixquilucan,Edo. de México,237.0,237.0,Publicado hoy,2026-08-13T04:35:01Z,2026-08-13T20:53:27.279718+00:00,https://www.inmuebles24.com/casas-o-casa-en-condominio-o-departamentos-en-venta-en-edo.-de-mexico-ordenado-por-fechaonline-descendente.html-pagina-5.html
https://www.inmuebles24.com/propiedades/clasificado/veclapin-departamento-de-61-m-sup2--con-2-recamaras-en-venta-en-150793627.html,1590000,"MN 1,590,000",MXN,venta,Apartamento,Villas de la Hacienda,Atizapán de Zaragoza,Edo. de México,61.0,61.0,Publicado hoy,2026-08-13T18:22:25Z,2026-08-13T20:53:27.279718+00:00,https://www.inmuebles24.com/casas-o-casa-en-condominio-o-departamentos-en-venta-en-edo.-de-mexico-ordenado-por-fechaonline-descendente.html-pagina-5.html
https://www.inmuebles24.com/propiedades/clasificado/veclapin-departamento-en-venta-en-lomas-anahuac-150788887.html,32000000,"MN 32,000,000",MXN,venta,Apartamento,Parques de la Herradura,Huixquilucan,Edo. de México,400.0,400.0,Publicado hoy,2026-08-13T04:35:14Z,2026-08-13T20:53:27.279718+00:00,https://www.inmuebles24.com/casas-o-casa-en-condominio-o-departamentos-en-venta-en-edo.-de-mexico-ordenado-por-fechaonline-descendente.html-pagina-5.html
https://www.inmuebles24.com/propiedades/clasificado/veclapin-departamento-en-venta-interlomas-huixquilucan-150793074.html,10050000,"MN 10,050,000",MXN,venta,Apartamento,,Huixquilucan,Edo. de México,201.0,201.0,Publicado hoy,2026-08-13T17:39:15Z,2026-08-13T20:53:27.279718+00:00,https://www.inmuebles24.com/casas-o-casa-en-condominio-o-departamentos-en-venta-en-edo.-de-mexico-ordenado-por-fechaonline-descendente.html-pagina-5.html
https://www.inmuebles24.com/propiedades/clasificado/veclapin-departamento-venta-bosque-real-huixquilucan-26-150791583.html,10663000,"MN 10,663,000",MXN,venta,Apartamento,Bosque Real,Huixquilucan,Edo. de México,177.0,177.0,Publicado hoy,2026-08-13T16:31:13Z,2026-08-13T20:53:27.279718+00:00,https://www.inmuebles24.com/casas-o-casa-en-condominio-o-departamentos-en-venta-en-edo.-de-mexico-ordenado-por-fechaonline-descendente.html-pagina-5.html
https://www.inmuebles24.com/propiedades/clasificado/veclapin-departamento-venta-conjunto-urbano-real-verona-150791574.html,1320000,"MN 1,320,000",MXN,venta,Apartamento,,Tecámac,Edo. de México,62.0,62.0,Publicado hoy,2026-08-13T16:31:12Z,2026-08-13T20:53:27.279718+00:00,https://www.inmuebles24.com/casas-o-casa-en-condominio-o-departamentos-en-venta-en-edo.-de-mexico-ordenado-por-fechaonline-descendente.html-pagina-5.html
https://www.inmuebles24.com/propiedades/clasificado/veclapin-departamento-venta-san-lucas-tepetlacalco-150791570.html,4300000,"MN 4,300,000",MXN,venta,Apartamento,San Lucas Tepetlacalco,Tlalnepantla de Baz,Edo. de México,98.0,98.0,Publicado hoy,2026-08-13T16:31:11Z,2026-08-13T20:53:27.279718+00:00,https://www.inmuebles24.com/casas-o-casa-en-condominio-o-departamentos-en-venta-en-edo.-de-mexico-ordenado-por-fechaonline-descendente.html-pagina-5.html
https://www.inmuebles24.com/propiedades/clasificado/veclapin-los-arcos:-departamento-en-venta-en-lomas-country-club-150791814.html,5950000,"MN 5,950,000",MXN,venta,Apartamento,Lomas Country Club,Huixquilucan,Edo. de México,222.0,222.0,Publicado hoy,2026-08-13T16:38:54Z,2026-08-13T20:53:27.279718+00:00,https://www.inmuebles24.com/casas-o-casa-en-condominio-o-departamentos-en-venta-en-edo.-de-mexico-ordenado-por-fechaonline-descendente.html-pagina-5.html
https://www.inmuebles24.com/propiedades/clasificado/veclapin-mirabella-ii:-departamento-en-venta-en-lomas-del-rio-150789009.html,6199000,"MN 6,199,000",MXN,venta,Apartamento,Bosques de la Herradura,Huixquilucan,Edo. de México,164.0,164.0,Publicado hoy,2026-08-13T04:39:46Z,2026-08-13T20:53:27.279718+00:00,https://www.inmuebles24.com/casas-o-casa-en-condominio-o-departamentos-en-venta-en-edo.-de-mexico-ordenado-por-fechaonline-descendente.html-pagina-5.html
https://www.inmuebles24.com/propiedades/clasificado/veclapin-puerta-tlanepantla-residencial:-departamento-en-venta-150789876.html,5300000,"MN 5,300,000",MXN,venta,Apartamento,Lomas de San Andrés Atenco,Tlalnepantla de Baz,Edo. de México,97.0,97.0,Publicado hoy,2026-08-13T06:51:22Z,2026-08-13T20:53:27.279718+00:00,https://www.inmuebles24.com/casas-o-casa-en-condominio-o-departamentos-en-venta-en-edo.-de-mexico-ordenado-por-fechaonline-descendente.html-pagina-5.html
https://www.inmuebles24.com/propiedades/clasificado/veclapin-residencial-cumbres-herradura:-departamento-en-venta-150788758.html,4899000,"MN 4,899,000",MXN,venta,Apartamento,San José Río Hondo (Río Hondo),Naucalpan de Juárez,Edo. de México,101.0,101.0,Publicado hoy,2026-08-13T04:30:47Z,2026-08-13T20:54:28.787064+00:00,https://www.inmuebles24.com/casas-o-casa-en-condominio-o-departamentos-en-venta-en-edo.-de-mexico-ordenado-por-fechaonline-descendente.html-pagina-5.html
https://www.inmuebles24.com/propiedades/clasificado/veclcain-casa-en-venta-en-bosque-real-150788956.html,29441500,"MN 29,441,500",MXN,venta,Casa,Bosque Real,Huixquilucan,Edo. de México,637.0,370.0,Publicado hoy,2026-08-13T04:37:56Z,2026-08-13T20:54:28.787064+00:00,https://www.inmuebles24.com/casas-o-casa-en-condominio-o-departamentos-en-venta-en-edo.-de-mexico-ordenado-por-fechaonline-descendente.html-pagina-5.html
https://www.inmuebles24.com/propiedades/clasificado/veclcain-casa-en-venta-en-bosques-de-echegaray-150793740.html,5650000,"MN 5,650,000",MXN,venta,Casa,Naucalpan,Naucalpan de Juárez,Edo. de México,220.0,177.0,Publicado hoy,2026-08-13T18:32:34Z,2026-08-13T20:54:28.787064+00:00,https://www.inmuebles24.com/casas-o-casa-en-condominio-o-departamentos-en-venta-en-edo.-de-mexico-ordenado-por-fechaonline-descendente.html-pagina-5.html
https://www.inmuebles24.com/propiedades/clasificado/veclcain-casa-en-venta-en-club-de-golf-los-encinos-150788771.html,60000000,"MN 60,000,000",MXN,venta,Casa,Club de Golf los Encinos,Lerma,Edo. de México,1680.0,1680.0,Publicado hoy,2026-08-13T04:31:36Z,2026-08-13T20:54:28.787064+00:00,https://www.inmuebles24.com/casas-o-casa-en-condominio-o-departamentos-en-venta-en-edo.-de-mexico-ordenado-por-fechaonline-descendente.html-pagina-5.html
https://www.inmuebles24.com/propiedades/clasificado/veclcain-casa-en-venta-en-ex-hacienda-jajalpa-150788767.html,25000000,"MN 25,000,000",MXN,venta,Casa,Ex-hacienda Jajalpa,Ocoyoacac,Edo. de México,2300.0,2300.0,Publicado hoy,2026-08-13T04:31:22Z,2026-08-13T20:54:28.787064+00:00,https://www.inmuebles24.com/casas-o-casa-en-condominio-o-departamentos-en-venta-en-edo.-de-mexico-ordenado-por-fechaonline-descendente.html-pagina-5.html
https://www.inmuebles24.com/propiedades/clasificado/veclcain-casa-en-venta-en-fraccionamiento-real-granada-tecamac-150791572.html,1691000,"MN 1,691,000",MXN,venta,Casa,,Tecámac,Edo. de México,86.0,86.0,Publicado hoy,2026-08-13T16:31:11Z,2026-08-13T20:54:28.787064+00:00,https://www.inmuebles24.com/casas-o-casa-en-condominio-o-departamentos-en-venta-en-edo.-de-mexico-ordenado-por-fechaonline-descendente.html-pagina-5.html
https://www.inmuebles24.com/propiedades/clasificado/veclcain-casa-en-venta-en-lomas-country-club-150791777.html,40000000,"MN 40,000,000",MXN,venta,Casa,Lomas Country Club,Huixquilucan,Edo. de México,900.0,650.0,Publicado hoy,2026-08-13T16:37:45Z,2026-08-13T20:54:28.787064+00:00,https://www.inmuebles24.com/casas-o-casa-en-condominio-o-departamentos-en-venta-en-edo.-de-mexico-ordenado-por-fechaonline-descendente.html-pagina-5.html
https://www.inmuebles24.com/propiedades/clasificado/veclcain-casa-en-venta-en-lomas-verdes-naucalpan-de-juarez-26-150791512.html,14980000,"MN 14,980,000",MXN,venta,Casa,Lomas Verdes,Naucalpan de Juárez,Edo. de México,640.0,640.0,Publicado hoy,2026-08-13T16:31:06Z,2026-08-13T20:54:28.787064+00:00,https://www.inmuebles24.com/casas-o-casa-en-condominio-o-departamentos-en-venta-en-edo.-de-mexico-ordenado-por-fechaonline-descendente.html-pagina-5.html
https://www.inmuebles24.com/propiedades/clasificado/veclcain-casa-en-venta-en-lomas-verdes-naucalpan-de-juarez-26-150791513.html,15800000,"MN 15,800,000",MXN,venta,Casa,Lomas Verdes,Naucalpan de Juárez,Edo. de México,680.0,680.0,Publicado hoy,2026-08-13T16:31:06Z,2026-08-13T20:54:28.787064+00:00,https://www.inmuebles24.com/casas-o-casa-en-condominio-o-departamentos-en-venta-en-edo.-de-mexico-ordenado-por-fechaonline-descendente.html-pagina-5.html
https://www.inmuebles24.com/propiedades/clasificado/veclcain-casa-en-venta-en-ojo-de-agua-tecamac-26-601-fm-150791514.html,4800000,"MN 4,800,000",MXN,venta,Casa,Ojo de Agua,Tecámac,Edo. de México,113.0,113.0,Publicado hoy,2026-08-13T16:31:06Z,2026-08-13T20:54:28.787064+00:00,https://www.inmuebles24.com/casas-o-casa-en-condominio-o-departamentos-en-venta-en-edo.-de-mexico-ordenado-por-fechaonline-descendente.html-pagina-5.html
https://www.inmuebles24.com/propiedades/clasificado/veclcain-casa-en-venta-en-parques-de-la-herradura-150791809.html,35000000,"MN 35,000,000",MXN,venta,Casa,Parques de la Herradura,Huixquilucan,Edo. de México,1383.0,1383.0,Publicado hoy,2026-08-13T16:38:25Z,2026-08-13T20:55:36.325525+00:00,https://www.inmuebles24.com/casas-o-casa-en-condominio-o-departamentos-en-venta-en-edo.-de-mexico-ordenado-por-fechaonline-descendente.html-pagina-5.html
https://www.inmuebles24.com/propiedades/clasificado/veclcain-casa-en-venta-en-santa-anita-la-bolsa-150789126.html,2800000,"MN 2,800,000",MXN,venta,Casa,Santa Anita la Bolsa,Nicolás Romero,Edo. de México,200.0,144.0,Publicado hoy,2026-08-13T04:43:32Z,2026-08-13T20:55:36.325525+00:00,https://www.inmuebles24.com/casas-o-casa-en-condominio-o-departamentos-en-venta-en-edo.-de-mexico-ordenado-por-fechaonline-descendente.html-pagina-5.html
https://www.inmuebles24.com/propiedades/clasificado/veclcain-casa-en-venta-en-villa-del-real-tecamac-26-3139-fm-150791564.html,927500,"MN 927,500",MXN,venta,Casa,Villa del Real,Tecámac,Edo. de México,51.0,51.0,Publicado hoy,2026-08-13T16:31:11Z,2026-08-13T20:55:36.325525+00:00,https://www.inmuebles24.com/casas-o-casa-en-condominio-o-departamentos-en-venta-en-edo.-de-mexico-ordenado-por-fechaonline-descendente.html-pagina-5.html
https://www.inmuebles24.com/propiedades/clasificado/veclcain-casa-en-venta-la-herradura-paseo-de-la-soledad-morelos-150788642.html,12000000,"MN 12,000,000",MXN,venta,Casa,Huixquilucan de Degollado Centro,Huixquilucan,Edo. de México,307.0,403.0,Publicado hoy,2026-08-13T04:09:05Z,2026-08-13T20:55:36.325525+00:00,https://www.inmuebles24.com/casas-o-casa-en-condominio-o-departamentos-en-venta-en-edo.-de-mexico-ordenado-por-fechaonline-descendente.html-pagina-5.html
https://www.inmuebles24.com/propiedades/clasificado/veclcain-casa-venta-villa-del-real-tecamac-26-3150-fm-150791566.html,940500,"MN 940,500",MXN,venta,Casa,Villa del Real,Tecámac,Edo. de México,51.0,51.0,Publicado hoy,2026-08-13T16:31:11Z,2026-08-13T20:55:36.325525+00:00,https://www.inmuebles24.com/casas-o-casa-en-condominio-o-departamentos-en-venta-en-edo.-de-mexico-ordenado-por-fechaonline-descendente.html-pagina-5.html
https://www.inmuebles24.com/propiedades/clasificado/veclcain-girasoles-bosque-real:-casa-en-venta-en-bosque-real-150788955.html,23000000,"MN 23,000,000",MXN,venta,Casa,Bosque Real,Huixquilucan,Edo. de México,620.0,351.0,Publicado hoy,2026-08-13T04:37:53Z,2026-08-13T20:55:36.325525+00:00,https://www.inmuebles24.com/casas-o-casa-en-condominio-o-departamentos-en-venta-en-edo.-de-mexico-ordenado-por-fechaonline-descendente.html-pagina-5.html
https://www.inmuebles24.com/propiedades/clasificado/veclcain-jardines-de-bellavista:-casa-en-venta-en-jardines-150788997.html,8770000,"MN 8,770,000",MXN,venta,Casa,Jardines Bellavista,Tlalnepantla de Baz,Edo. de México,284.0,186.0,Publicado hoy,2026-08-13T04:39:03Z,2026-08-13T20:55:36.325525+00:00,https://www.inmuebles24.com/casas-o-casa-en-condominio-o-departamentos-en-venta-en-edo.-de-mexico-ordenado-por-fechaonline-descendente.html-pagina-5.html
https://www.inmuebles24.com/propiedades/clasificado/veclcain-venta-casa-blindada-automatizada-y-lista-para-crecer:-150790739.html,7760000,"MN 7,760,000",MXN,venta,Casa,Cumbres de Himalaya,Naucalpan de Juárez,Edo. de México,450.0,200.0,Publicado hoy,2026-08-13T15:13:32Z,2026-08-13T20:55:36.325525+00:00,https://www.inmuebles24.com/casas-o-casa-en-condominio-o-departamentos-en-venta-en-edo.-de-mexico-ordenado-por-fechaonline-descendente.html-pagina-5.html
https://www.inmuebles24.com/propiedades/clasificado/veclccin-casa-en-venta-metepec-bonanza-150790023.html,2300000,"MN 2,300,000",MXN,venta,Casa en condominio,San Bartolomé Tlaltelulco,Metepec,Edo. de México,181.0,181.0,Publicado hoy,2026-08-13T08:50:18Z,2026-08-13T20:55:36.325525+00:00,https://www.inmuebles24.com/casas-o-casa-en-condominio-o-departamentos-en-venta-en-edo.-de-mexico-ordenado-por-fechaonline-descendente.html-pagina-5.html
https://www.inmuebles24.com/propiedades/clasificado/veclccin-casa-en-villa-del-real-municipio-de-tecamac-edo.-de-150791252.html,920000,"MN 920,000",MXN,venta,Casa en condominio,Villa del Real,Tecámac,Edo. de México,50.0,37.0,Publicado hoy,2026-08-13T16:13:51Z,2026-08-13T20:55:36.325525+00:00,https://www.inmuebles24.com/casas-o-casa-en-condominio-o-departamentos-en-venta-en-edo.-de-mexico-ordenado-por-fechaonline-descendente.html-pagina-5.html
https://www.inmuebles24.com/propiedades/clasificado/veclapin-departamento-cuautitlan-izcalli-lomas-de-san-150794403.html,880000,"MN 880,000",MXN,venta,Apartamento,Lomas de San Francisco Tepojaco,Cuautitlán Izcalli,Edo. de México,90.0,90.0,Publicado hoy,2026-08-13T19:24:17Z,2026-08-13T20:56:47.607063+00:00,https://www.inmuebles24.com/casas-o-casa-en-condominio-o-departamentos-en-venta-en-edo.-de-mexico-ordenado-por-fechaonline-descendente.html-pagina-6.html
https://www.inmuebles24.com/propiedades/clasificado/veclapin-departamento-en-jesus-del-monte-cosmoctrat-150793143.html,5700000,"MN 5,700,000",MXN,venta,Apartamento,Jesús del Monte,Huixquilucan,Edo. de México,109.0,109.0,Publicado hoy,2026-08-13T17:45:32Z,2026-08-13T20:56:47.607063+00:00,https://www.inmuebles24.com/casas-o-casa-en-condominio-o-departamentos-en-venta-en-edo.-de-mexico-ordenado-por-fechaonline-descendente.html-pagina-6.html
https://www.inmuebles24.com/propiedades/clasificado/veclapin-departamento-en-renta-y-venta-santa-maria-mazatla-150793301.html,3850000,"MN 3,850,000",MXN,venta,Apartamento,Santa María Mazatla,Jilotzingo,Edo. de México,115.0,115.0,Publicado hoy,2026-08-13T17:59:02Z,2026-08-13T20:56:47.607063+00:00,https://www.inmuebles24.com/casas-o-casa-en-condominio-o-departamentos-en-venta-en-edo.-de-mexico-ordenado-por-fechaonline-descendente.html-pagina-6.html
https://www.inmuebles24.com/propiedades/clasificado/veclapin-departamento-en-venta-en-el-parque-naucalpan-de-150791521.html,8899000,"MN 8,899,000",MXN,venta,Apartamento,El Parque,Naucalpan de Juárez,Edo. de México,223.0,223.0,Publicado hoy,2026-08-13T16:31:06Z,2026-08-13T20:56:47.607063+00:00,https://www.inmuebles24.com/casas-o-casa-en-condominio-o-departamentos-en-venta-en-edo.-de-mexico-ordenado-por-fechaonline-descendente.html-pagina-6.html
https://www.inmuebles24.com/propiedades/clasificado/veclapin-departamento-en-venta-en-hacienda-de-las-palmas-150791573.html,10500000,"MN 10,500,000",MXN,venta,Apartamento,Hacienda de las Palmas,Huixquilucan,Edo. de México,522.0,522.0,Publicado hoy,2026-08-13T16:31:12Z,2026-08-13T20:56:47.607063+00:00,https://www.inmuebles24.com/casas-o-casa-en-condominio-o-departamentos-en-venta-en-edo.-de-mexico-ordenado-por-fechaonline-descendente.html-pagina-6.html
https://www.inmuebles24.com/propiedades/clasificado/veclapin-departamento-en-venta-jilotzingo-estado-de-mexico-150792942.html,4300000,"MN 4,300,000",MXN,venta,Apartamento,Espíritu Santo,Jilotzingo,Edo. de México,120.0,120.0,Publicado hoy,2026-08-13T17:27:49Z,2026-08-13T20:56:47.607063+00:00,https://www.inmuebles24.com/casas-o-casa-en-condominio-o-departamentos-en-venta-en-edo.-de-mexico-ordenado-por-fechaonline-descendente.html-pagina-6.html
https://www.inmuebles24.com/propiedades/clasificado/veclapin-departamento-en-venta-lago-esmeralda-150793430.html,3250000,"MN 3,250,000",MXN,venta,Apartamento,Zona Esmeralda,Atizapán de Zaragoza,Edo. de México,78.0,78.0,Publicado hoy,2026-08-13T18:07:14Z,2026-08-13T20:56:47.607063+00:00,https://www.inmuebles24.com/casas-o-casa-en-condominio-o-departamentos-en-venta-en-edo.-de-mexico-ordenado-por-fechaonline-descendente.html-pagina-6.html
https://www.inmuebles24.com/propiedades/clasificado/veclapin-departamento-en-venta-lomas-de-atizapan-150793306.html,2000000,"MN 2,000,000",MXN,venta,Apartamento,Lomas de Atizapán,Atizapán de Zaragoza,Edo. de México,70.0,70.0,Publicado hoy,2026-08-13T17:59:19Z,2026-08-13T20:56:47.607063+00:00,https://www.inmuebles24.com/casas-o-casa-en-condominio-o-departamentos-en-venta-en-edo.-de-mexico-ordenado-por-fechaonline-descendente.html-pagina-6.html
https://www.inmuebles24.com/propiedades/clasificado/veclapin-departamento-en-venta-lomas-de-atizapan-estado-de-150793304.html,1950000,"MN 1,950,000",MXN,venta,Apartamento,Atizapán,Atizapán de Zaragoza,Edo. de México,70.0,70.0,Publicado hoy,2026-08-13T17:59:14Z,2026-08-13T20:56:47.607063+00:00,https://www.inmuebles24.com/casas-o-casa-en-condominio-o-departamentos-en-venta-en-edo.-de-mexico-ordenado-por-fechaonline-descendente.html-pagina-6.html
https://www.inmuebles24.com/propiedades/clasificado/veclapin-departamento-en-venta-residencial-del-bosque-1-150793102.html,3900000,"MN 3,900,000",MXN,venta,Apartamento,Santa María Mazatla,Jilotzingo,Edo. de México,113.0,113.0,Publicado hoy,2026-08-13T17:41:08Z,2026-08-13T20:56:47.607063+00:00,https://www.inmuebles24.com/casas-o-casa-en-condominio-o-departamentos-en-venta-en-edo.-de-mexico-ordenado-por-fechaonline-descendente.html-pagina-6.html
https://www.inmuebles24.com/propiedades/clasificado/veclapin-departamento-en-venta-residencial-lago-esmeralda-150793432.html,3250000,"MN 3,250,000",MXN,venta,Apartamento,Zona Esmeralda,Atizapán de Zaragoza,Edo. de México,78.0,78.0,Publicado hoy,2026-08-13T18:07:26Z,2026-08-13T20:57:54.273237+00:00,https://www.inmuebles24.com/casas-o-casa-en-condominio-o-departamentos-en-venta-en-edo.-de-mexico-ordenado-por-fechaonline-descendente.html-pagina-6.html
https://www.inmuebles24.com/propiedades/clasificado/veclapin-departamento-venta-parques-de-la-herradura-150792193.html,8500000000,"MN 8,500,000,000",MXN,venta,Apartamento,Parques de la Herradura,Huixquilucan,Edo. de México,220.0,220.0,Publicado hoy,2026-08-13T16:47:22Z,2026-08-13T20:57:54.273237+00:00,https://www.inmuebles24.com/casas-o-casa-en-condominio-o-departamentos-en-venta-en-edo.-de-mexico-ordenado-por-fechaonline-descendente.html-pagina-6.html
https://www.inmuebles24.com/propiedades/clasificado/veclapin-los-olivos:-departamento-en-venta-en-hacienda-de-las-150791810.html,9000000,"MN 9,000,000",MXN,venta,Apartamento,Hacienda de las Palmas,Huixquilucan,Edo. de México,236.0,236.0,Publicado hoy,2026-08-13T16:38:33Z,2026-08-13T20:57:54.273237+00:00,https://www.inmuebles24.com/casas-o-casa-en-condominio-o-departamentos-en-venta-en-edo.-de-mexico-ordenado-por-fechaonline-descendente.html-pagina-6.html
https://www.inmuebles24.com/propiedades/clasificado/veclapin-tive-baume:-departamento-en-venta-en-bosque-real-150788751.html,7300000,"MN 7,300,000",MXN,venta,Apartamento,Bosque Real,Huixquilucan,Edo. de México,240.0,330.0,Publicado hoy,2026-08-13T04:30:16Z,2026-08-13T20:57:54.273237+00:00,https://www.inmuebles24.com/casas-o-casa-en-condominio-o-departamentos-en-venta-en-edo.-de-mexico-ordenado-por-fechaonline-descendente.html-pagina-6.html
https://www.inmuebles24.com/propiedades/clasificado/veclcain-canyon:-casa-en-venta-en-cerro-gordo-150788999.html,12500000,"MN 12,500,000",MXN,venta,Casa,Cerro Gordo,Valle de Bravo,Edo. de México,260.0,350.0,Publicado hoy,2026-08-13T04:39:13Z,2026-08-13T20:57:54.273237+00:00,https://www.inmuebles24.com/casas-o-casa-en-condominio-o-departamentos-en-venta-en-edo.-de-mexico-ordenado-por-fechaonline-descendente.html-pagina-6.html
https://www.inmuebles24.com/propiedades/clasificado/veclcain-cardo-santo:-casa-en-venta-en-cerro-colorado-150789124.html,30000000,"MN 30,000,000",MXN,venta,Casa,Cerro Colorado,Valle de Bravo,Edo. de México,410.0,410.0,Publicado hoy,2026-08-13T04:43:23Z,2026-08-13T20:57:54.273237+00:00,https://www.inmuebles24.com/casas-o-casa-en-condominio-o-departamentos-en-venta-en-edo.-de-mexico-ordenado-por-fechaonline-descendente.html-pagina-6.html
https://www.inmuebles24.com/propiedades/clasificado/veclcain-casa-de-descanso-en-venta-en-el-bosque-en-san-simon-el-150794473.html,14000000,"MN 14,000,000",MXN,venta,Casa,San Simón el Alto,Valle de Bravo,Edo. de México,2350.0,2350.0,Publicado hoy,2026-08-13T19:31:21Z,2026-08-13T20:57:54.273237+00:00,https://www.inmuebles24.com/casas-o-casa-en-condominio-o-departamentos-en-venta-en-edo.-de-mexico-ordenado-por-fechaonline-descendente.html-pagina-6.html
https://www.inmuebles24.com/propiedades/clasificado/veclcain-casa-el-buen-suceso-150790491.html,1100000,"MN 1,100,000",MXN,venta,Casa,El Buen Suceso,Tianguistenco,Edo. de México,68.0,68.0,Publicado hoy,2026-08-13T14:13:46Z,2026-08-13T20:57:54.273237+00:00,https://www.inmuebles24.com/casas-o-casa-en-condominio-o-departamentos-en-venta-en-edo.-de-mexico-ordenado-por-fechaonline-descendente.html-pagina-6.html
https://www.inmuebles24.com/propiedades/clasificado/veclcain-casa-en-venta-en-parques-de-la-herradura-150789008.html,11490000,"MN 11,490,000",MXN,venta,Casa,Parques de la Herradura,Huixquilucan,Edo. de México,293.0,249.0,Publicado hoy,2026-08-13T04:39:43Z,2026-08-13T20:57:54.273237+00:00,https://www.inmuebles24.com/casas-o-casa-en-condominio-o-departamentos-en-venta-en-edo.-de-mexico-ordenado-por-fechaonline-descendente.html-pagina-6.html
https://www.inmuebles24.com/propiedades/clasificado/veclcain-casa-en-venta-en-rancho-san-juan-almoloya-de-juarez-150790131.html,470000,"MN 470,000",MXN,venta,Casa,,Almoloya de Juárez,Edo. de México,39.0,66.0,Publicado hoy,2026-08-13T09:34:16Z,2026-08-13T20:57:54.273237+00:00,https://www.inmuebles24.com/casas-o-casa-en-condominio-o-departamentos-en-venta-en-edo.-de-mexico-ordenado-por-fechaonline-descendente.html-pagina-6.html
https://www.inmuebles24.com/propiedades/clasificado/veclcain-casa-en-venta-en-zona-esmeralda-atizapan-de-zaragoza-150793049.html,14450000,"MN 14,450,000",MXN,venta,Casa,Zona Esmeralda,Atizapán de Zaragoza,Edo. de México,600.0,600.0,Publicado hoy,2026-08-13T17:36:32Z,2026-08-13T20:59:15.587095+00:00,https://www.inmuebles24.com/casas-o-casa-en-condominio-o-departamentos-en-venta-en-edo.-de-mexico-ordenado-por-fechaonline-descendente.html-pagina-6.html
https://www.inmuebles24.com/propiedades/clasificado/veclcain-casa-en-venta-prado-largo-zona-esmeralda-150793597.html,15999999,"MN 15,999,999",MXN,venta,Casa,Prado Largo,Atizapán de Zaragoza,Edo. de México,588.0,588.0,Publicado hoy,2026-08-13T18:21:08Z,2026-08-13T20:59:15.587095+00:00,https://www.inmuebles24.com/casas-o-casa-en-condominio-o-departamentos-en-venta-en-edo.-de-mexico-ordenado-por-fechaonline-descendente.html-pagina-6.html
https://www.inmuebles24.com/propiedades/clasificado/veclcain-casa-en-venta-prado-largo-zona-esmeralda-150793599.html,15999999,"MN 15,999,999",MXN,venta,Casa,Prado Largo,Atizapán de Zaragoza,Edo. de México,588.0,588.0,Publicado hoy,2026-08-13T18:21:18Z,2026-08-13T20:59:15.587095+00:00,https://www.inmuebles24.com/casas-o-casa-en-condominio-o-departamentos-en-venta-en-edo.-de-mexico-ordenado-por-fechaonline-descendente.html-pagina-6.html
https://www.inmuebles24.com/propiedades/clasificado/veclcain-casa-remodelada-en-venta-en-fracc.-santa-clara-lerma-150792309.html,1300000,"MN 1,300,000",MXN,venta,Casa,,Lerma,Edo. de México,73.0,73.0,Publicado hoy,2026-08-13T16:51:32Z,2026-08-13T20:59:15.587095+00:00,https://www.inmuebles24.com/casas-o-casa-en-condominio-o-departamentos-en-venta-en-edo.-de-mexico-ordenado-por-fechaonline-descendente.html-pagina-6.html
https://www.inmuebles24.com/propiedades/clasificado/veclcapa-casa-en-hacienda-de-las-palomas-150791269.html,12290000,"MN 12,290,000",MXN,venta,Casa,Hacienda de las Palmas,Huixquilucan,Edo. de México,350.0,250.0,Publicado hoy,2026-08-13T16:14:49Z,2026-08-13T20:59:15.587095+00:00,https://www.inmuebles24.com/casas-o-casa-en-condominio-o-departamentos-en-venta-en-edo.-de-mexico-ordenado-por-fechaonline-descendente.html-pagina-6.html
https://www.inmuebles24.com/propiedades/clasificado/veclcapa-casa-en-venta-valle-de-aragon-150793080.html,2550000,"MN 2,550,000",MXN,venta,Casa,Valle de Aragon 3ra Secc,Ecatepec de Morelos,Edo. de México,84.0,143.0,Publicado hoy,2026-08-13T17:39:54Z,2026-08-13T20:59:15.587095+00:00,https://www.inmuebles24.com/casas-o-casa-en-condominio-o-departamentos-en-venta-en-edo.-de-mexico-ordenado-por-fechaonline-descendente.html-pagina-6.html
https://www.inmuebles24.com/propiedades/clasificado/veclcapa-preciosa-casa-en-excelente-estado.-amplia-y-muy-150788200.html,5500000,"MN 5,500,000",MXN,venta,Casa,Los Pastores,Naucalpan de Juárez,Edo. de México,200.0,200.0,Publicado hoy,2026-08-13T02:59:52Z,2026-08-13T20:59:15.587095+00:00,https://www.inmuebles24.com/casas-o-casa-en-condominio-o-departamentos-en-venta-en-edo.-de-mexico-ordenado-por-fechaonline-descendente.html-pagina-6.html
https://www.inmuebles24.com/propiedades/clasificado/veclccin-casa-en-renta-con-vista-al-lago-y-jacuzzi-caminando-150789347.html,18000000,"MN 18,000,000",MXN,venta,Casa en condominio,Valle de Bravo,Valle de Bravo,Edo. de México,400.0,400.0,Publicado hoy,2026-08-13T04:50:38Z,2026-08-13T20:59:15.587095+00:00,https://www.inmuebles24.com/casas-o-casa-en-condominio-o-departamentos-en-venta-en-edo.-de-mexico-ordenado-por-fechaonline-descendente.html-pagina-6.html
https://www.inmuebles24.com/propiedades/clasificado/veclccin-casa-en-venta-en-calimaya-residencial-la-vista-con-150790004.html,3150000,"MN 3,150,000",MXN,venta,Casa en condominio,,Calimaya,Edo. de México,129.0,129.0,Publicado hoy,2026-08-13T07:50:33Z,2026-08-13T20:59:15.587095+00:00,https://www.inmuebles24.com/casas-o-casa-en-condominio-o-departamentos-en-venta-en-edo.-de-mexico-ordenado-por-fechaonline-descendente.html-pagina-6.html
https://www.inmuebles24.com/propiedades/clasificado/veclccin-residencia-de-lujo-con-vista-al-lago-en-valle-de-bravo-150789942.html,18500000,"MN 18,500,000",MXN,venta,Casa en condominio,Valle de Bravo,Valle de Bravo,Edo. de México,350.0,350.0,Publicado hoy,2026-08-13T07:04:04Z,2026-08-13T20:59:15.587095+00:00,https://www.inmuebles24.com/casas-o-casa-en-condominio-o-departamentos-en-venta-en-edo.-de-mexico-ordenado-por-fechaonline-descendente.html-pagina-6.html
https://www.inmuebles24.com/propiedades/clasificado/veclapin-departamento-en-portal-ojo-de-agua-150787337.html,800000,"MN 800,000",MXN,venta,Apartamento,Portal Ojo de Agua,Tecámac,Edo. de México,47.0,47.0,Publicado desde ayer,2026-08-13T01:05:12Z,2026-08-13T21:00:23.123865+00:00,https://www.inmuebles24.com/casas-o-casa-en-condominio-o-departamentos-en-venta-en-edo.-de-mexico-ordenado-por-fechaonline-descendente.html-pagina-7.html
https://www.inmuebles24.com/propiedades/clasificado/veclapin-departamento-en-san-lucas-tepetlacalco-150787336.html,6200000,"MN 6,200,000",MXN,venta,Apartamento,San Lucas Tepetlacalco,Tlalnepantla de Baz,Edo. de México,135.0,135.0,Publicado desde ayer,2026-08-13T01:05:12Z,2026-08-13T21:00:23.123865+00:00,https://www.inmuebles24.com/casas-o-casa-en-condominio-o-departamentos-en-venta-en-edo.-de-mexico-ordenado-por-fechaonline-descendente.html-pagina-7.html
https://www.inmuebles24.com/propiedades/clasificado/veclapin-departamento-en-santa-maria-mazatla-150793145.html,3900000,"MN 3,900,000",MXN,venta,Apartamento,Santa María Mazatla,Jilotzingo,Edo. de México,113.0,113.0,Publicado hoy,2026-08-13T17:45:49Z,2026-08-13T21:00:23.123865+00:00,https://www.inmuebles24.com/casas-o-casa-en-condominio-o-departamentos-en-venta-en-edo.-de-mexico-ordenado-por-fechaonline-descendente.html-pagina-7.html
https://www.inmuebles24.com/propiedades/clasificado/veclapin-departamento-en-venta-en-huixquilucan-bosque-real-gis-150788463.html,9848669,"MN 9,848,669",MXN,venta,Apartamento,Bosque Real,Huixquilucan,Edo. de México,135.0,135.0,Publicado desde ayer,2026-08-13T03:35:11Z,2026-08-13T21:00:23.123865+00:00,https://www.inmuebles24.com/casas-o-casa-en-condominio-o-departamentos-en-venta-en-edo.-de-mexico-ordenado-por-fechaonline-descendente.html-pagina-7.html
https://www.inmuebles24.com/propiedades/clasificado/veclapin-departamento-en-venta-hacienda-de-las-palmas-hacienda-150778445.html,7500000,"MN 7,500,000",MXN,venta,Apartamento,Hacienda de las Palmas,Huixquilucan,Edo. de México,228.0,228.0,Publicado desde ayer,2026-08-12T15:55:17Z,2026-08-13T21:00:23.123865+00:00,https://www.inmuebles24.com/casas-o-casa-en-condominio-o-departamentos-en-venta-en-edo.-de-mexico-ordenado-por-fechaonline-descendente.html-pagina-7.html
https://www.inmuebles24.com/propiedades/clasificado/veclapin-departamento-en-venta-huixquilucan-hacienda-de-las-150788469.html,9660000,"MN 9,660,000",MXN,venta,Apartamento,Hacienda de las Palmas,Huixquilucan,Edo. de México,161.0,161.0,Publicado desde ayer,2026-08-13T03:35:12Z,2026-08-13T21:00:23.123865+00:00,https://www.inmuebles24.com/casas-o-casa-en-condominio-o-departamentos-en-venta-en-edo.-de-mexico-ordenado-por-fechaonline-descendente.html-pagina-7.html
https://www.inmuebles24.com/propiedades/clasificado/veclapin-departamento-en-venta-residencial-lago-esmeralda-1-150793309.html,3250000,"MN 3,250,000",MXN,venta,Apartamento,Bosque Esmeralda,Atizapán de Zaragoza,Edo. de México,78.0,78.0,Publicado hoy,2026-08-13T17:59:28Z,2026-08-13T21:00:23.123865+00:00,https://www.inmuebles24.com/casas-o-casa-en-condominio-o-departamentos-en-venta-en-edo.-de-mexico-ordenado-por-fechaonline-descendente.html-pagina-7.html
https://www.inmuebles24.com/propiedades/clasificado/veclapin-departamento-en-venta-zona-esmeralda-atizapan-150793437.html,3250000,"MN 3,250,000",MXN,venta,Apartamento,Bosque Esmeralda,Atizapán de Zaragoza,Edo. de México,78.0,78.0,Publicado hoy,2026-08-13T18:07:51Z,2026-08-13T21:00:23.123865+00:00,https://www.inmuebles24.com/casas-o-casa-en-condominio-o-departamentos-en-venta-en-edo.-de-mexico-ordenado-por-fechaonline-descendente.html-pagina-7.html
https://www.inmuebles24.com/propiedades/clasificado/veclapin-estrena-departamento-150785678.html,2200000,"MN 2,200,000",MXN,venta,Apartamento,Residencial Lago Esmeralda,Atizapán de Zaragoza,Edo. de México,38.0,38.0,Publicado desde ayer,2026-08-12T22:35:01Z,2026-08-13T21:00:23.123865+00:00,https://www.inmuebles24.com/casas-o-casa-en-condominio-o-departamentos-en-venta-en-edo.-de-mexico-ordenado-por-fechaonline-descendente.html-pagina-7.html
https://www.inmuebles24.com/propiedades/clasificado/veclapin-garden-house-en-venta-en-vista-horizonte-$18-900-000-150785025.html,18900000,"MN 18,900,000",MXN,venta,Apartamento,Interlomas,Huixquilucan,Edo. de México,260.0,260.0,Publicado desde ayer,2026-08-12T21:34:44Z,2026-08-13T21:00:23.123865+00:00,https://www.inmuebles24.com/casas-o-casa-en-condominio-o-departamentos-en-venta-en-edo.-de-mexico-ordenado-por-fechaonline-descendente.html-pagina-7.html
https://www.inmuebles24.com/propiedades/clasificado/veclappa-bonito-departamento-remodelado-150790570.html,750000,"MN 750,000",MXN,venta,Apartamento,Aurora,Nezahualcóyotl,Edo. de México,40.0,40.0,Publicado hoy,2026-08-13T14:45:11Z,2026-08-13T21:01:27.818102+00:00,https://www.inmuebles24.com/casas-o-casa-en-condominio-o-departamentos-en-venta-en-edo.-de-mexico-ordenado-por-fechaonline-descendente.html-pagina-7.html
https://www.inmuebles24.com/propiedades/clasificado/veclcain-casa-en-bosque-esmeralda-150793052.html,14450000,"MN 14,450,000",MXN,venta,Casa,Bosque Esmeralda,Atizapán de Zaragoza,Edo. de México,600.0,600.0,Publicado hoy,2026-08-13T17:36:44Z,2026-08-13T21:01:27.818102+00:00,https://www.inmuebles24.com/casas-o-casa-en-condominio-o-departamentos-en-venta-en-edo.-de-mexico-ordenado-por-fechaonline-descendente.html-pagina-7.html
https://www.inmuebles24.com/propiedades/clasificado/veclcain-casa-en-venta-bosque-esmeralda-150793051.html,14450000,"MN 14,450,000",MXN,venta,Casa,Zona Esmeralda,Atizapán de Zaragoza,Edo. de México,600.0,600.0,Publicado hoy,2026-08-13T17:36:37Z,2026-08-13T21:01:27.818102+00:00,https://www.inmuebles24.com/casas-o-casa-en-condominio-o-departamentos-en-venta-en-edo.-de-mexico-ordenado-por-fechaonline-descendente.html-pagina-7.html
https://www.inmuebles24.com/propiedades/clasificado/veclcain-casa-en-venta-en-aqua-1-con-4-recamaras-150782943.html,7200000,"MN 7,200,000",MXN,venta,Casa,Residencial Lago Esmeralda,Atizapán de Zaragoza,Edo. de México,230.0,125.0,Publicado desde ayer,2026-08-12T19:45:06Z,2026-08-13T21:01:27.818102+00:00,https://www.inmuebles24.com/casas-o-casa-en-condominio-o-departamentos-en-venta-en-edo.-de-mexico-ordenado-por-fechaonline-descendente.html-pagina-7.html
https://www.inmuebles24.com/propiedades/clasificado/veclcain-casa-en-venta-en-circuito-educadores-satelite-150782743.html,8800000,"MN 8,800,000",MXN,venta,Casa,Ciudad Satélite,Naucalpan de Juárez,Edo. de México,395.0,395.0,Publicado desde ayer,2026-08-12T19:34:11Z,2026-08-13T21:01:27.818102+00:00,https://www.inmuebles24.com/casas-o-casa-en-condominio-o-departamentos-en-venta-en-edo.-de-mexico-ordenado-por-fechaonline-descendente.html-pagina-7.html
https://www.inmuebles24.com/propiedades/clasificado/veclcain-casa-en-venta-en-loma-real-metepec-estado-de-mexico-150778701.html,8500000,"MN 8,500,000",MXN,venta,Casa,Unión,Metepec,Edo. de México,342.0,359.0,Publicado desde ayer,2026-08-12T16:24:19Z,2026-08-13T21:01:27.818102+00:00,https://www.inmuebles24.com/casas-o-casa-en-condominio-o-departamentos-en-venta-en-edo.-de-mexico-ordenado-por-fechaonline-descendente.html-pagina-7.html
https://www.inmuebles24.com/propiedades/clasificado/veclcain-casa-en-venta-en-nepantla-150776747.html,3499000,"MN 3,499,000",MXN,venta,Casa,Nepantla de Sor Juana Inés,Tepetlixpa,Edo. de México,2980.0,2980.0,Publicado desde ayer,2026-08-12T04:30:53Z,2026-08-13T21:01:27.818102+00:00,https://www.inmuebles24.com/casas-o-casa-en-condominio-o-departamentos-en-venta-en-edo.-de-mexico-ordenado-por-fechaonline-descendente.html-pagina-7.html
https://www.inmuebles24.com/propiedades/clasificado/veclcain-casa-en-venta-lomas-del-olivo-4-recamaras-150788721.html,8000000,"MN 8,000,000",MXN,venta,Casa,Lomas del Olivo,Huixquilucan,Edo. de México,465.0,465.0,Publicado hoy,2026-08-13T04:25:10Z,2026-08-13T21:01:27.818102+00:00,https://www.inmuebles24.com/casas-o-casa-en-condominio-o-departamentos-en-venta-en-edo.-de-mexico-ordenado-por-fechaonline-descendente.html-pagina-7.html
https://www.inmuebles24.com/propiedades/clasificado/veclcain-casa-en-venta-prado-largo-zona-esmeralda-150793598.html,15999999,"MN 15,999,999",MXN,venta,Casa,Prado Largo,Atizapán de Zaragoza,Edo. de México,588.0,588.0,Publicado hoy,2026-08-13T18:21:12Z,2026-08-13T21:01:27.818102+00:00,https://www.inmuebles24.com/casas-o-casa-en-condominio-o-departamentos-en-venta-en-edo.-de-mexico-ordenado-por-fechaonline-descendente.html-pagina-7.html
https://www.inmuebles24.com/propiedades/clasificado/veclcain-casa-en-venta-residencial-lago-esmeralda-atizapan-de-150793433.html,8300000,"MN 8,300,000",MXN,venta,Casa,Zona Esmeralda,Atizapán de Zaragoza,Edo. de México,120.0,120.0,Publicado hoy,2026-08-13T18:07:30Z,2026-08-13T21:01:27.818102+00:00,https://www.inmuebles24.com/casas-o-casa-en-condominio-o-departamentos-en-venta-en-edo.-de-mexico-ordenado-por-fechaonline-descendente.html-pagina-7.html
https://www.inmuebles24.com/propiedades/clasificado/veclcain-casa-en-venta-tecamac-real-granada-gis-26-3051-150788462.html,1650000,"MN 1,650,000",MXN,venta,Casa,San Antonio (de San Francisco Cuautliquixca),Tecámac,Edo. de México,50.0,50.0,Publicado desde ayer,2026-08-13T03:35:11Z,2026-08-13T21:02:47.852655+00:00,https://www.inmuebles24.com/casas-o-casa-en-condominio-o-departamentos-en-venta-en-edo.-de-mexico-ordenado-por-fechaonline-descendente.html-pagina-7.html
https://www.inmuebles24.com/propiedades/clasificado/veclcain-casa-nueva-en-venta-en-aqua-iii-lago-esmeralda-150780517.html,9190000,"MN 9,190,000",MXN,venta,Casa,Residencial Lago Esmeralda,Atizapán de Zaragoza,Edo. de México,183.0,183.0,Publicado desde ayer,2026-08-12T18:01:33Z,2026-08-13T21:02:47.852655+00:00,https://www.inmuebles24.com/casas-o-casa-en-condominio-o-departamentos-en-venta-en-edo.-de-mexico-ordenado-por-fechaonline-descendente.html-pagina-7.html
https://www.inmuebles24.com/propiedades/clasificado/veclcain-propiedad-campestre-en-venta-con-4-239-m-sup2--de-150779896.html,11900000,"MN 11,900,000",MXN,venta,Casa,Ignacio Allende,Huixquilucan,Edo. de México,554.0,4329.0,Publicado desde ayer,2026-08-12T17:38:09Z,2026-08-13T21:02:47.852655+00:00,https://www.inmuebles24.com/casas-o-casa-en-condominio-o-departamentos-en-venta-en-edo.-de-mexico-ordenado-por-fechaonline-descendente.html-pagina-7.html
https://www.inmuebles24.com/propiedades/clasificado/veclcain-trebbiano:-casa-de-3-recamaras-con-recamara-principal-150777437.html,2169000,"MN 2,169,000",MXN,venta,Casa,Ojo de Agua,Tecámac,Edo. de México,132.0,105.0,Publicado desde ayer,2026-08-12T12:39:07Z,2026-08-13T21:02:47.852655+00:00,https://www.inmuebles24.com/casas-o-casa-en-condominio-o-departamentos-en-venta-en-edo.-de-mexico-ordenado-por-fechaonline-descendente.html-pagina-7.html
https://www.inmuebles24.com/propiedades/clasificado/veclcain-venta-casa-en-las-arboledas-atizapan-de-zaragoza-150785558.html,9700000,"MN 9,700,000",MXN,venta,Casa,Las Arboledas,Atizapán de Zaragoza,Edo. de México,436.0,436.0,Publicado desde ayer,2026-08-12T22:21:20Z,2026-08-13T21:02:47.852655+00:00,https://www.inmuebles24.com/casas-o-casa-en-condominio-o-departamentos-en-venta-en-edo.-de-mexico-ordenado-por-fechaonline-descendente.html-pagina-7.html
https://www.inmuebles24.com/propiedades/clasificado/veclcain-venta-casa-en-privada-villa-toscana-villas-del-campo-150790127.html,2780000,"MN 2,780,000",MXN,venta,Casa,Villas del Campo,Calimaya,Edo. de México,119.0,163.0,Publicado hoy,2026-08-13T09:34:16Z,2026-08-13T21:02:47.852655+00:00,https://www.inmuebles24.com/casas-o-casa-en-condominio-o-departamentos-en-venta-en-edo.-de-mexico-ordenado-por-fechaonline-descendente.html-pagina-7.html
https://www.inmuebles24.com/propiedades/clasificado/veclcain-venta-de-casa-en-izcalli-toluca-sobre-av-paseo-150794234.html,6500000,"MN 6,500,000",MXN,venta,Casa,Izcalli Toluca,Toluca,Edo. de México,216.0,216.0,Publicado hoy,2026-08-13T19:08:37Z,2026-08-13T21:02:47.852655+00:00,https://www.inmuebles24.com/casas-o-casa-en-condominio-o-departamentos-en-venta-en-edo.-de-mexico-ordenado-por-fechaonline-descendente.html-pagina-7.html
https://www.inmuebles24.com/propiedades/clasificado/veclcain-vermentino-plus:-4-recamaras-y-bano-completo-en-planta-150777482.html,2630000,"MN 2,630,000",MXN,venta,Casa,Ojo de Agua,Tecámac,Edo. de México,162.0,105.0,Publicado desde ayer,2026-08-12T13:11Z,2026-08-13T21:02:47.852655+00:00,https://www.inmuebles24.com/casas-o-casa-en-condominio-o-departamentos-en-venta-en-edo.-de-mexico-ordenado-por-fechaonline-descendente.html-pagina-7.html
https://www.inmuebles24.com/propiedades/clasificado/veclccin-casa-en-venta-fraccionamiento-la-virgen-metepec-150778847.html,11500000,"MN 11,500,000",MXN,venta,Casa en condominio,La Virgen,Metepec,Edo. de México,484.0,650.0,Publicado desde ayer,2026-08-12T16:36:03Z,2026-08-13T21:02:47.852655+00:00,https://www.inmuebles24.com/casas-o-casa-en-condominio-o-departamentos-en-venta-en-edo.-de-mexico-ordenado-por-fechaonline-descendente.html-pagina-7.html
https://www.inmuebles24.com/propiedades/clasificado/veclccin-casa-en-venta-metepec-fraccionamiento-casa-del-agua-150778575.html,7100000,"MN 7,100,000",MXN,venta,Casa en condominio,San Salvador Tizatlalli,Metepec,Edo. de México,300.0,225.0,Publicado desde ayer,2026-08-12T16:11:21Z,2026-08-13T21:02:47.852655+00:00,https://www.inmuebles24.com/casas-o-casa-en-condominio-o-departamentos-en-venta-en-edo.-de-mexico-ordenado-por-fechaonline-descendente.html-pagina-7.html
https://www.inmuebles24.com/propiedades/clasificado/veclapin-departamento-de-74-m-sup2--con-3-recamaras-en-venta-en-150784170.html,1600000,"MN 1,600,000",MXN,venta,Apartamento,Los Tejavanes,Tlalnepantla de Baz,Edo. de México,74.0,15.0,Publicado desde ayer,2026-08-12T20:45:45Z,2026-08-13T21:03:54.891943+00:00,https://www.inmuebles24.com/casas-o-casa-en-condominio-o-departamentos-en-venta-en-edo.-de-mexico-ordenado-por-fechaonline-descendente.html-pagina-8.html
https://www.inmuebles24.com/propiedades/clasificado/veclapin-departamento-en-paradise-100-150779219.html,3600000,"MN 3,600,000",MXN,venta,Apartamento,Palo Solo,Huixquilucan,Edo. de México,129.0,129.0,Publicado desde ayer,2026-08-12T16:53:35Z,2026-08-13T21:03:54.891943+00:00,https://www.inmuebles24.com/casas-o-casa-en-condominio-o-departamentos-en-venta-en-edo.-de-mexico-ordenado-por-fechaonline-descendente.html-pagina-8.html
https://www.inmuebles24.com/propiedades/clasificado/veclapin-departamento-en-renta-en-lago-ballen-3-lago-esmeralda-150780674.html,26000,"MN 26,000",MXN,venta,Apartamento,Residencial Lago Esmeralda,Atizapán de Zaragoza,Edo. de México,150.0,150.0,Publicado desde ayer,2026-08-12T18:07:11Z,2026-08-13T21:03:54.891943+00:00,https://www.inmuebles24.com/casas-o-casa-en-condominio-o-departamentos-en-venta-en-edo.-de-mexico-ordenado-por-fechaonline-descendente.html-pagina-8.html
https://www.inmuebles24.com/propiedades/clasificado/veclapin-departamento-en-venta-3-recamaras-san-mateo-150787573.html,5250000,"MN 5,250,000",MXN,venta,Apartamento,San Mateo Tecoloapan,Atizapán de Zaragoza,Edo. de México,120.0,120.0,Publicado desde ayer,2026-08-13T01:44:37Z,2026-08-13T21:03:54.891943+00:00,https://www.inmuebles24.com/casas-o-casa-en-condominio-o-departamentos-en-venta-en-edo.-de-mexico-ordenado-por-fechaonline-descendente.html-pagina-8.html
https://www.inmuebles24.com/propiedades/clasificado/veclapin-departamento-en-venta-a-estrenar-en-jesus-del-monte-150776345.html,6300000,"MN 6,300,000",MXN,venta,Apartamento,Jesús del Monte,Huixquilucan,Edo. de México,170.0,170.0,Publicado desde ayer,2026-08-12T04:18:21Z,2026-08-13T21:03:54.891943+00:00,https://www.inmuebles24.com/casas-o-casa-en-condominio-o-departamentos-en-venta-en-edo.-de-mexico-ordenado-por-fechaonline-descendente.html-pagina-8.html
https://www.inmuebles24.com/propiedades/clasificado/veclapin-departamento-en-venta-en-interlomas-150787322.html,17140000,"MN 17,140,000",MXN,venta,Apartamento,Hacienda de las Palmas,Huixquilucan,Edo. de México,348.0,348.0,Publicado desde ayer,2026-08-13T01:04:21Z,2026-08-13T21:03:54.891943+00:00,https://www.inmuebles24.com/casas-o-casa-en-condominio-o-departamentos-en-venta-en-edo.-de-mexico-ordenado-por-fechaonline-descendente.html-pagina-8.html
https://www.inmuebles24.com/propiedades/clasificado/veclapin-departamento-en-venta-en-lomas-country-club-150776886.html,8000000,"MN 8,000,000",MXN,venta,Apartamento,Lomas Country Club,Huixquilucan,Edo. de México,264.0,264.0,Publicado desde ayer,2026-08-12T04:53:20Z,2026-08-13T21:03:54.891943+00:00,https://www.inmuebles24.com/casas-o-casa-en-condominio-o-departamentos-en-venta-en-edo.-de-mexico-ordenado-por-fechaonline-descendente.html-pagina-8.html
https://www.inmuebles24.com/propiedades/clasificado/veclapin-departamento-en-venta-planta-baja-en-santa-clara-150782938.html,1050000,"MN 1,050,000",MXN,venta,Apartamento,Santa Clara Coatitla,Ecatepec de Morelos,Edo. de México,56.0,56.0,Publicado desde ayer,2026-08-12T19:44:54Z,2026-08-13T21:03:54.891943+00:00,https://www.inmuebles24.com/casas-o-casa-en-condominio-o-departamentos-en-venta-en-edo.-de-mexico-ordenado-por-fechaonline-descendente.html-pagina-8.html
https://www.inmuebles24.com/propiedades/clasificado/veclapin-departamento-penthouse-en-venta-en-interlomas-150779244.html,19400000,"MN 19,400,000",MXN,venta,Apartamento,Bosques de las Palmas,Huixquilucan,Edo. de México,397.0,397.0,Publicado desde ayer,2026-08-12T16:55:54Z,2026-08-13T21:03:54.891943+00:00,https://www.inmuebles24.com/casas-o-casa-en-condominio-o-departamentos-en-venta-en-edo.-de-mexico-ordenado-por-fechaonline-descendente.html-pagina-8.html
https://www.inmuebles24.com/propiedades/clasificado/veclapin-isla-de-agua:-departamento-en-venta-en-jesus-del-monte-150777114.html,10000000,"MN 10,000,000",MXN,venta,Apartamento,Hacienda de las Palmas,Huixquilucan,Edo. de México,277.0,274.0,Publicado desde ayer,2026-08-12T05:58:14Z,2026-08-13T21:03:54.891943+00:00,https://www.inmuebles24.com/casas-o-casa-en-condominio-o-departamentos-en-venta-en-edo.-de-mexico-ordenado-por-fechaonline-descendente.html-pagina-8.html
https://www.inmuebles24.com/propiedades/clasificado/veclapin-ph-en-venta-en-hacienda-de-las-palmas-rg-26-960-150781356.html,11500000,"MN 11,500,000",MXN,venta,Apartamento,Hacienda de las Palmas,Huixquilucan,Edo. de México,522.0,522.0,Publicado desde ayer,2026-08-12T18:47:45Z,2026-08-13T21:05:07.913335+00:00,https://www.inmuebles24.com/casas-o-casa-en-condominio-o-departamentos-en-venta-en-edo.-de-mexico-ordenado-por-fechaonline-descendente.html-pagina-8.html
https://www.inmuebles24.com/propiedades/clasificado/veclapin-venta-de-departamento-en-palo-solo-huixquilucan-150784045.html,4129092,"MN 4,129,092",MXN,venta,Apartamento,Naucalpan de Juárez,Huixquilucan,Edo. de México,108.0,108.0,Publicado desde ayer,2026-08-12T20:33:19Z,2026-08-13T21:05:07.913335+00:00,https://www.inmuebles24.com/casas-o-casa-en-condominio-o-departamentos-en-venta-en-edo.-de-mexico-ordenado-por-fechaonline-descendente.html-pagina-8.html
https://www.inmuebles24.com/propiedades/clasificado/veclapin-venta-de-departamento-residencial-terrazas-palo-150779416.html,4129000,"MN 4,129,000",MXN,venta,Apartamento,Palo Solo,Huixquilucan,Edo. de México,101.0,101.0,Publicado desde ayer,2026-08-12T17:02:01Z,2026-08-13T21:05:07.913335+00:00,https://www.inmuebles24.com/casas-o-casa-en-condominio-o-departamentos-en-venta-en-edo.-de-mexico-ordenado-por-fechaonline-descendente.html-pagina-8.html
https://www.inmuebles24.com/propiedades/clasificado/veclcain-casa-en-condominio-en-venta-en-calimaya-con-amenidades-150787371.html,2410000,"MN 2,410,000",MXN,venta,Casa,Calimaya,Calimaya,Edo. de México,120.0,120.0,Publicado desde ayer,2026-08-13T01:06:16Z,2026-08-13T21:05:07.913335+00:00,https://www.inmuebles24.com/casas-o-casa-en-condominio-o-departamentos-en-venta-en-edo.-de-mexico-ordenado-por-fechaonline-descendente.html-pagina-8.html
https://www.inmuebles24.com/propiedades/clasificado/veclcain-casa-en-venta-en-naucalpan-de-juarez-heroes-de-la-150784304.html,16500000,"MN 16,500,000",MXN,venta,Casa,,Naucalpan de Juárez,Edo. de México,404.0,404.0,Publicado desde ayer,2026-08-12T20:56:40Z,2026-08-13T21:05:07.913335+00:00,https://www.inmuebles24.com/casas-o-casa-en-condominio-o-departamentos-en-venta-en-edo.-de-mexico-ordenado-por-fechaonline-descendente.html-pagina-8.html
https://www.inmuebles24.com/propiedades/clasificado/veclcain-casa-en-venta-en-naucalpan-de-juarez-lomas-de-150784546.html,19200000,"MN 19,200,000",MXN,venta,Casa,Lomas de Tecamachalco,Naucalpan de Juárez,Edo. de México,695.0,695.0,Publicado desde ayer,2026-08-12T21:02:16Z,2026-08-13T21:05:07.913335+00:00,https://www.inmuebles24.com/casas-o-casa-en-condominio-o-departamentos-en-venta-en-edo.-de-mexico-ordenado-por-fechaonline-descendente.html-pagina-8.html
https://www.inmuebles24.com/propiedades/clasificado/veclcain-casa-en-venta-en-san-carlos-metepec-150778838.html,37800000,"MN 37,800,000",MXN,venta,Casa,San Carlos,Metepec,Edo. de México,914.0,1100.0,Publicado desde ayer,2026-08-12T16:34:55Z,2026-08-13T21:05:07.913335+00:00,https://www.inmuebles24.com/casas-o-casa-en-condominio-o-departamentos-en-venta-en-edo.-de-mexico-ordenado-por-fechaonline-descendente.html-pagina-8.html
https://www.inmuebles24.com/propiedades/clasificado/veclcain-casa-en-venta-ojo-de-agua-tecamac-real-del-cid-2-150786694.html,920000,"MN 920,000",MXN,venta,Casa,Real del Cid,Tecámac,Edo. de México,59.0,40.0,Publicado desde ayer,2026-08-12T23:59:53Z,2026-08-13T21:05:07.913335+00:00,https://www.inmuebles24.com/casas-o-casa-en-condominio-o-departamentos-en-venta-en-edo.-de-mexico-ordenado-por-fechaonline-descendente.html-pagina-8.html
https://www.inmuebles24.com/propiedades/clasificado/veclcain-casa-hacienda-del-jardin-tarango-150785683.html,1150000,"MN 1,150,000",MXN,venta,Casa,Coacalco,Coacalco de Berriozábal,Edo. de México,63.0,51.0,Publicado desde ayer,2026-08-12T22:35:17Z,2026-08-13T21:05:07.913335+00:00,https://www.inmuebles24.com/casas-o-casa-en-condominio-o-departamentos-en-venta-en-edo.-de-mexico-ordenado-por-fechaonline-descendente.html-pagina-8.html
https://www.inmuebles24.com/propiedades/clasificado/veclcain-casa-para-remodelar-en-esquina-150785184.html,5490000,"MN 5,490,000",MXN,venta,Casa,Las Alamedas,Atizapán de Zaragoza,Edo. de México,250.0,200.0,Publicado desde ayer,2026-08-12T21:48:42Z,2026-08-13T21:05:07.913335+00:00,https://www.inmuebles24.com/casas-o-casa-en-condominio-o-departamentos-en-venta-en-edo.-de-mexico-ordenado-por-fechaonline-descendente.html-pagina-8.html
https://www.inmuebles24.com/propiedades/clasificado/veclcain-excelente-residencia-en-venta-fraccionamiento-san-150786920.html,9900000,"MN 9,900,000",MXN,venta,Casa,El Nogal,Metepec,Edo. de México,450.0,230.0,Publicado desde ayer,2026-08-13T00:07:51Z,2026-08-13T21:06:12.583757+00:00,https://www.inmuebles24.com/casas-o-casa-en-condominio-o-departamentos-en-venta-en-edo.-de-mexico-ordenado-por-fechaonline-descendente.html-pagina-8.html
https://www.inmuebles24.com/propiedades/clasificado/veclcain-hermosa-casa-en-condado-de-sayavedra-150784240.html,20000000,"MN 20,000,000",MXN,venta,Casa,Condado de Sayavedra,Atizapán de Zaragoza,Edo. de México,445.0,1000.0,Publicado desde ayer,2026-08-12T20:53:52Z,2026-08-13T21:06:12.583757+00:00,https://www.inmuebles24.com/casas-o-casa-en-condominio-o-departamentos-en-venta-en-edo.-de-mexico-ordenado-por-fechaonline-descendente.html-pagina-8.html
https://www.inmuebles24.com/propiedades/clasificado/veclcain-se-vende-casa-cto.-educadores-ciudad-satelite-150193256.html,8900000,"MN 8,900,000",MXN,venta,Casa,Ciudad Satélite,Naucalpan de Juárez,Edo. de México,211.0,203.0,Publicado desde ayer,2026-06-13T03:10:22Z,2026-08-13T21:06:12.583757+00:00,https://www.inmuebles24.com/casas-o-casa-en-condominio-o-departamentos-en-venta-en-edo.-de-mexico-ordenado-por-fechaonline-descendente.html-pagina-8.html
https://www.inmuebles24.com/propiedades/clasificado/veclcain-vendo-casa-de-un-piso-en-fraccionamiento-cerrado-en-150778666.html,8980000,"MN 8,980,000",MXN,venta,Casa,Izcalli del Bosque,Naucalpan de Juárez,Edo. de México,265.0,390.0,Publicado desde ayer,2026-08-12T16:21:51Z,2026-08-13T21:06:12.583757+00:00,https://www.inmuebles24.com/casas-o-casa-en-condominio-o-departamentos-en-venta-en-edo.-de-mexico-ordenado-por-fechaonline-descendente.html-pagina-8.html
https://www.inmuebles24.com/propiedades/clasificado/veclcain-venta-de-casa-con-doble-terreno-en-jardines-de-san-150788072.html,7990000,"MN 7,990,000",MXN,venta,Casa,Jardines de San Mateo,Naucalpan de Juárez,Edo. de México,216.0,432.0,Publicado desde ayer,2026-08-13T02:26:51Z,2026-08-13T21:06:12.583757+00:00,https://www.inmuebles24.com/casas-o-casa-en-condominio-o-departamentos-en-venta-en-edo.-de-mexico-ordenado-por-fechaonline-descendente.html-pagina-8.html
https://www.inmuebles24.com/propiedades/clasificado/veclcain-venta-de-casa-en-atizapan-chiluca-150786582.html,10300000,"MN 10,300,000",MXN,venta,Casa,Chiluca,Atizapán de Zaragoza,Edo. de México,34774.0,227.0,Publicado desde ayer,2026-08-12T23:46:29Z,2026-08-13T21:06:12.583757+00:00,https://www.inmuebles24.com/casas-o-casa-en-condominio-o-departamentos-en-venta-en-edo.-de-mexico-ordenado-por-fechaonline-descendente.html-pagina-8.html
https://www.inmuebles24.com/propiedades/clasificado/veclccin-casa-en-condominio-en-venta-en-lomas-de-tecamachalco-150781172.html,30000000,"MN 30,000,000",MXN,venta,Casa en condominio,Lomas de Tecamachalco,Naucalpan de Juárez,Edo. de México,630.0,630.0,Publicado desde ayer,2026-08-12T18:39:07Z,2026-08-13T21:06:12.583757+00:00,https://www.inmuebles24.com/casas-o-casa-en-condominio-o-departamentos-en-venta-en-edo.-de-mexico-ordenado-por-fechaonline-descendente.html-pagina-8.html
https://www.inmuebles24.com/propiedades/clasificado/veclccin-casa-en-venta-en-real-de-azaleas-150779201.html,4400000,"MN 4,400,000",MXN,venta,Casa en condominio,San Salvador Tizatlalli,Metepec,Edo. de México,204.0,152.0,Publicado desde ayer,2026-08-12T16:51:47Z,2026-08-13T21:06:12.583757+00:00,https://www.inmuebles24.com/casas-o-casa-en-condominio-o-departamentos-en-venta-en-edo.-de-mexico-ordenado-por-fechaonline-descendente.html-pagina-8.html
https://www.inmuebles24.com/propiedades/clasificado/veclccin-casa-en-venta-fracc-las-carmelitas-san-jose-buenavista-150788306.html,1590000,"MN 1,590,000",MXN,venta,Casa en condominio,San José Buenavista,Cuautitlán Izcalli,Edo. de México,73.0,104.0,Publicado desde ayer,2026-08-13T03:11:46Z,2026-08-13T21:06:12.583757+00:00,https://www.inmuebles24.com/casas-o-casa-en-condominio-o-departamentos-en-venta-en-edo.-de-mexico-ordenado-por-fechaonline-descendente.html-pagina-8.html
https://www.inmuebles24.com/propiedades/clasificado/veclccin-venta-de-casa-en-paseo-de-las-palmas-huixquilucan-150785251.html,10500000,"MN 10,500,000",MXN,venta,Casa en condominio,Naucalpan de Juárez,Huixquilucan,Edo. de México,440.0,320.0,Publicado desde ayer,2026-08-12T21:54:43Z,2026-08-13T21:06:12.583757+00:00,https://www.inmuebles24.com/casas-o-casa-en-condominio-o-departamentos-en-venta-en-edo.-de-mexico-ordenado-por-fechaonline-descendente.html-pagina-8.html
https://www.inmuebles24.com/propiedades/clasificado/veclapin-centenario-ii-interlomas-150783958.html,7000000,"MN 7,000,000",MXN,venta,Apartamento,Hacienda de las Palmas,Huixquilucan,Edo. de México,230.0,230.0,Publicado desde ayer,2026-08-12T20:27:20Z,2026-08-13T21:07:18.365813+00:00,https://www.inmuebles24.com/casas-o-casa-en-condominio-o-departamentos-en-venta-en-edo.-de-mexico-ordenado-por-fechaonline-descendente.html-pagina-9.html
https://www.inmuebles24.com/propiedades/clasificado/veclapin-centenario-ii-interlomas-150783961.html,7000000,"MN 7,000,000",MXN,venta,Apartamento,Interlomas,Huixquilucan,Edo. de México,230.0,230.0,Publicado desde ayer,2026-08-12T20:27:35Z,2026-08-13T21:07:18.365813+00:00,https://www.inmuebles24.com/casas-o-casa-en-condominio-o-departamentos-en-venta-en-edo.-de-mexico-ordenado-por-fechaonline-descendente.html-pagina-9.html
https://www.inmuebles24.com/propiedades/clasificado/veclapin-departamento-en-cosmocrat-interlomas-150784234.html,5700000,"MN 5,700,000",MXN,venta,Apartamento,Jesús del Monte,Huixquilucan,Edo. de México,109.0,109.0,Publicado desde ayer,2026-08-12T20:52:51Z,2026-08-13T21:07:18.365813+00:00,https://www.inmuebles24.com/casas-o-casa-en-condominio-o-departamentos-en-venta-en-edo.-de-mexico-ordenado-por-fechaonline-descendente.html-pagina-9.html
https://www.inmuebles24.com/propiedades/clasificado/veclapin-departamento-en-cosmocrat-interlomas-150784237.html,5700000,"MN 5,700,000",MXN,venta,Apartamento,Interlomas,Huixquilucan,Edo. de México,109.0,109.0,Publicado desde ayer,2026-08-12T20:53:01Z,2026-08-13T21:07:18.365813+00:00,https://www.inmuebles24.com/casas-o-casa-en-condominio-o-departamentos-en-venta-en-edo.-de-mexico-ordenado-por-fechaonline-descendente.html-pagina-9.html
https://www.inmuebles24.com/propiedades/clasificado/veclapin-departamento-en-venta-bosque-real-huixquilucan-150777865.html,13000000,"MN 13,000,000",MXN,venta,Apartamento,Bosque Real,Huixquilucan,Edo. de México,207.0,258.0,Publicado desde ayer,2026-08-12T15:04:57Z,2026-08-13T21:07:18.365813+00:00,https://www.inmuebles24.com/casas-o-casa-en-condominio-o-departamentos-en-venta-en-edo.-de-mexico-ordenado-por-fechaonline-descendente.html-pagina-9.html
https://www.inmuebles24.com/propiedades/clasificado/veclapin-departamento-en-venta-cerca-de-bosques-de-las-lomas-150777884.html,9000000,"MN 9,000,000",MXN,venta,Apartamento,El Olivo,Huixquilucan,Edo. de México,200.0,200.0,Publicado desde ayer,2026-08-12T15:07:02Z,2026-08-13T21:07:18.365813+00:00,https://www.inmuebles24.com/casas-o-casa-en-condominio-o-departamentos-en-venta-en-edo.-de-mexico-ordenado-por-fechaonline-descendente.html-pagina-9.html
https://www.inmuebles24.com/propiedades/clasificado/veclapin-departamento-en-venta-en-av-palo-solo-naucalpan-de-150784257.html,4157381,"MN 4,157,381",MXN,venta,Apartamento,Naucalpan de Juárez,Huixquilucan,Edo. de México,108.0,108.0,Publicado desde ayer,2026-08-12T20:54:25Z,2026-08-13T21:07:18.365813+00:00,https://www.inmuebles24.com/casas-o-casa-en-condominio-o-departamentos-en-venta-en-edo.-de-mexico-ordenado-por-fechaonline-descendente.html-pagina-9.html
https://www.inmuebles24.com/propiedades/clasificado/veclapin-departamento-en-venta-en-cdmx-en-interlomas-150782936.html,13000000,"MN 13,000,000",MXN,venta,Apartamento,Interlomas,Huixquilucan,Edo. de México,440.0,440.0,Publicado desde ayer,2026-08-12T19:44:29Z,2026-08-13T21:07:18.365813+00:00,https://www.inmuebles24.com/casas-o-casa-en-condominio-o-departamentos-en-venta-en-edo.-de-mexico-ordenado-por-fechaonline-descendente.html-pagina-9.html
https://www.inmuebles24.com/propiedades/clasificado/veclapin-departamento-en-venta-en-huixquilucan-interlomas-am.-150784300.html,5549587,"MN 5,549,587",MXN,venta,Apartamento,Interlomas,Huixquilucan,Edo. de México,119.0,119.0,Publicado desde ayer,2026-08-12T20:56:40Z,2026-08-13T21:07:18.365813+00:00,https://www.inmuebles24.com/casas-o-casa-en-condominio-o-departamentos-en-venta-en-edo.-de-mexico-ordenado-por-fechaonline-descendente.html-pagina-9.html
https://www.inmuebles24.com/propiedades/clasificado/veclapin-departamento-en-venta-en-interlomas-150787315.html,10300000,"MN 10,300,000",MXN,venta,Apartamento,Hacienda de las Palmas,Huixquilucan,Edo. de México,201.0,201.0,Publicado desde ayer,2026-08-13T01:03:52Z,2026-08-13T21:07:18.365813+00:00,https://www.inmuebles24.com/casas-o-casa-en-condominio-o-departamentos-en-venta-en-edo.-de-mexico-ordenado-por-fechaonline-descendente.html-pagina-9.html
https://www.inmuebles24.com/propiedades/clasificado/veclapin-departamento-en-venta-en-residencial-villa-del-lago-150787194.html,5450000,"MN 5,450,000",MXN,venta,Apartamento,Jesús del Monte,Huixquilucan,Edo. de México,134.0,134.0,Publicado desde ayer,2026-08-13T00:45:01Z,2026-08-13T21:08:31.883293+00:00,https://www.inmuebles24.com/casas-o-casa-en-condominio-o-departamentos-en-venta-en-edo.-de-mexico-ordenado-por-fechaonline-descendente.html-pagina-9.html
https://www.inmuebles24.com/propiedades/clasificado/veclapin-departamentos-nuevos-250-m-sup2--con-3-recamaras-en-150777549.html,9700000,"MN 9,700,000",MXN,venta,Apartamento,Hacienda de las Palmas,Huixquilucan,Edo. de México,250.0,238.0,Publicado desde ayer,2026-08-12T13:44:10Z,2026-08-13T21:08:31.883293+00:00,https://www.inmuebles24.com/casas-o-casa-en-condominio-o-departamentos-en-venta-en-edo.-de-mexico-ordenado-por-fechaonline-descendente.html-pagina-9.html
https://www.inmuebles24.com/propiedades/clasificado/veclapin-estrena-departamento-en-tlalnemex!-nuevo-roof-150781083.html,2950000,"MN 2,950,000",MXN,venta,Apartamento,Tlalnemex,Tlalnepantla de Baz,Edo. de México,88.0,88.0,Publicado desde ayer,2026-08-12T18:34:04Z,2026-08-13T21:08:31.883293+00:00,https://www.inmuebles24.com/casas-o-casa-en-condominio-o-departamentos-en-venta-en-edo.-de-mexico-ordenado-por-fechaonline-descendente.html-pagina-9.html
https://www.inmuebles24.com/propiedades/clasificado/veclapin-nua-interlomas:-departamento-en-venta-en-la-herradura-150777059.html,9890000,"MN 9,890,000",MXN,venta,Apartamento,Bosques de las Palmas,Huixquilucan,Edo. de México,121.0,121.0,Publicado desde ayer,2026-08-12T05:51:08Z,2026-08-13T21:08:31.883293+00:00,https://www.inmuebles24.com/casas-o-casa-en-condominio-o-departamentos-en-venta-en-edo.-de-mexico-ordenado-por-fechaonline-descendente.html-pagina-9.html
https://www.inmuebles24.com/propiedades/clasificado/veclapin-vendo-casa-4-rec.-amplias.-preciosa-vista-cd.-brias-150774180.html,5650000,"MN 5,650,000",MXN,venta,Apartamento,Ciudad Brisa,Naucalpan de Juárez,Edo. de México,251.0,162.0,Publicado desde ayer,2026-08-11T23:17:07Z,2026-08-13T21:08:31.883293+00:00,https://www.inmuebles24.com/casas-o-casa-en-condominio-o-departamentos-en-venta-en-edo.-de-mexico-ordenado-por-fechaonline-descendente.html-pagina-9.html
https://www.inmuebles24.com/propiedades/clasificado/veclcain-casa-en-venta-en-bosques-de-sauces-metepec-150785248.html,5300000,"MN 5,300,000",MXN,venta,Casa,Llano Grande,Metepec,Edo. de México,290.0,214.0,Publicado desde ayer,2026-08-12T21:54:30Z,2026-08-13T21:08:31.883293+00:00,https://www.inmuebles24.com/casas-o-casa-en-condominio-o-departamentos-en-venta-en-edo.-de-mexico-ordenado-por-fechaonline-descendente.html-pagina-9.html
https://www.inmuebles24.com/propiedades/clasificado/veclcain-casa-en-venta-en-huixquilucan-bosques-de-la-herradura-150784287.html,18600000,"MN 18,600,000",MXN,venta,Casa,Bosques de la Herradura,Huixquilucan,Edo. de México,606.0,606.0,Publicado desde ayer,2026-08-12T20:56:39Z,2026-08-13T21:08:31.883293+00:00,https://www.inmuebles24.com/casas-o-casa-en-condominio-o-departamentos-en-venta-en-edo.-de-mexico-ordenado-por-fechaonline-descendente.html-pagina-9.html
https://www.inmuebles24.com/propiedades/clasificado/veclcain-casa-en-venta-en-jardines-de-satelite-naucalpan-de-150787595.html,8350000,"MN 8,350,000",MXN,venta,Casa,Jardines de Satélite,Naucalpan de Juárez,Edo. de México,160.0,160.0,Publicado desde ayer,2026-08-13T01:49:45Z,2026-08-13T21:08:31.883293+00:00,https://www.inmuebles24.com/casas-o-casa-en-condominio-o-departamentos-en-venta-en-edo.-de-mexico-ordenado-por-fechaonline-descendente.html-pagina-9.html
https://www.inmuebles24.com/propiedades/clasificado/veclcain-casa-en-venta-en-metepec-llano-grande-am.-26-2984-150784351.html,6500000,"MN 6,500,000",MXN,venta,Casa,Llano Grande,Metepec,Edo. de México,255.0,255.0,Publicado desde ayer,2026-08-12T20:56:45Z,2026-08-13T21:08:31.883293+00:00,https://www.inmuebles24.com/casas-o-casa-en-condominio-o-departamentos-en-venta-en-edo.-de-mexico-ordenado-por-fechaonline-descendente.html-pagina-9.html
https://www.inmuebles24.com/propiedades/clasificado/veclcain-casa-en-venta-en-tecamac-150772050.html,1250000,"MN 1,250,000",MXN,venta,Casa,10 de Junio,Tecámac,Edo. de México,54.0,39.0,Publicado desde ayer,2026-08-11T19:57:15Z,2026-08-13T21:08:31.883293+00:00,https://www.inmuebles24.com/casas-o-casa-en-condominio-o-departamentos-en-venta-en-edo.-de-mexico-ordenado-por-fechaonline-descendente.html-pagina-9.html
https://www.inmuebles24.com/propiedades/clasificado/veclcain-casa-en-venta-en-tlalnepantla-de-baz-cumbres-del-150784369.html,9000000,"MN 9,000,000",MXN,venta,Casa,Cumbres del Valle,Tlalnepantla de Baz,Edo. de México,225.0,225.0,Publicado desde ayer,2026-08-12T20:56:48Z,2026-08-13T21:09:31.329730+00:00,https://www.inmuebles24.com/casas-o-casa-en-condominio-o-departamentos-en-venta-en-edo.-de-mexico-ordenado-por-fechaonline-descendente.html-pagina-9.html
https://www.inmuebles24.com/propiedades/clasificado/veclcain-casa-en-venta-la-herradura-150786454.html,18900000,"MN 18,900,000",MXN,venta,Casa,,Naucalpan de Juárez,Edo. de México,500.0,1040.0,Publicado desde ayer,2026-08-12T23:37:15Z,2026-08-13T21:09:31.329730+00:00,https://www.inmuebles24.com/casas-o-casa-en-condominio-o-departamentos-en-venta-en-edo.-de-mexico-ordenado-por-fechaonline-descendente.html-pagina-9.html
https://www.inmuebles24.com/propiedades/clasificado/veclcain-casa-en-venta-los-fresnos-naucalan-150780931.html,5700000,"MN 5,700,000",MXN,venta,Casa,Los Fresnos,Naucalpan de Juárez,Edo. de México,234.0,170.0,Publicado desde ayer,2026-08-12T18:25:33Z,2026-08-13T21:09:31.329730+00:00,https://www.inmuebles24.com/casas-o-casa-en-condominio-o-departamentos-en-venta-en-edo.-de-mexico-ordenado-por-fechaonline-descendente.html-pagina-9.html
https://www.inmuebles24.com/propiedades/clasificado/veclcain-casa-en-venta-profopec-poligono-ii-150779956.html,3215000,"MN 3,215,000",MXN,venta,Casa,Profopec,Ecatepec de Morelos,Edo. de México,214.0,173.0,Publicado desde ayer,2026-08-12T17:40:42Z,2026-08-13T21:09:31.329730+00:00,https://www.inmuebles24.com/casas-o-casa-en-condominio-o-departamentos-en-venta-en-edo.-de-mexico-ordenado-por-fechaonline-descendente.html-pagina-9.html
https://www.inmuebles24.com/propiedades/clasificado/veclcain-casa-venta-150785395.html,4900000,"MN 4,900,000",MXN,venta,Casa,Lomas Verdes,Naucalpan de Juárez,Edo. de México,216.0,189.0,Publicado desde ayer,2026-08-12T22:08:31Z,2026-08-13T21:09:31.329730+00:00,https://www.inmuebles24.com/casas-o-casa-en-condominio-o-departamentos-en-venta-en-edo.-de-mexico-ordenado-por-fechaonline-descendente.html-pagina-9.html
https://www.inmuebles24.com/propiedades/clasificado/veclcain-residencia-de-lujo-en-ciudad-satelite-cto.-150193257.html,17900000,"MN 17,900,000",MXN,venta,Casa,Ciudad Satélite,Naucalpan de Juárez,Edo. de México,495.0,700.0,Publicado desde ayer,2026-06-13T03:10:22Z,2026-08-13T21:09:31.329730+00:00,https://www.inmuebles24.com/casas-o-casa-en-condominio-o-departamentos-en-venta-en-edo.-de-mexico-ordenado-por-fechaonline-descendente.html-pagina-9.html
https://www.inmuebles24.com/propiedades/clasificado/veclcain-se-vende-residencia-en-sayavedra-semi-nueva-150784765.html,11280000,"MN 11,280,000",MXN,venta,Casa,Condado de Sayavedra,Atizapán de Zaragoza,Edo. de México,351.0,202.0,Publicado desde ayer,2026-08-12T21:15:45Z,2026-08-13T21:09:31.329730+00:00,https://www.inmuebles24.com/casas-o-casa-en-condominio-o-departamentos-en-venta-en-edo.-de-mexico-ordenado-por-fechaonline-descendente.html-pagina-9.html
https://www.inmuebles24.com/propiedades/clasificado/veclcain-venta-casa-en-venta-en-bosques-de-echegaray-150355529.html,7950000,"MN 7,950,000",MXN,venta,Casa,Bosque de Echegaray,Naucalpan de Juárez,Edo. de México,350.0,402.0,Publicado desde ayer,2026-06-27T03:09:50Z,2026-08-13T21:09:31.329730+00:00,https://www.inmuebles24.com/casas-o-casa-en-condominio-o-departamentos-en-venta-en-edo.-de-mexico-ordenado-por-fechaonline-descendente.html-pagina-9.html
https://www.inmuebles24.com/propiedades/clasificado/veclcain-venta-de-casa-en-chalco-estado-de-mexico-150786156.html,7800000,"MN 7,800,000",MXN,venta,Casa,Chalco de Díaz Covarrubias Centro,Chalco,Edo. de México,580.0,277.0,Publicado desde ayer,2026-08-12T23:12:06Z,2026-08-13T21:09:31.329730+00:00,https://www.inmuebles24.com/casas-o-casa-en-condominio-o-departamentos-en-venta-en-edo.-de-mexico-ordenado-por-fechaonline-descendente.html-pagina-9.html
https://www.inmuebles24.com/propiedades/clasificado/veclccin-venta-de-casa-en-condominio-jardines-de-girasoles-150781211.html,1149471,"MN 1,149,471",MXN,venta,Casa en condominio,,Zumpango,Edo. de México,52.0,60.0,Publicado desde ayer,2026-08-12T18:40:44Z,2026-08-13T21:09:31.329730+00:00,https://www.inmuebles24.com/casas-o-casa-en-condominio-o-departamentos-en-venta-en-edo.-de-mexico-ordenado-por-fechaonline-descendente.html-pagina-9.html
https://www.inmuebles24.com/propiedades/clasificado/veclapin-departamento-amueblado-en-venta-en-av-hacienda-del-150781358.html,9500000,"MN 9,500,000",MXN,venta,Apartamento,Hacienda de las Palmas,Huixquilucan,Edo. de México,236.0,236.0,Publicado desde ayer,2026-08-12T18:47:45Z,2026-08-13T21:10:40.695086+00:00,https://www.inmuebles24.com/casas-o-casa-en-condominio-o-departamentos-en-venta-en-edo.-de-mexico-ordenado-por-fechaonline-descendente.html-pagina-10.html
https://www.inmuebles24.com/propiedades/clasificado/veclapin-departamento-en-cosmocrat-interlomas-150784142.html,5700000,"MN 5,700,000",MXN,venta,Apartamento,Hacienda de las Palmas,Huixquilucan,Edo. de México,109.0,109.0,Publicado desde ayer,2026-08-12T20:43:40Z,2026-08-13T21:10:40.695086+00:00,https://www.inmuebles24.com/casas-o-casa-en-condominio-o-departamentos-en-venta-en-edo.-de-mexico-ordenado-por-fechaonline-descendente.html-pagina-10.html
https://www.inmuebles24.com/propiedades/clasificado/veclapin-departamento-en-jesus-del-monte-150779271.html,11700000,"MN 11,700,000",MXN,venta,Apartamento,Jesús del Monte,Huixquilucan,Edo. de México,260.0,260.0,Publicado desde ayer,2026-08-12T16:58:47Z,2026-08-13T21:10:40.695086+00:00,https://www.inmuebles24.com/casas-o-casa-en-condominio-o-departamentos-en-venta-en-edo.-de-mexico-ordenado-por-fechaonline-descendente.html-pagina-10.html
https://www.inmuebles24.com/propiedades/clasificado/veclapin-departamento-en-venta-amueblado-en-volterra-metepec-150779406.html,5500000,"MN 5,500,000",MXN,venta,Apartamento,Coaxustenco,Metepec,Edo. de México,145.0,145.0,Publicado desde ayer,2026-08-12T17:01:19Z,2026-08-13T21:10:40.695086+00:00,https://www.inmuebles24.com/casas-o-casa-en-condominio-o-departamentos-en-venta-en-edo.-de-mexico-ordenado-por-fechaonline-descendente.html-pagina-10.html
https://www.inmuebles24.com/propiedades/clasificado/veclapin-departamento-en-venta-col.-san-lucas-tepetlalco-150787407.html,4850000,"MN 4,850,000",MXN,venta,Apartamento,San Lucas Tepetlacalco,Tlalnepantla de Baz,Edo. de México,100.0,100.0,Publicado desde ayer,2026-08-13T01:13:53Z,2026-08-13T21:10:40.695086+00:00,https://www.inmuebles24.com/casas-o-casa-en-condominio-o-departamentos-en-venta-en-edo.-de-mexico-ordenado-por-fechaonline-descendente.html-pagina-10.html
https://www.inmuebles24.com/propiedades/clasificado/veclapin-departamento-en-venta-en-huixquilucan-bosque-real-cmb-150778632.html,11201971,"MN 11,201,971",MXN,venta,Apartamento,Bosque Real,Huixquilucan,Edo. de México,187.0,187.0,Publicado desde ayer,2026-08-12T16:18:46Z,2026-08-13T21:10:40.695086+00:00,https://www.inmuebles24.com/casas-o-casa-en-condominio-o-departamentos-en-venta-en-edo.-de-mexico-ordenado-por-fechaonline-descendente.html-pagina-10.html
https://www.inmuebles24.com/propiedades/clasificado/veclapin-departamento-en-venta-en-huixquilucan-hacienda-de-las-150784341.html,10500000,"MN 10,500,000",MXN,venta,Apartamento,Hacienda de las Palmas,Huixquilucan,Edo. de México,522.0,522.0,Publicado desde ayer,2026-08-12T20:56:44Z,2026-08-13T21:10:40.695086+00:00,https://www.inmuebles24.com/casas-o-casa-en-condominio-o-departamentos-en-venta-en-edo.-de-mexico-ordenado-por-fechaonline-descendente.html-pagina-10.html
https://www.inmuebles24.com/propiedades/clasificado/veclapin-departamento-en-venta-residencial-valle-esmeralda-150580896.html,3490000,"MN 3,490,000",MXN,venta,Apartamento,Bosque Esmeralda,Atizapán de Zaragoza,Edo. de México,73.0,73.0,Publicado desde ayer,2026-07-21T03:10:49Z,2026-08-13T21:10:40.695086+00:00,https://www.inmuebles24.com/casas-o-casa-en-condominio-o-departamentos-en-venta-en-edo.-de-mexico-ordenado-por-fechaonline-descendente.html-pagina-10.html
https://www.inmuebles24.com/propiedades/clasificado/veclapin-increibles-ph-s-con-roof-top-privado-en-lomas-de-150781513.html,10600000,"MN 10,600,000",MXN,venta,Apartamento,,Naucalpan de Juárez,Edo. de México,260.0,260.0,Publicado desde ayer,2026-08-12T18:53:58Z,2026-08-13T21:10:40.695086+00:00,https://www.inmuebles24.com/casas-o-casa-en-condominio-o-departamentos-en-venta-en-edo.-de-mexico-ordenado-por-fechaonline-descendente.html-pagina-10.html
https://www.inmuebles24.com/propiedades/clasificado/veclcain-casa-con-4-recamaras-en-venta-en-esfuerzo-nacional-150777904.html,2300000,"MN 2,300,000",MXN,venta,Casa,Esfuerzo Nacional,Ecatepec de Morelos,Edo. de México,200.0,109.0,Publicado desde ayer,2026-08-12T15:09:34Z,2026-08-13T21:10:40.695086+00:00,https://www.inmuebles24.com/casas-o-casa-en-condominio-o-departamentos-en-venta-en-edo.-de-mexico-ordenado-por-fechaonline-descendente.html-pagina-10.html
https://www.inmuebles24.com/propiedades/clasificado/veclcain-casa-en-toluca-150786355.html,10500000,"MN 10,500,000",MXN,venta,Casa,,Toluca,Edo. de México,250.0,250.0,Publicado desde ayer,2026-08-12T23:28:48Z,2026-08-13T21:11:44.004693+00:00,https://www.inmuebles24.com/casas-o-casa-en-condominio-o-departamentos-en-venta-en-edo.-de-mexico-ordenado-por-fechaonline-descendente.html-pagina-10.html
https://www.inmuebles24.com/propiedades/clasificado/veclcain-casa-en-venta-en-el-campanario-150778593.html,8000000,"MN 8,000,000",MXN,venta,Casa,El Campanario,Metepec,Edo. de México,231.0,202.0,Publicado desde ayer,2026-08-12T16:14:19Z,2026-08-13T21:11:44.004693+00:00,https://www.inmuebles24.com/casas-o-casa-en-condominio-o-departamentos-en-venta-en-edo.-de-mexico-ordenado-por-fechaonline-descendente.html-pagina-10.html
https://www.inmuebles24.com/propiedades/clasificado/veclcain-casa-en-venta-en-fracc-los-pastores.-naucalpan-150782080.html,5800000,"MN 5,800,000",MXN,venta,Casa,Los Pastores,Naucalpan de Juárez,Edo. de México,150.0,150.0,Publicado desde ayer,2026-08-12T19:13:08Z,2026-08-13T21:11:44.004693+00:00,https://www.inmuebles24.com/casas-o-casa-en-condominio-o-departamentos-en-venta-en-edo.-de-mexico-ordenado-por-fechaonline-descendente.html-pagina-10.html
https://www.inmuebles24.com/propiedades/clasificado/veclcain-casa-en-venta-en-hda.-de-echegaray-3-recamaras-150787628.html,5790000,"MN 5,790,000",MXN,venta,Casa,Hacienda de Echegaray,Naucalpan de Juárez,Edo. de México,154.0,200.0,Publicado desde ayer,2026-08-13T01:54:16Z,2026-08-13T21:11:44.004693+00:00,https://www.inmuebles24.com/casas-o-casa-en-condominio-o-departamentos-en-venta-en-edo.-de-mexico-ordenado-por-fechaonline-descendente.html-pagina-10.html
https://www.inmuebles24.com/propiedades/clasificado/veclcain-casa-en-venta-en-hda.-de-vallescondido-150778977.html,29990000,"MN 29,990,000",MXN,venta,Casa,,Atizapán de Zaragoza,Edo. de México,516.0,2247.0,Publicado desde ayer,2026-08-12T16:43:06Z,2026-08-13T21:11:44.004693+00:00,https://www.inmuebles24.com/casas-o-casa-en-condominio-o-departamentos-en-venta-en-edo.-de-mexico-ordenado-por-fechaonline-descendente.html-pagina-10.html
https://www.inmuebles24.com/propiedades/clasificado/veclcain-casa-en-venta-en-huixquilucan-la-herradura-am.-26-150784340.html,13950000,"MN 13,950,000",MXN,venta,Casa,La Herradura,Huixquilucan,Edo. de México,450.0,450.0,Publicado desde ayer,2026-08-12T20:56:43Z,2026-08-13T21:11:44.004693+00:00,https://www.inmuebles24.com/casas-o-casa-en-condominio-o-departamentos-en-venta-en-edo.-de-mexico-ordenado-por-fechaonline-descendente.html-pagina-10.html
https://www.inmuebles24.com/propiedades/clasificado/veclcain-casa-en-venta-en-la-asuncion-metepec-estado-de-mexico-150785390.html,24500000,"MN 24,500,000",MXN,venta,Casa,La Asunción,Metepec,Edo. de México,550.0,2040.0,Publicado desde ayer,2026-08-12T22:08:02Z,2026-08-13T21:11:44.004693+00:00,https://www.inmuebles24.com/casas-o-casa-en-condominio-o-departamentos-en-venta-en-edo.-de-mexico-ordenado-por-fechaonline-descendente.html-pagina-10.html
https://www.inmuebles24.com/propiedades/clasificado/veclcain-casa-en-venta-en-san-carlos-150778538.html,15650000,"MN 15,650,000",MXN,venta,Casa,San Carlos,Metepec,Edo. de México,408.0,357.0,Publicado desde ayer,2026-08-12T16:07:59Z,2026-08-13T21:11:44.004693+00:00,https://www.inmuebles24.com/casas-o-casa-en-condominio-o-departamentos-en-venta-en-edo.-de-mexico-ordenado-por-fechaonline-descendente.html-pagina-10.html
https://www.inmuebles24.com/propiedades/clasificado/veclcain-casa-en-venta-en-san-martin-de-las-piramides-150777153.html,6500000,"MN 6,500,000",MXN,venta,Casa,San Martín de las Pirámides,San Martín de las Pirámides,Edo. de México,750.0,384.0,Publicado desde ayer,2026-08-12T06:05:31Z,2026-08-13T21:11:44.004693+00:00,https://www.inmuebles24.com/casas-o-casa-en-condominio-o-departamentos-en-venta-en-edo.-de-mexico-ordenado-por-fechaonline-descendente.html-pagina-10.html
https://www.inmuebles24.com/propiedades/clasificado/veclcain-casa-en-venta-en-vilalba-atizapan-$7-600-000-150782764.html,7600000,"MN 7,600,000",MXN,venta,Casa,El Calvario,Atizapán de Zaragoza,Edo. de México,281.0,180.0,Publicado desde ayer,2026-08-12T19:35:37Z,2026-08-13T21:11:44.004693+00:00,https://www.inmuebles24.com/casas-o-casa-en-condominio-o-departamentos-en-venta-en-edo.-de-mexico-ordenado-por-fechaonline-descendente.html-pagina-10.html
https://www.inmuebles24.com/propiedades/clasificado/veclcain-casa-en-venta-gran-oportunidad-4-150750366.html,10800000,"MN 10,800,000",MXN,venta,Casa,Coaxustenco,Metepec,Edo. de México,479.0,648.0,Publicado desde ayer,2026-08-08T03:11:11Z,2026-08-13T21:12:46.217828+00:00,https://www.inmuebles24.com/casas-o-casa-en-condominio-o-departamentos-en-venta-en-edo.-de-mexico-ordenado-por-fechaonline-descendente.html-pagina-10.html
https://www.inmuebles24.com/propiedades/clasificado/veclcain-casa-en-venta-huilotongo-nopaltepec-estado-de-mexico-150785716.html,4255000,"MN 4,255,000",MXN,venta,Casa,San Felipe Teotitlán Centro,Nopaltepec,Edo. de México,120.0,300.0,Publicado desde ayer,2026-08-12T22:37:21Z,2026-08-13T21:12:46.217828+00:00,https://www.inmuebles24.com/casas-o-casa-en-condominio-o-departamentos-en-venta-en-edo.-de-mexico-ordenado-por-fechaonline-descendente.html-pagina-10.html
https://www.inmuebles24.com/propiedades/clasificado/veclcain-casa-en-venta-miguel-s:-macedo-29-ciudad-satelite-150580897.html,19750000,"MN 19,750,000",MXN,venta,Casa,Ciudad Satélite,Naucalpan de Juárez,Edo. de México,376.0,310.0,Publicado desde ayer,2026-07-21T03:10:49Z,2026-08-13T21:12:46.217828+00:00,https://www.inmuebles24.com/casas-o-casa-en-condominio-o-departamentos-en-venta-en-edo.-de-mexico-ordenado-por-fechaonline-descendente.html-pagina-10.html
https://www.inmuebles24.com/propiedades/clasificado/veclcain-increible-casa-de-un-solo-piso!-amplia-e-iluminada-150780588.html,30500000,"MN 30,500,000",MXN,venta,Casa,Lomas Hipódromo,Naucalpan de Juárez,Edo. de México,470.0,800.0,Publicado desde ayer,2026-08-12T18:02:27Z,2026-08-13T21:12:46.217828+00:00,https://www.inmuebles24.com/casas-o-casa-en-condominio-o-departamentos-en-venta-en-edo.-de-mexico-ordenado-por-fechaonline-descendente.html-pagina-10.html
https://www.inmuebles24.com/propiedades/clasificado/veclcain-mhp-casa-en-venta-en-paseos-del-bosque-naucalpan-de-150778939.html,7700000,"MN 7,700,000",MXN,venta,Casa,Paseos del Bosque,Naucalpan de Juárez,Edo. de México,336.0,314.0,Publicado desde ayer,2026-08-12T16:41:11Z,2026-08-13T21:12:46.217828+00:00,https://www.inmuebles24.com/casas-o-casa-en-condominio-o-departamentos-en-venta-en-edo.-de-mexico-ordenado-por-fechaonline-descendente.html-pagina-10.html
https://www.inmuebles24.com/propiedades/clasificado/veclcain-residencia-en-bosque-real-1-000-m-sup2--de-150781304.html,47000000,"MN 47,000,000",MXN,venta,Casa,Bosque Real,Huixquilucan,Edo. de México,859.0,1502.0,Publicado desde ayer,2026-08-12T18:44:22Z,2026-08-13T21:12:46.217828+00:00,https://www.inmuebles24.com/casas-o-casa-en-condominio-o-departamentos-en-venta-en-edo.-de-mexico-ordenado-por-fechaonline-descendente.html-pagina-10.html
https://www.inmuebles24.com/propiedades/clasificado/veclcain-residencia-en-venta-en-valle-dorado-tlalnepantla-150772012.html,14900000,"MN 14,900,000",MXN,venta,Casa,Valle Dorado,Tlalnepantla de Baz,Edo. de México,502.0,238.0,Publicado desde ayer,2026-08-11T19:55:26Z,2026-08-13T21:12:46.217828+00:00,https://www.inmuebles24.com/casas-o-casa-en-condominio-o-departamentos-en-venta-en-edo.-de-mexico-ordenado-por-fechaonline-descendente.html-pagina-10.html
https://www.inmuebles24.com/propiedades/clasificado/veclcain-se-vende-casa-villa-del-real-baltar-$1-100-000-4-149436813.html,1100000,"MN 1,100,000",MXN,venta,Casa,Villa del Real,Tecámac,Edo. de México,74.0,74.0,Publicado desde ayer,2026-04-02T03:11:51Z,2026-08-13T21:12:46.217828+00:00,https://www.inmuebles24.com/casas-o-casa-en-condominio-o-departamentos-en-venta-en-edo.-de-mexico-ordenado-por-fechaonline-descendente.html-pagina-10.html
https://www.inmuebles24.com/propiedades/clasificado/veclccin-casa-en-venta-aqua-i-lago-esmeralda-atizapan-150782852.html,6680000,"MN 6,680,000",MXN,venta,Casa en condominio,Residencial Lago Esmeralda,Atizapán de Zaragoza,Edo. de México,200.0,120.0,Publicado desde ayer,2026-08-12T19:40:15Z,2026-08-13T21:12:46.217828+00:00,https://www.inmuebles24.com/casas-o-casa-en-condominio-o-departamentos-en-venta-en-edo.-de-mexico-ordenado-por-fechaonline-descendente.html-pagina-10.html
https://www.inmuebles24.com/propiedades/clasificado/veclccin-hacienda-del-bosque-santiaguito-metepec-150785116.html,6300000,"MN 6,300,000",MXN,venta,Casa en condominio,Santiaguito,Metepec,Edo. de México,315.0,315.0,Publicado desde ayer,2026-08-12T21:42:17Z,2026-08-13T21:12:46.217828+00:00,https://www.inmuebles24.com/casas-o-casa-en-condominio-o-departamentos-en-venta-en-edo.-de-mexico-ordenado-por-fechaonline-descendente.html-pagina-10.html
https://www.inmuebles24.com/propiedades/clasificado/veclapin-departamento-en-bosque-real-huixquilucan-150786477.html,12111771,"MN 12,111,771",MXN,venta,Apartamento,Bosque Real,Huixquilucan,Edo. de México,187.0,187.0,Publicado desde ayer,2026-08-12T23:39:19Z,2026-08-13T21:13:54.509812+00:00,https://www.inmuebles24.com/casas-o-casa-en-condominio-o-departamentos-en-venta-en-edo.-de-mexico-ordenado-por-fechaonline-descendente.html-pagina-11.html
https://www.inmuebles24.com/propiedades/clasificado/veclapin-departamento-en-venta-los-alamos-excelente-150786775.html,45000000,"MN 45,000,000",MXN,venta,Apartamento,Los Alamos,Naucalpan de Juárez,Edo. de México,100.0,100.0,Publicado desde ayer,2026-08-13T00:01:06Z,2026-08-13T21:13:54.509812+00:00,https://www.inmuebles24.com/casas-o-casa-en-condominio-o-departamentos-en-venta-en-edo.-de-mexico-ordenado-por-fechaonline-descendente.html-pagina-11.html
https://www.inmuebles24.com/propiedades/clasificado/veclapin-departamento-venta-oportunidad-en-viveros-del-valle-150787594.html,3400000,"MN 3,400,000",MXN,venta,Apartamento,Viveros del Valle,Tlalnepantla de Baz,Edo. de México,105.0,105.0,Publicado desde ayer,2026-08-13T01:48:55Z,2026-08-13T21:13:54.509812+00:00,https://www.inmuebles24.com/casas-o-casa-en-condominio-o-departamentos-en-venta-en-edo.-de-mexico-ordenado-por-fechaonline-descendente.html-pagina-11.html
https://www.inmuebles24.com/propiedades/clasificado/veclapin-excelente-departamento-en-venta-en-los-heroes-san-150784027.html,800000,"MN 800,000",MXN,venta,Apartamento,San Pablo Tecalco,Tecámac,Edo. de México,52.0,52.0,Publicado desde ayer,2026-08-12T20:31:33Z,2026-08-13T21:13:54.509812+00:00,https://www.inmuebles24.com/casas-o-casa-en-condominio-o-departamentos-en-venta-en-edo.-de-mexico-ordenado-por-fechaonline-descendente.html-pagina-11.html
https://www.inmuebles24.com/propiedades/clasificado/veclappa-departamento-en-planta-baja-con-jardin-privado-junto-150785538.html,2290000,"MN 2,290,000",MXN,venta,Apartamento,Bosques del Valle,Coacalco de Berriozábal,Edo. de México,68.0,75.0,Publicado desde ayer,2026-08-12T22:20:06Z,2026-08-13T21:13:54.509812+00:00,https://www.inmuebles24.com/casas-o-casa-en-condominio-o-departamentos-en-venta-en-edo.-de-mexico-ordenado-por-fechaonline-descendente.html-pagina-11.html
https://www.inmuebles24.com/propiedades/clasificado/veclappa-departamento-lomas-de-tecamachalco-150777159.html,6500000,"MN 6,500,000",MXN,venta,Apartamento,Lomas de Tecamachalco,Naucalpan de Juárez,Edo. de México,140.0,140.0,Publicado desde ayer,2026-08-12T06:07:36Z,2026-08-13T21:13:54.509812+00:00,https://www.inmuebles24.com/casas-o-casa-en-condominio-o-departamentos-en-venta-en-edo.-de-mexico-ordenado-por-fechaonline-descendente.html-pagina-11.html
https://www.inmuebles24.com/propiedades/clasificado/veclcain-casa-en-avandaro-150782195.html,13000000,"MN 13,000,000",MXN,venta,Casa,Avandaro,Valle de Bravo,Edo. de México,1262.0,1262.0,Publicado desde ayer,2026-08-12T19:16Z,2026-08-13T21:13:54.509812+00:00,https://www.inmuebles24.com/casas-o-casa-en-condominio-o-departamentos-en-venta-en-edo.-de-mexico-ordenado-por-fechaonline-descendente.html-pagina-11.html
https://www.inmuebles24.com/propiedades/clasificado/veclcain-casa-en-venta-colonia-deportiva-zinacantepec-150787635.html,2100000,"MN 2,100,000",MXN,venta,Casa,Deportiva,Zinacantepec,Edo. de México,100.0,100.0,Publicado desde ayer,2026-08-13T01:56:12Z,2026-08-13T21:13:54.509812+00:00,https://www.inmuebles24.com/casas-o-casa-en-condominio-o-departamentos-en-venta-en-edo.-de-mexico-ordenado-por-fechaonline-descendente.html-pagina-11.html
https://www.inmuebles24.com/propiedades/clasificado/veclcain-casa-en-venta-deun-nivel-en-san-mateo-atenco-150786229.html,4600000,"MN 4,600,000",MXN,venta,Casa,San Francisco,San Mateo Atenco,Edo. de México,223.0,223.0,Publicado desde ayer,2026-08-12T23:18:26Z,2026-08-13T21:13:54.509812+00:00,https://www.inmuebles24.com/casas-o-casa-en-condominio-o-departamentos-en-venta-en-edo.-de-mexico-ordenado-por-fechaonline-descendente.html-pagina-11.html
https://www.inmuebles24.com/propiedades/clasificado/veclcain-casa-en-venta-en-bosque-de-la-herradura-150780927.html,23000000,"MN 23,000,000",MXN,venta,Casa,Bosques de la Herradura,Huixquilucan,Edo. de México,490.0,490.0,Publicado desde ayer,2026-08-12T18:25:13Z,2026-08-13T21:13:54.509812+00:00,https://www.inmuebles24.com/casas-o-casa-en-condominio-o-departamentos-en-venta-en-edo.-de-mexico-ordenado-por-fechaonline-descendente.html-pagina-11.html
https://www.inmuebles24.com/propiedades/clasificado/veclcain-casa-en-venta-en-bosque-de-las-palmas-150780293.html,11000000,"MN 11,000,000",MXN,venta,Casa,Bosques de las Palmas,Huixquilucan,Edo. de México,218.0,218.0,Publicado desde ayer,2026-08-12T17:57:27Z,2026-08-13T21:15:03.400989+00:00,https://www.inmuebles24.com/casas-o-casa-en-condominio-o-departamentos-en-venta-en-edo.-de-mexico-ordenado-por-fechaonline-descendente.html-pagina-11.html
https://www.inmuebles24.com/propiedades/clasificado/veclcain-casa-en-venta-en-fracc.-jacarandas-150783535.html,5250000,"MN 5,250,000",MXN,venta,Casa,Jacarandas,Tlalnepantla de Baz,Edo. de México,186.0,143.0,Publicado desde ayer,2026-08-12T20:09:18Z,2026-08-13T21:15:03.400989+00:00,https://www.inmuebles24.com/casas-o-casa-en-condominio-o-departamentos-en-venta-en-edo.-de-mexico-ordenado-por-fechaonline-descendente.html-pagina-11.html
https://www.inmuebles24.com/propiedades/clasificado/veclcain-casa-en-venta-en-las-margaritas-metepec-150783463.html,2850000,"MN 2,850,000",MXN,venta,Casa,Las Margaritas,Metepec,Edo. de México,71.0,71.0,Publicado desde ayer,2026-08-12T20:05:11Z,2026-08-13T21:15:03.400989+00:00,https://www.inmuebles24.com/casas-o-casa-en-condominio-o-departamentos-en-venta-en-edo.-de-mexico-ordenado-por-fechaonline-descendente.html-pagina-11.html
https://www.inmuebles24.com/propiedades/clasificado/veclcain-casa-en-venta-en-mexicaltzingo-estado-de-mexico-150784157.html,2220000,"MN 2,220,000",MXN,venta,Casa,,Mexicaltzingo,Edo. de México,90.0,90.0,Publicado desde ayer,2026-08-12T20:44:14Z,2026-08-13T21:15:03.400989+00:00,https://www.inmuebles24.com/casas-o-casa-en-condominio-o-departamentos-en-venta-en-edo.-de-mexico-ordenado-por-fechaonline-descendente.html-pagina-11.html
https://www.inmuebles24.com/propiedades/clasificado/veclcain-casa-en-venta-en-toluca-estado-de-mexico-150780034.html,3600000,"MN 3,600,000",MXN,venta,Casa,San Antonio Buenavista,Toluca,Edo. de México,390.0,390.0,Publicado desde ayer,2026-08-12T17:46:30Z,2026-08-13T21:15:03.400989+00:00,https://www.inmuebles24.com/casas-o-casa-en-condominio-o-departamentos-en-venta-en-edo.-de-mexico-ordenado-por-fechaonline-descendente.html-pagina-11.html
https://www.inmuebles24.com/propiedades/clasificado/veclcain-casa-en-venta-ex-rancho-san-dimas-150781919.html,950000,"MN 950,000",MXN,venta,Casa,Ex Rancho San Dimas,San Antonio la Isla,Edo. de México,60.0,60.0,Publicado desde ayer,2026-08-12T19:08:51Z,2026-08-13T21:15:03.400989+00:00,https://www.inmuebles24.com/casas-o-casa-en-condominio-o-departamentos-en-venta-en-edo.-de-mexico-ordenado-por-fechaonline-descendente.html-pagina-11.html
https://www.inmuebles24.com/propiedades/clasificado/veclcain-casa-en-venta-ex-rancho-san-dimas-ampliada-150783530.html,1350000,"MN 1,350,000",MXN,venta,Casa,Ex Rancho San Dimas,San Antonio la Isla,Edo. de México,69.0,69.0,Publicado desde ayer,2026-08-12T20:08:58Z,2026-08-13T21:15:03.400989+00:00,https://www.inmuebles24.com/casas-o-casa-en-condominio-o-departamentos-en-venta-en-edo.-de-mexico-ordenado-por-fechaonline-descendente.html-pagina-11.html
https://www.inmuebles24.com/propiedades/clasificado/veclcain-casa-en-venta-ojo-de-agua-tecamac-privada-paules-2-150786678.html,920000,"MN 920,000",MXN,venta,Casa,Ojo de Agua,Tecámac,Edo. de México,40.0,40.0,Publicado desde ayer,2026-08-12T23:57:58Z,2026-08-13T21:15:03.400989+00:00,https://www.inmuebles24.com/casas-o-casa-en-condominio-o-departamentos-en-venta-en-edo.-de-mexico-ordenado-por-fechaonline-descendente.html-pagina-11.html
https://www.inmuebles24.com/propiedades/clasificado/veclcain-casa-en-venta-real-de-san-jeronimo-con-alberca-150786762.html,5000000,"MN 5,000,000",MXN,venta,Casa,Real de San Jerónimo,Metepec,Edo. de México,100.0,100.0,Publicado desde ayer,2026-08-13T00:00:57Z,2026-08-13T21:15:03.400989+00:00,https://www.inmuebles24.com/casas-o-casa-en-condominio-o-departamentos-en-venta-en-edo.-de-mexico-ordenado-por-fechaonline-descendente.html-pagina-11.html
https://www.inmuebles24.com/propiedades/clasificado/veclcain-casa-en-venta-real-de-san-jeronimo-con-alberca-150786763.html,400000,"USD 400,000",USD,venta,Casa,Real de San Jerónimo,Metepec,Edo. de México,100.0,100.0,Publicado desde ayer,2026-08-13T00:00:58Z,2026-08-13T21:15:03.400989+00:00,https://www.inmuebles24.com/casas-o-casa-en-condominio-o-departamentos-en-venta-en-edo.-de-mexico-ordenado-por-fechaonline-descendente.html-pagina-11.html
https://www.inmuebles24.com/propiedades/clasificado/veclcain-casa-en-venta-san-miguel-totocuitlapilco-metepec-150786632.html,6562000,"MN 6,562,000",MXN,venta,Casa,San Miguel Totocuitlapilco,Metepec,Edo. de México,256.0,256.0,Publicado desde ayer,2026-08-12T23:52:18Z,2026-08-13T21:16:16.995529+00:00,https://www.inmuebles24.com/casas-o-casa-en-condominio-o-departamentos-en-venta-en-edo.-de-mexico-ordenado-por-fechaonline-descendente.html-pagina-11.html
https://www.inmuebles24.com/propiedades/clasificado/veclcain-casa-en-venta-san-miguel-totocuitlapilco-metepec-150786990.html,7650000,"MN 7,650,000",MXN,venta,Casa,San Miguel Totocuitlapilco,Metepec,Edo. de México,233.0,233.0,Publicado desde ayer,2026-08-13T00:16:39Z,2026-08-13T21:16:16.995529+00:00,https://www.inmuebles24.com/casas-o-casa-en-condominio-o-departamentos-en-venta-en-edo.-de-mexico-ordenado-por-fechaonline-descendente.html-pagina-11.html
https://www.inmuebles24.com/propiedades/clasificado/veclcain-casa-seminueva-en-venta-lomas-virreyes-calimaya-150782587.html,5800000,"MN 5,800,000",MXN,venta,Casa,,Calimaya,Edo. de México,233.0,233.0,Publicado desde ayer,2026-08-12T19:29:17Z,2026-08-13T21:16:16.995529+00:00,https://www.inmuebles24.com/casas-o-casa-en-condominio-o-departamentos-en-venta-en-edo.-de-mexico-ordenado-por-fechaonline-descendente.html-pagina-11.html
https://www.inmuebles24.com/propiedades/clasificado/veclcain-venta-de-casa-duplex-valle-de-aragon-150787197.html,1581000,"MN 1,581,000",MXN,venta,Casa,Valle de Aragón,Nezahualcóyotl,Edo. de México,68.0,68.0,Publicado desde ayer,2026-08-13T00:45:37Z,2026-08-13T21:16:16.995529+00:00,https://www.inmuebles24.com/casas-o-casa-en-condominio-o-departamentos-en-venta-en-edo.-de-mexico-ordenado-por-fechaonline-descendente.html-pagina-11.html
https://www.inmuebles24.com/propiedades/clasificado/veclcapa-casa-en-venta-en-jardines-de-san-mateo-naucalpan-150787277.html,7300000,"MN 7,300,000",MXN,venta,Casa,Jardines de San Mateo,Naucalpan de Juárez,Edo. de México,237.0,,Publicado desde ayer,2026-08-13T00:56:58Z,2026-08-13T21:16:16.995529+00:00,https://www.inmuebles24.com/casas-o-casa-en-condominio-o-departamentos-en-venta-en-edo.-de-mexico-ordenado-por-fechaonline-descendente.html-pagina-11.html
https://www.inmuebles24.com/propiedades/clasificado/veclcapa-casa-nueva-con-excelentes-acabados-en-calle-octavio-150781433.html,4464000,"MN 4,464,000",MXN,venta,Casa,Tenango de Arista,Tenango del Valle,Edo. de México,288.0,216.0,Publicado desde ayer,2026-08-12T18:50:05Z,2026-08-13T21:16:16.995529+00:00,https://www.inmuebles24.com/casas-o-casa-en-condominio-o-departamentos-en-venta-en-edo.-de-mexico-ordenado-por-fechaonline-descendente.html-pagina-11.html
https://www.inmuebles24.com/propiedades/clasificado/veclccin-casa-venta-en-lomas-de-tecamachalco-150787044.html,15200000,"MN 15,200,000",MXN,venta,Casa en condominio,Lomas de Tecamachalco,Naucalpan de Juárez,Edo. de México,400.0,180.0,Publicado desde ayer,2026-08-13T00:23:57Z,2026-08-13T21:16:16.995529+00:00,https://www.inmuebles24.com/casas-o-casa-en-condominio-o-departamentos-en-venta-en-edo.-de-mexico-ordenado-por-fechaonline-descendente.html-pagina-11.html
https://www.inmuebles24.com/propiedades/clasificado/veclccin-increible-residencia-a-unos-pasos-del-colegio-sierra-150783534.html,10700000,"MN 10,700,000",MXN,venta,Casa en condominio,San Mateo Nopala Zona Sur,Naucalpan de Juárez,Edo. de México,625.0,185.0,Publicado desde ayer,2026-08-12T20:09:17Z,2026-08-13T21:16:16.995529+00:00,https://www.inmuebles24.com/casas-o-casa-en-condominio-o-departamentos-en-venta-en-edo.-de-mexico-ordenado-por-fechaonline-descendente.html-pagina-11.html
https://www.inmuebles24.com/propiedades/clasificado/veclccin-porvenir-lerma-casa-en-renta-150779691.html,1200000,"MN 1,200,000",MXN,venta,Casa en condominio,,Lerma,Edo. de México,80.0,80.0,Publicado desde ayer,2026-08-12T17:21:30Z,2026-08-13T21:16:16.995529+00:00,https://www.inmuebles24.com/casas-o-casa-en-condominio-o-departamentos-en-venta-en-edo.-de-mexico-ordenado-por-fechaonline-descendente.html-pagina-11.html
https://www.inmuebles24.com/propiedades/clasificado/veclccpa-hermosa-casa-con-2-lugares-de-estacionamiento-y-areas-150788103.html,2650000,"MN 2,650,000",MXN,venta,Casa en condominio,San Pedro Totoltepec,Toluca,Edo. de México,96.0,105.0,Publicado desde ayer,2026-08-13T02:34:01Z,2026-08-13T21:16:16.995529+00:00,https://www.inmuebles24.com/casas-o-casa-en-condominio-o-departamentos-en-venta-en-edo.-de-mexico-ordenado-por-fechaonline-descendente.html-pagina-11.html
https://www.inmuebles24.com/propiedades/clasificado/veclapin-departamento-ayotla-150786710.html,1,USD 1,USD,venta,Apartamento,Ayotla,Ixtapaluca,Edo. de México,,,Publicado desde ayer,2026-08-13T00:00:24Z,2026-08-13T21:17:17.543477+00:00,https://www.inmuebles24.com/casas-o-casa-en-condominio-o-departamentos-en-venta-en-edo.-de-mexico-ordenado-por-fechaonline-descendente.html-pagina-12.html
https://www.inmuebles24.com/propiedades/clasificado/veclapin-departamento-en-aurea-garden-en-2-pisos-150765615.html,28000000,"MN 28,000,000",MXN,venta,Apartamento,Jesús del Monte,Huixquilucan,Edo. de México,316.0,316.0,Publicado hace 2 días,2026-08-11T04:01:15Z,2026-08-13T21:17:17.543477+00:00,https://www.inmuebles24.com/casas-o-casa-en-condominio-o-departamentos-en-venta-en-edo.-de-mexico-ordenado-por-fechaonline-descendente.html-pagina-12.html
https://www.inmuebles24.com/propiedades/clasificado/veclapin-departamento-en-renta-bosque-real-150780326.html,5590000,"MN 5,590,000",MXN,venta,Apartamento,Bosque Real,Huixquilucan,Edo. de México,100.0,100.0,Publicado desde ayer,2026-08-12T17:57:30Z,2026-08-13T21:17:17.543477+00:00,https://www.inmuebles24.com/casas-o-casa-en-condominio-o-departamentos-en-venta-en-edo.-de-mexico-ordenado-por-fechaonline-descendente.html-pagina-12.html
https://www.inmuebles24.com/propiedades/clasificado/veclapin-departamento-en-renta-y-venta-en-lomas-de-las-palmas-150772393.html,5800000,"MN 5,800,000",MXN,venta,Apartamento,Interlomas,Huixquilucan,Edo. de México,160.0,160.0,Publicado hace 2 días,2026-08-11T20:32Z,2026-08-13T21:17:17.543477+00:00,https://www.inmuebles24.com/casas-o-casa-en-condominio-o-departamentos-en-venta-en-edo.-de-mexico-ordenado-por-fechaonline-descendente.html-pagina-12.html
https://www.inmuebles24.com/propiedades/clasificado/veclapin-departamento-en-venta-en-bosque-real-huixquilucan-jl-150767767.html,8959419,"MN 8,959,419",MXN,venta,Apartamento,Bosque Real,Huixquilucan,Edo. de México,146.0,146.0,Publicado hace 2 días,2026-08-11T10:17:18Z,2026-08-13T21:17:17.543477+00:00,https://www.inmuebles24.com/casas-o-casa-en-condominio-o-departamentos-en-venta-en-edo.-de-mexico-ordenado-por-fechaonline-descendente.html-pagina-12.html
https://www.inmuebles24.com/propiedades/clasificado/veclapin-departamento-en-venta-en-fuente-de-las-lomas-150774697.html,18500000,"MN 18,500,000",MXN,venta,Apartamento,Hacienda de las Palmas,Huixquilucan,Edo. de México,356.0,356.0,Publicado hace 2 días,2026-08-12T00:00:16Z,2026-08-13T21:17:17.543477+00:00,https://www.inmuebles24.com/casas-o-casa-en-condominio-o-departamentos-en-venta-en-edo.-de-mexico-ordenado-por-fechaonline-descendente.html-pagina-12.html
https://www.inmuebles24.com/propiedades/clasificado/veclapin-departamento-en-venta-en-hacienda-del-ciervo-150775034.html,7900000,"MN 7,900,000",MXN,venta,Apartamento,Hacienda de las Palmas,Huixquilucan,Edo. de México,250.0,250.0,Publicado hace 2 días,2026-08-12T00:36:24Z,2026-08-13T21:17:17.543477+00:00,https://www.inmuebles24.com/casas-o-casa-en-condominio-o-departamentos-en-venta-en-edo.-de-mexico-ordenado-por-fechaonline-descendente.html-pagina-12.html
https://www.inmuebles24.com/propiedades/clasificado/veclapin-departamento-en-venta-los-alamos-excelente-150786773.html,567894,"USD 567,894",USD,venta,Apartamento,Los Alamos,Naucalpan de Juárez,Edo. de México,100.0,100.0,Publicado desde ayer,2026-08-13T00:01:05Z,2026-08-13T21:17:17.543477+00:00,https://www.inmuebles24.com/casas-o-casa-en-condominio-o-departamentos-en-venta-en-edo.-de-mexico-ordenado-por-fechaonline-descendente.html-pagina-12.html
https://www.inmuebles24.com/propiedades/clasificado/veclapin-ph-en-venta-lomas-country-club-150780331.html,18000000,"MN 18,000,000",MXN,venta,Apartamento,Lomas Country Club,Huixquilucan,Edo. de México,398.0,398.0,Publicado desde ayer,2026-08-12T17:57:30Z,2026-08-13T21:17:17.543477+00:00,https://www.inmuebles24.com/casas-o-casa-en-condominio-o-departamentos-en-venta-en-edo.-de-mexico-ordenado-por-fechaonline-descendente.html-pagina-12.html
https://www.inmuebles24.com/propiedades/clasificado/veclapin-vendo-amplio-departamento-en-bosque-real-150767999.html,11201976,"MN 11,201,976",MXN,venta,Apartamento,Bosque Real,Huixquilucan,Edo. de México,173.0,187.0,Publicado hace 2 días,2026-08-11T13:50:11Z,2026-08-13T21:17:17.543477+00:00,https://www.inmuebles24.com/casas-o-casa-en-condominio-o-departamentos-en-venta-en-edo.-de-mexico-ordenado-por-fechaonline-descendente.html-pagina-12.html
https://www.inmuebles24.com/propiedades/clasificado/veclapin-venta-de-departamento-central-park-150780310.html,6480000,"MN 6,480,000",MXN,venta,Apartamento,Bosques de las Palmas,Huixquilucan,Edo. de México,152.0,152.0,Publicado desde ayer,2026-08-12T17:57:28Z,2026-08-13T21:18:20.730369+00:00,https://www.inmuebles24.com/casas-o-casa-en-condominio-o-departamentos-en-venta-en-edo.-de-mexico-ordenado-por-fechaonline-descendente.html-pagina-12.html
https://www.inmuebles24.com/propiedades/clasificado/veclcain-casa-en-la-virgen-metepec-150758405.html,5700000,"MN 5,700,000",MXN,venta,Casa,La Virgen,Metepec,Edo. de México,252.0,252.0,Publicado desde ayer,2026-08-10T17:33:14Z,2026-08-13T21:18:20.730369+00:00,https://www.inmuebles24.com/casas-o-casa-en-condominio-o-departamentos-en-venta-en-edo.-de-mexico-ordenado-por-fechaonline-descendente.html-pagina-12.html
https://www.inmuebles24.com/propiedades/clasificado/veclcain-casa-en-misiones-150774562.html,6990000,"MN 6,990,000",MXN,venta,Casa,Misiones,Naucalpan de Juárez,Edo. de México,127.0,127.0,Publicado hace 2 días,2026-08-11T23:46:43Z,2026-08-13T21:18:20.730369+00:00,https://www.inmuebles24.com/casas-o-casa-en-condominio-o-departamentos-en-venta-en-edo.-de-mexico-ordenado-por-fechaonline-descendente.html-pagina-12.html
https://www.inmuebles24.com/propiedades/clasificado/veclcain-casa-en-venta-en-cantaros-3-nicolas-romero-150774560.html,1890000,"MN 1,890,000",MXN,venta,Casa,,Nicolás Romero,Edo. de México,167.0,68.0,Publicado hace 2 días,2026-08-11T23:46:36Z,2026-08-13T21:18:20.730369+00:00,https://www.inmuebles24.com/casas-o-casa-en-condominio-o-departamentos-en-venta-en-edo.-de-mexico-ordenado-por-fechaonline-descendente.html-pagina-12.html
https://www.inmuebles24.com/propiedades/clasificado/veclcain-casa-en-venta-en-club-de-golf-san-carlos-metepec-150786531.html,9000000,"MN 9,000,000",MXN,venta,Casa,San Carlos,Metepec,Edo. de México,290.0,290.0,Publicado desde ayer,2026-08-12T23:42:32Z,2026-08-13T21:18:20.730369+00:00,https://www.inmuebles24.com/casas-o-casa-en-condominio-o-departamentos-en-venta-en-edo.-de-mexico-ordenado-por-fechaonline-descendente.html-pagina-12.html
https://www.inmuebles24.com/propiedades/clasificado/veclcain-casa-en-venta-en-ex-rancho-san-dimas-150785462.html,1400000,"MN 1,400,000",MXN,venta,Casa,Ex Rancho San Dimas,San Antonio la Isla,Edo. de México,61.0,61.0,Publicado desde ayer,2026-08-12T22:13:04Z,2026-08-13T21:18:20.730369+00:00,https://www.inmuebles24.com/casas-o-casa-en-condominio-o-departamentos-en-venta-en-edo.-de-mexico-ordenado-por-fechaonline-descendente.html-pagina-12.html
https://www.inmuebles24.com/propiedades/clasificado/veclcain-casa-en-venta-en-las-alamedas:-amplio-jardin-de-150767932.html,5900000,"MN 5,900,000",MXN,venta,Casa,Las Alamedas,Atizapán de Zaragoza,Edo. de México,230.0,200.0,Publicado hace 2 días,2026-08-11T12:57:34Z,2026-08-13T21:18:20.730369+00:00,https://www.inmuebles24.com/casas-o-casa-en-condominio-o-departamentos-en-venta-en-edo.-de-mexico-ordenado-por-fechaonline-descendente.html-pagina-12.html
https://www.inmuebles24.com/propiedades/clasificado/veclcain-casa-en-venta-recien-remodelada-150781340.html,1300000,"MN 1,300,000",MXN,venta,Casa,Santa Clara,Lerma,Edo. de México,73.0,73.0,Publicado desde ayer,2026-08-12T18:46:25Z,2026-08-13T21:18:20.730369+00:00,https://www.inmuebles24.com/casas-o-casa-en-condominio-o-departamentos-en-venta-en-edo.-de-mexico-ordenado-por-fechaonline-descendente.html-pagina-12.html
https://www.inmuebles24.com/propiedades/clasificado/veclcain-casa-nueva-en-venta-en-san-mateo-atenco-150785876.html,5700000,"MN 5,700,000",MXN,venta,Casa,San Francisco,San Mateo Atenco,Edo. de México,300.0,300.0,Publicado desde ayer,2026-08-12T22:48:51Z,2026-08-13T21:18:20.730369+00:00,https://www.inmuebles24.com/casas-o-casa-en-condominio-o-departamentos-en-venta-en-edo.-de-mexico-ordenado-por-fechaonline-descendente.html-pagina-12.html
https://www.inmuebles24.com/propiedades/clasificado/veclcain-espectacular-casa-en-venta-en-hacienda-de-valle-150776259.html,41000000,"MN 41,000,000",MXN,venta,Casa,Hacienda de Valle Escondido,Atizapán de Zaragoza,Edo. de México,2020.0,2020.0,Publicado hace 2 días,2026-08-12T03:55:22Z,2026-08-13T21:18:20.730369+00:00,https://www.inmuebles24.com/casas-o-casa-en-condominio-o-departamentos-en-venta-en-edo.-de-mexico-ordenado-por-fechaonline-descendente.html-pagina-12.html
https://www.inmuebles24.com/propiedades/clasificado/veclcain-residencia-lista-para-habitar-en-fracc.-privado-150788044.html,7990000,"MN 7,990,000",MXN,venta,Casa,Lomas de Tecamachalco,Naucalpan de Juárez,Edo. de México,280.0,174.0,Publicado desde ayer,2026-08-13T02:20:48Z,2026-08-13T21:19:44.575550+00:00,https://www.inmuebles24.com/casas-o-casa-en-condominio-o-departamentos-en-venta-en-edo.-de-mexico-ordenado-por-fechaonline-descendente.html-pagina-12.html
https://www.inmuebles24.com/propiedades/clasificado/veclcain-towhouse-en-venta-lomas-de-tecamachalco-mp-27-117-150775841.html,19800000,"MN 19,800,000",MXN,venta,Casa,Lomas de Tecamachalco,Naucalpan de Juárez,Edo. de México,2878.0,2878.0,Publicado hace 2 días,2026-08-12T02:38:45Z,2026-08-13T21:19:44.575550+00:00,https://www.inmuebles24.com/casas-o-casa-en-condominio-o-departamentos-en-venta-en-edo.-de-mexico-ordenado-por-fechaonline-descendente.html-pagina-12.html
https://www.inmuebles24.com/propiedades/clasificado/veclcain-venta-casa-ciudad-satelite-naucalpan-estado-de-150774390.html,18500000,"MN 18,500,000",MXN,venta,Casa,Ciudad Satélite,Naucalpan de Juárez,Edo. de México,496.0,707.0,Publicado hace 2 días,2026-08-11T23:31:39Z,2026-08-13T21:19:44.575550+00:00,https://www.inmuebles24.com/casas-o-casa-en-condominio-o-departamentos-en-venta-en-edo.-de-mexico-ordenado-por-fechaonline-descendente.html-pagina-12.html
https://www.inmuebles24.com/propiedades/clasificado/veclcain-venta-de-casa-duplex-valle-de-aragon-150787198.html,1581000,"MN 1,581,000",MXN,venta,Casa,Valle de Aragón,Nezahualcóyotl,Edo. de México,68.0,68.0,Publicado desde ayer,2026-08-13T00:45:52Z,2026-08-13T21:19:44.575550+00:00,https://www.inmuebles24.com/casas-o-casa-en-condominio-o-departamentos-en-venta-en-edo.-de-mexico-ordenado-por-fechaonline-descendente.html-pagina-12.html
https://www.inmuebles24.com/propiedades/clasificado/veclcapa-casa-en-venta-a-un-costado-de-argos-metepec-calle-150778019.html,4300000,"MN 4,300,000",MXN,venta,Casa,Hípico,Metepec,Edo. de México,130.0,90.0,Publicado desde ayer,2026-08-12T15:27:26Z,2026-08-13T21:19:44.575550+00:00,https://www.inmuebles24.com/casas-o-casa-en-condominio-o-departamentos-en-venta-en-edo.-de-mexico-ordenado-por-fechaonline-descendente.html-pagina-12.html
https://www.inmuebles24.com/propiedades/clasificado/veclcapa-casa-en-venta-en-metepec-estado-de-mexico-150788404.html,10500000,"MN 10,500,000",MXN,venta,Casa,La Virgen,Metepec,Edo. de México,454.0,600.0,Publicado desde ayer,2026-08-13T03:24:33Z,2026-08-13T21:19:44.575550+00:00,https://www.inmuebles24.com/casas-o-casa-en-condominio-o-departamentos-en-venta-en-edo.-de-mexico-ordenado-por-fechaonline-descendente.html-pagina-12.html
https://www.inmuebles24.com/propiedades/clasificado/veclcapa-comprar-una-casa-siempre-sera-una-buena-opcion-147832236.html,9200000,"MN 9,200,000",MXN,venta,Casa,La Florida,Naucalpan de Juárez,Edo. de México,292.0,200.0,Publicado desde ayer,2025-10-08T16:42:12Z,2026-08-13T21:19:44.575550+00:00,https://www.inmuebles24.com/casas-o-casa-en-condominio-o-departamentos-en-venta-en-edo.-de-mexico-ordenado-por-fechaonline-descendente.html-pagina-12.html
https://www.inmuebles24.com/propiedades/clasificado/veclcapa-venta-de-casa-en-ecatepec-de-morelos-colonia-150782828.html,990000,"MN 990,000",MXN,venta,Casa,Industrias Tulpetlac,Ecatepec de Morelos,Edo. de México,184.0,120.0,Publicado desde ayer,2026-08-12T19:38:24Z,2026-08-13T21:19:44.575550+00:00,https://www.inmuebles24.com/casas-o-casa-en-condominio-o-departamentos-en-venta-en-edo.-de-mexico-ordenado-por-fechaonline-descendente.html-pagina-12.html
https://www.inmuebles24.com/propiedades/clasificado/veclccin-casa-en-condominio-en-fraccionamiento-residencial-150784918.html,3190000,"MN 3,190,000",MXN,venta,Casa en condominio,,Metepec,Edo. de México,200.0,200.0,Publicado desde ayer,2026-08-12T21:23:24Z,2026-08-13T21:19:44.575550+00:00,https://www.inmuebles24.com/casas-o-casa-en-condominio-o-departamentos-en-venta-en-edo.-de-mexico-ordenado-por-fechaonline-descendente.html-pagina-12.html
https://www.inmuebles24.com/propiedades/clasificado/veclccin-casa-en-venta-fracc.-las-palmas-150785970.html,1570000,"MN 1,570,000",MXN,venta,Casa en condominio,,Toluca,Edo. de México,72.0,72.0,Publicado desde ayer,2026-08-12T22:57:36Z,2026-08-13T21:19:44.575550+00:00,https://www.inmuebles24.com/casas-o-casa-en-condominio-o-departamentos-en-venta-en-edo.-de-mexico-ordenado-por-fechaonline-descendente.html-pagina-12.html
https://www.inmuebles24.com/propiedades/clasificado/veclapin-departamento-amplio-con-terraza-privada-de-275-m-sup2-150770994.html,5800000,"MN 5,800,000",MXN,venta,Apartamento,,Naucalpan de Juárez,Edo. de México,175.0,275.0,Publicado hace 2 días,2026-08-11T19:01:50Z,2026-08-13T21:20:43.106171+00:00,https://www.inmuebles24.com/casas-o-casa-en-condominio-o-departamentos-en-venta-en-edo.-de-mexico-ordenado-por-fechaonline-descendente.html-pagina-13.html
https://www.inmuebles24.com/propiedades/clasificado/veclapin-departamento-en-renta-y-o-venta-en-tecamachalco-150776246.html,12000000,"MN 12,000,000",MXN,venta,Apartamento,Lomas de Tecamachalco Bosques I y II,Huixquilucan,Edo. de México,285.0,285.0,Publicado hace 2 días,2026-08-12T03:50:16Z,2026-08-13T21:20:43.106171+00:00,https://www.inmuebles24.com/casas-o-casa-en-condominio-o-departamentos-en-venta-en-edo.-de-mexico-ordenado-por-fechaonline-descendente.html-pagina-13.html
https://www.inmuebles24.com/propiedades/clasificado/veclapin-departamento-en-venta-en-blue-by-bosque-real-150774974.html,7300000,"MN 7,300,000",MXN,venta,Apartamento,Bosque Real,Huixquilucan,Edo. de México,152.0,152.0,Publicado hace 2 días,2026-08-12T00:28:45Z,2026-08-13T21:20:43.106171+00:00,https://www.inmuebles24.com/casas-o-casa-en-condominio-o-departamentos-en-venta-en-edo.-de-mexico-ordenado-por-fechaonline-descendente.html-pagina-13.html
https://www.inmuebles24.com/propiedades/clasificado/veclapin-departamento-en-venta-en-residencial-parque-norte-150767941.html,3490000,"MN 3,490,000",MXN,venta,Apartamento,,Cuautitlán Izcalli,Edo. de México,88.0,88.0,Publicado hace 2 días,2026-08-11T13:05:35Z,2026-08-13T21:20:43.106171+00:00,https://www.inmuebles24.com/casas-o-casa-en-condominio-o-departamentos-en-venta-en-edo.-de-mexico-ordenado-por-fechaonline-descendente.html-pagina-13.html
https://www.inmuebles24.com/propiedades/clasificado/veclapin-departamento-en-venta-en-villas-fortuna-150773024.html,1900000,"MN 1,900,000",MXN,venta,Apartamento,Villas de la Hacienda,Atizapán de Zaragoza,Edo. de México,80.0,80.0,Publicado hace 2 días,2026-08-11T21:55:37Z,2026-08-13T21:20:43.106171+00:00,https://www.inmuebles24.com/casas-o-casa-en-condominio-o-departamentos-en-venta-en-edo.-de-mexico-ordenado-por-fechaonline-descendente.html-pagina-13.html
https://www.inmuebles24.com/propiedades/clasificado/veclapin-departamento-en-venta-ex-hacienda-del-pedregal-150773612.html,1159000,"MN 1,159,000",MXN,venta,Apartamento,,Atizapán de Zaragoza,Edo. de México,52.0,52.0,Publicado hace 2 días,2026-08-11T22:38:30Z,2026-08-13T21:20:43.106171+00:00,https://www.inmuebles24.com/casas-o-casa-en-condominio-o-departamentos-en-venta-en-edo.-de-mexico-ordenado-por-fechaonline-descendente.html-pagina-13.html
https://www.inmuebles24.com/propiedades/clasificado/veclapin-departamento-garden-en-hacienda-del-ciervo-interlomas-150768813.html,13490,"MN 13,490",MXN,venta,Apartamento,Hacienda de las Palmas,Huixquilucan,Edo. de México,354.0,354.0,Publicado hace 2 días,2026-08-11T16:23:53Z,2026-08-13T21:20:43.106171+00:00,https://www.inmuebles24.com/casas-o-casa-en-condominio-o-departamentos-en-venta-en-edo.-de-mexico-ordenado-por-fechaonline-descendente.html-pagina-13.html
https://www.inmuebles24.com/propiedades/clasificado/veclapin-departamento-venta-barrientos-tlalnepantla-150771074.html,3250000,"MN 3,250,000",MXN,venta,Apartamento,Barrientos,Tlalnepantla de Baz,Edo. de México,110.0,110.0,Publicado hace 2 días,2026-08-11T19:07:22Z,2026-08-13T21:20:43.106171+00:00,https://www.inmuebles24.com/casas-o-casa-en-condominio-o-departamentos-en-venta-en-edo.-de-mexico-ordenado-por-fechaonline-descendente.html-pagina-13.html
https://www.inmuebles24.com/propiedades/clasificado/veclapin-gardenias-departamento-en-venta-av-de-los-bosques-150769076.html,10900000,"MN 10,900,000",MXN,venta,Apartamento,Lomas de Tecamachalco Bosques I y II,Huixquilucan,Edo. de México,315.0,315.0,Publicado hace 2 días,2026-08-11T16:47:40Z,2026-08-13T21:20:43.106171+00:00,https://www.inmuebles24.com/casas-o-casa-en-condominio-o-departamentos-en-venta-en-edo.-de-mexico-ordenado-por-fechaonline-descendente.html-pagina-13.html
https://www.inmuebles24.com/propiedades/clasificado/veclapin-penthouse-en-venta-en-romanza-lomas-country-150772672.html,2400000,"USD 2,400,000",USD,venta,Apartamento,Lomas Country Club,Huixquilucan,Edo. de México,870.0,870.0,Publicado hace 2 días,2026-08-11T21:15:54Z,2026-08-13T21:20:43.106171+00:00,https://www.inmuebles24.com/casas-o-casa-en-condominio-o-departamentos-en-venta-en-edo.-de-mexico-ordenado-por-fechaonline-descendente.html-pagina-13.html
https://www.inmuebles24.com/propiedades/clasificado/veclapin-se-vende-departamento-en-palma-criolla-interlomas-150774127.html,6500000,"MN 6,500,000",MXN,venta,Apartamento,Bosques de las Palmas,Huixquilucan,Edo. de México,214.0,214.0,Publicado hace 2 días,2026-08-11T23:13:49Z,2026-08-13T21:21:49.926397+00:00,https://www.inmuebles24.com/casas-o-casa-en-condominio-o-departamentos-en-venta-en-edo.-de-mexico-ordenado-por-fechaonline-descendente.html-pagina-13.html
https://www.inmuebles24.com/propiedades/clasificado/veclcain-casa-de-200-m-sup2--con-4-recamaras-en-venta-en-heroes-150773299.html,8500000,"MN 8,500,000",MXN,venta,Casa,Heroes de la Revolucion,Naucalpan de Juárez,Edo. de México,371.0,200.0,Publicado hace 2 días,2026-08-11T22:15:58Z,2026-08-13T21:21:49.926397+00:00,https://www.inmuebles24.com/casas-o-casa-en-condominio-o-departamentos-en-venta-en-edo.-de-mexico-ordenado-por-fechaonline-descendente.html-pagina-13.html
https://www.inmuebles24.com/propiedades/clasificado/veclcain-casa-de-campo-con-gran-jardin-de-3-recamaras-150768586.html,4000000,"MN 4,000,000",MXN,venta,Casa,Santa María Mazatla,Jilotzingo,Edo. de México,276.0,2791.0,Publicado hace 2 días,2026-08-11T15:54:14Z,2026-08-13T21:21:49.926397+00:00,https://www.inmuebles24.com/casas-o-casa-en-condominio-o-departamentos-en-venta-en-edo.-de-mexico-ordenado-por-fechaonline-descendente.html-pagina-13.html
https://www.inmuebles24.com/propiedades/clasificado/veclcain-casa-de-un-piso-en-venta-condado-de-sayavedra-150773318.html,8790000,"MN 8,790,000",MXN,venta,Casa,Condado de Sayavedra,Atizapán de Zaragoza,Edo. de México,383.0,636.0,Publicado hace 2 días,2026-08-11T22:16:54Z,2026-08-13T21:21:49.926397+00:00,https://www.inmuebles24.com/casas-o-casa-en-condominio-o-departamentos-en-venta-en-edo.-de-mexico-ordenado-por-fechaonline-descendente.html-pagina-13.html
https://www.inmuebles24.com/propiedades/clasificado/veclcain-casa-en-lomas-de-bellavista-un-arbol-que-vive-dentro-150771861.html,11000000,"MN 11,000,000",MXN,venta,Casa,Lomas de Bellavista,Atizapán de Zaragoza,Edo. de México,256.0,165.0,Publicado hace 2 días,2026-08-11T19:44:56Z,2026-08-13T21:21:49.926397+00:00,https://www.inmuebles24.com/casas-o-casa-en-condominio-o-departamentos-en-venta-en-edo.-de-mexico-ordenado-por-fechaonline-descendente.html-pagina-13.html
https://www.inmuebles24.com/propiedades/clasificado/veclcain-casa-en-venta-bosque-de-los-heroes-tecamac-150773178.html,1650000,"MN 1,650,000",MXN,venta,Casa,Los Héroes Tecámac,Tecámac,Edo. de México,104.0,104.0,Publicado hace 2 días,2026-08-11T22:06:56Z,2026-08-13T21:21:49.926397+00:00,https://www.inmuebles24.com/casas-o-casa-en-condominio-o-departamentos-en-venta-en-edo.-de-mexico-ordenado-por-fechaonline-descendente.html-pagina-13.html
https://www.inmuebles24.com/propiedades/clasificado/veclcain-casa-en-venta-con-jardin-lomas-de-la-herradura-150768860.html,11850000,"MN 11,850,000",MXN,venta,Casa,Lomas de la Herradura,Huixquilucan,Edo. de México,301.0,329.0,Publicado hace 2 días,2026-08-11T16:27:52Z,2026-08-13T21:21:49.926397+00:00,https://www.inmuebles24.com/casas-o-casa-en-condominio-o-departamentos-en-venta-en-edo.-de-mexico-ordenado-por-fechaonline-descendente.html-pagina-13.html
https://www.inmuebles24.com/propiedades/clasificado/veclcain-casa-en-venta-en-aurea-toluca-mod.-sanzio-3-recamaras-150775234.html,2499000,"MN 2,499,000",MXN,venta,Casa,San Mateo Otzacatipan,Toluca,Edo. de México,124.0,90.0,Publicado hace 2 días,2026-08-12T01:02:12Z,2026-08-13T21:21:49.926397+00:00,https://www.inmuebles24.com/casas-o-casa-en-condominio-o-departamentos-en-venta-en-edo.-de-mexico-ordenado-por-fechaonline-descendente.html-pagina-13.html
https://www.inmuebles24.com/propiedades/clasificado/veclcain-casa-en-venta-en-bosque-esmeralda-atizapan-de-zaragoza-150767893.html,13600000,"MN 13,600,000",MXN,venta,Casa,Bosque Esmeralda,Atizapán de Zaragoza,Edo. de México,150.0,150.0,Publicado hace 2 días,2026-08-11T12:30:35Z,2026-08-13T21:21:49.926397+00:00,https://www.inmuebles24.com/casas-o-casa-en-condominio-o-departamentos-en-venta-en-edo.-de-mexico-ordenado-por-fechaonline-descendente.html-pagina-13.html
https://www.inmuebles24.com/propiedades/clasificado/veclcain-casa-en-venta-en-ciudad-satelite-naucalpan-de-juarez-150772318.html,13400000,"MN 13,400,000",MXN,venta,Casa,Ciudad Satélite,Naucalpan de Juárez,Edo. de México,452.0,452.0,Publicado hace 2 días,2026-08-11T20:23:07Z,2026-08-13T21:21:49.926397+00:00,https://www.inmuebles24.com/casas-o-casa-en-condominio-o-departamentos-en-venta-en-edo.-de-mexico-ordenado-por-fechaonline-descendente.html-pagina-13.html
https://www.inmuebles24.com/propiedades/clasificado/veclcain-casa-en-venta-en-la-herradura-150772953.html,14390000,"MN 14,390,000",MXN,venta,Casa,Bosques de la Herradura,Huixquilucan,Edo. de México,525.0,588.0,Publicado hace 2 días,2026-08-11T21:49:43Z,2026-08-13T21:22:56.210571+00:00,https://www.inmuebles24.com/casas-o-casa-en-condominio-o-departamentos-en-venta-en-edo.-de-mexico-ordenado-por-fechaonline-descendente.html-pagina-13.html
https://www.inmuebles24.com/propiedades/clasificado/veclcain-casa-en-venta-en-residencial-lago-esmeralda-150766003.html,10000000,"MN 10,000,000",MXN,venta,Casa,Residencial Lago Esmeralda,Atizapán de Zaragoza,Edo. de México,260.0,160.0,Publicado hace 2 días,2026-08-11T06:14:11Z,2026-08-13T21:22:56.210571+00:00,https://www.inmuebles24.com/casas-o-casa-en-condominio-o-departamentos-en-venta-en-edo.-de-mexico-ordenado-por-fechaonline-descendente.html-pagina-13.html
https://www.inmuebles24.com/propiedades/clasificado/veclcain-casa-en-venta-en-san-francisco-coacalco-edo.-mex-150770630.html,1900000,"MN 1,900,000",MXN,venta,Casa,,Coacalco de Berriozábal,Edo. de México,72.0,51.0,Publicado hace 2 días,2026-08-11T18:34:04Z,2026-08-13T21:22:56.210571+00:00,https://www.inmuebles24.com/casas-o-casa-en-condominio-o-departamentos-en-venta-en-edo.-de-mexico-ordenado-por-fechaonline-descendente.html-pagina-13.html
https://www.inmuebles24.com/propiedades/clasificado/veclcain-en-venta-casa-en-herradura-en-cerrada-con-gran-jardin-150770811.html,19950000,"MN 19,950,000",MXN,venta,Casa,Parques de la Herradura,Huixquilucan,Edo. de México,553.0,960.0,Publicado hace 2 días,2026-08-11T18:47:45Z,2026-08-13T21:22:56.210571+00:00,https://www.inmuebles24.com/casas-o-casa-en-condominio-o-departamentos-en-venta-en-edo.-de-mexico-ordenado-por-fechaonline-descendente.html-pagina-13.html
https://www.inmuebles24.com/propiedades/clasificado/veclcain-se-vende-casa-en-tecamachalco-para-remodelar-o-150770075.html,13500000,"MN 13,500,000",MXN,venta,Casa,Lomas de Tecamachalco,Naucalpan de Juárez,Edo. de México,512.0,240.0,Publicado hace 2 días,2026-08-11T17:53:48Z,2026-08-13T21:22:56.210571+00:00,https://www.inmuebles24.com/casas-o-casa-en-condominio-o-departamentos-en-venta-en-edo.-de-mexico-ordenado-por-fechaonline-descendente.html-pagina-13.html
https://www.inmuebles24.com/propiedades/clasificado/veclcain-se-vende-residencia-de-lujo-en-rancho-san-juan-zona-150770047.html,38250000,"MN 38,250,000",MXN,venta,Casa,Rancho San Juan,Atizapán de Zaragoza,Edo. de México,732.0,1083.0,Publicado hace 2 días,2026-08-11T17:51:47Z,2026-08-13T21:22:56.210571+00:00,https://www.inmuebles24.com/casas-o-casa-en-condominio-o-departamentos-en-venta-en-edo.-de-mexico-ordenado-por-fechaonline-descendente.html-pagina-13.html
https://www.inmuebles24.com/propiedades/clasificado/veclcain-venta-de-casa-en-landeras-de-san-mateo-naucalpan-150769961.html,5900000,"MN 5,900,000",MXN,venta,Casa,Laderas de San Mateo,Naucalpan de Juárez,Edo. de México,170.0,238.0,Publicado hace 2 días,2026-08-11T17:44:39Z,2026-08-13T21:22:56.210571+00:00,https://www.inmuebles24.com/casas-o-casa-en-condominio-o-departamentos-en-venta-en-edo.-de-mexico-ordenado-por-fechaonline-descendente.html-pagina-13.html
https://www.inmuebles24.com/propiedades/clasificado/veclccin-casa-en-herradura-en-cerrada-con-gran-jardin-150770294.html,19950000,"MN 19,950,000",MXN,venta,Casa en condominio,Lomas de la Herradura,Huixquilucan,Edo. de México,555.0,962.0,Publicado hace 2 días,2026-08-11T18:10:58Z,2026-08-13T21:22:56.210571+00:00,https://www.inmuebles24.com/casas-o-casa-en-condominio-o-departamentos-en-venta-en-edo.-de-mexico-ordenado-por-fechaonline-descendente.html-pagina-13.html
https://www.inmuebles24.com/propiedades/clasificado/veclccin-casa-nueva-en-valle-de-las-fuentes-calimaya-150767755.html,4800000,"MN 4,800,000",MXN,venta,Casa en condominio,Calimaya,Calimaya,Edo. de México,221.0,300.0,Publicado hace 2 días,2026-08-11T08:50:49Z,2026-08-13T21:22:56.210571+00:00,https://www.inmuebles24.com/casas-o-casa-en-condominio-o-departamentos-en-venta-en-edo.-de-mexico-ordenado-por-fechaonline-descendente.html-pagina-13.html
https://www.inmuebles24.com/propiedades/clasificado/veclapin-27-301-venta-departamento-realeza-huizquilucan-150770501.html,8959419,"MN 8,959,419",MXN,venta,Apartamento,Bosque Real,Huixquilucan,Edo. de México,137.0,146.0,Publicado hace 2 días,2026-08-11T18:22:40Z,2026-08-13T21:22:56.210571+00:00,https://www.inmuebles24.com/casas-o-casa-en-condominio-o-departamentos-en-venta-en-edo.-de-mexico-ordenado-por-fechaonline-descendente.html-pagina-14.html
https://www.inmuebles24.com/propiedades/clasificado/veclapin-altezza-bosques-i-el-olivo-huixquilucan-150768444.html,21645000,"MN 21,645,000",MXN,venta,Apartamento,El Olivo,Huixquilucan,Edo. de México,304.0,304.0,Publicado hace 2 días,2026-08-11T15:34:13Z,2026-08-13T21:23:58.170514+00:00,https://www.inmuebles24.com/casas-o-casa-en-condominio-o-departamentos-en-venta-en-edo.-de-mexico-ordenado-por-fechaonline-descendente.html-pagina-14.html
https://www.inmuebles24.com/propiedades/clasificado/veclapin-casa-en-venta-bosques-del-valle-cosmopol-150774045.html,2650000,"MN 2,650,000",MXN,venta,Apartamento,Bosques del Valle,Coacalco de Berriozábal,Edo. de México,86.0,86.0,Publicado hace 2 días,2026-08-11T23:07:30Z,2026-08-13T21:23:58.170514+00:00,https://www.inmuebles24.com/casas-o-casa-en-condominio-o-departamentos-en-venta-en-edo.-de-mexico-ordenado-por-fechaonline-descendente.html-pagina-14.html
https://www.inmuebles24.com/propiedades/clasificado/veclapin-departamento-de-88-m-sup2--con-2-recamaras-y-bodega-en-150770476.html,3100000,"MN 3,100,000",MXN,venta,Apartamento,Hacienda del Parque,Cuautitlán Izcalli,Edo. de México,88.0,88.0,Publicado hace 2 días,2026-08-11T18:21:05Z,2026-08-13T21:23:58.170514+00:00,https://www.inmuebles24.com/casas-o-casa-en-condominio-o-departamentos-en-venta-en-edo.-de-mexico-ordenado-por-fechaonline-descendente.html-pagina-14.html
https://www.inmuebles24.com/propiedades/clasificado/veclapin-departamento-en-venta-en-hacienda-de-las-palmas-gis-25-150767838.html,11500870,"MN 11,500,870",MXN,venta,Apartamento,Hacienda de las Palmas,Huixquilucan,Edo. de México,206.0,206.0,Publicado hace 2 días,2026-08-11T11:20Z,2026-08-13T21:23:58.170514+00:00,https://www.inmuebles24.com/casas-o-casa-en-condominio-o-departamentos-en-venta-en-edo.-de-mexico-ordenado-por-fechaonline-descendente.html-pagina-14.html
https://www.inmuebles24.com/propiedades/clasificado/veclapin-departamento-en-venta-interlomas-150772154.html,15200000,"MN 15,200,000",MXN,venta,Apartamento,Lomas Country Club,Huixquilucan,Edo. de México,305.0,305.0,Publicado hace 2 días,2026-08-11T20:07:34Z,2026-08-13T21:23:58.170514+00:00,https://www.inmuebles24.com/casas-o-casa-en-condominio-o-departamentos-en-venta-en-edo.-de-mexico-ordenado-por-fechaonline-descendente.html-pagina-14.html
https://www.inmuebles24.com/propiedades/clasificado/veclapin-departamento-nuevo-rincon-de-la-montana-150772387.html,3580000,"MN 3,580,000",MXN,venta,Apartamento,Rincón de la Montaña,Atizapán de Zaragoza,Edo. de México,100.0,100.0,Publicado hace 2 días,2026-08-11T20:30:53Z,2026-08-13T21:23:58.170514+00:00,https://www.inmuebles24.com/casas-o-casa-en-condominio-o-departamentos-en-venta-en-edo.-de-mexico-ordenado-por-fechaonline-descendente.html-pagina-14.html
https://www.inmuebles24.com/propiedades/clasificado/veclapin-fuente-de-diana-vi-lomas-de-tecamachalco-naucalpan-150768406.html,13000000,"MN 13,000,000",MXN,venta,Apartamento,Lomas de Tecamachalco,Naucalpan de Juárez,Edo. de México,254.0,254.0,Publicado hace 2 días,2026-08-11T15:30:20Z,2026-08-13T21:23:58.170514+00:00,https://www.inmuebles24.com/casas-o-casa-en-condominio-o-departamentos-en-venta-en-edo.-de-mexico-ordenado-por-fechaonline-descendente.html-pagina-14.html
https://www.inmuebles24.com/propiedades/clasificado/veclapin-gardenias-departamento-en-venta-av-de-los-bosques-150769070.html,10900000,"MN 10,900,000",MXN,venta,Apartamento,Lomas de Tecamachalco Bosques I y II,Huixquilucan,Edo. de México,315.0,315.0,Publicado hace 2 días,2026-08-11T16:46:56Z,2026-08-13T21:23:58.170514+00:00,https://www.inmuebles24.com/casas-o-casa-en-condominio-o-departamentos-en-venta-en-edo.-de-mexico-ordenado-por-fechaonline-descendente.html-pagina-14.html
https://www.inmuebles24.com/propiedades/clasificado/veclapin-gardenias-departamento-en-venta-av-de-los-bosques-150769098.html,10900000,"MN 10,900,000",MXN,venta,Apartamento,Lomas de Tecamachalco Bosques I y II,Huixquilucan,Edo. de México,315.0,315.0,Publicado hace 2 días,2026-08-11T16:48:47Z,2026-08-13T21:23:58.170514+00:00,https://www.inmuebles24.com/casas-o-casa-en-condominio-o-departamentos-en-venta-en-edo.-de-mexico-ordenado-por-fechaonline-descendente.html-pagina-14.html
https://www.inmuebles24.com/propiedades/clasificado/veclapin-hacienda-las-golondrinas-vi-hacienda-de-las-palmas-150768380.html,9650000,"MN 9,650,000",MXN,venta,Apartamento,Hacienda de las Palmas,Huixquilucan,Edo. de México,238.0,238.0,Publicado hace 2 días,2026-08-11T15:28:21Z,2026-08-13T21:23:58.170514+00:00,https://www.inmuebles24.com/casas-o-casa-en-condominio-o-departamentos-en-venta-en-edo.-de-mexico-ordenado-por-fechaonline-descendente.html-pagina-14.html
https://www.inmuebles24.com/propiedades/clasificado/veclapin-terra-viure:-departamento-en-venta-en-bosque-esmeralda-150765825.html,13215750,"MN 13,215,750",MXN,venta,Apartamento,Zona Esmeralda,Atizapán de Zaragoza,Edo. de México,,,Publicado hace 2 días,2026-08-11T05:56:20Z,2026-08-13T21:25:09.612175+00:00,https://www.inmuebles24.com/casas-o-casa-en-condominio-o-departamentos-en-venta-en-edo.-de-mexico-ordenado-por-fechaonline-descendente.html-pagina-14.html
https://www.inmuebles24.com/propiedades/clasificado/veclapin-terra-viure:-departamento-en-venta-en-bosque-esmeralda-150765826.html,11859000,"MN 11,859,000",MXN,venta,Apartamento,Zona Esmeralda,Atizapán de Zaragoza,Edo. de México,,,Publicado hace 2 días,2026-08-11T05:56:21Z,2026-08-13T21:25:09.612175+00:00,https://www.inmuebles24.com/casas-o-casa-en-condominio-o-departamentos-en-venta-en-edo.-de-mexico-ordenado-por-fechaonline-descendente.html-pagina-14.html
https://www.inmuebles24.com/propiedades/clasificado/veclapin-terra-viure:-departamento-en-venta-en-bosque-esmeralda-150765827.html,12060000,"MN 12,060,000",MXN,venta,Apartamento,Zona Esmeralda,Atizapán de Zaragoza,Edo. de México,,,Publicado hace 2 días,2026-08-11T05:56:24Z,2026-08-13T21:25:09.612175+00:00,https://www.inmuebles24.com/casas-o-casa-en-condominio-o-departamentos-en-venta-en-edo.-de-mexico-ordenado-por-fechaonline-descendente.html-pagina-14.html
https://www.inmuebles24.com/propiedades/clasificado/veclapin-venta-departamento-interlomas-150771283.html,8000000,"MN 8,000,000",MXN,venta,Apartamento,Bosques de las Palmas,Huixquilucan,Edo. de México,92.0,92.0,Publicado hace 2 días,2026-08-11T19:24:18Z,2026-08-13T21:25:09.612175+00:00,https://www.inmuebles24.com/casas-o-casa-en-condominio-o-departamentos-en-venta-en-edo.-de-mexico-ordenado-por-fechaonline-descendente.html-pagina-14.html
https://www.inmuebles24.com/propiedades/clasificado/veclcain-casa-en-venta-en-ciudad-satelite-150765971.html,11950000,"MN 11,950,000",MXN,venta,Casa,Ciudad Satélite,Naucalpan de Juárez,Edo. de México,370.0,228.0,Publicado hace 2 días,2026-08-11T06:13:43Z,2026-08-13T21:25:09.612175+00:00,https://www.inmuebles24.com/casas-o-casa-en-condominio-o-departamentos-en-venta-en-edo.-de-mexico-ordenado-por-fechaonline-descendente.html-pagina-14.html
https://www.inmuebles24.com/propiedades/clasificado/veclcain-casa-en-venta-en-el-trafico-150773079.html,1100000,"MN 1,100,000",MXN,venta,Casa,El Trafico,Nicolás Romero,Edo. de México,160.0,1200.0,Publicado hace 2 días,2026-08-11T22:01:18Z,2026-08-13T21:25:09.612175+00:00,https://www.inmuebles24.com/casas-o-casa-en-condominio-o-departamentos-en-venta-en-edo.-de-mexico-ordenado-por-fechaonline-descendente.html-pagina-14.html
https://www.inmuebles24.com/propiedades/clasificado/veclcain-casa-en-venta-en-lago-esmeralda-atizapan-de-zaragoza-150767896.html,7800000,"MN 7,800,000",MXN,venta,Casa,Residencial Lago Esmeralda,Atizapán de Zaragoza,Edo. de México,120.0,120.0,Publicado hace 2 días,2026-08-11T12:30:35Z,2026-08-13T21:25:09.612175+00:00,https://www.inmuebles24.com/casas-o-casa-en-condominio-o-departamentos-en-venta-en-edo.-de-mexico-ordenado-por-fechaonline-descendente.html-pagina-14.html
https://www.inmuebles24.com/propiedades/clasificado/veclcain-casa-en-venta-en-lomas-de-san-mateo-naucalpan-mex.-150775452.html,6900000,"MN 6,900,000",MXN,venta,Casa,Lomas de San Mateo,Naucalpan de Juárez,Edo. de México,239.0,260.0,Publicado hace 2 días,2026-08-12T01:35:08Z,2026-08-13T21:25:09.612175+00:00,https://www.inmuebles24.com/casas-o-casa-en-condominio-o-departamentos-en-venta-en-edo.-de-mexico-ordenado-por-fechaonline-descendente.html-pagina-14.html
https://www.inmuebles24.com/propiedades/clasificado/veclcain-casa-en-venta-en-valle-ceylan-150773081.html,5490000,"MN 5,490,000",MXN,venta,Casa,Valle CeylAn,Tlalnepantla de Baz,Edo. de México,280.0,200.0,Publicado hace 2 días,2026-08-11T22:01:32Z,2026-08-13T21:25:09.612175+00:00,https://www.inmuebles24.com/casas-o-casa-en-condominio-o-departamentos-en-venta-en-edo.-de-mexico-ordenado-por-fechaonline-descendente.html-pagina-14.html
https://www.inmuebles24.com/propiedades/clasificado/veclcain-casa-en-venta-lomas-de-atizapan-150769609.html,3600000,"MN 3,600,000",MXN,venta,Casa,Lomas de Atizapán,Atizapán de Zaragoza,Edo. de México,220.0,120.0,Publicado hace 2 días,2026-08-11T17:27:52Z,2026-08-13T21:25:09.612175+00:00,https://www.inmuebles24.com/casas-o-casa-en-condominio-o-departamentos-en-venta-en-edo.-de-mexico-ordenado-por-fechaonline-descendente.html-pagina-14.html
https://www.inmuebles24.com/propiedades/clasificado/veclcain-casa-totalmente-remodelada-en-venta-en-ciudad-satelite-150770448.html,8700000,"MN 8,700,000",MXN,venta,Casa,Ciudad Satélite,Naucalpan de Juárez,Edo. de México,240.0,160.0,Publicado hace 2 días,2026-08-11T18:19:11Z,2026-08-13T21:26:09.639825+00:00,https://www.inmuebles24.com/casas-o-casa-en-condominio-o-departamentos-en-venta-en-edo.-de-mexico-ordenado-por-fechaonline-descendente.html-pagina-14.html
https://www.inmuebles24.com/propiedades/clasificado/veclcain-dominio-inmobiliario-propone-en-venta-casa-en-colonia-150774620.html,1350000,"MN 1,350,000",MXN,venta,Casa,Las Américas,Ecatepec de Morelos,Edo. de México,60.0,68.0,Publicado hace 2 días,2026-08-11T23:52:41Z,2026-08-13T21:26:09.639825+00:00,https://www.inmuebles24.com/casas-o-casa-en-condominio-o-departamentos-en-venta-en-edo.-de-mexico-ordenado-por-fechaonline-descendente.html-pagina-14.html
https://www.inmuebles24.com/propiedades/clasificado/veclcain-dominio-inmobiliario-propone-en-venta-casa-en-colonia-150774775.html,2650000,"MN 2,650,000",MXN,venta,Casa,,Ecatepec de Morelos,Edo. de México,150.0,84.0,Publicado hace 2 días,2026-08-12T00:08:12Z,2026-08-13T21:26:09.639825+00:00,https://www.inmuebles24.com/casas-o-casa-en-condominio-o-departamentos-en-venta-en-edo.-de-mexico-ordenado-por-fechaonline-descendente.html-pagina-14.html
https://www.inmuebles24.com/propiedades/clasificado/veclcain-estrena-en-la-mejor-zona-de-satelite-150773763.html,8700,"MN 8,700",MXN,venta,Casa,Ciudad Satélite,Naucalpan de Juárez,Edo. de México,240.0,160.0,Publicado hace 2 días,2026-08-11T22:46:47Z,2026-08-13T21:26:09.639825+00:00,https://www.inmuebles24.com/casas-o-casa-en-condominio-o-departamentos-en-venta-en-edo.-de-mexico-ordenado-por-fechaonline-descendente.html-pagina-14.html
https://www.inmuebles24.com/propiedades/clasificado/veclcain-residencia-contemporanea-de-lujo-con-vista-jardin-150770938.html,21500000,"MN 21,500,000",MXN,venta,Casa,Condado de Sayavedra,Atizapán de Zaragoza,Edo. de México,600.0,820.0,Publicado hace 2 días,2026-08-11T18:56:42Z,2026-08-13T21:26:09.639825+00:00,https://www.inmuebles24.com/casas-o-casa-en-condominio-o-departamentos-en-venta-en-edo.-de-mexico-ordenado-por-fechaonline-descendente.html-pagina-14.html
https://www.inmuebles24.com/propiedades/clasificado/veclcain-venta-de-casa-en-ciudad-azteca-primera-seccion-150774411.html,1380000,"MN 1,380,000",MXN,venta,Casa,Ciudad Azteca,Ecatepec de Morelos,Edo. de México,112.0,120.0,Publicado hace 2 días,2026-08-11T23:33:53Z,2026-08-13T21:26:09.639825+00:00,https://www.inmuebles24.com/casas-o-casa-en-condominio-o-departamentos-en-venta-en-edo.-de-mexico-ordenado-por-fechaonline-descendente.html-pagina-14.html
https://www.inmuebles24.com/propiedades/clasificado/veclccin-casa-en-condominio-en-venta-en-jardines-de-san-mateo-150765816.html,5440000,"MN 5,440,000",MXN,venta,Casa en condominio,La Joya,Naucalpan de Juárez,Edo. de México,220.0,220.0,Publicado hace 2 días,2026-08-11T05:54:35Z,2026-08-13T21:26:09.639825+00:00,https://www.inmuebles24.com/casas-o-casa-en-condominio-o-departamentos-en-venta-en-edo.-de-mexico-ordenado-por-fechaonline-descendente.html-pagina-14.html
https://www.inmuebles24.com/propiedades/clasificado/veclccin-casa-en-condominio-en-venta-en-lomas-del-sol-150774669.html,13400000,"MN 13,400,000",MXN,venta,Casa en condominio,Lomas del Sol,Huixquilucan,Edo. de México,442.0,212.0,Publicado hace 2 días,2026-08-11T23:57:28Z,2026-08-13T21:26:09.639825+00:00,https://www.inmuebles24.com/casas-o-casa-en-condominio-o-departamentos-en-venta-en-edo.-de-mexico-ordenado-por-fechaonline-descendente.html-pagina-14.html
https://www.inmuebles24.com/propiedades/clasificado/veclccin-casa-en-venta-en-condominio-en-la-herradura-150772899.html,21000000,"MN 21,000,000",MXN,venta,Casa en condominio,Lomas de Tecamachalco,Naucalpan de Juárez,Edo. de México,421.0,520.0,Publicado hace 2 días,2026-08-11T21:46:03Z,2026-08-13T21:26:09.639825+00:00,https://www.inmuebles24.com/casas-o-casa-en-condominio-o-departamentos-en-venta-en-edo.-de-mexico-ordenado-por-fechaonline-descendente.html-pagina-14.html
https://www.inmuebles24.com/propiedades/clasificado/veclapin--oportunidad!-venta-departamento-listo-para-habitar-en-150772080.html,6500000,"MN 6,500,000",MXN,venta,Apartamento,Lomas de Tecamachalco,Naucalpan de Juárez,Edo. de México,140.0,140.0,Publicado hace 2 días,2026-08-11T19:59:23Z,2026-08-13T21:26:09.639825+00:00,https://www.inmuebles24.com/casas-o-casa-en-condominio-o-departamentos-en-venta-en-edo.-de-mexico-ordenado-por-fechaonline-descendente.html-pagina-15.html
https://www.inmuebles24.com/propiedades/clasificado/veclapin-departamento-en-renta-y-o-venta-en-tecamachalco-150772929.html,12000000,"MN 12,000,000",MXN,venta,Apartamento,Lomas de Tecamachalco Bosques I y II,Huixquilucan,Edo. de México,285.0,285.0,Publicado hace 2 días,2026-08-11T21:47:59Z,2026-08-13T21:27:18.552421+00:00,https://www.inmuebles24.com/casas-o-casa-en-condominio-o-departamentos-en-venta-en-edo.-de-mexico-ordenado-por-fechaonline-descendente.html-pagina-15.html
https://www.inmuebles24.com/propiedades/clasificado/veclapin-departamento-en-renta-y-venta-en-lomas-de-las-palmas-150772392.html,5800000,"MN 5,800,000",MXN,venta,Apartamento,Interlomas,Huixquilucan,Edo. de México,160.0,160.0,Publicado hace 2 días,2026-08-11T20:31:43Z,2026-08-13T21:27:18.552421+00:00,https://www.inmuebles24.com/casas-o-casa-en-condominio-o-departamentos-en-venta-en-edo.-de-mexico-ordenado-por-fechaonline-descendente.html-pagina-15.html
https://www.inmuebles24.com/propiedades/clasificado/veclapin-departamento-en-venta-en-las-colonias-150765981.html,3500000,"MN 3,500,000",MXN,venta,Apartamento,Las Colonias,Atizapán de Zaragoza,Edo. de México,125.0,125.0,Publicado hace 2 días,2026-08-11T06:14:04Z,2026-08-13T21:27:18.552421+00:00,https://www.inmuebles24.com/casas-o-casa-en-condominio-o-departamentos-en-venta-en-edo.-de-mexico-ordenado-por-fechaonline-descendente.html-pagina-15.html
https://www.inmuebles24.com/propiedades/clasificado/veclapin-departamento-en-venta-en-lomas-de-tecamachalco-150775245.html,8500000,"MN 8,500,000",MXN,venta,Apartamento,Lomas de Tecamachalco,Naucalpan de Juárez,Edo. de México,224.0,224.0,Publicado hace 2 días,2026-08-12T01:02:55Z,2026-08-13T21:27:18.552421+00:00,https://www.inmuebles24.com/casas-o-casa-en-condominio-o-departamentos-en-venta-en-edo.-de-mexico-ordenado-por-fechaonline-descendente.html-pagina-15.html
https://www.inmuebles24.com/propiedades/clasificado/veclapin-departamento-en-venta-en-valle-de-aragon-150771686.html,1100000,"MN 1,100,000",MXN,venta,Apartamento,Valle de Aragon 1ra Secc,Nezahualcóyotl,Edo. de México,57.0,47.0,Publicado hace 2 días,2026-08-11T19:32:55Z,2026-08-13T21:27:18.552421+00:00,https://www.inmuebles24.com/casas-o-casa-en-condominio-o-departamentos-en-venta-en-edo.-de-mexico-ordenado-por-fechaonline-descendente.html-pagina-15.html
https://www.inmuebles24.com/propiedades/clasificado/veclapin-departamento-en-venta-huixquilucan-150776201.html,19375008,"MN 19,375,008",MXN,venta,Apartamento,Lomas de Tecamachalco Bosques I y II,Huixquilucan,Edo. de México,343.0,343.0,Publicado hace 2 días,2026-08-12T03:41:47Z,2026-08-13T21:27:18.552421+00:00,https://www.inmuebles24.com/casas-o-casa-en-condominio-o-departamentos-en-venta-en-edo.-de-mexico-ordenado-por-fechaonline-descendente.html-pagina-15.html
https://www.inmuebles24.com/propiedades/clasificado/veclapin-estrena-departamento-de-143-m-sup2--con-jardin-150775406.html,7950000,"MN 7,950,000",MXN,venta,Apartamento,San Lucas Tepetlacalco,Tlalnepantla de Baz,Edo. de México,143.0,140.0,Publicado hace 2 días,2026-08-12T01:26:52Z,2026-08-13T21:27:18.552421+00:00,https://www.inmuebles24.com/casas-o-casa-en-condominio-o-departamentos-en-venta-en-edo.-de-mexico-ordenado-por-fechaonline-descendente.html-pagina-15.html
https://www.inmuebles24.com/propiedades/clasificado/veclapin-hda.-de-san-judas-ii-hacienda-de-las-palmas-150768450.html,8950000,"MN 8,950,000",MXN,venta,Apartamento,Hacienda de las Palmas,Huixquilucan,Edo. de México,254.0,254.0,Publicado hace 2 días,2026-08-11T15:34:32Z,2026-08-13T21:27:18.552421+00:00,https://www.inmuebles24.com/casas-o-casa-en-condominio-o-departamentos-en-venta-en-edo.-de-mexico-ordenado-por-fechaonline-descendente.html-pagina-15.html
https://www.inmuebles24.com/propiedades/clasificado/veclapin-increible-departamento-en-venta-en-lomas-country-club-150772263.html,13400000,"MN 13,400,000",MXN,venta,Apartamento,Lomas Country Club,Huixquilucan,Edo. de México,370.0,370.0,Publicado hace 2 días,2026-08-11T20:17:55Z,2026-08-13T21:27:18.552421+00:00,https://www.inmuebles24.com/casas-o-casa-en-condominio-o-departamentos-en-venta-en-edo.-de-mexico-ordenado-por-fechaonline-descendente.html-pagina-15.html
https://www.inmuebles24.com/propiedades/clasificado/veclapin-ph-en-venta-en-residencial-monte-carlo-interlomas-150768933.html,12000000,"MN 12,000,000",MXN,venta,Apartamento,Lomas Country Club,Huixquilucan,Edo. de México,484.0,484.0,Publicado hace 2 días,2026-08-11T16:33:51Z,2026-08-13T21:27:18.552421+00:00,https://www.inmuebles24.com/casas-o-casa-en-condominio-o-departamentos-en-venta-en-edo.-de-mexico-ordenado-por-fechaonline-descendente.html-pagina-15.html
https://www.inmuebles24.com/propiedades/clasificado/veclcain--casa-en-venta-en-lomas-verdes-4ta-seccion-una-150772083.html,4300000,"MN 4,300,000",MXN,venta,Casa,Lomas Verdes 4a Sección,Naucalpan de Juárez,Edo. de México,96.0,128.0,Publicado hace 2 días,2026-08-11T20:00Z,2026-08-13T21:28:23.275548+00:00,https://www.inmuebles24.com/casas-o-casa-en-condominio-o-departamentos-en-venta-en-edo.-de-mexico-ordenado-por-fechaonline-descendente.html-pagina-15.html
https://www.inmuebles24.com/propiedades/clasificado/veclcain-bosques-de-ica:-casa-en-venta-en-bosques-residencial-150765863.html,1948200,"MN 1,948,200",MXN,venta,Casa,Bosques Residencial,Zinacantepec,Edo. de México,65.0,134.0,Publicado hace 2 días,2026-08-11T06:05:13Z,2026-08-13T21:28:23.275548+00:00,https://www.inmuebles24.com/casas-o-casa-en-condominio-o-departamentos-en-venta-en-edo.-de-mexico-ordenado-por-fechaonline-descendente.html-pagina-15.html
https://www.inmuebles24.com/propiedades/clasificado/veclcain-casa-en-venta-ciudad-satelite-naucalpan-de-juarez-150770696.html,8200000,"MN 8,200,000",MXN,venta,Casa,Ciudad Satélite,Naucalpan de Juárez,Edo. de México,240.0,160.0,Publicado hace 2 días,2026-08-11T18:38:56Z,2026-08-13T21:28:23.275548+00:00,https://www.inmuebles24.com/casas-o-casa-en-condominio-o-departamentos-en-venta-en-edo.-de-mexico-ordenado-por-fechaonline-descendente.html-pagina-15.html
https://www.inmuebles24.com/propiedades/clasificado/veclcain-casa-en-venta-en-avandaro-150765908.html,16500000,"MN 16,500,000",MXN,venta,Casa,Avandaro,Valle de Bravo,Edo. de México,480.0,1024.0,Publicado hace 2 días,2026-08-11T06:08:23Z,2026-08-13T21:28:23.275548+00:00,https://www.inmuebles24.com/casas-o-casa-en-condominio-o-departamentos-en-venta-en-edo.-de-mexico-ordenado-por-fechaonline-descendente.html-pagina-15.html
https://www.inmuebles24.com/propiedades/clasificado/veclcain-casa-en-venta-en-hacienda-san-martin-toluca-150768235.html,32000000,"MN 32,000,000",MXN,venta,Casa,San Miguel,Ocoyoacac,Edo. de México,654.0,1079.0,Publicado hace 2 días,2026-08-11T15:08:43Z,2026-08-13T21:28:23.275548+00:00,https://www.inmuebles24.com/casas-o-casa-en-condominio-o-departamentos-en-venta-en-edo.-de-mexico-ordenado-por-fechaonline-descendente.html-pagina-15.html
https://www.inmuebles24.com/propiedades/clasificado/veclcain-casa-en-venta-en-los-alamos-chalco-150776190.html,1047000,"MN 1,047,000",MXN,venta,Casa,Los Alamos,Chalco,Edo. de México,87.0,53.0,Publicado hace 2 días,2026-08-12T03:40Z,2026-08-13T21:28:23.275548+00:00,https://www.inmuebles24.com/casas-o-casa-en-condominio-o-departamentos-en-venta-en-edo.-de-mexico-ordenado-por-fechaonline-descendente.html-pagina-15.html
https://www.inmuebles24.com/propiedades/clasificado/veclcain-casa-en-venta-en-prado-largo-150770885.html,27000000,"MN 27,000,000",MXN,venta,Casa,Zona Esmeralda,Atizapán de Zaragoza,Edo. de México,650.0,770.0,Publicado hace 2 días,2026-08-11T18:53:21Z,2026-08-13T21:28:23.275548+00:00,https://www.inmuebles24.com/casas-o-casa-en-condominio-o-departamentos-en-venta-en-edo.-de-mexico-ordenado-por-fechaonline-descendente.html-pagina-15.html
https://www.inmuebles24.com/propiedades/clasificado/veclcain-casa-en-venta-en-residencial-lago-esmeralda-150766009.html,10300000,"MN 10,300,000",MXN,venta,Casa,Residencial Lago Esmeralda,Atizapán de Zaragoza,Edo. de México,274.0,182.0,Publicado hace 2 días,2026-08-11T06:14:16Z,2026-08-13T21:28:23.275548+00:00,https://www.inmuebles24.com/casas-o-casa-en-condominio-o-departamentos-en-venta-en-edo.-de-mexico-ordenado-por-fechaonline-descendente.html-pagina-15.html
https://www.inmuebles24.com/propiedades/clasificado/veclcain-casa-en-venta-en-valle-de-tules-tultitlan-150774926.html,3550000,"MN 3,550,000",MXN,venta,Casa,Valle de Tules,Tultitlán,Edo. de México,217.0,161.0,Publicado hace 2 días,2026-08-12T00:21:04Z,2026-08-13T21:28:23.275548+00:00,https://www.inmuebles24.com/casas-o-casa-en-condominio-o-departamentos-en-venta-en-edo.-de-mexico-ordenado-por-fechaonline-descendente.html-pagina-15.html
https://www.inmuebles24.com/propiedades/clasificado/veclcain-casa-en-venta-la-altena-ii-lomas-verdes-privada-330-150774688.html,14250000,"MN 14,250,000",MXN,venta,Casa,La Alteña II,Naucalpan de Juárez,Edo. de México,330.0,671.0,Publicado hace 2 días,2026-08-11T23:58:48Z,2026-08-13T21:28:23.275548+00:00,https://www.inmuebles24.com/casas-o-casa-en-condominio-o-departamentos-en-venta-en-edo.-de-mexico-ordenado-por-fechaonline-descendente.html-pagina-15.html
https://www.inmuebles24.com/propiedades/clasificado/veclcain-casa-en-venta-moncayo-bosque-esmeralda-150772511.html,10100000,"MN 10,100,000",MXN,venta,Casa,Bosque Esmeralda,Atizapán de Zaragoza,Edo. de México,332.0,161.0,Publicado hace 2 días,2026-08-11T20:45:18Z,2026-08-13T21:29:26.399359+00:00,https://www.inmuebles24.com/casas-o-casa-en-condominio-o-departamentos-en-venta-en-edo.-de-mexico-ordenado-por-fechaonline-descendente.html-pagina-15.html
https://www.inmuebles24.com/propiedades/clasificado/veclcain-casa-en-venta-tecamac-bosque-de-los-heroes-150773647.html,1650000,"MN 1,650,000",MXN,venta,Casa,Los Héroes Ozumbilla,Tecámac,Edo. de México,104.0,104.0,Publicado hace 2 días,2026-08-11T22:41:57Z,2026-08-13T21:29:26.399359+00:00,https://www.inmuebles24.com/casas-o-casa-en-condominio-o-departamentos-en-venta-en-edo.-de-mexico-ordenado-por-fechaonline-descendente.html-pagina-15.html
https://www.inmuebles24.com/propiedades/clasificado/veclcain-casa-nueva-3-recamaras-en-toluca-fraccionamiento-150775235.html,2699000,"MN 2,699,000",MXN,venta,Casa,San Mateo Otzacatipan,Toluca,Edo. de México,130.0,93.0,Publicado hace 2 días,2026-08-12T01:02:13Z,2026-08-13T21:29:26.399359+00:00,https://www.inmuebles24.com/casas-o-casa-en-condominio-o-departamentos-en-venta-en-edo.-de-mexico-ordenado-por-fechaonline-descendente.html-pagina-15.html
https://www.inmuebles24.com/propiedades/clasificado/veclcain-casas-nuevas-en-venta-en-toluca-fracc.-aurea-secc-150775243.html,5110000,"MN 5,110,000",MXN,venta,Casa,San Mateo Otzacatipan,Toluca,Edo. de México,213.0,144.0,Publicado hace 2 días,2026-08-12T01:02:19Z,2026-08-13T21:29:26.399359+00:00,https://www.inmuebles24.com/casas-o-casa-en-condominio-o-departamentos-en-venta-en-edo.-de-mexico-ordenado-por-fechaonline-descendente.html-pagina-15.html
https://www.inmuebles24.com/propiedades/clasificado/veclcain-en-venta-casa-en-construccion-en-cacalomacan-toluca-150770752.html,9134000,"MN 9,134,000",MXN,venta,Casa,CacalomacAn,Toluca,Edo. de México,689.0,3710.0,Publicado hace 2 días,2026-08-11T18:42:33Z,2026-08-13T21:29:26.399359+00:00,https://www.inmuebles24.com/casas-o-casa-en-condominio-o-departamentos-en-venta-en-edo.-de-mexico-ordenado-por-fechaonline-descendente.html-pagina-15.html
https://www.inmuebles24.com/propiedades/clasificado/veclcain-venta-casa-en-club-de-golf-malinalco-150774644.html,15000000,"MN 15,000,000",MXN,venta,Casa,San SebAstian,Malinalco,Edo. de México,400.0,1000.0,Publicado hace 2 días,2026-08-11T23:54:45Z,2026-08-13T21:29:26.399359+00:00,https://www.inmuebles24.com/casas-o-casa-en-condominio-o-departamentos-en-venta-en-edo.-de-mexico-ordenado-por-fechaonline-descendente.html-pagina-15.html
https://www.inmuebles24.com/propiedades/clasificado/veclcain-venta-casa-mexico-nuevo-atizapan-de-zaragoza-150771689.html,6460000,"MN 6,460,000",MXN,venta,Casa,México Nuevo,Atizapán de Zaragoza,Edo. de México,270.0,309.0,Publicado hace 2 días,2026-08-11T19:33:16Z,2026-08-13T21:29:26.399359+00:00,https://www.inmuebles24.com/casas-o-casa-en-condominio-o-departamentos-en-venta-en-edo.-de-mexico-ordenado-por-fechaonline-descendente.html-pagina-15.html
https://www.inmuebles24.com/propiedades/clasificado/veclcain-venta-de-casa-en-el-club-de-golf-malinalco-150774947.html,22000000,"MN 22,000,000",MXN,venta,Casa,Joquicingo,Joquicingo,Edo. de México,560.0,1060.0,Publicado hace 2 días,2026-08-12T00:23:42Z,2026-08-13T21:29:26.399359+00:00,https://www.inmuebles24.com/casas-o-casa-en-condominio-o-departamentos-en-venta-en-edo.-de-mexico-ordenado-por-fechaonline-descendente.html-pagina-15.html
https://www.inmuebles24.com/propiedades/clasificado/veclccin-casa-nueva-en-toluca-con-amenidades-y-casa-club-150775240.html,3860000,"MN 3,860,000",MXN,venta,Casa en condominio,San Mateo Otzacatipan,Toluca,Edo. de México,159.0,120.0,Publicado hace 2 días,2026-08-12T01:02:15Z,2026-08-13T21:29:26.399359+00:00,https://www.inmuebles24.com/casas-o-casa-en-condominio-o-departamentos-en-venta-en-edo.-de-mexico-ordenado-por-fechaonline-descendente.html-pagina-15.html
https://www.inmuebles24.com/propiedades/clasificado/veclapin-departamento-en-jesus-del-monte-150775318.html,4400000,"MN 4,400,000",MXN,venta,Apartamento,Jesús del Monte,Huixquilucan,Edo. de México,68.0,68.0,Publicado hace 2 días,2026-08-12T01:12:46Z,2026-08-13T21:29:26.399359+00:00,https://www.inmuebles24.com/casas-o-casa-en-condominio-o-departamentos-en-venta-en-edo.-de-mexico-ordenado-por-fechaonline-descendente.html-pagina-16.html
https://www.inmuebles24.com/propiedades/clasificado/veclapin-departamento-en-venta-huixquilucan-bosque-real-gis-26-150767815.html,10284000,"MN 10,284,000",MXN,venta,Apartamento,Bosque Real,Huixquilucan,Edo. de México,135.0,135.0,Publicado hace 2 días,2026-08-11T11:17:22Z,2026-08-13T21:30:34.920623+00:00,https://www.inmuebles24.com/casas-o-casa-en-condominio-o-departamentos-en-venta-en-edo.-de-mexico-ordenado-por-fechaonline-descendente.html-pagina-16.html
https://www.inmuebles24.com/propiedades/clasificado/veclapin-departamento-en-venta-metepec-san-francisco-coaxusco-150765980.html,1750000,"MN 1,750,000",MXN,venta,Apartamento,San Francisco Coaxusco,Metepec,Edo. de México,72.0,72.0,Publicado hace 2 días,2026-08-11T06:14:01Z,2026-08-13T21:30:34.920623+00:00,https://www.inmuebles24.com/casas-o-casa-en-condominio-o-departamentos-en-venta-en-edo.-de-mexico-ordenado-por-fechaonline-descendente.html-pagina-16.html
https://www.inmuebles24.com/propiedades/clasificado/veclapin-depto-$5-750-000-parque-satelite.-olivo-604-150775470.html,5750000,"MN 5,750,000",MXN,venta,Apartamento,Xocoyahualco,Tlalnepantla de Baz,Edo. de México,,,Publicado hace 2 días,2026-08-12T01:37:55Z,2026-08-13T21:30:34.920623+00:00,https://www.inmuebles24.com/casas-o-casa-en-condominio-o-departamentos-en-venta-en-edo.-de-mexico-ordenado-por-fechaonline-descendente.html-pagina-16.html
https://www.inmuebles24.com/propiedades/clasificado/veclapin-venta-funcional-departamento-150772133.html,3300000,"MN 3,300,000",MXN,venta,Apartamento,Jesús del Monte,Huixquilucan,Edo. de México,126.0,126.0,Publicado hace 2 días,2026-08-11T20:05:45Z,2026-08-13T21:30:34.920623+00:00,https://www.inmuebles24.com/casas-o-casa-en-condominio-o-departamentos-en-venta-en-edo.-de-mexico-ordenado-por-fechaonline-descendente.html-pagina-16.html
https://www.inmuebles24.com/propiedades/clasificado/veclappa-departamento-en-venta-con-roof-garden-en-atizapan-150768807.html,3900000,"MN 3,900,000",MXN,venta,Apartamento,San Mateo Tecoloapan,Atizapán de Zaragoza,Edo. de México,110.0,200.0,Publicado hace 2 días,2026-08-11T16:23Z,2026-08-13T21:30:34.920623+00:00,https://www.inmuebles24.com/casas-o-casa-en-condominio-o-departamentos-en-venta-en-edo.-de-mexico-ordenado-por-fechaonline-descendente.html-pagina-16.html
https://www.inmuebles24.com/propiedades/clasificado/veclappa-departamento-en-venta-en-san-mateo-atizapan-de-150453410.html,3890000,"MN 3,890,000",MXN,venta,Apartamento,San Mateo Tecoloapan,Atizapán de Zaragoza,Edo. de México,110.0,,Publicado hace 2 días,2026-07-06T23:23:49Z,2026-08-13T21:30:34.920623+00:00,https://www.inmuebles24.com/casas-o-casa-en-condominio-o-departamentos-en-venta-en-edo.-de-mexico-ordenado-por-fechaonline-descendente.html-pagina-16.html
https://www.inmuebles24.com/propiedades/clasificado/veclappa-departamento-en-venta-en-san-mateo-atizapan-de-150768661.html,3895000,"MN 3,895,000",MXN,venta,Apartamento,San Mateo Tecoloapan,Atizapán de Zaragoza,Edo. de México,110.0,,Publicado hace 2 días,2026-08-11T16:05:56Z,2026-08-13T21:30:34.920623+00:00,https://www.inmuebles24.com/casas-o-casa-en-condominio-o-departamentos-en-venta-en-edo.-de-mexico-ordenado-por-fechaonline-descendente.html-pagina-16.html
https://www.inmuebles24.com/propiedades/clasificado/veclappa-departamento-en-venta-lomas-de-tecamachalco-140-150774525.html,6500000,"MN 6,500,000",MXN,venta,Apartamento,Lomas de Tecamachalco,Naucalpan de Juárez,Edo. de México,140.0,140.0,Publicado hace 2 días,2026-08-11T23:44:32Z,2026-08-13T21:30:34.920623+00:00,https://www.inmuebles24.com/casas-o-casa-en-condominio-o-departamentos-en-venta-en-edo.-de-mexico-ordenado-por-fechaonline-descendente.html-pagina-16.html
https://www.inmuebles24.com/propiedades/clasificado/veclcain-casa-$3-900-000-con-salon-de-eventos-y-accesoria.-150775574.html,3900000,"MN 3,900,000",MXN,venta,Casa,Ampliación Buenavista,Tultitlán,Edo. de México,,,Publicado hace 2 días,2026-08-12T01:58:22Z,2026-08-13T21:30:34.920623+00:00,https://www.inmuebles24.com/casas-o-casa-en-condominio-o-departamentos-en-venta-en-edo.-de-mexico-ordenado-por-fechaonline-descendente.html-pagina-16.html
https://www.inmuebles24.com/propiedades/clasificado/veclcain-casa-de-170-m-sup2--con-4-recamaras-en-venta-en-150775642.html,4700000,"MN 4,700,000",MXN,venta,Casa,Viveros de Xalostoc,Ecatepec de Morelos,Edo. de México,235.0,170.0,Publicado hace 2 días,2026-08-12T02:11:55Z,2026-08-13T21:30:34.920623+00:00,https://www.inmuebles24.com/casas-o-casa-en-condominio-o-departamentos-en-venta-en-edo.-de-mexico-ordenado-por-fechaonline-descendente.html-pagina-16.html
https://www.inmuebles24.com/propiedades/clasificado/veclcain-casa-en-los-alcatraces-150772100.html,1100000,"MN 1,100,000",MXN,venta,Casa,Los Alcatraces,Ecatepec de Morelos,Edo. de México,66.0,66.0,Publicado hace 2 días,2026-08-11T20:01:45Z,2026-08-13T21:31:31.897126+00:00,https://www.inmuebles24.com/casas-o-casa-en-condominio-o-departamentos-en-venta-en-edo.-de-mexico-ordenado-por-fechaonline-descendente.html-pagina-16.html
https://www.inmuebles24.com/propiedades/clasificado/veclcain-casa-en-san-francisco-coaxusco-150772427.html,3171000,"MN 3,171,000",MXN,venta,Casa,San Francisco Coaxusco,Metepec,Edo. de México,122.0,122.0,Publicado hace 2 días,2026-08-11T20:35:21Z,2026-08-13T21:31:31.897126+00:00,https://www.inmuebles24.com/casas-o-casa-en-condominio-o-departamentos-en-venta-en-edo.-de-mexico-ordenado-por-fechaonline-descendente.html-pagina-16.html
https://www.inmuebles24.com/propiedades/clasificado/veclcain-casa-en-san-francisco-coaxusco-150772514.html,3171000,"MN 3,171,000",MXN,venta,Casa,San Francisco Coaxusco,Metepec,Edo. de México,122.0,122.0,Publicado hace 2 días,2026-08-11T20:45:33Z,2026-08-13T21:31:31.897126+00:00,https://www.inmuebles24.com/casas-o-casa-en-condominio-o-departamentos-en-venta-en-edo.-de-mexico-ordenado-por-fechaonline-descendente.html-pagina-16.html
https://www.inmuebles24.com/propiedades/clasificado/veclcain-casa-en-venta-en-ecatepec-150774628.html,1407700,"MN 1,407,700",MXN,venta,Casa,Villas de Ecatepec,Ecatepec de Morelos,Edo. de México,93.0,93.0,Publicado hace 2 días,2026-08-11T23:53:48Z,2026-08-13T21:31:31.897126+00:00,https://www.inmuebles24.com/casas-o-casa-en-condominio-o-departamentos-en-venta-en-edo.-de-mexico-ordenado-por-fechaonline-descendente.html-pagina-16.html
https://www.inmuebles24.com/propiedades/clasificado/veclcain-casa-en-venta-en-ecatepec-150774639.html,1407700,"MN 1,407,700",MXN,venta,Casa,Villas de Ecatepec,Ecatepec de Morelos,Edo. de México,93.0,93.0,Publicado hace 2 días,2026-08-11T23:54:17Z,2026-08-13T21:31:31.897126+00:00,https://www.inmuebles24.com/casas-o-casa-en-condominio-o-departamentos-en-venta-en-edo.-de-mexico-ordenado-por-fechaonline-descendente.html-pagina-16.html
https://www.inmuebles24.com/propiedades/clasificado/veclcain-casa-en-venta-en-lomas-de-tecamachalco-bosques.-150775931.html,22450000,"MN 22,450,000",MXN,venta,Casa,Lomas de Tecamachalco Bosques I y II,Huixquilucan,Edo. de México,1099.0,1099.0,Publicado hace 2 días,2026-08-12T02:57:12Z,2026-08-13T21:31:31.897126+00:00,https://www.inmuebles24.com/casas-o-casa-en-condominio-o-departamentos-en-venta-en-edo.-de-mexico-ordenado-por-fechaonline-descendente.html-pagina-16.html
https://www.inmuebles24.com/propiedades/clasificado/veclcain-casa-en-venta-en-lomas-hipodromo-150775425.html,9000000,"MN 9,000,000",MXN,venta,Casa,Lomas Hipódromo,Naucalpan de Juárez,Edo. de México,300.0,300.0,Publicado hace 2 días,2026-08-12T01:30:45Z,2026-08-13T21:31:31.897126+00:00,https://www.inmuebles24.com/casas-o-casa-en-condominio-o-departamentos-en-venta-en-edo.-de-mexico-ordenado-por-fechaonline-descendente.html-pagina-16.html
https://www.inmuebles24.com/propiedades/clasificado/veclcain-casa-en-venta-en-metepec-alteza-150769751.html,3300000,"MN 3,300,000",MXN,venta,Casa,Electricistas,Metepec,Edo. de México,122.0,122.0,Publicado hace 2 días,2026-08-11T17:37:44Z,2026-08-13T21:31:31.897126+00:00,https://www.inmuebles24.com/casas-o-casa-en-condominio-o-departamentos-en-venta-en-edo.-de-mexico-ordenado-por-fechaonline-descendente.html-pagina-16.html
https://www.inmuebles24.com/propiedades/clasificado/veclcain-casa-nueva-en-venta-en-san-mateo-atenco-150773108.html,4350000,"MN 4,350,000",MXN,venta,Casa,San Francisco,San Mateo Atenco,Edo. de México,170.0,170.0,Publicado hace 2 días,2026-08-11T22:03:18Z,2026-08-13T21:31:31.897126+00:00,https://www.inmuebles24.com/casas-o-casa-en-condominio-o-departamentos-en-venta-en-edo.-de-mexico-ordenado-por-fechaonline-descendente.html-pagina-16.html
https://www.inmuebles24.com/propiedades/clasificado/veclcain-casa-nueva-en-venta-en-san-mateo-atenco-150774048.html,4575000,"MN 4,575,000",MXN,venta,Casa,San Francisco,San Mateo Atenco,Edo. de México,154.0,154.0,Publicado hace 2 días,2026-08-11T23:07:41Z,2026-08-13T21:31:31.897126+00:00,https://www.inmuebles24.com/casas-o-casa-en-condominio-o-departamentos-en-venta-en-edo.-de-mexico-ordenado-por-fechaonline-descendente.html-pagina-16.html
https://www.inmuebles24.com/propiedades/clasificado/veclcain-departamento-en-venta-san-mateo-atenco-150772646.html,4230000,"MN 4,230,000",MXN,venta,Casa,San Francisco,San Mateo Atenco,Edo. de México,103.0,103.0,Publicado hace 2 días,2026-08-11T21:07:58Z,2026-08-13T21:32:40.095987+00:00,https://www.inmuebles24.com/casas-o-casa-en-condominio-o-departamentos-en-venta-en-edo.-de-mexico-ordenado-por-fechaonline-descendente.html-pagina-16.html
https://www.inmuebles24.com/propiedades/clasificado/veclcapa-casa-en-preventa-150669717.html,10500000,"MN 10,500,000",MXN,venta,Casa,Lomas Verdes 6a Sección,Naucalpan de Juárez,Edo. de México,265.0,210.0,Publicado hace 2 días,2026-07-30T17:01:02Z,2026-08-13T21:32:40.095987+00:00,https://www.inmuebles24.com/casas-o-casa-en-condominio-o-departamentos-en-venta-en-edo.-de-mexico-ordenado-por-fechaonline-descendente.html-pagina-16.html
https://www.inmuebles24.com/propiedades/clasificado/veclcapa-casa-en-venta-en-mar-de-las-ondas-ciudad-brisa-150769661.html,1600000,"MN 1,600,000",MXN,venta,Casa,Ciudad Brisa,Naucalpan de Juárez,Edo. de México,300.0,223.0,Publicado hace 2 días,2026-08-11T17:31:50Z,2026-08-13T21:32:40.095987+00:00,https://www.inmuebles24.com/casas-o-casa-en-condominio-o-departamentos-en-venta-en-edo.-de-mexico-ordenado-por-fechaonline-descendente.html-pagina-16.html
https://www.inmuebles24.com/propiedades/clasificado/veclcapa-casa-en-venta-paseos-del-bosque-2-tecamac-3-150774955.html,2565000,"MN 2,565,000",MXN,venta,Casa,Ojo de Agua,Tecámac,Edo. de México,95.0,95.0,Publicado hace 2 días,2026-08-12T00:24:44Z,2026-08-13T21:32:40.095987+00:00,https://www.inmuebles24.com/casas-o-casa-en-condominio-o-departamentos-en-venta-en-edo.-de-mexico-ordenado-por-fechaonline-descendente.html-pagina-16.html
https://www.inmuebles24.com/propiedades/clasificado/veclcapa-casa-nueva-en-metepec-150770471.html,7400000,"MN 7,400,000",MXN,venta,Casa,Agrícola Alvaro Obregón,Metepec,Edo. de México,341.0,314.0,Publicado hace 2 días,2026-08-11T18:20:21Z,2026-08-13T21:32:40.095987+00:00,https://www.inmuebles24.com/casas-o-casa-en-condominio-o-departamentos-en-venta-en-edo.-de-mexico-ordenado-por-fechaonline-descendente.html-pagina-16.html
https://www.inmuebles24.com/propiedades/clasificado/veclcapa-paseos-del-bosque-naucalpan-150765800.html,7800000,"MN 7,800,000",MXN,venta,Casa,Paseos del Bosque,Naucalpan de Juárez,Edo. de México,251.0,251.0,Publicado hace 2 días,2026-08-11T05:37:09Z,2026-08-13T21:32:40.095987+00:00,https://www.inmuebles24.com/casas-o-casa-en-condominio-o-departamentos-en-venta-en-edo.-de-mexico-ordenado-por-fechaonline-descendente.html-pagina-16.html
https://www.inmuebles24.com/propiedades/clasificado/veclcapa-venta-de-casa-en-naucalpan-estado-de-mexico-150768850.html,979000,"MN 979,000",MXN,venta,Casa,Lomas Verdes 4a Sección,Naucalpan de Juárez,Edo. de México,200.0,296.0,Publicado hace 2 días,2026-08-11T16:26:39Z,2026-08-13T21:32:40.095987+00:00,https://www.inmuebles24.com/casas-o-casa-en-condominio-o-departamentos-en-venta-en-edo.-de-mexico-ordenado-por-fechaonline-descendente.html-pagina-16.html
https://www.inmuebles24.com/propiedades/clasificado/veclccpa-casa-en-venta-en-crespo-town-toluca-edomex-150768592.html,3500000,"MN 3,500,000",MXN,venta,Casa en condominio,Santa Ana TlapaltitlAn,Toluca,Edo. de México,150.0,125.0,Publicado hace 2 días,2026-08-11T15:54:49Z,2026-08-13T21:32:40.095987+00:00,https://www.inmuebles24.com/casas-o-casa-en-condominio-o-departamentos-en-venta-en-edo.-de-mexico-ordenado-por-fechaonline-descendente.html-pagina-16.html
https://www.inmuebles24.com/propiedades/clasificado/veclccpa-lomas-del-bosque-casa-en-condominio-3-recamaras-y-3-150770119.html,2700000,"MN 2,700,000",MXN,venta,Casa en condominio,Lomas del Bosque,Cuautitlán Izcalli,Edo. de México,134.0,154.0,Publicado hace 2 días,2026-08-11T17:56:44Z,2026-08-13T21:32:40.095987+00:00,https://www.inmuebles24.com/casas-o-casa-en-condominio-o-departamentos-en-venta-en-edo.-de-mexico-ordenado-por-fechaonline-descendente.html-pagina-16.html
https://www.inmuebles24.com/propiedades/clasificado/veclapin-departamento-de-98-m-sup2--con-3-recamaras-en-venta-en-150757352.html,3000000,"MN 3,000,000",MXN,venta,Apartamento,Jesús del Monte,Huixquilucan,Edo. de México,98.0,98.0,Publicado hace 3 días,2026-08-10T15:35:57Z,2026-08-13T21:32:40.095987+00:00,https://www.inmuebles24.com/casas-o-casa-en-condominio-o-departamentos-en-venta-en-edo.-de-mexico-ordenado-por-fechaonline-descendente.html-pagina-17.html
https://www.inmuebles24.com/propiedades/clasificado/veclapin-departamento-en-encinares-bosque-real-con-150764579.html,24000000,"MN 24,000,000",MXN,venta,Apartamento,Bosque Real,Huixquilucan,Edo. de México,400.0,400.0,Publicado hace 3 días,2026-08-11T02:31:01Z,2026-08-13T21:33:40.158581+00:00,https://www.inmuebles24.com/casas-o-casa-en-condominio-o-departamentos-en-venta-en-edo.-de-mexico-ordenado-por-fechaonline-descendente.html-pagina-17.html
https://www.inmuebles24.com/propiedades/clasificado/veclapin-departamento-en-venta-en-residencial-mediterraneo-150757076.html,5000000,"MN 5,000,000",MXN,venta,Apartamento,Hacienda de las Palmas,Huixquilucan,Edo. de México,142.0,142.0,Publicado hace 3 días,2026-08-10T14:13:41Z,2026-08-13T21:33:40.158581+00:00,https://www.inmuebles24.com/casas-o-casa-en-condominio-o-departamentos-en-venta-en-edo.-de-mexico-ordenado-por-fechaonline-descendente.html-pagina-17.html
https://www.inmuebles24.com/propiedades/clasificado/veclapin-departamento-en-venta-jardines-de-magnolias-iv-150757761.html,730000,"MN 730,000",MXN,venta,Apartamento,San Bartolo Cuautlalpan,Zumpango,Edo. de México,46.0,46.0,Publicado hace 3 días,2026-08-10T16:25:28Z,2026-08-13T21:33:40.158581+00:00,https://www.inmuebles24.com/casas-o-casa-en-condominio-o-departamentos-en-venta-en-edo.-de-mexico-ordenado-por-fechaonline-descendente.html-pagina-17.html
https://www.inmuebles24.com/propiedades/clasificado/veclapin-departamento-en-venta-la-gavia-residencial-150657138.html,3200000,"MN 3,200,000",MXN,venta,Apartamento,Hacienda del Parque,Cuautitlán Izcalli,Edo. de México,120.0,120.0,Publicado hace 3 días,2026-07-29T01:36:10Z,2026-08-13T21:33:40.158581+00:00,https://www.inmuebles24.com/casas-o-casa-en-condominio-o-departamentos-en-venta-en-edo.-de-mexico-ordenado-por-fechaonline-descendente.html-pagina-17.html
https://www.inmuebles24.com/propiedades/clasificado/veclapin-departamento-en-venta-residencial-aquario-interlomas-150757039.html,4000000,"MN 4,000,000",MXN,venta,Apartamento,Jesús del Monte,Huixquilucan,Edo. de México,100.0,100.0,Publicado hace 3 días,2026-08-10T14:01:56Z,2026-08-13T21:33:40.158581+00:00,https://www.inmuebles24.com/casas-o-casa-en-condominio-o-departamentos-en-venta-en-edo.-de-mexico-ordenado-por-fechaonline-descendente.html-pagina-17.html
https://www.inmuebles24.com/propiedades/clasificado/veclapin-departamento-en-venta.-residencial-mediterranea.-villa-150760109.html,6950000,"MN 6,950,000",MXN,venta,Apartamento,Villa Florence,Huixquilucan,Edo. de México,150.0,150.0,Publicado hace 3 días,2026-08-10T19:14:47Z,2026-08-13T21:33:40.158581+00:00,https://www.inmuebles24.com/casas-o-casa-en-condominio-o-departamentos-en-venta-en-edo.-de-mexico-ordenado-por-fechaonline-descendente.html-pagina-17.html
https://www.inmuebles24.com/propiedades/clasificado/veclapin-una-oportunidad-unica-en-encinar-bosque-real-150764440.html,3900000,"MN 3,900,000",MXN,venta,Apartamento,Bosque Real,Huixquilucan,Edo. de México,80.0,80.0,Publicado hace 3 días,2026-08-11T02:01:51Z,2026-08-13T21:33:40.158581+00:00,https://www.inmuebles24.com/casas-o-casa-en-condominio-o-departamentos-en-venta-en-edo.-de-mexico-ordenado-por-fechaonline-descendente.html-pagina-17.html
https://www.inmuebles24.com/propiedades/clasificado/veclapin-venta-garden-house-en-lomas-country-club-interlomas-3-150765420.html,19900000,"MN 19,900,000",MXN,venta,Apartamento,Lomas Country Club,Huixquilucan,Edo. de México,400.0,400.0,Publicado hace 3 días,2026-08-11T03:10:21Z,2026-08-13T21:33:40.158581+00:00,https://www.inmuebles24.com/casas-o-casa-en-condominio-o-departamentos-en-venta-en-edo.-de-mexico-ordenado-por-fechaonline-descendente.html-pagina-17.html
https://www.inmuebles24.com/propiedades/clasificado/veclapin-venta-renta-departamento-lomas-country-interlomas-150763913.html,10600000,"MN 10,600,000",MXN,venta,Apartamento,,Huixquilucan,Edo. de México,280.0,280.0,Publicado hace 3 días,2026-08-11T00:42:41Z,2026-08-13T21:33:40.158581+00:00,https://www.inmuebles24.com/casas-o-casa-en-condominio-o-departamentos-en-venta-en-edo.-de-mexico-ordenado-por-fechaonline-descendente.html-pagina-17.html
https://www.inmuebles24.com/propiedades/clasificado/veclapin-venta-y-o-renta-departamento-hermoso-190-m-sup2-150759469.html,84000,"MN 84,000",MXN,venta,Apartamento,,Naucalpan de Juárez,Edo. de México,190.0,190.0,Publicado hace 3 días,2026-08-10T18:37:50Z,2026-08-13T21:33:40.158581+00:00,https://www.inmuebles24.com/casas-o-casa-en-condominio-o-departamentos-en-venta-en-edo.-de-mexico-ordenado-por-fechaonline-descendente.html-pagina-17.html
https://www.inmuebles24.com/propiedades/clasificado/veclappa-departamento-en-venta-en-real-granada-tecamac-150765881.html,800000,"MN 800,000",MXN,venta,Apartamento,Tecámac Centro,Tecámac,Edo. de México,45.0,,Publicado hace 2 días,2026-08-11T06:07:26Z,2026-08-13T21:34:44.102844+00:00,https://www.inmuebles24.com/casas-o-casa-en-condominio-o-departamentos-en-venta-en-edo.-de-mexico-ordenado-por-fechaonline-descendente.html-pagina-17.html
https://www.inmuebles24.com/propiedades/clasificado/veclappa-venta-departamento-en-ex-hacienda-santa-ines-150768904.html,1345000,"MN 1,345,000",MXN,venta,Apartamento,Ex-hacienda Santa Inés,Nextlalpan,Edo. de México,70.0,70.0,Publicado hace 2 días,2026-08-11T16:31:33Z,2026-08-13T21:34:44.102844+00:00,https://www.inmuebles24.com/casas-o-casa-en-condominio-o-departamentos-en-venta-en-edo.-de-mexico-ordenado-por-fechaonline-descendente.html-pagina-17.html
https://www.inmuebles24.com/propiedades/clasificado/veclcain--chiluca-residencia-para-remodelar.-150759652.html,9800000,"MN 9,800,000",MXN,venta,Casa,Zona Esmeralda,Atizapán de Zaragoza,Edo. de México,280.0,534.0,Publicado hace 3 días,2026-08-10T18:49:09Z,2026-08-13T21:34:44.102844+00:00,https://www.inmuebles24.com/casas-o-casa-en-condominio-o-departamentos-en-venta-en-edo.-de-mexico-ordenado-por-fechaonline-descendente.html-pagina-17.html
https://www.inmuebles24.com/propiedades/clasificado/veclcain-casa-con-vigilancia-en-venta-en-lomas-verdes-150770578.html,5500000,"MN 5,500,000",MXN,venta,Casa,Lomas Verdes,Naucalpan de Juárez,Edo. de México,200.0,200.0,Publicado hace 2 días,2026-08-11T18:28:37Z,2026-08-13T21:34:44.102844+00:00,https://www.inmuebles24.com/casas-o-casa-en-condominio-o-departamentos-en-venta-en-edo.-de-mexico-ordenado-por-fechaonline-descendente.html-pagina-17.html
https://www.inmuebles24.com/propiedades/clasificado/veclcain-casa-de-un-solo-nivel-en-toluca.-zona-san-buenaventura-150766146.html,3000000,"MN 3,000,000",MXN,venta,Casa,San Buenaventura,Toluca,Edo. de México,304.0,304.0,Publicado hace 2 días,2026-08-11T06:21:16Z,2026-08-13T21:34:44.102844+00:00,https://www.inmuebles24.com/casas-o-casa-en-condominio-o-departamentos-en-venta-en-edo.-de-mexico-ordenado-por-fechaonline-descendente.html-pagina-17.html
https://www.inmuebles24.com/propiedades/clasificado/veclcain-casa-en-fraccionamiento-con-amplio-jardin-en-satelite-150759663.html,18000000,"MN 18,000,000",MXN,venta,Casa,Ciudad Satélite,Naucalpan de Juárez,Edo. de México,374.0,758.0,Publicado hace 3 días,2026-08-10T18:50:56Z,2026-08-13T21:34:44.102844+00:00,https://www.inmuebles24.com/casas-o-casa-en-condominio-o-departamentos-en-venta-en-edo.-de-mexico-ordenado-por-fechaonline-descendente.html-pagina-17.html
https://www.inmuebles24.com/propiedades/clasificado/veclcain-casa-en-fraccionamiento-con-amplio-jardin-satelite-150759008.html,9500000,"MN 9,500,000",MXN,venta,Casa,Ciudad Satélite,Naucalpan de Juárez,Edo. de México,191.0,250.0,Publicado hace 3 días,2026-08-10T18:20:05Z,2026-08-13T21:34:44.102844+00:00,https://www.inmuebles24.com/casas-o-casa-en-condominio-o-departamentos-en-venta-en-edo.-de-mexico-ordenado-por-fechaonline-descendente.html-pagina-17.html
https://www.inmuebles24.com/propiedades/clasificado/veclcain-casa-en-venta-en-fontana-brava-avandaro-valle-de-150762394.html,13000000,"MN 13,000,000",MXN,venta,Casa,Avandaro,Valle de Bravo,Edo. de México,450.0,700.0,Publicado hace 3 días,2026-08-10T22:34:26Z,2026-08-13T21:34:44.102844+00:00,https://www.inmuebles24.com/casas-o-casa-en-condominio-o-departamentos-en-venta-en-edo.-de-mexico-ordenado-por-fechaonline-descendente.html-pagina-17.html
https://www.inmuebles24.com/propiedades/clasificado/veclcain-casa-en-venta-satelite-150760712.html,8700000,"MN 8,700,000",MXN,venta,Casa,Ciudad Satélite,Naucalpan de Juárez,Edo. de México,240.0,160.0,Publicado hace 3 días,2026-08-10T19:57:46Z,2026-08-13T21:34:44.102844+00:00,https://www.inmuebles24.com/casas-o-casa-en-condominio-o-departamentos-en-venta-en-edo.-de-mexico-ordenado-por-fechaonline-descendente.html-pagina-17.html
https://www.inmuebles24.com/propiedades/clasificado/veclcain-casa-remodelada-en-interlomas-paseo-150771664.html,11650000,"MN 11,650,000",MXN,venta,Casa,Interlomas,Huixquilucan,Edo. de México,260.0,260.0,Publicado hace 2 días,2026-08-11T19:30:52Z,2026-08-13T21:34:44.102844+00:00,https://www.inmuebles24.com/casas-o-casa-en-condominio-o-departamentos-en-venta-en-edo.-de-mexico-ordenado-por-fechaonline-descendente.html-pagina-17.html
https://www.inmuebles24.com/propiedades/clasificado/veclcain-oportunidad-en-bosque-esmeralda!-casa-en-venta-en-150763888.html,5100000,"MN 5,100,000",MXN,venta,Casa,Bosque Esmeralda,Atizapán de Zaragoza,Edo. de México,190.0,130.0,Publicado hace 3 días,2026-08-11T00:38:49Z,2026-08-13T21:35:49.937643+00:00,https://www.inmuebles24.com/casas-o-casa-en-condominio-o-departamentos-en-venta-en-edo.-de-mexico-ordenado-por-fechaonline-descendente.html-pagina-17.html
https://www.inmuebles24.com/propiedades/clasificado/veclcain-venta-casa-real-de-tultepec-150762866.html,1350000,"MN 1,350,000",MXN,venta,Casa,Hacienda Real de Tultepec,Tultepec,Edo. de México,88.0,60.0,Publicado hace 3 días,2026-08-10T23:23:57Z,2026-08-13T21:35:49.937643+00:00,https://www.inmuebles24.com/casas-o-casa-en-condominio-o-departamentos-en-venta-en-edo.-de-mexico-ordenado-por-fechaonline-descendente.html-pagina-17.html
https://www.inmuebles24.com/propiedades/clasificado/veclcain-venta-de-casa-en-col.-la-huerta-echegaray-naucalpan-150761070.html,4600000,"MN 4,600,000",MXN,venta,Casa,Las Huertas,Naucalpan de Juárez,Edo. de México,227.0,121.0,Publicado hace 3 días,2026-08-10T20:28:34Z,2026-08-13T21:35:49.937643+00:00,https://www.inmuebles24.com/casas-o-casa-en-condominio-o-departamentos-en-venta-en-edo.-de-mexico-ordenado-por-fechaonline-descendente.html-pagina-17.html
https://www.inmuebles24.com/propiedades/clasificado/veclccin-casa-en-herradura-en-cerrada-con-gran-jardin-150762383.html,19950000,"MN 19,950,000",MXN,venta,Casa en condominio,Lomas de la Herradura,Huixquilucan,Edo. de México,555.0,962.0,Publicado hace 3 días,2026-08-10T22:34:08Z,2026-08-13T21:35:49.937643+00:00,https://www.inmuebles24.com/casas-o-casa-en-condominio-o-departamentos-en-venta-en-edo.-de-mexico-ordenado-por-fechaonline-descendente.html-pagina-17.html
https://www.inmuebles24.com/propiedades/clasificado/veclccin-casa-en-pre-venta-en-metepec-privada-cercana-a-150764294.html,4450000,"MN 4,450,000",MXN,venta,Casa en condominio,La Michoacana,Metepec,Edo. de México,186.0,186.0,Publicado hace 3 días,2026-08-11T01:34:45Z,2026-08-13T21:35:49.937643+00:00,https://www.inmuebles24.com/casas-o-casa-en-condominio-o-departamentos-en-venta-en-edo.-de-mexico-ordenado-por-fechaonline-descendente.html-pagina-17.html
https://www.inmuebles24.com/propiedades/clasificado/veclccin-casa-en-valle-de-bravo-estado-de-mexico-150759210.html,16500000,"MN 16,500,000",MXN,venta,Casa en condominio,,Valle de Bravo,Edo. de México,390.0,650.0,Publicado hace 3 días,2026-08-10T18:26:55Z,2026-08-13T21:35:49.937643+00:00,https://www.inmuebles24.com/casas-o-casa-en-condominio-o-departamentos-en-venta-en-edo.-de-mexico-ordenado-por-fechaonline-descendente.html-pagina-17.html
https://www.inmuebles24.com/propiedades/clasificado/veclccin-casa-en-venta-en-parques-de-la-herradura-huixquilucan-150757304.html,8500000,"MN 8,500,000",MXN,venta,Casa en condominio,Parques de la Herradura,Huixquilucan,Edo. de México,261.0,200.0,Publicado hace 3 días,2026-08-10T15:30:12Z,2026-08-13T21:35:49.937643+00:00,https://www.inmuebles24.com/casas-o-casa-en-condominio-o-departamentos-en-venta-en-edo.-de-mexico-ordenado-por-fechaonline-descendente.html-pagina-17.html
https://www.inmuebles24.com/propiedades/clasificado/veclccin-hermosa-casa-en-condominio-serraton-idilica-150758309.html,1900000,"MN 1,900,000",MXN,venta,Casa en condominio,Nueva Serratón,Zinacantepec,Edo. de México,81.0,81.0,Publicado hace 3 días,2026-08-10T17:22:39Z,2026-08-13T21:35:49.937643+00:00,https://www.inmuebles24.com/casas-o-casa-en-condominio-o-departamentos-en-venta-en-edo.-de-mexico-ordenado-por-fechaonline-descendente.html-pagina-17.html
https://www.inmuebles24.com/propiedades/clasificado/veclccin-venta-de-casa-en-condominio-en-villas-del-campo-mex-150758332.html,2493500,"MN 2,493,500",MXN,venta,Casa en condominio,Villas del Campo,Calimaya,Edo. de México,163.0,157.0,Publicado hace 3 días,2026-08-10T17:24:56Z,2026-08-13T21:35:49.937643+00:00,https://www.inmuebles24.com/casas-o-casa-en-condominio-o-departamentos-en-venta-en-edo.-de-mexico-ordenado-por-fechaonline-descendente.html-pagina-17.html
https://www.inmuebles24.com/propiedades/clasificado/veclapin-departamento-en-venta-en-central-park-bosque-real-150761432.html,10000000,"MN 10,000,000",MXN,venta,Apartamento,Bosque Real,Huixquilucan,Edo. de México,192.0,192.0,Publicado hace 3 días,2026-08-10T21:01:43Z,2026-08-13T21:35:49.937643+00:00,https://www.inmuebles24.com/casas-o-casa-en-condominio-o-departamentos-en-venta-en-edo.-de-mexico-ordenado-por-fechaonline-descendente.html-pagina-18.html
https://www.inmuebles24.com/propiedades/clasificado/veclapin-departamento-en-venta-en-madeira-150757034.html,4950000,"MN 4,950,000",MXN,venta,Apartamento,San Lorenzo Coacalco,Metepec,Edo. de México,210.0,210.0,Publicado hace 3 días,2026-08-10T13:58:34Z,2026-08-13T21:37:04.570298+00:00,https://www.inmuebles24.com/casas-o-casa-en-condominio-o-departamentos-en-venta-en-edo.-de-mexico-ordenado-por-fechaonline-descendente.html-pagina-18.html
https://www.inmuebles24.com/propiedades/clasificado/veclapin-departamento-en-venta-jardines-de-atizapan-150759789.html,1990000,"MN 1,990,000",MXN,venta,Apartamento,Jardines de Atizapán,Atizapán de Zaragoza,Edo. de México,81.0,81.0,Publicado hace 3 días,2026-08-10T19:03:51Z,2026-08-13T21:37:04.570298+00:00,https://www.inmuebles24.com/casas-o-casa-en-condominio-o-departamentos-en-venta-en-edo.-de-mexico-ordenado-por-fechaonline-descendente.html-pagina-18.html
https://www.inmuebles24.com/propiedades/clasificado/veclapin-departamento-en-venta-jesus-del-monte-zereniti-150762187.html,16300000,"MN 16,300,000",MXN,venta,Apartamento,Lomas Country Club,Huixquilucan,Edo. de México,287.0,287.0,Publicado hace 3 días,2026-08-10T22:20Z,2026-08-13T21:37:04.570298+00:00,https://www.inmuebles24.com/casas-o-casa-en-condominio-o-departamentos-en-venta-en-edo.-de-mexico-ordenado-por-fechaonline-descendente.html-pagina-18.html
https://www.inmuebles24.com/propiedades/clasificado/veclapin-venta-de-departamento-parque-interlomas-jesus-del-150761563.html,3899000,"MN 3,899,000",MXN,venta,Apartamento,Jesús del Monte,Huixquilucan,Edo. de México,72.0,72.0,Publicado hace 3 días,2026-08-10T21:14:13Z,2026-08-13T21:37:04.570298+00:00,https://www.inmuebles24.com/casas-o-casa-en-condominio-o-departamentos-en-venta-en-edo.-de-mexico-ordenado-por-fechaonline-descendente.html-pagina-18.html
https://www.inmuebles24.com/propiedades/clasificado/veclapin-venta-departamento-hacienda-del-ciervo-37-150764603.html,5000000,"MN 5,000,000",MXN,venta,Apartamento,Hacienda de las Palmas,Huixquilucan,Edo. de México,142.0,142.0,Publicado hace 3 días,2026-08-11T02:35:46Z,2026-08-13T21:37:04.570298+00:00,https://www.inmuebles24.com/casas-o-casa-en-condominio-o-departamentos-en-venta-en-edo.-de-mexico-ordenado-por-fechaonline-descendente.html-pagina-18.html
https://www.inmuebles24.com/propiedades/clasificado/veclapin-venta-espectacular-penthouse-lomas-country-club-150757238.html,17500000,"MN 17,500,000",MXN,venta,Apartamento,Lomas Country Club,Huixquilucan,Edo. de México,582.0,582.0,Publicado hace 3 días,2026-08-10T15:13:57Z,2026-08-13T21:37:04.570298+00:00,https://www.inmuebles24.com/casas-o-casa-en-condominio-o-departamentos-en-venta-en-edo.-de-mexico-ordenado-por-fechaonline-descendente.html-pagina-18.html
https://www.inmuebles24.com/propiedades/clasificado/veclcain--estrena-tu-nuevo-hogar-en-tonanitla-estado-de-150760917.html,2269000,"MN 2,269,000",MXN,venta,Casa,,Tonanitla,Edo. de México,145.0,120.0,Publicado hace 3 días,2026-08-10T20:15:52Z,2026-08-13T21:37:04.570298+00:00,https://www.inmuebles24.com/casas-o-casa-en-condominio-o-departamentos-en-venta-en-edo.-de-mexico-ordenado-por-fechaonline-descendente.html-pagina-18.html
https://www.inmuebles24.com/propiedades/clasificado/veclcain-amplia-casa-en-venta-150760911.html,9000000,"MN 9,000,000",MXN,venta,Casa,Las Arboledas,Atizapán de Zaragoza,Edo. de México,411.0,335.0,Publicado hace 3 días,2026-08-10T20:15:16Z,2026-08-13T21:37:04.570298+00:00,https://www.inmuebles24.com/casas-o-casa-en-condominio-o-departamentos-en-venta-en-edo.-de-mexico-ordenado-por-fechaonline-descendente.html-pagina-18.html
https://www.inmuebles24.com/propiedades/clasificado/veclcain-casa-en-condominio-en-el-centro-de-valle-de-bravo-150757126.html,13500000,"MN 13,500,000",MXN,venta,Casa,Atesquelites,Valle de Bravo,Edo. de México,310.0,350.0,Publicado hace 3 días,2026-08-10T14:37:26Z,2026-08-13T21:37:04.570298+00:00,https://www.inmuebles24.com/casas-o-casa-en-condominio-o-departamentos-en-venta-en-edo.-de-mexico-ordenado-por-fechaonline-descendente.html-pagina-18.html
https://www.inmuebles24.com/propiedades/clasificado/veclcain-casa-en-fraccionamiento-villa-de-las-flores-1a-seccion-150762160.html,3900000,"MN 3,900,000",MXN,venta,Casa,Villa de las Flores 1a Sección,Coacalco de Berriozábal,Edo. de México,178.0,178.0,Publicado hace 3 días,2026-08-10T22:17:38Z,2026-08-13T21:37:04.570298+00:00,https://www.inmuebles24.com/casas-o-casa-en-condominio-o-departamentos-en-venta-en-edo.-de-mexico-ordenado-por-fechaonline-descendente.html-pagina-18.html
https://www.inmuebles24.com/propiedades/clasificado/veclcain-casa-en-venta-150762201.html,4100000,"MN 4,100,000",MXN,venta,Casa,Pipioltepec,Valle de Bravo,Edo. de México,270.0,450.0,Publicado hace 3 días,2026-08-10T22:20:18Z,2026-08-13T21:38:14.381836+00:00,https://www.inmuebles24.com/casas-o-casa-en-condominio-o-departamentos-en-venta-en-edo.-de-mexico-ordenado-por-fechaonline-descendente.html-pagina-18.html
https://www.inmuebles24.com/propiedades/clasificado/veclcain-casa-en-venta-club-de-golf-chiluca-terreno-384-m-150764128.html,10500000,"MN 10,500,000",MXN,venta,Casa,Club de Golf Chiluca,Atizapán de Zaragoza,Edo. de México,286.0,384.0,Publicado hace 3 días,2026-08-11T01:09:40Z,2026-08-13T21:38:14.381836+00:00,https://www.inmuebles24.com/casas-o-casa-en-condominio-o-departamentos-en-venta-en-edo.-de-mexico-ordenado-por-fechaonline-descendente.html-pagina-18.html
https://www.inmuebles24.com/propiedades/clasificado/veclcain-casa-en-venta-en-bosque-de-las-fuentes-calimaya-150762450.html,3610000,"MN 3,610,000",MXN,venta,Casa,San Andrés Ocotlán,Calimaya,Edo. de México,202.0,202.0,Publicado hace 3 días,2026-08-10T22:40:43Z,2026-08-13T21:38:14.381836+00:00,https://www.inmuebles24.com/casas-o-casa-en-condominio-o-departamentos-en-venta-en-edo.-de-mexico-ordenado-por-fechaonline-descendente.html-pagina-18.html
https://www.inmuebles24.com/propiedades/clasificado/veclcain-casa-en-venta-en-club-de-golf-san-carlos-metepec-edo-150757025.html,9990000,"MN 9,990,000",MXN,venta,Casa,San Carlos,Metepec,Edo. de México,310.0,357.0,Publicado hace 3 días,2026-08-10T13:54:46Z,2026-08-13T21:38:14.381836+00:00,https://www.inmuebles24.com/casas-o-casa-en-condominio-o-departamentos-en-venta-en-edo.-de-mexico-ordenado-por-fechaonline-descendente.html-pagina-18.html
https://www.inmuebles24.com/propiedades/clasificado/veclcain-casa-en-venta-en-hacienda-san-jose-toluca-150757005.html,5500000,"MN 5,500,000",MXN,venta,Casa,Hacienda San José,Toluca,Edo. de México,200.0,219.0,Publicado hace 3 días,2026-08-10T13:40:41Z,2026-08-13T21:38:14.381836+00:00,https://www.inmuebles24.com/casas-o-casa-en-condominio-o-departamentos-en-venta-en-edo.-de-mexico-ordenado-por-fechaonline-descendente.html-pagina-18.html
https://www.inmuebles24.com/propiedades/clasificado/veclcain-casa-en-venta-en-idilica-serraton-zinacantepec-con-3-150758290.html,2120200,"MN 2,120,200",MXN,venta,Casa,Nueva Serratón,Zinacantepec,Edo. de México,95.0,81.0,Publicado hace 3 días,2026-08-10T17:20:54Z,2026-08-13T21:38:14.381836+00:00,https://www.inmuebles24.com/casas-o-casa-en-condominio-o-departamentos-en-venta-en-edo.-de-mexico-ordenado-por-fechaonline-descendente.html-pagina-18.html
https://www.inmuebles24.com/propiedades/clasificado/veclcain-casa-en-venta-en-lomas-de-atizapan-de-zaragoza-estado-150765438.html,3900000,"MN 3,900,000",MXN,venta,Casa,,Atizapán de Zaragoza,Edo. de México,160.0,120.0,Publicado hace 3 días,2026-08-11T03:11:25Z,2026-08-13T21:38:14.381836+00:00,https://www.inmuebles24.com/casas-o-casa-en-condominio-o-departamentos-en-venta-en-edo.-de-mexico-ordenado-por-fechaonline-descendente.html-pagina-18.html
https://www.inmuebles24.com/propiedades/clasificado/veclcain-casa-en-venta-lomas-verdes-5ta-seccion.-150757551.html,4290000,"MN 4,290,000",MXN,venta,Casa,Lomas Verdes 5a Sección,Naucalpan de Juárez,Edo. de México,160.0,160.0,Publicado hace 3 días,2026-08-10T16:04:50Z,2026-08-13T21:38:14.381836+00:00,https://www.inmuebles24.com/casas-o-casa-en-condominio-o-departamentos-en-venta-en-edo.-de-mexico-ordenado-por-fechaonline-descendente.html-pagina-18.html
https://www.inmuebles24.com/propiedades/clasificado/veclcain-casa-en-venta-paseo-de-la-herradura.-jardin-privado.-4-150761724.html,14900000,"MN 14,900,000",MXN,venta,Casa,La Herradura,Huixquilucan,Edo. de México,631.0,509.0,Publicado hace 3 días,2026-08-10T21:29:44Z,2026-08-13T21:38:14.381836+00:00,https://www.inmuebles24.com/casas-o-casa-en-condominio-o-departamentos-en-venta-en-edo.-de-mexico-ordenado-por-fechaonline-descendente.html-pagina-18.html
https://www.inmuebles24.com/propiedades/clasificado/veclcain-excelente-oportunidad-venta-casa-y-terreno-luxury-150762252.html,25000000,"MN 25,000,000",MXN,venta,Casa,Avandaro,Valle de Bravo,Edo. de México,492.0,3600.0,Publicado hace 3 días,2026-08-10T22:24:26Z,2026-08-13T21:38:14.381836+00:00,https://www.inmuebles24.com/casas-o-casa-en-condominio-o-departamentos-en-venta-en-edo.-de-mexico-ordenado-por-fechaonline-descendente.html-pagina-18.html
https://www.inmuebles24.com/propiedades/clasificado/veclcain-hermosa-casa-en-planta-baja-santa-cruz-del-monte-150758062.html,7300000,"MN 7,300,000",MXN,venta,Casa,Santa Cruz del Monte,Naucalpan de Juárez,Edo. de México,310.0,263.0,Publicado hace 3 días,2026-08-10T16:55:14Z,2026-08-13T21:39:10.932824+00:00,https://www.inmuebles24.com/casas-o-casa-en-condominio-o-departamentos-en-venta-en-edo.-de-mexico-ordenado-por-fechaonline-descendente.html-pagina-18.html
https://www.inmuebles24.com/propiedades/clasificado/veclcain-venta-casa-con-departamento-en-izcalli-del-bosque-150759784.html,8500000,"MN 8,500,000",MXN,venta,Casa,Izcalli del Bosque,Naucalpan de Juárez,Edo. de México,368.0,360.0,Publicado hace 3 días,2026-08-10T19:03:15Z,2026-08-13T21:39:10.932824+00:00,https://www.inmuebles24.com/casas-o-casa-en-condominio-o-departamentos-en-venta-en-edo.-de-mexico-ordenado-por-fechaonline-descendente.html-pagina-18.html
https://www.inmuebles24.com/propiedades/clasificado/veclcain-venta-casa-en-satelite-naucalpan-estado-de-mexico.-150764349.html,15000000,"MN 15,000,000",MXN,venta,Casa,Ciudad Satélite,Naucalpan de Juárez,Edo. de México,346.0,346.0,Publicado hace 3 días,2026-08-11T01:46:02Z,2026-08-13T21:39:10.932824+00:00,https://www.inmuebles24.com/casas-o-casa-en-condominio-o-departamentos-en-venta-en-edo.-de-mexico-ordenado-por-fechaonline-descendente.html-pagina-18.html
https://www.inmuebles24.com/propiedades/clasificado/veclcain-venta-casa-residencial-en-vilatana-atizapan-150759781.html,10850000,"MN 10,850,000",MXN,venta,Casa,Lomas de Bellavista,Atizapán de Zaragoza,Edo. de México,415.0,274.0,Publicado hace 3 días,2026-08-10T19:02:50Z,2026-08-13T21:39:10.932824+00:00,https://www.inmuebles24.com/casas-o-casa-en-condominio-o-departamentos-en-venta-en-edo.-de-mexico-ordenado-por-fechaonline-descendente.html-pagina-18.html
https://www.inmuebles24.com/propiedades/clasificado/veclccin--estrena-hoy!-hermosa-casa-nueva-de-3-recamaras-en-150761089.html,3200000,"MN 3,200,000",MXN,venta,Casa en condominio,La Crespa,Toluca,Edo. de México,126.0,126.0,Publicado hace 3 días,2026-08-10T20:30:48Z,2026-08-13T21:39:10.932824+00:00,https://www.inmuebles24.com/casas-o-casa-en-condominio-o-departamentos-en-venta-en-edo.-de-mexico-ordenado-por-fechaonline-descendente.html-pagina-18.html
https://www.inmuebles24.com/propiedades/clasificado/veclccin-casa-en-venta-aqua-lago-esmeralda-150756807.html,6900000,"MN 6,900,000",MXN,venta,Casa en condominio,Residencial Lago Esmeralda,Atizapán de Zaragoza,Edo. de México,180.0,216.0,Publicado hace 3 días,2026-08-10T06:57:44Z,2026-08-13T21:39:10.932824+00:00,https://www.inmuebles24.com/casas-o-casa-en-condominio-o-departamentos-en-venta-en-edo.-de-mexico-ordenado-por-fechaonline-descendente.html-pagina-18.html
https://www.inmuebles24.com/propiedades/clasificado/veclccin-casa-en-venta-en-condado-del-valle-150757807.html,5700000,"MN 5,700,000",MXN,venta,Casa en condominio,Condado del Valle,Metepec,Edo. de México,267.0,201.0,Publicado hace 3 días,2026-08-10T16:29:54Z,2026-08-13T21:39:10.932824+00:00,https://www.inmuebles24.com/casas-o-casa-en-condominio-o-departamentos-en-venta-en-edo.-de-mexico-ordenado-por-fechaonline-descendente.html-pagina-18.html
https://www.inmuebles24.com/propiedades/clasificado/veclccin-casa-en-venta-en-fraccionamiento-metepec-en-san-150764206.html,5100000,"MN 5,100,000",MXN,venta,Casa en condominio,San Salvador Tizatlalli,Metepec,Edo. de México,230.0,150.0,Publicado hace 3 días,2026-08-11T01:21:02Z,2026-08-13T21:39:10.932824+00:00,https://www.inmuebles24.com/casas-o-casa-en-condominio-o-departamentos-en-venta-en-edo.-de-mexico-ordenado-por-fechaonline-descendente.html-pagina-18.html
https://www.inmuebles24.com/propiedades/clasificado/veclccin-en-venta-moderna-casa-lago-esmeralda-150764127.html,8300000,"MN 8,300,000",MXN,venta,Casa en condominio,Residencial Lago Esmeralda,Atizapán de Zaragoza,Edo. de México,260.0,120.0,Publicado hace 3 días,2026-08-11T01:09:28Z,2026-08-13T21:39:10.932824+00:00,https://www.inmuebles24.com/casas-o-casa-en-condominio-o-departamentos-en-venta-en-edo.-de-mexico-ordenado-por-fechaonline-descendente.html-pagina-18.html
https://www.inmuebles24.com/propiedades/clasificado/veclapin-bonito-departamento-en-lomas-del-rio-fraccionamiento-150757002.html,5700000,"MN 5,700,000",MXN,venta,Apartamento,,Naucalpan de Juárez,Edo. de México,125.0,1000.0,Publicado hace 3 días,2026-08-10T13:38:20Z,2026-08-13T21:39:10.932824+00:00,https://www.inmuebles24.com/casas-o-casa-en-condominio-o-departamentos-en-venta-en-edo.-de-mexico-ordenado-por-fechaonline-descendente.html-pagina-19.html
https://www.inmuebles24.com/propiedades/clasificado/veclapin-departamento-en-venta-en-fraccionamiento-la-florida-150762627.html,750000,"MN 750,000",MXN,venta,Apartamento,La Concepción de Hidalgo,Otzolotepec,Edo. de México,55.0,33.0,Publicado hace 3 días,2026-08-10T22:58:53Z,2026-08-13T21:40:13.952828+00:00,https://www.inmuebles24.com/casas-o-casa-en-condominio-o-departamentos-en-venta-en-edo.-de-mexico-ordenado-por-fechaonline-descendente.html-pagina-19.html
https://www.inmuebles24.com/propiedades/clasificado/veclapin-departamento-en-venta-en-lomas-de-atizapan-106-150762809.html,3590000,"MN 3,590,000",MXN,venta,Apartamento,Lomas de Atizapán,Atizapán de Zaragoza,Edo. de México,106.0,106.0,Publicado hace 3 días,2026-08-10T23:16:56Z,2026-08-13T21:40:13.952828+00:00,https://www.inmuebles24.com/casas-o-casa-en-condominio-o-departamentos-en-venta-en-edo.-de-mexico-ordenado-por-fechaonline-descendente.html-pagina-19.html
https://www.inmuebles24.com/propiedades/clasificado/veclapin-departamento-en-venta-en-los-heroes-tecamac-2-150761569.html,1029000,"MN 1,029,000",MXN,venta,Apartamento,Los Héroes Tecámac,Tecámac,Edo. de México,54.0,54.0,Publicado hace 3 días,2026-08-10T21:14:56Z,2026-08-13T21:40:13.952828+00:00,https://www.inmuebles24.com/casas-o-casa-en-condominio-o-departamentos-en-venta-en-edo.-de-mexico-ordenado-por-fechaonline-descendente.html-pagina-19.html
https://www.inmuebles24.com/propiedades/clasificado/veclapin-departamento-en-venta-en-san-juan-totoltepec-150761886.html,3500000,"MN 3,500,000",MXN,venta,Apartamento,,Naucalpan de Juárez,Edo. de México,196.0,196.0,Publicado hace 3 días,2026-08-10T21:48:28Z,2026-08-13T21:40:13.952828+00:00,https://www.inmuebles24.com/casas-o-casa-en-condominio-o-departamentos-en-venta-en-edo.-de-mexico-ordenado-por-fechaonline-descendente.html-pagina-19.html
https://www.inmuebles24.com/propiedades/clasificado/veclapin-oportunidad-venta-departamento-planta-baja-2-150761031.html,1295000,"MN 1,295,000",MXN,venta,Apartamento,El Tenayo,Tlalnepantla de Baz,Edo. de México,64.0,64.0,Publicado hace 3 días,2026-08-10T20:26:01Z,2026-08-13T21:40:13.952828+00:00,https://www.inmuebles24.com/casas-o-casa-en-condominio-o-departamentos-en-venta-en-edo.-de-mexico-ordenado-por-fechaonline-descendente.html-pagina-19.html
https://www.inmuebles24.com/propiedades/clasificado/veclapin-penthouse-en-venta-sexta-seccion-de-lomas-verdes-150762811.html,14400000,"MN 14,400,000",MXN,venta,Apartamento,Lomas Verdes 6a Sección,Naucalpan de Juárez,Edo. de México,263.0,263.0,Publicado hace 3 días,2026-08-10T23:17:11Z,2026-08-13T21:40:13.952828+00:00,https://www.inmuebles24.com/casas-o-casa-en-condominio-o-departamentos-en-venta-en-edo.-de-mexico-ordenado-por-fechaonline-descendente.html-pagina-19.html
https://www.inmuebles24.com/propiedades/clasificado/veclapin-terrazas-lomas-country:-departamento-en-venta-en-lomas-150757634.html,25000000,"MN 25,000,000",MXN,venta,Apartamento,Lomas Country Club,Huixquilucan,Edo. de México,430.0,430.0,Publicado hace 3 días,2026-08-10T16:17:42Z,2026-08-13T21:40:13.952828+00:00,https://www.inmuebles24.com/casas-o-casa-en-condominio-o-departamentos-en-venta-en-edo.-de-mexico-ordenado-por-fechaonline-descendente.html-pagina-19.html
https://www.inmuebles24.com/propiedades/clasificado/veclapin-terrazas-lomas-country:-departamento-en-venta-en-lomas-150757637.html,24800000,"MN 24,800,000",MXN,venta,Apartamento,Lomas Country Club,Huixquilucan,Edo. de México,585.0,585.0,Publicado hace 3 días,2026-08-10T16:17:50Z,2026-08-13T21:40:13.952828+00:00,https://www.inmuebles24.com/casas-o-casa-en-condominio-o-departamentos-en-venta-en-edo.-de-mexico-ordenado-por-fechaonline-descendente.html-pagina-19.html
https://www.inmuebles24.com/propiedades/clasificado/veclcain-aqua-ii-diseno-contemporaneo-seguridad-y-calidad-150761148.html,6950000,"MN 6,950,000",MXN,venta,Casa,Zona Esmeralda,Atizapán de Zaragoza,Edo. de México,206.0,120.0,Publicado hace 3 días,2026-08-10T20:36Z,2026-08-13T21:40:13.952828+00:00,https://www.inmuebles24.com/casas-o-casa-en-condominio-o-departamentos-en-venta-en-edo.-de-mexico-ordenado-por-fechaonline-descendente.html-pagina-19.html
https://www.inmuebles24.com/propiedades/clasificado/veclcain-casa-en-venta-en-bulevares-del-lago-150764482.html,1600000,"MN 1,600,000",MXN,venta,Casa,Bulevares del Lago,Nicolás Romero,Edo. de México,90.0,90.0,Publicado hace 3 días,2026-08-11T02:10:09Z,2026-08-13T21:40:13.952828+00:00,https://www.inmuebles24.com/casas-o-casa-en-condominio-o-departamentos-en-venta-en-edo.-de-mexico-ordenado-por-fechaonline-descendente.html-pagina-19.html
https://www.inmuebles24.com/propiedades/clasificado/veclcain-casa-en-venta-en-ciudad-satelite-naucalpan-de-juarez-150763480.html,5560000,"MN 5,560,000",MXN,venta,Casa,Ciudad Satélite,Naucalpan de Juárez,Edo. de México,144.0,136.0,Publicado hace 3 días,2026-08-10T23:57:28Z,2026-08-13T21:41:19.230686+00:00,https://www.inmuebles24.com/casas-o-casa-en-condominio-o-departamentos-en-venta-en-edo.-de-mexico-ordenado-por-fechaonline-descendente.html-pagina-19.html
https://www.inmuebles24.com/propiedades/clasificado/veclcain-casa-en-venta-en-hacienda-san-jose-150757003.html,6000000,"MN 6,000,000",MXN,venta,Casa,Hacienda San José,Toluca,Edo. de México,304.0,377.0,Publicado hace 3 días,2026-08-10T13:38:34Z,2026-08-13T21:41:19.230686+00:00,https://www.inmuebles24.com/casas-o-casa-en-condominio-o-departamentos-en-venta-en-edo.-de-mexico-ordenado-por-fechaonline-descendente.html-pagina-19.html
https://www.inmuebles24.com/propiedades/clasificado/veclcain-casa-en-venta-en-ixtapaluca-150758376.html,700000,"MN 700,000",MXN,venta,Casa,,Ixtapaluca,Edo. de México,60.0,60.0,Publicado hace 3 días,2026-08-10T17:29:41Z,2026-08-13T21:41:19.230686+00:00,https://www.inmuebles24.com/casas-o-casa-en-condominio-o-departamentos-en-venta-en-edo.-de-mexico-ordenado-por-fechaonline-descendente.html-pagina-19.html
https://www.inmuebles24.com/propiedades/clasificado/veclcain-casa-en-venta-en-metepec-estado-de-mexico-150764084.html,8950000,"MN 8,950,000",MXN,venta,Casa,Condado del Valle,Metepec,Edo. de México,341.0,216.0,Publicado hace 3 días,2026-08-11T01:02:39Z,2026-08-13T21:41:19.230686+00:00,https://www.inmuebles24.com/casas-o-casa-en-condominio-o-departamentos-en-venta-en-edo.-de-mexico-ordenado-por-fechaonline-descendente.html-pagina-19.html
https://www.inmuebles24.com/propiedades/clasificado/veclcain-casa-en-venta-en-metepec-los-cedros-150757016.html,3980000,"MN 3,980,000",MXN,venta,Casa,Los Cedros,Metepec,Edo. de México,200.0,110.0,Publicado hace 3 días,2026-08-10T13:47:58Z,2026-08-13T21:41:19.230686+00:00,https://www.inmuebles24.com/casas-o-casa-en-condominio-o-departamentos-en-venta-en-edo.-de-mexico-ordenado-por-fechaonline-descendente.html-pagina-19.html
https://www.inmuebles24.com/propiedades/clasificado/veclcain-casa-en-venta-en-san-carlos-150757061.html,58000000,"MN 58,000,000",MXN,venta,Casa,San Carlos,Metepec,Edo. de México,961.0,1297.0,Publicado hace 3 días,2026-08-10T14:06:51Z,2026-08-13T21:41:19.230686+00:00,https://www.inmuebles24.com/casas-o-casa-en-condominio-o-departamentos-en-venta-en-edo.-de-mexico-ordenado-por-fechaonline-descendente.html-pagina-19.html
https://www.inmuebles24.com/propiedades/clasificado/veclcain-casa-en-venta-en-tecamachalco-150762263.html,18000000,"MN 18,000,000",MXN,venta,Casa,Lomas de Tecamachalco,Naucalpan de Juárez,Edo. de México,300.0,400.0,Publicado hace 3 días,2026-08-10T22:25:31Z,2026-08-13T21:41:19.230686+00:00,https://www.inmuebles24.com/casas-o-casa-en-condominio-o-departamentos-en-venta-en-edo.-de-mexico-ordenado-por-fechaonline-descendente.html-pagina-19.html
https://www.inmuebles24.com/propiedades/clasificado/veclcain-casa-en-venta-fraccionamiento-hacienda-cuautitlan-150762463.html,1268000,"MN 1,268,000",MXN,venta,Casa,Hacienda de Cuautitlán,Cuautitlán,Edo. de México,65.0,55.0,Publicado hace 3 días,2026-08-10T22:41:57Z,2026-08-13T21:41:19.230686+00:00,https://www.inmuebles24.com/casas-o-casa-en-condominio-o-departamentos-en-venta-en-edo.-de-mexico-ordenado-por-fechaonline-descendente.html-pagina-19.html
https://www.inmuebles24.com/propiedades/clasificado/veclcain-casa-en-venta-jardines-de-san-mateo-150761430.html,4200000,"MN 4,200,000",MXN,venta,Casa,Residencial San Mateo,Atizapán de Zaragoza,Edo. de México,100.0,226.0,Publicado hace 3 días,2026-08-10T21:01:24Z,2026-08-13T21:41:19.230686+00:00,https://www.inmuebles24.com/casas-o-casa-en-condominio-o-departamentos-en-venta-en-edo.-de-mexico-ordenado-por-fechaonline-descendente.html-pagina-19.html
https://www.inmuebles24.com/propiedades/clasificado/veclcain-casa-en-venta-real-del-bosque-tultitlan-estado-de-150761998.html,1278000,"MN 1,278,000",MXN,venta,Casa,Real del Bosque,Tultitlán,Edo. de México,67.0,72.0,Publicado hace 3 días,2026-08-10T22:00:21Z,2026-08-13T21:41:19.230686+00:00,https://www.inmuebles24.com/casas-o-casa-en-condominio-o-departamentos-en-venta-en-edo.-de-mexico-ordenado-por-fechaonline-descendente.html-pagina-19.html
https://www.inmuebles24.com/propiedades/clasificado/veclcain-hermosa-casa-en-venta-en-valle-de-bravo-150762176.html,9250000,"MN 9,250,000",MXN,venta,Casa,Avandaro,Valle de Bravo,Edo. de México,350.0,454.0,Publicado hace 3 días,2026-08-10T22:19:04Z,2026-08-13T21:42:19.027834+00:00,https://www.inmuebles24.com/casas-o-casa-en-condominio-o-departamentos-en-venta-en-edo.-de-mexico-ordenado-por-fechaonline-descendente.html-pagina-19.html
https://www.inmuebles24.com/propiedades/clasificado/veclcain-residencia-en-venta-en-paseo-de-la-herradura-150757318.html,14500000,"MN 14,500,000",MXN,venta,Casa,Lomas de la Herradura,Huixquilucan,Edo. de México,450.0,400.0,Publicado hace 3 días,2026-08-10T15:30:18Z,2026-08-13T21:42:19.027834+00:00,https://www.inmuebles24.com/casas-o-casa-en-condominio-o-departamentos-en-venta-en-edo.-de-mexico-ordenado-por-fechaonline-descendente.html-pagina-19.html
https://www.inmuebles24.com/propiedades/clasificado/veclcain-venta-casa-con-vista-al-lago-en-valle-de-bravo-150762227.html,20000000,"MN 20,000,000",MXN,venta,Casa,Santa María Ahuacatlan,Valle de Bravo,Edo. de México,401.0,685.0,Publicado hace 3 días,2026-08-10T22:23:31Z,2026-08-13T21:42:19.027834+00:00,https://www.inmuebles24.com/casas-o-casa-en-condominio-o-departamentos-en-venta-en-edo.-de-mexico-ordenado-por-fechaonline-descendente.html-pagina-19.html
https://www.inmuebles24.com/propiedades/clasificado/veclcain-venta-residencia-con-5-terrazas-jardin-en-lomas-de-150759630.html,11000000,"MN 11,000,000",MXN,venta,Casa,Lomas de Bellavista,Atizapán de Zaragoza,Edo. de México,353.0,239.0,Publicado hace 3 días,2026-08-10T18:46:51Z,2026-08-13T21:42:19.027834+00:00,https://www.inmuebles24.com/casas-o-casa-en-condominio-o-departamentos-en-venta-en-edo.-de-mexico-ordenado-por-fechaonline-descendente.html-pagina-19.html
https://www.inmuebles24.com/propiedades/clasificado/veclccin-colinas-ii:-casa-en-condominio-en-venta-en-residencial-150758818.html,6850000,"MN 6,850,000",MXN,venta,Casa en condominio,Residencial Lago Esmeralda,Atizapán de Zaragoza,Edo. de México,214.0,90.0,Publicado hace 3 días,2026-08-10T18:06:52Z,2026-08-13T21:42:19.027834+00:00,https://www.inmuebles24.com/casas-o-casa-en-condominio-o-departamentos-en-venta-en-edo.-de-mexico-ordenado-por-fechaonline-descendente.html-pagina-19.html
https://www.inmuebles24.com/propiedades/clasificado/veclccin-residencial-la-magdalena-1-metepec-150758662.html,6200000,"MN 6,200,000",MXN,venta,Casa en condominio,Santa María Magdalena OcotitlAn,Metepec,Edo. de México,346.0,305.0,Publicado hace 3 días,2026-08-10T17:57:59Z,2026-08-13T21:42:19.027834+00:00,https://www.inmuebles24.com/casas-o-casa-en-condominio-o-departamentos-en-venta-en-edo.-de-mexico-ordenado-por-fechaonline-descendente.html-pagina-19.html
https://www.inmuebles24.com/propiedades/clasificado/veclccin-residencial-real-del-country:-casa-en-condominio-en-150757636.html,41400000,"MN 41,400,000",MXN,venta,Casa en condominio,Lomas Country Club,Huixquilucan,Edo. de México,1200.0,772.0,Publicado hace 3 días,2026-08-10T16:17:46Z,2026-08-13T21:42:19.027834+00:00,https://www.inmuebles24.com/casas-o-casa-en-condominio-o-departamentos-en-venta-en-edo.-de-mexico-ordenado-por-fechaonline-descendente.html-pagina-19.html
https://www.inmuebles24.com/propiedades/clasificado/veclccin-venta-de-casa-en-condominio-tonanitla-alvaro-obregon-150761371.html,1664000,"MN 1,664,000",MXN,venta,Casa en condominio,,Tonanitla,Edo. de México,52.0,52.0,Publicado hace 3 días,2026-08-10T20:55:55Z,2026-08-13T21:42:19.027834+00:00,https://www.inmuebles24.com/casas-o-casa-en-condominio-o-departamentos-en-venta-en-edo.-de-mexico-ordenado-por-fechaonline-descendente.html-pagina-19.html
https://www.inmuebles24.com/propiedades/clasificado/veclccin-venta-renta-villa-en-valle-de-bravo-150762220.html,9200000,"MN 9,200,000",MXN,venta,Casa en condominio,Santa María Ahuacatlan,Valle de Bravo,Edo. de México,166.0,284.0,Publicado hace 3 días,2026-08-10T22:22:33Z,2026-08-13T21:42:19.027834+00:00,https://www.inmuebles24.com/casas-o-casa-en-condominio-o-departamentos-en-venta-en-edo.-de-mexico-ordenado-por-fechaonline-descendente.html-pagina-19.html
https://www.inmuebles24.com/propiedades/clasificado/veclapin-amplio-departamento-de-3-habitaciones-2-banos-150765473.html,3200000,"MN 3,200,000",MXN,venta,Apartamento,San Lucas Tepetlacalco,Tlalnepantla de Baz,Edo. de México,136.0,136.0,Publicado hace 3 días,2026-08-11T03:15:27Z,2026-08-13T21:42:19.027834+00:00,https://www.inmuebles24.com/casas-o-casa-en-condominio-o-departamentos-en-venta-en-edo.-de-mexico-ordenado-por-fechaonline-descendente.html-pagina-20.html
https://www.inmuebles24.com/propiedades/clasificado/veclapin-departamento-de-lujo-en-venta-volterra-luxury-150758679.html,5500000,"MN 5,500,000",MXN,venta,Apartamento,Coaxustenco,Metepec,Edo. de México,193.0,193.0,Publicado hace 3 días,2026-08-10T17:59:08Z,2026-08-13T21:43:25.573954+00:00,https://www.inmuebles24.com/casas-o-casa-en-condominio-o-departamentos-en-venta-en-edo.-de-mexico-ordenado-por-fechaonline-descendente.html-pagina-20.html
https://www.inmuebles24.com/propiedades/clasificado/veclapin-departamento-en-lomas-de-atizapan-150702889.html,1795000,"MN 1,795,000",MXN,venta,Apartamento,Lomas de Atizapán,Atizapán de Zaragoza,Edo. de México,95.0,95.0,Publicado hace 3 días,2026-08-03T21:53:29Z,2026-08-13T21:43:25.573954+00:00,https://www.inmuebles24.com/casas-o-casa-en-condominio-o-departamentos-en-venta-en-edo.-de-mexico-ordenado-por-fechaonline-descendente.html-pagina-20.html
https://www.inmuebles24.com/propiedades/clasificado/veclapin-departamento-en-venta-en-bosque-real-150760386.html,8800000,"MN 8,800,000",MXN,venta,Apartamento,Bosque Real,Huixquilucan,Edo. de México,190.0,190.0,Publicado hace 3 días,2026-08-10T19:33:23Z,2026-08-13T21:43:25.573954+00:00,https://www.inmuebles24.com/casas-o-casa-en-condominio-o-departamentos-en-venta-en-edo.-de-mexico-ordenado-por-fechaonline-descendente.html-pagina-20.html
https://www.inmuebles24.com/propiedades/clasificado/veclapin-departamentos-en-venta-en-loma-cuspide-a-estrenar-150758235.html,689234079,"MN 689,234,079",MXN,venta,Apartamento,,Naucalpan de Juárez,Edo. de México,167.0,205.0,Publicado hace 3 días,2026-08-10T17:14:11Z,2026-08-13T21:43:25.573954+00:00,https://www.inmuebles24.com/casas-o-casa-en-condominio-o-departamentos-en-venta-en-edo.-de-mexico-ordenado-por-fechaonline-descendente.html-pagina-20.html
https://www.inmuebles24.com/propiedades/clasificado/veclapin-venta-departamento-interlomas-150757581.html,16900000,"MN 16,900,000",MXN,venta,Apartamento,Lomas Country Club,Huixquilucan,Edo. de México,434.0,434.0,Publicado hace 3 días,2026-08-10T16:09:54Z,2026-08-13T21:43:25.573954+00:00,https://www.inmuebles24.com/casas-o-casa-en-condominio-o-departamentos-en-venta-en-edo.-de-mexico-ordenado-por-fechaonline-descendente.html-pagina-20.html
https://www.inmuebles24.com/propiedades/clasificado/veclcain-casa-en-fraccionamiento-las-misiones-150760841.html,1933500,"MN 1,933,500",MXN,venta,Casa,,Toluca,Edo. de México,89.0,89.0,Publicado hace 3 días,2026-08-10T20:07:40Z,2026-08-13T21:43:25.573954+00:00,https://www.inmuebles24.com/casas-o-casa-en-condominio-o-departamentos-en-venta-en-edo.-de-mexico-ordenado-por-fechaonline-descendente.html-pagina-20.html
https://www.inmuebles24.com/propiedades/clasificado/veclcain-casa-en-san-diego-linares-150761782.html,896000,"MN 896,000",MXN,venta,Casa,San Diego Linares,Toluca,Edo. de México,64.0,64.0,Publicado hace 3 días,2026-08-10T21:36:44Z,2026-08-13T21:43:25.573954+00:00,https://www.inmuebles24.com/casas-o-casa-en-condominio-o-departamentos-en-venta-en-edo.-de-mexico-ordenado-por-fechaonline-descendente.html-pagina-20.html
https://www.inmuebles24.com/propiedades/clasificado/veclcain-casa-en-venta-c.-tlaloc-chimalhuacan-con-deptos.-150756864.html,1850000,"MN 1,850,000",MXN,venta,Casa,Acuitlapilco,Chimalhuacán,Edo. de México,150.0,200.0,Publicado hace 3 días,2026-08-10T08:54:23Z,2026-08-13T21:43:25.573954+00:00,https://www.inmuebles24.com/casas-o-casa-en-condominio-o-departamentos-en-venta-en-edo.-de-mexico-ordenado-por-fechaonline-descendente.html-pagina-20.html
https://www.inmuebles24.com/propiedades/clasificado/veclcain-casa-en-venta-en-bosques-de-la-herradura-150760883.html,15900000,"MN 15,900,000",MXN,venta,Casa,Bosques de la Herradura,Huixquilucan,Edo. de México,452.0,348.0,Publicado hace 3 días,2026-08-10T20:12:41Z,2026-08-13T21:43:25.573954+00:00,https://www.inmuebles24.com/casas-o-casa-en-condominio-o-departamentos-en-venta-en-edo.-de-mexico-ordenado-por-fechaonline-descendente.html-pagina-20.html
https://www.inmuebles24.com/propiedades/clasificado/veclcain-casa-en-venta-en-metepec-el-campanario-150757021.html,5500000,"MN 5,500,000",MXN,venta,Casa,Santiaguito,Metepec,Edo. de México,166.0,288.0,Publicado hace 3 días,2026-08-10T13:51:53Z,2026-08-13T21:43:25.573954+00:00,https://www.inmuebles24.com/casas-o-casa-en-condominio-o-departamentos-en-venta-en-edo.-de-mexico-ordenado-por-fechaonline-descendente.html-pagina-20.html
https://www.inmuebles24.com/propiedades/clasificado/veclcain-casa-en-venta-lomas-de-tecamachalco-150761901.html,12000000,"MN 12,000,000",MXN,venta,Casa,Lomas de Tecamachalco,Naucalpan de Juárez,Edo. de México,400.0,270.0,Publicado hace 3 días,2026-08-10T21:51:05Z,2026-08-13T21:44:31.301140+00:00,https://www.inmuebles24.com/casas-o-casa-en-condominio-o-departamentos-en-venta-en-edo.-de-mexico-ordenado-por-fechaonline-descendente.html-pagina-20.html
https://www.inmuebles24.com/propiedades/clasificado/veclcain-casa-lomas-hipodromo-150761285.html,15000000,"MN 15,000,000",MXN,venta,Casa,Lomas Hipódromo,Naucalpan de Juárez,Edo. de México,420.0,412.0,Publicado hace 3 días,2026-08-10T20:47:41Z,2026-08-13T21:44:31.301140+00:00,https://www.inmuebles24.com/casas-o-casa-en-condominio-o-departamentos-en-venta-en-edo.-de-mexico-ordenado-por-fechaonline-descendente.html-pagina-20.html
https://www.inmuebles24.com/propiedades/clasificado/veclcain-casa-nueva-en-ocoyoacac-3-recamaras-con-bano-150762641.html,4971742,"MN 4,971,742",MXN,venta,Casa,San Pedro Cholula,Ocoyoacac,Edo. de México,166.0,121.0,Publicado hace 3 días,2026-08-10T23:00:42Z,2026-08-13T21:44:31.301140+00:00,https://www.inmuebles24.com/casas-o-casa-en-condominio-o-departamentos-en-venta-en-edo.-de-mexico-ordenado-por-fechaonline-descendente.html-pagina-20.html
https://www.inmuebles24.com/propiedades/clasificado/veclcain-casa-santa-maria-150757113.html,4550000,"MN 4,550,000",MXN,venta,Casa,Santa María,San Mateo Atenco,Edo. de México,200.0,152.0,Publicado hace 3 días,2026-08-10T14:32:07Z,2026-08-13T21:44:31.301140+00:00,https://www.inmuebles24.com/casas-o-casa-en-condominio-o-departamentos-en-venta-en-edo.-de-mexico-ordenado-por-fechaonline-descendente.html-pagina-20.html
https://www.inmuebles24.com/propiedades/clasificado/veclcain-casas-desde-$1-790-000-de-3-niveles.-en-tecamac-a-25-150761512.html,1790000,"MN 1,790,000",MXN,venta,Casa,,Tecámac,Edo. de México,65.0,65.0,Publicado hace 3 días,2026-08-10T21:08:25Z,2026-08-13T21:44:31.301140+00:00,https://www.inmuebles24.com/casas-o-casa-en-condominio-o-departamentos-en-venta-en-edo.-de-mexico-ordenado-por-fechaonline-descendente.html-pagina-20.html
https://www.inmuebles24.com/propiedades/clasificado/veclcain-casas-nuevas-en-tecamac-desde-$1-435-000-de-3-rec.-150761172.html,1435000,"MN 1,435,000",MXN,venta,Casa,,Tecámac,Edo. de México,65.0,65.0,Publicado hace 3 días,2026-08-10T20:37:46Z,2026-08-13T21:44:31.301140+00:00,https://www.inmuebles24.com/casas-o-casa-en-condominio-o-departamentos-en-venta-en-edo.-de-mexico-ordenado-por-fechaonline-descendente.html-pagina-20.html
https://www.inmuebles24.com/propiedades/clasificado/veclcain-cesion-de-derechos-en-bosques-de-los-laureles-25-150761242.html,528499,"MN 528,499",MXN,venta,Casa,Los Héroes Tecámac,Tecámac,Edo. de México,50.0,50.0,Publicado hace 3 días,2026-08-10T20:43:11Z,2026-08-13T21:44:31.301140+00:00,https://www.inmuebles24.com/casas-o-casa-en-condominio-o-departamentos-en-venta-en-edo.-de-mexico-ordenado-por-fechaonline-descendente.html-pagina-20.html
https://www.inmuebles24.com/propiedades/clasificado/veclcain-preventa-de-casa-residencial-valle-de-bravo-150762209.html,23000000,"MN 23,000,000",MXN,venta,Casa,Monte Alto,Valle de Bravo,Edo. de México,430.0,400.0,Publicado hace 3 días,2026-08-10T22:21:53Z,2026-08-13T21:44:31.301140+00:00,https://www.inmuebles24.com/casas-o-casa-en-condominio-o-departamentos-en-venta-en-edo.-de-mexico-ordenado-por-fechaonline-descendente.html-pagina-20.html
https://www.inmuebles24.com/propiedades/clasificado/veclcain-venta-casa-en-condominio-lomas-verdes-naucalpan-edo-150761764.html,4600000,"MN 4,600,000",MXN,venta,Casa,Los Alamos,Naucalpan de Juárez,Edo. de México,120.0,120.0,Publicado hace 3 días,2026-08-10T21:34:15Z,2026-08-13T21:44:31.301140+00:00,https://www.inmuebles24.com/casas-o-casa-en-condominio-o-departamentos-en-venta-en-edo.-de-mexico-ordenado-por-fechaonline-descendente.html-pagina-20.html
https://www.inmuebles24.com/propiedades/clasificado/veclcain-venta-casa-en-lomas-de-bellavista-150760620.html,6540000,"MN 6,540,000",MXN,venta,Casa,Lomas de Bellavista,Atizapán de Zaragoza,Edo. de México,290.0,422.0,Publicado hace 3 días,2026-08-10T19:50:28Z,2026-08-13T21:44:31.301140+00:00,https://www.inmuebles24.com/casas-o-casa-en-condominio-o-departamentos-en-venta-en-edo.-de-mexico-ordenado-por-fechaonline-descendente.html-pagina-20.html
https://www.inmuebles24.com/propiedades/clasificado/veclcapa-casa-en-venta-en-vista-del-valle-naucalpan-150756717.html,9300000,"MN 9,300,000",MXN,venta,Casa,Vista del Valle,Naucalpan de Juárez,Edo. de México,300.0,240.0,Publicado hace 3 días,2026-08-10T05:37:31Z,2026-08-13T21:45:30.951840+00:00,https://www.inmuebles24.com/casas-o-casa-en-condominio-o-departamentos-en-venta-en-edo.-de-mexico-ordenado-por-fechaonline-descendente.html-pagina-20.html
https://www.inmuebles24.com/propiedades/clasificado/veclcapa-se-vende-casa-en-las-alamedas-150762882.html,3890000,"MN 3,890,000",MXN,venta,Casa,Las Alamedas,Atizapán de Zaragoza,Edo. de México,160.0,180.0,Publicado hace 3 días,2026-08-10T23:25:03Z,2026-08-13T21:45:30.951840+00:00,https://www.inmuebles24.com/casas-o-casa-en-condominio-o-departamentos-en-venta-en-edo.-de-mexico-ordenado-por-fechaonline-descendente.html-pagina-20.html
https://www.inmuebles24.com/propiedades/clasificado/veclccin--estrena-hoy!-hermosa-casa-nueva-de-3-recamaras-en-150761093.html,3200000,"MN 3,200,000",MXN,venta,Casa en condominio,La Crespa,Toluca,Edo. de México,126.0,126.0,Publicado hace 3 días,2026-08-10T20:31:27Z,2026-08-13T21:45:30.951840+00:00,https://www.inmuebles24.com/casas-o-casa-en-condominio-o-departamentos-en-venta-en-edo.-de-mexico-ordenado-por-fechaonline-descendente.html-pagina-20.html
https://www.inmuebles24.com/propiedades/clasificado/veclccin-casa-en-condominio-con-bonita-vista.-avandaro-150757524.html,16000000,"MN 16,000,000",MXN,venta,Casa en condominio,Avandaro,Valle de Bravo,Edo. de México,380.0,1000.0,Publicado hace 3 días,2026-08-10T16:01:11Z,2026-08-13T21:45:30.951840+00:00,https://www.inmuebles24.com/casas-o-casa-en-condominio-o-departamentos-en-venta-en-edo.-de-mexico-ordenado-por-fechaonline-descendente.html-pagina-20.html
https://www.inmuebles24.com/propiedades/clasificado/veclccin-casa-en-condominio-vitalia-en-venta-san-mateo-atenco-150763996.html,6500000,"MN 6,500,000",MXN,venta,Casa en condominio,San Francisco,San Mateo Atenco,Edo. de México,203.0,203.0,Publicado hace 3 días,2026-08-11T00:50:17Z,2026-08-13T21:45:30.951840+00:00,https://www.inmuebles24.com/casas-o-casa-en-condominio-o-departamentos-en-venta-en-edo.-de-mexico-ordenado-por-fechaonline-descendente.html-pagina-20.html
https://www.inmuebles24.com/propiedades/clasificado/veclccin-casa-en-venta-condominio-vitalia-san-mateo-atenco-150763995.html,7600000,"MN 7,600,000",MXN,venta,Casa en condominio,San Francisco,San Mateo Atenco,Edo. de México,203.0,203.0,Publicado hace 3 días,2026-08-11T00:50:17Z,2026-08-13T21:45:30.951840+00:00,https://www.inmuebles24.com/casas-o-casa-en-condominio-o-departamentos-en-venta-en-edo.-de-mexico-ordenado-por-fechaonline-descendente.html-pagina-20.html
https://www.inmuebles24.com/propiedades/clasificado/veclccin-casa-en-venta-en-fraccionamiento-bonanza-metepec-150760337.html,3500000,"MN 3,500,000",MXN,venta,Casa en condominio,Urbano Bonanza,Metepec,Edo. de México,160.0,160.0,Publicado hace 3 días,2026-08-10T19:29:26Z,2026-08-13T21:45:30.951840+00:00,https://www.inmuebles24.com/casas-o-casa-en-condominio-o-departamentos-en-venta-en-edo.-de-mexico-ordenado-por-fechaonline-descendente.html-pagina-20.html
https://www.inmuebles24.com/propiedades/clasificado/veclccin-casa-en-venta-en-metepec-bosques-de-sauces-150757045.html,5400000,"MN 5,400,000",MXN,venta,Casa en condominio,Lázaro Cárdenas,Metepec,Edo. de México,214.0,290.0,Publicado hace 3 días,2026-08-10T14:03:09Z,2026-08-13T21:45:30.951840+00:00,https://www.inmuebles24.com/casas-o-casa-en-condominio-o-departamentos-en-venta-en-edo.-de-mexico-ordenado-por-fechaonline-descendente.html-pagina-20.html
https://www.inmuebles24.com/propiedades/clasificado/veclccin-casa-en-venta-en-metepec-condominio-condado-del-valle-150763992.html,6500000,"MN 6,500,000",MXN,venta,Casa en condominio,,Metepec,Edo. de México,220.0,220.0,Publicado hace 3 días,2026-08-11T00:50:17Z,2026-08-13T21:45:30.951840+00:00,https://www.inmuebles24.com/casas-o-casa-en-condominio-o-departamentos-en-venta-en-edo.-de-mexico-ordenado-por-fechaonline-descendente.html-pagina-20.html
https://www.inmuebles24.com/propiedades/clasificado/veclapin-departamento-amplio-en-venta-en-chalco-estado-de-150756578.html,902000,"MN 902,000",MXN,venta,Apartamento,,Chalco,Edo. de México,50.0,50.0,Publicado hace 3 días,2026-08-10T04:23:18Z,2026-08-13T21:45:30.951840+00:00,https://www.inmuebles24.com/casas-o-casa-en-condominio-o-departamentos-en-venta-en-edo.-de-mexico-ordenado-por-fechaonline-descendente.html-pagina-21.html
https://www.inmuebles24.com/propiedades/clasificado/veclapin-departamento-amplio-en-venta-en-chalco-estado-de-150756588.html,1204000,"MN 1,204,000",MXN,venta,Apartamento,,Chalco,Edo. de México,72.0,72.0,Publicado hace 3 días,2026-08-10T04:31:02Z,2026-08-13T21:46:37.998424+00:00,https://www.inmuebles24.com/casas-o-casa-en-condominio-o-departamentos-en-venta-en-edo.-de-mexico-ordenado-por-fechaonline-descendente.html-pagina-21.html
https://www.inmuebles24.com/propiedades/clasificado/veclapin-departamento-nuevo-en-venta-en-chalco-estado-de-mexico-150756553.html,902000,"MN 902,000",MXN,venta,Apartamento,,Chalco,Edo. de México,50.0,50.0,Publicado hace 3 días,2026-08-10T04:14:16Z,2026-08-13T21:46:37.998424+00:00,https://www.inmuebles24.com/casas-o-casa-en-condominio-o-departamentos-en-venta-en-edo.-de-mexico-ordenado-por-fechaonline-descendente.html-pagina-21.html
https://www.inmuebles24.com/propiedades/clasificado/veclapin-departamento-nuevo-y-amplio-en-chalco-estado-de-mexico-150756612.html,1204000,"MN 1,204,000",MXN,venta,Apartamento,,Chalco,Edo. de México,72.0,72.0,Publicado hace 3 días,2026-08-10T04:36:58Z,2026-08-13T21:46:37.998424+00:00,https://www.inmuebles24.com/casas-o-casa-en-condominio-o-departamentos-en-venta-en-edo.-de-mexico-ordenado-por-fechaonline-descendente.html-pagina-21.html
https://www.inmuebles24.com/propiedades/clasificado/veclapin-venta-ph-con-gran-terraza-6ta-seccion-lomas-verdes-150761059.html,11000000,"MN 11,000,000",MXN,venta,Apartamento,Lomas Verdes,Naucalpan de Juárez,Edo. de México,348.0,348.0,Publicado hace 3 días,2026-08-10T20:28:10Z,2026-08-13T21:46:37.998424+00:00,https://www.inmuebles24.com/casas-o-casa-en-condominio-o-departamentos-en-venta-en-edo.-de-mexico-ordenado-por-fechaonline-descendente.html-pagina-21.html
https://www.inmuebles24.com/propiedades/clasificado/veclappa-departamento-en-planta-baja-en-bosque-de-la-hacienda-150761029.html,990000,"MN 990,000",MXN,venta,Apartamento,Bosques de la Hacienda,Cuautitlán Izcalli,Edo. de México,59.0,,Publicado hace 3 días,2026-08-10T20:25:33Z,2026-08-13T21:46:37.998424+00:00,https://www.inmuebles24.com/casas-o-casa-en-condominio-o-departamentos-en-venta-en-edo.-de-mexico-ordenado-por-fechaonline-descendente.html-pagina-21.html
https://www.inmuebles24.com/propiedades/clasificado/veclappa-gran-vista-depa-en-lomas-verdes-150757177.html,6750000,"MN 6,750,000",MXN,venta,Apartamento,Lomas Verdes 1a Sección,Naucalpan de Juárez,Edo. de México,157.0,,Publicado hace 3 días,2026-08-10T14:55:55Z,2026-08-13T21:46:37.998424+00:00,https://www.inmuebles24.com/casas-o-casa-en-condominio-o-departamentos-en-venta-en-edo.-de-mexico-ordenado-por-fechaonline-descendente.html-pagina-21.html
https://www.inmuebles24.com/propiedades/clasificado/veclcain-casa-$1-100-000-heroes-tecamac.-tecamac-edomex.-150761904.html,1100000,"MN 1,100,000",MXN,venta,Casa,Los Héroes Tecámac,Tecámac,Edo. de México,62.0,62.0,Publicado hace 3 días,2026-08-10T21:52:04Z,2026-08-13T21:46:37.998424+00:00,https://www.inmuebles24.com/casas-o-casa-en-condominio-o-departamentos-en-venta-en-edo.-de-mexico-ordenado-por-fechaonline-descendente.html-pagina-21.html
https://www.inmuebles24.com/propiedades/clasificado/veclcain-casa-de-3-rec-en-fracc.-villas-del-volcan-tlalmanalco-150761767.html,1750000,"MN 1,750,000",MXN,venta,Casa,Santa María,Tlalmanalco,Edo. de México,96.0,126.0,Publicado hace 3 días,2026-08-10T21:34:39Z,2026-08-13T21:46:37.998424+00:00,https://www.inmuebles24.com/casas-o-casa-en-condominio-o-departamentos-en-venta-en-edo.-de-mexico-ordenado-por-fechaonline-descendente.html-pagina-21.html
https://www.inmuebles24.com/propiedades/clasificado/veclcain-casa-en-atizapan-de-zaragoza-150760637.html,4975000,"MN 4,975,000",MXN,venta,Casa,,Atizapán de Zaragoza,Edo. de México,236.0,236.0,Publicado hace 3 días,2026-08-10T19:53:10Z,2026-08-13T21:46:37.998424+00:00,https://www.inmuebles24.com/casas-o-casa-en-condominio-o-departamentos-en-venta-en-edo.-de-mexico-ordenado-por-fechaonline-descendente.html-pagina-21.html
https://www.inmuebles24.com/propiedades/clasificado/veclcain-casa-en-venta-en-ciudad-satelite-150759487.html,8900000,"MN 8,900,000",MXN,venta,Casa,Ciudad Satélite,Naucalpan de Juárez,Edo. de México,436.0,397.0,Publicado hace 3 días,2026-08-10T18:38:19Z,2026-08-13T21:46:37.998424+00:00,https://www.inmuebles24.com/casas-o-casa-en-condominio-o-departamentos-en-venta-en-edo.-de-mexico-ordenado-por-fechaonline-descendente.html-pagina-21.html
https://www.inmuebles24.com/propiedades/clasificado/veclcain-cesion-de-derechos-en-adolfo-de-la-huerta-150761239.html,612188,"MN 612,188",MXN,venta,Casa,Los Héroes Tecámac,Tecámac,Edo. de México,65.0,65.0,Publicado hace 3 días,2026-08-10T20:43:10Z,2026-08-13T21:47:38.819392+00:00,https://www.inmuebles24.com/casas-o-casa-en-condominio-o-departamentos-en-venta-en-edo.-de-mexico-ordenado-por-fechaonline-descendente.html-pagina-21.html
https://www.inmuebles24.com/propiedades/clasificado/veclcain-cesion-de-derechos-en-isidro-fabel-150761243.html,5277716,"MN 5,277,716",MXN,venta,Casa,Ahuizotla (Santiago Ahuizotla),Naucalpan de Juárez,Edo. de México,194.0,194.0,Publicado hace 3 días,2026-08-10T20:43:12Z,2026-08-13T21:47:38.819392+00:00,https://www.inmuebles24.com/casas-o-casa-en-condominio-o-departamentos-en-venta-en-edo.-de-mexico-ordenado-por-fechaonline-descendente.html-pagina-21.html
https://www.inmuebles24.com/propiedades/clasificado/veclcain-cesion-de-derechos-en-priv.-bremen-150761240.html,562968,"MN 562,968",MXN,venta,Casa,Villa del Real,Tecámac,Edo. de México,57.0,57.0,Publicado hace 3 días,2026-08-10T20:43:11Z,2026-08-13T21:47:38.819392+00:00,https://www.inmuebles24.com/casas-o-casa-en-condominio-o-departamentos-en-venta-en-edo.-de-mexico-ordenado-por-fechaonline-descendente.html-pagina-21.html
https://www.inmuebles24.com/propiedades/clasificado/veclcain-cesion-en-ejido-serrano-150761238.html,641898,"MN 641,898",MXN,venta,Casa,Portal Ojo de Agua,Tecámac,Edo. de México,70.0,70.0,Publicado hace 3 días,2026-08-10T20:43:10Z,2026-08-13T21:47:38.819392+00:00,https://www.inmuebles24.com/casas-o-casa-en-condominio-o-departamentos-en-venta-en-edo.-de-mexico-ordenado-por-fechaonline-descendente.html-pagina-21.html
https://www.inmuebles24.com/propiedades/clasificado/veclcain-venta-casa-en-bosque-de-echegaray-150760081.html,14900000,"MN 14,900,000",MXN,venta,Casa,Bosque de Echegaray,Naucalpan de Juárez,Edo. de México,512.0,247.0,Publicado hace 3 días,2026-08-10T19:13:01Z,2026-08-13T21:47:38.819392+00:00,https://www.inmuebles24.com/casas-o-casa-en-condominio-o-departamentos-en-venta-en-edo.-de-mexico-ordenado-por-fechaonline-descendente.html-pagina-21.html
https://www.inmuebles24.com/propiedades/clasificado/veclcain-venta-de-casa-a-estrenar-en-condominio-150764202.html,25000000,"MN 25,000,000",MXN,venta,Casa,Bosque Real,Huixquilucan,Edo. de México,351.0,351.0,Publicado hace 3 días,2026-08-11T01:20:34Z,2026-08-13T21:47:38.819392+00:00,https://www.inmuebles24.com/casas-o-casa-en-condominio-o-departamentos-en-venta-en-edo.-de-mexico-ordenado-por-fechaonline-descendente.html-pagina-21.html
https://www.inmuebles24.com/propiedades/clasificado/veclcapa--casa-en-venta-en-ojo-de-agua!-150759741.html,4200000,"MN 4,200,000",MXN,venta,Casa,Ojo de Agua,Tecámac,Edo. de México,276.0,276.0,Publicado hace 3 días,2026-08-10T19:00:37Z,2026-08-13T21:47:38.819392+00:00,https://www.inmuebles24.com/casas-o-casa-en-condominio-o-departamentos-en-venta-en-edo.-de-mexico-ordenado-por-fechaonline-descendente.html-pagina-21.html
https://www.inmuebles24.com/propiedades/clasificado/veclcapa-casa-en-venta-en-tecamac-150758492.html,1350000,"MN 1,350,000",MXN,venta,Casa,Los Héroes Tecámac,Tecámac,Edo. de México,100.0,65.0,Publicado hace 3 días,2026-08-10T17:43:42Z,2026-08-13T21:47:38.819392+00:00,https://www.inmuebles24.com/casas-o-casa-en-condominio-o-departamentos-en-venta-en-edo.-de-mexico-ordenado-por-fechaonline-descendente.html-pagina-21.html
https://www.inmuebles24.com/propiedades/clasificado/veclcapa-casa-en-venta-en-tecamac-150758622.html,1400000,"MN 1,400,000",MXN,venta,Casa,Los Héroes Tecámac,Tecámac,Edo. de México,94.0,61.0,Publicado hace 3 días,2026-08-10T17:55:42Z,2026-08-13T21:47:38.819392+00:00,https://www.inmuebles24.com/casas-o-casa-en-condominio-o-departamentos-en-venta-en-edo.-de-mexico-ordenado-por-fechaonline-descendente.html-pagina-21.html
https://www.inmuebles24.com/propiedades/clasificado/veclcapa-venta-casa-150757869.html,2999999,"MN 2,999,999",MXN,venta,Casa,Calimaya,Calimaya,Edo. de México,137.0,120.0,Publicado hace 3 días,2026-08-10T16:34:22Z,2026-08-13T21:47:38.819392+00:00,https://www.inmuebles24.com/casas-o-casa-en-condominio-o-departamentos-en-venta-en-edo.-de-mexico-ordenado-por-fechaonline-descendente.html-pagina-21.html
https://www.inmuebles24.com/propiedades/clasificado/veclcapa-venta-espectacular-casa-en-bosque-real-ubicada-en-150760600.html,32000000,"MN 32,000,000",MXN,venta,Casa,Bosque Real,Huixquilucan,Edo. de México,600.0,385.0,Publicado hace 3 días,2026-08-10T19:49:10Z,2026-08-13T21:48:44.131628+00:00,https://www.inmuebles24.com/casas-o-casa-en-condominio-o-departamentos-en-venta-en-edo.-de-mexico-ordenado-por-fechaonline-descendente.html-pagina-21.html
https://www.inmuebles24.com/propiedades/clasificado/veclccin--estrena-hoy!-hermosa-casa-nueva-de-3-recamaras-en-150761090.html,3200000,"MN 3,200,000",MXN,venta,Casa en condominio,La Crespa,Toluca,Edo. de México,126.0,126.0,Publicado hace 3 días,2026-08-10T20:31:14Z,2026-08-13T21:48:44.131628+00:00,https://www.inmuebles24.com/casas-o-casa-en-condominio-o-departamentos-en-venta-en-edo.-de-mexico-ordenado-por-fechaonline-descendente.html-pagina-21.html
https://www.inmuebles24.com/propiedades/clasificado/veclccin-casa-en-bosques-residencial-150763009.html,1632000,"MN 1,632,000",MXN,venta,Casa en condominio,Bosques Residencial,Zinacantepec,Edo. de México,100.0,100.0,Publicado hace 3 días,2026-08-10T23:37:53Z,2026-08-13T21:48:44.131628+00:00,https://www.inmuebles24.com/casas-o-casa-en-condominio-o-departamentos-en-venta-en-edo.-de-mexico-ordenado-por-fechaonline-descendente.html-pagina-21.html
https://www.inmuebles24.com/propiedades/clasificado/veclccin-casa-en-condominio-en-san-juan-de-las-huertas-150761389.html,1244400,"MN 1,244,400",MXN,venta,Casa en condominio,San Juan de las Huertas,Zinacantepec,Edo. de México,59.0,59.0,Publicado hace 3 días,2026-08-10T20:58:09Z,2026-08-13T21:48:44.131628+00:00,https://www.inmuebles24.com/casas-o-casa-en-condominio-o-departamentos-en-venta-en-edo.-de-mexico-ordenado-por-fechaonline-descendente.html-pagina-21.html
https://www.inmuebles24.com/propiedades/clasificado/veclccin-casa-en-venta-en-calimaya-150765338.html,2096800,"MN 2,096,800",MXN,venta,Casa en condominio,Santa María Rayón Centro,Rayón,Edo. de México,96.0,96.0,Publicado hace 3 días,2026-08-11T02:52:31Z,2026-08-13T21:48:44.131628+00:00,https://www.inmuebles24.com/casas-o-casa-en-condominio-o-departamentos-en-venta-en-edo.-de-mexico-ordenado-por-fechaonline-descendente.html-pagina-21.html
https://www.inmuebles24.com/propiedades/clasificado/veclccin-casa-en-venta-en-san-mateo-atenco-condominio-garza-150763991.html,4600000,"MN 4,600,000",MXN,venta,Casa en condominio,San Francisco,San Mateo Atenco,Edo. de México,223.0,223.0,Publicado hace 3 días,2026-08-11T00:50:17Z,2026-08-13T21:48:44.131628+00:00,https://www.inmuebles24.com/casas-o-casa-en-condominio-o-departamentos-en-venta-en-edo.-de-mexico-ordenado-por-fechaonline-descendente.html-pagina-21.html
https://www.inmuebles24.com/propiedades/clasificado/veclccin-exclusivas-casas-en-preventa-atizapan-de-zaragoza-150756814.html,7520000,"MN 7,520,000",MXN,venta,Casa en condominio,San Mateo Tecoloapan,Atizapán de Zaragoza,Edo. de México,125.0,150.0,Publicado hace 3 días,2026-08-10T07:08:14Z,2026-08-13T21:48:44.131628+00:00,https://www.inmuebles24.com/casas-o-casa-en-condominio-o-departamentos-en-venta-en-edo.-de-mexico-ordenado-por-fechaonline-descendente.html-pagina-21.html
https://www.inmuebles24.com/propiedades/clasificado/veclccpa-casa-muy-amplia-oportunidad-150764600.html,8800000,"MN 8,800,000",MXN,venta,Casa en condominio,Paseos del Bosque,Naucalpan de Juárez,Edo. de México,310.0,310.0,Publicado hace 3 días,2026-08-11T02:35:08Z,2026-08-13T21:48:44.131628+00:00,https://www.inmuebles24.com/casas-o-casa-en-condominio-o-departamentos-en-venta-en-edo.-de-mexico-ordenado-por-fechaonline-descendente.html-pagina-21.html
https://www.inmuebles24.com/propiedades/clasificado/veclccpa-estas-buscando-comprar-casa-150762901.html,2300000,"MN 2,300,000",MXN,venta,Casa en condominio,Calimaya,Calimaya,Edo. de México,98.0,135.0,Publicado hace 3 días,2026-08-10T23:26:17Z,2026-08-13T21:48:44.131628+00:00,https://www.inmuebles24.com/casas-o-casa-en-condominio-o-departamentos-en-venta-en-edo.-de-mexico-ordenado-por-fechaonline-descendente.html-pagina-21.html
https://www.inmuebles24.com/propiedades/clasificado/veclapin-departamento-con-terraza-en-6a-seccion-de-lomas-verdes-150754321.html,8800000,"MN 8,800,000",MXN,venta,Apartamento,Lomas Verdes 6a Sección,Naucalpan de Juárez,Edo. de México,267.0,267.0,Publicado hace 4 días,2026-08-09T06:40:31Z,2026-08-13T21:48:44.131628+00:00,https://www.inmuebles24.com/casas-o-casa-en-condominio-o-departamentos-en-venta-en-edo.-de-mexico-ordenado-por-fechaonline-descendente.html-pagina-22.html
https://www.inmuebles24.com/propiedades/clasificado/veclapin-departamento-con-terraza-en-venta-en-bosque-real-la-150754334.html,8000000,"MN 8,000,000",MXN,venta,Apartamento,Bosque Real,Huixquilucan,Edo. de México,230.0,230.0,Publicado hace 4 días,2026-08-09T06:40:33Z,2026-08-13T21:49:45.839607+00:00,https://www.inmuebles24.com/casas-o-casa-en-condominio-o-departamentos-en-venta-en-edo.-de-mexico-ordenado-por-fechaonline-descendente.html-pagina-22.html
https://www.inmuebles24.com/propiedades/clasificado/veclapin-departamento-con-terraza-en-venta-en-lomas-del-sol-150754391.html,7000000,"MN 7,000,000",MXN,venta,Apartamento,Lomas del Sol,Huixquilucan,Edo. de México,186.0,186.0,Publicado hace 4 días,2026-08-09T06:48:56Z,2026-08-13T21:49:45.839607+00:00,https://www.inmuebles24.com/casas-o-casa-en-condominio-o-departamentos-en-venta-en-edo.-de-mexico-ordenado-por-fechaonline-descendente.html-pagina-22.html
https://www.inmuebles24.com/propiedades/clasificado/veclapin-departamento-de-lujo-en-venta-en-interlomas-.-hacienda-150754397.html,8650000,"MN 8,650,000",MXN,venta,Apartamento,Hacienda de las Palmas,Huixquilucan,Edo. de México,165.0,165.0,Publicado hace 4 días,2026-08-09T06:48:58Z,2026-08-13T21:49:45.839607+00:00,https://www.inmuebles24.com/casas-o-casa-en-condominio-o-departamentos-en-venta-en-edo.-de-mexico-ordenado-por-fechaonline-descendente.html-pagina-22.html
https://www.inmuebles24.com/propiedades/clasificado/veclapin-departamento-en-venta-en-hacienda-del-ciervo-150754277.html,8900000,"MN 8,900,000",MXN,venta,Apartamento,Hacienda de las Palmas,Huixquilucan,Edo. de México,240.0,240.0,Publicado hace 4 días,2026-08-09T06:40:25Z,2026-08-13T21:49:45.839607+00:00,https://www.inmuebles24.com/casas-o-casa-en-condominio-o-departamentos-en-venta-en-edo.-de-mexico-ordenado-por-fechaonline-descendente.html-pagina-22.html
https://www.inmuebles24.com/propiedades/clasificado/veclapin-departamento-en-venta-en-hacienda-del-ciervo-150754278.html,8430000,"MN 8,430,000",MXN,venta,Apartamento,Hacienda de las Palmas,Huixquilucan,Edo. de México,260.0,260.0,Publicado hace 4 días,2026-08-09T06:40:26Z,2026-08-13T21:49:45.839607+00:00,https://www.inmuebles24.com/casas-o-casa-en-condominio-o-departamentos-en-venta-en-edo.-de-mexico-ordenado-por-fechaonline-descendente.html-pagina-22.html
https://www.inmuebles24.com/propiedades/clasificado/veclapin-departamento-en-venta-en-jesus-del-monte-interlomas-150754400.html,7500000,"MN 7,500,000",MXN,venta,Apartamento,Hacienda de las Palmas,Huixquilucan,Edo. de México,237.0,237.0,Publicado hace 4 días,2026-08-09T06:48:58Z,2026-08-13T21:49:45.839607+00:00,https://www.inmuebles24.com/casas-o-casa-en-condominio-o-departamentos-en-venta-en-edo.-de-mexico-ordenado-por-fechaonline-descendente.html-pagina-22.html
https://www.inmuebles24.com/propiedades/clasificado/veclapin-estrena-departamento-con-terraza-en-bosque-real-150754409.html,13250000,"MN 13,250,000",MXN,venta,Apartamento,Bosque Real,Huixquilucan,Edo. de México,216.0,216.0,Publicado hace 4 días,2026-08-09T06:49Z,2026-08-13T21:49:45.839607+00:00,https://www.inmuebles24.com/casas-o-casa-en-condominio-o-departamentos-en-venta-en-edo.-de-mexico-ordenado-por-fechaonline-descendente.html-pagina-22.html
https://www.inmuebles24.com/propiedades/clasificado/veclapin-estrena-departamento-en-lomas-de-tecamachalco-150754339.html,9900000,"MN 9,900,000",MXN,venta,Apartamento,Lomas de Tecamachalco Bosques I y II,Huixquilucan,Edo. de México,228.0,228.0,Publicado hace 4 días,2026-08-09T06:40:34Z,2026-08-13T21:49:45.839607+00:00,https://www.inmuebles24.com/casas-o-casa-en-condominio-o-departamentos-en-venta-en-edo.-de-mexico-ordenado-por-fechaonline-descendente.html-pagina-22.html
https://www.inmuebles24.com/propiedades/clasificado/veclapin-interlomas-depa-hacienda-del-ciervo-amueblado-150756194.html,7900000,"MN 7,900,000",MXN,venta,Apartamento,Hacienda de las Palmas,Huixquilucan,Edo. de México,190.0,200.0,Publicado hace 4 días,2026-08-10T01:40:30Z,2026-08-13T21:49:45.839607+00:00,https://www.inmuebles24.com/casas-o-casa-en-condominio-o-departamentos-en-venta-en-edo.-de-mexico-ordenado-por-fechaonline-descendente.html-pagina-22.html
https://www.inmuebles24.com/propiedades/clasificado/veclapin-nuevo-townhouse-departamento-en-venta-en-lomas-de-150754289.html,20000000,"MN 20,000,000",MXN,venta,Apartamento,Lomas de Tecamachalco Bosques I y II,Huixquilucan,Edo. de México,488.0,488.0,Publicado hace 4 días,2026-08-09T06:40:27Z,2026-08-13T21:49:45.839607+00:00,https://www.inmuebles24.com/casas-o-casa-en-condominio-o-departamentos-en-venta-en-edo.-de-mexico-ordenado-por-fechaonline-descendente.html-pagina-22.html
https://www.inmuebles24.com/propiedades/clasificado/veclapin-oportunidad-departamento-en-venta-en-bosque-real-150754303.html,18000000,"MN 18,000,000",MXN,venta,Apartamento,Bosque Real,Huixquilucan,Edo. de México,365.0,365.0,Publicado hace 4 días,2026-08-09T06:40:29Z,2026-08-13T21:50:52.333352+00:00,https://www.inmuebles24.com/casas-o-casa-en-condominio-o-departamentos-en-venta-en-edo.-de-mexico-ordenado-por-fechaonline-descendente.html-pagina-22.html
https://www.inmuebles24.com/propiedades/clasificado/veclcain-casa-bosque-real-150755783.html,55000000,"MN 55,000,000",MXN,venta,Casa,Bosque Real,Huixquilucan,Edo. de México,750.0,771.0,Publicado hace 4 días,2026-08-09T23:00:35Z,2026-08-13T21:50:52.333352+00:00,https://www.inmuebles24.com/casas-o-casa-en-condominio-o-departamentos-en-venta-en-edo.-de-mexico-ordenado-por-fechaonline-descendente.html-pagina-22.html
https://www.inmuebles24.com/propiedades/clasificado/veclcain-casa-cedros-150755914.html,22500000,"MN 22,500,000",MXN,venta,Casa,Club de Golf los Encinos,Lerma,Edo. de México,425.0,750.0,Publicado hace 4 días,2026-08-10T00:03:53Z,2026-08-13T21:50:52.333352+00:00,https://www.inmuebles24.com/casas-o-casa-en-condominio-o-departamentos-en-venta-en-edo.-de-mexico-ordenado-por-fechaonline-descendente.html-pagina-22.html
https://www.inmuebles24.com/propiedades/clasificado/veclcain-casa-con-seguridad-en-interlomas-150754254.html,15500000,"MN 15,500,000",MXN,venta,Casa,Hacienda de las Palmas,Huixquilucan,Edo. de México,460.0,434.0,Publicado hace 4 días,2026-08-09T06:40:23Z,2026-08-13T21:50:52.333352+00:00,https://www.inmuebles24.com/casas-o-casa-en-condominio-o-departamentos-en-venta-en-edo.-de-mexico-ordenado-por-fechaonline-descendente.html-pagina-22.html
https://www.inmuebles24.com/propiedades/clasificado/veclcain-casa-en-venta-con-jardin-y-terraza-doble-vigilancia-150754405.html,15500000,"MN 15,500,000",MXN,venta,Casa,Hacienda de las Palmas,Huixquilucan,Edo. de México,408.0,274.0,Publicado hace 4 días,2026-08-09T06:48:59Z,2026-08-13T21:50:52.333352+00:00,https://www.inmuebles24.com/casas-o-casa-en-condominio-o-departamentos-en-venta-en-edo.-de-mexico-ordenado-por-fechaonline-descendente.html-pagina-22.html
https://www.inmuebles24.com/propiedades/clasificado/veclcain-casa-en-venta-en-nu-haus-residencial-san-mateo-atenco-150762454.html,3150000,"MN 3,150,000",MXN,venta,Casa,San Francisco,San Mateo Atenco,Edo. de México,168.0,168.0,Publicado hace 3 días,2026-08-10T22:41:13Z,2026-08-13T21:50:52.333352+00:00,https://www.inmuebles24.com/casas-o-casa-en-condominio-o-departamentos-en-venta-en-edo.-de-mexico-ordenado-por-fechaonline-descendente.html-pagina-22.html
https://www.inmuebles24.com/propiedades/clasificado/veclcain-casa-estilo-europeo-150763630.html,8850000,"MN 8,850,000",MXN,venta,Casa,Hacienda de Echegaray,Naucalpan de Juárez,Edo. de México,295.0,295.0,Publicado hace 3 días,2026-08-11T00:24:34Z,2026-08-13T21:50:52.333352+00:00,https://www.inmuebles24.com/casas-o-casa-en-condominio-o-departamentos-en-venta-en-edo.-de-mexico-ordenado-por-fechaonline-descendente.html-pagina-22.html
https://www.inmuebles24.com/propiedades/clasificado/veclcain-casa-los-encinos-150755750.html,55000000,"MN 55,000,000",MXN,venta,Casa,Club de Golf los Encinos,Lerma,Edo. de México,1332.0,1823.0,Publicado hace 4 días,2026-08-09T22:38:07Z,2026-08-13T21:50:52.333352+00:00,https://www.inmuebles24.com/casas-o-casa-en-condominio-o-departamentos-en-venta-en-edo.-de-mexico-ordenado-por-fechaonline-descendente.html-pagina-22.html
https://www.inmuebles24.com/propiedades/clasificado/veclcain-casa-totalmente-remodelada-en-venta-en-fuentes-de-150762949.html,7550000,"MN 7,550,000",MXN,venta,Casa,Fuentes de Satélite,Atizapán de Zaragoza,Edo. de México,200.0,120.0,Publicado hace 3 días,2026-08-10T23:32:06Z,2026-08-13T21:50:52.333352+00:00,https://www.inmuebles24.com/casas-o-casa-en-condominio-o-departamentos-en-venta-en-edo.-de-mexico-ordenado-por-fechaonline-descendente.html-pagina-22.html
https://www.inmuebles24.com/propiedades/clasificado/veclcain-cesion-de-derehos-en-lago-erne-48-150761241.html,597702,"MN 597,702",MXN,venta,Casa,Ojo de Agua,Tecámac,Edo. de México,50.0,50.0,Publicado hace 3 días,2026-08-10T20:43:11Z,2026-08-13T21:50:52.333352+00:00,https://www.inmuebles24.com/casas-o-casa-en-condominio-o-departamentos-en-venta-en-edo.-de-mexico-ordenado-por-fechaonline-descendente.html-pagina-22.html
https://www.inmuebles24.com/propiedades/clasificado/veclcain-oportunidad-casa-con-jardin-en-venta-en-bosque-real-150754279.html,28000000,"MN 28,000,000",MXN,venta,Casa,Bosque Real,Huixquilucan,Edo. de México,669.0,558.0,Publicado hace 4 días,2026-08-09T06:40:26Z,2026-08-13T21:51:57.485930+00:00,https://www.inmuebles24.com/casas-o-casa-en-condominio-o-departamentos-en-venta-en-edo.-de-mexico-ordenado-por-fechaonline-descendente.html-pagina-22.html
https://www.inmuebles24.com/propiedades/clasificado/veclcain-oportunidad-casa-en-privada-en-venta-en-la-herradura-150754301.html,27900000,"MN 27,900,000",MXN,venta,Casa,Bosques de la Herradura,Huixquilucan,Edo. de México,942.0,662.0,Publicado hace 4 días,2026-08-09T06:40:29Z,2026-08-13T21:51:57.485930+00:00,https://www.inmuebles24.com/casas-o-casa-en-condominio-o-departamentos-en-venta-en-edo.-de-mexico-ordenado-por-fechaonline-descendente.html-pagina-22.html
https://www.inmuebles24.com/propiedades/clasificado/veclcain-oportunidad-casa-en-venta-en-lomas-de-tecamachalco-150754403.html,9490000,"MN 9,490,000",MXN,venta,Casa,Lomas de Tecamachalco Bosques I y II,Huixquilucan,Edo. de México,295.0,310.0,Publicado hace 4 días,2026-08-09T06:48:59Z,2026-08-13T21:51:57.485930+00:00,https://www.inmuebles24.com/casas-o-casa-en-condominio-o-departamentos-en-venta-en-edo.-de-mexico-ordenado-por-fechaonline-descendente.html-pagina-22.html
https://www.inmuebles24.com/propiedades/clasificado/veclcain-oportunidad-residencia-en-bosque-real-con-jardin-y-150754532.html,69000000,"MN 69,000,000",MXN,venta,Casa,Bosque Real,Huixquilucan,Edo. de México,1483.0,795.0,Publicado hace 4 días,2026-08-09T07:10:28Z,2026-08-13T21:51:57.485930+00:00,https://www.inmuebles24.com/casas-o-casa-en-condominio-o-departamentos-en-venta-en-edo.-de-mexico-ordenado-por-fechaonline-descendente.html-pagina-22.html
https://www.inmuebles24.com/propiedades/clasificado/veclcain-residencia-con-jardin-extraordinario-y-privacidad-150754401.html,14500000,"MN 14,500,000",MXN,venta,Casa,Jardines de San Mateo,Naucalpan de Juárez,Edo. de México,252.0,636.0,Publicado hace 4 días,2026-08-09T06:48:58Z,2026-08-13T21:51:57.485930+00:00,https://www.inmuebles24.com/casas-o-casa-en-condominio-o-departamentos-en-venta-en-edo.-de-mexico-ordenado-por-fechaonline-descendente.html-pagina-22.html
https://www.inmuebles24.com/propiedades/clasificado/veclcain-residencia-en-venta-en-privada-de-bosque-de-palmito-150754329.html,19900000,"MN 19,900,000",MXN,venta,Casa,Bosques de las Palmas,Huixquilucan,Edo. de México,762.0,545.0,Publicado hace 4 días,2026-08-09T06:40:32Z,2026-08-13T21:51:57.485930+00:00,https://www.inmuebles24.com/casas-o-casa-en-condominio-o-departamentos-en-venta-en-edo.-de-mexico-ordenado-por-fechaonline-descendente.html-pagina-22.html
https://www.inmuebles24.com/propiedades/clasificado/veclcain-venta-casa-en-condado-sayavedra-sheffield-150759539.html,17800000,"MN 17,800,000",MXN,venta,Casa,Condado de Sayavedra,Atizapán de Zaragoza,Edo. de México,480.0,600.0,Publicado hace 3 días,2026-08-10T18:40:50Z,2026-08-13T21:51:57.485930+00:00,https://www.inmuebles24.com/casas-o-casa-en-condominio-o-departamentos-en-venta-en-edo.-de-mexico-ordenado-por-fechaonline-descendente.html-pagina-22.html
https://www.inmuebles24.com/propiedades/clasificado/veclccin-casa-en-condominio-en-interlomas-en-venta-150754338.html,10700000,"MN 10,700,000",MXN,venta,Casa en condominio,Hacienda de las Palmas,Huixquilucan,Edo. de México,320.0,197.0,Publicado hace 4 días,2026-08-09T06:40:34Z,2026-08-13T21:51:57.485930+00:00,https://www.inmuebles24.com/casas-o-casa-en-condominio-o-departamentos-en-venta-en-edo.-de-mexico-ordenado-por-fechaonline-descendente.html-pagina-22.html
https://www.inmuebles24.com/propiedades/clasificado/veclccpa-venta-de-casa-150756534.html,16000000,"MN 16,000,000",MXN,venta,Casa en condominio,Lomas de Tecamachalco Bosques I y II,Huixquilucan,Edo. de México,700.0,852.0,Publicado hace 3 días,2026-08-10T04:02:38Z,2026-08-13T21:51:57.485930+00:00,https://www.inmuebles24.com/casas-o-casa-en-condominio-o-departamentos-en-venta-en-edo.-de-mexico-ordenado-por-fechaonline-descendente.html-pagina-22.html
https://www.inmuebles24.com/propiedades/clasificado/veclapin-departamento-con-terraza-en-venta-en-hacienda-de-las-150754317.html,9650000,"MN 9,650,000",MXN,venta,Apartamento,Hacienda de las Palmas,Huixquilucan,Edo. de México,250.0,250.0,Publicado hace 4 días,2026-08-09T06:40:31Z,2026-08-13T21:51:57.485930+00:00,https://www.inmuebles24.com/casas-o-casa-en-condominio-o-departamentos-en-venta-en-edo.-de-mexico-ordenado-por-fechaonline-descendente.html-pagina-23.html
https://www.inmuebles24.com/propiedades/clasificado/veclapin-departamento-en-porto-vita-2-150755925.html,6000000,"MN 6,000,000",MXN,venta,Apartamento,Hacienda de las Palmas,Huixquilucan,Edo. de México,205.0,205.0,Publicado hace 4 días,2026-08-10T00:08:35Z,2026-08-13T21:53:02.586915+00:00,https://www.inmuebles24.com/casas-o-casa-en-condominio-o-departamentos-en-venta-en-edo.-de-mexico-ordenado-por-fechaonline-descendente.html-pagina-23.html
https://www.inmuebles24.com/propiedades/clasificado/veclapin-departamento-en-venta-de-260-m-sup2--con-3-recamaras-150510627.html,11000000,"MN 11,000,000",MXN,venta,Apartamento,Lomas de Tecamachalco Bosques I y II,Huixquilucan,Edo. de México,260.0,260.0,Publicado hace 4 días,2026-07-13T19:29:40Z,2026-08-13T21:53:02.586915+00:00,https://www.inmuebles24.com/casas-o-casa-en-condominio-o-departamentos-en-venta-en-edo.-de-mexico-ordenado-por-fechaonline-descendente.html-pagina-23.html
https://www.inmuebles24.com/propiedades/clasificado/veclapin-departamento-en-venta-en-acuario-interlomas-150754251.html,5200000,"MN 5,200,000",MXN,venta,Apartamento,Jesús del Monte,Huixquilucan,Edo. de México,148.0,148.0,Publicado hace 4 días,2026-08-09T06:40:22Z,2026-08-13T21:53:02.586915+00:00,https://www.inmuebles24.com/casas-o-casa-en-condominio-o-departamentos-en-venta-en-edo.-de-mexico-ordenado-por-fechaonline-descendente.html-pagina-23.html
https://www.inmuebles24.com/propiedades/clasificado/veclapin-departamento-en-venta-en-acuario-jesus-del-monte-150754267.html,7200000,"MN 7,200,000",MXN,venta,Apartamento,Jesús del Monte,Huixquilucan,Edo. de México,210.0,210.0,Publicado hace 4 días,2026-08-09T06:40:24Z,2026-08-13T21:53:02.586915+00:00,https://www.inmuebles24.com/casas-o-casa-en-condominio-o-departamentos-en-venta-en-edo.-de-mexico-ordenado-por-fechaonline-descendente.html-pagina-23.html
https://www.inmuebles24.com/propiedades/clasificado/veclapin-departamento-en-venta-en-benito-juarez-centro-150754159.html,5309000,"MN 5,309,000",MXN,venta,Apartamento,Benito Juárez Centro,Tlalnepantla de Baz,Edo. de México,90.0,90.0,Publicado hace 4 días,2026-08-09T06:08:48Z,2026-08-13T21:53:02.586915+00:00,https://www.inmuebles24.com/casas-o-casa-en-condominio-o-departamentos-en-venta-en-edo.-de-mexico-ordenado-por-fechaonline-descendente.html-pagina-23.html
https://www.inmuebles24.com/propiedades/clasificado/veclapin-departamento-en-venta-en-la-enramada-lomas-country-150754528.html,12000000,"MN 12,000,000",MXN,venta,Apartamento,Lomas Country Club,Huixquilucan,Edo. de México,232.0,232.0,Publicado hace 4 días,2026-08-09T07:10:28Z,2026-08-13T21:53:02.586915+00:00,https://www.inmuebles24.com/casas-o-casa-en-condominio-o-departamentos-en-venta-en-edo.-de-mexico-ordenado-por-fechaonline-descendente.html-pagina-23.html
https://www.inmuebles24.com/propiedades/clasificado/veclapin-departamento-en-venta-en-lomas-country-150754284.html,15900000,"MN 15,900,000",MXN,venta,Apartamento,Lomas Country Club,Huixquilucan,Edo. de México,,,Publicado hace 4 días,2026-08-09T06:40:27Z,2026-08-13T21:53:02.586915+00:00,https://www.inmuebles24.com/casas-o-casa-en-condominio-o-departamentos-en-venta-en-edo.-de-mexico-ordenado-por-fechaonline-descendente.html-pagina-23.html
https://www.inmuebles24.com/propiedades/clasificado/veclapin-departamento-en-venta-en-lomas-del-rio-150754236.html,6500000,"MN 6,500,000",MXN,venta,Apartamento,Lomas del Río,Naucalpan de Juárez,Edo. de México,170.0,170.0,Publicado hace 4 días,2026-08-09T06:40:15Z,2026-08-13T21:53:02.586915+00:00,https://www.inmuebles24.com/casas-o-casa-en-condominio-o-departamentos-en-venta-en-edo.-de-mexico-ordenado-por-fechaonline-descendente.html-pagina-23.html
https://www.inmuebles24.com/propiedades/clasificado/veclapin-departamento-en-venta-en-tecamachalco-150754292.html,14000000,"MN 14,000,000",MXN,venta,Apartamento,Lomas de Tecamachalco Bosques I y II,Huixquilucan,Edo. de México,250.0,250.0,Publicado hace 4 días,2026-08-09T06:40:27Z,2026-08-13T21:53:02.586915+00:00,https://www.inmuebles24.com/casas-o-casa-en-condominio-o-departamentos-en-venta-en-edo.-de-mexico-ordenado-por-fechaonline-descendente.html-pagina-23.html
https://www.inmuebles24.com/propiedades/clasificado/veclapin-departamento-en-venta-en-villa-de-lago-cuajimalpa-150754253.html,5800000,"MN 5,800,000",MXN,venta,Apartamento,Jesús del Monte,Huixquilucan,Edo. de México,165.0,165.0,Publicado hace 4 días,2026-08-09T06:40:22Z,2026-08-13T21:53:02.586915+00:00,https://www.inmuebles24.com/casas-o-casa-en-condominio-o-departamentos-en-venta-en-edo.-de-mexico-ordenado-por-fechaonline-descendente.html-pagina-23.html
https://www.inmuebles24.com/propiedades/clasificado/veclapin-exclusividad-amplitud-y-vistas-privilegiadas-en-vista-150756331.html,15400000,"MN 15,400,000",MXN,venta,Apartamento,Lomas Country Club,Huixquilucan,Edo. de México,308.0,308.0,Publicado hace 4 días,2026-08-10T02:37:01Z,2026-08-13T21:54:08.136833+00:00,https://www.inmuebles24.com/casas-o-casa-en-condominio-o-departamentos-en-venta-en-edo.-de-mexico-ordenado-por-fechaonline-descendente.html-pagina-23.html
https://www.inmuebles24.com/propiedades/clasificado/veclapin-garden-en-venta-en-hacienda-del-ciervo-interlomas-150754349.html,13490000,"MN 13,490,000",MXN,venta,Apartamento,Hacienda de las Palmas,Huixquilucan,Edo. de México,352.0,352.0,Publicado hace 4 días,2026-08-09T06:40:36Z,2026-08-13T21:54:08.136833+00:00,https://www.inmuebles24.com/casas-o-casa-en-condominio-o-departamentos-en-venta-en-edo.-de-mexico-ordenado-por-fechaonline-descendente.html-pagina-23.html
https://www.inmuebles24.com/propiedades/clasificado/veclapin-venta-departamento-perinorte-150755867.html,2800000,"MN 2,800,000",MXN,venta,Apartamento,Hacienda del Parque,Cuautitlán Izcalli,Edo. de México,100.0,100.0,Publicado hace 4 días,2026-08-09T23:42:09Z,2026-08-13T21:54:08.136833+00:00,https://www.inmuebles24.com/casas-o-casa-en-condominio-o-departamentos-en-venta-en-edo.-de-mexico-ordenado-por-fechaonline-descendente.html-pagina-23.html
https://www.inmuebles24.com/propiedades/clasificado/veclcain--gran-oportunidad-en-viveros-de-la-loma!-casa-con-150755082.html,2800000,"MN 2,800,000",MXN,venta,Casa,Viveros de La Loma,Tlalnepantla de Baz,Edo. de México,73.0,120.0,Publicado hace 4 días,2026-08-09T16:55:15Z,2026-08-13T21:54:08.136833+00:00,https://www.inmuebles24.com/casas-o-casa-en-condominio-o-departamentos-en-venta-en-edo.-de-mexico-ordenado-por-fechaonline-descendente.html-pagina-23.html
https://www.inmuebles24.com/propiedades/clasificado/veclcain-casa-con-seguridad-en-bosques-de-la-heradura-venta-150754298.html,21000000,"MN 21,000,000",MXN,venta,Casa,Bosques de la Herradura,Huixquilucan,Edo. de México,375.0,373.0,Publicado hace 4 días,2026-08-09T06:40:28Z,2026-08-13T21:54:08.136833+00:00,https://www.inmuebles24.com/casas-o-casa-en-condominio-o-departamentos-en-venta-en-edo.-de-mexico-ordenado-por-fechaonline-descendente.html-pagina-23.html
https://www.inmuebles24.com/propiedades/clasificado/veclcain-casa-con-seguridad-en-lomas-verdes-sexta-seccion-venta-150754291.html,14000000,"MN 14,000,000",MXN,venta,Casa,Lomas Verdes 6a Sección,Naucalpan de Juárez,Edo. de México,500.0,363.0,Publicado hace 4 días,2026-08-09T06:40:27Z,2026-08-13T21:54:08.136833+00:00,https://www.inmuebles24.com/casas-o-casa-en-condominio-o-departamentos-en-venta-en-edo.-de-mexico-ordenado-por-fechaonline-descendente.html-pagina-23.html
https://www.inmuebles24.com/propiedades/clasificado/veclcain-casa-en-condominio-en-condado-se-sayavedra-atizapan-150755897.html,39000000,"MN 39,000,000",MXN,venta,Casa,Condado de Sayavedra,Atizapán de Zaragoza,Edo. de México,450.0,9800.0,Publicado hace 4 días,2026-08-09T23:57:58Z,2026-08-13T21:54:08.136833+00:00,https://www.inmuebles24.com/casas-o-casa-en-condominio-o-departamentos-en-venta-en-edo.-de-mexico-ordenado-por-fechaonline-descendente.html-pagina-23.html
https://www.inmuebles24.com/propiedades/clasificado/veclcain-casa-en-privada-en-rinconada-cuautitlan-vigilancia-24-150755780.html,1800000,"MN 1,800,000",MXN,venta,Casa,,Cuautitlán Izcalli,Edo. de México,71.0,91.0,Publicado hace 4 días,2026-08-09T22:57:36Z,2026-08-13T21:54:08.136833+00:00,https://www.inmuebles24.com/casas-o-casa-en-condominio-o-departamentos-en-venta-en-edo.-de-mexico-ordenado-por-fechaonline-descendente.html-pagina-23.html
https://www.inmuebles24.com/propiedades/clasificado/veclcain-casa-en-venta-cerca-de-metepec-en-maples-ii-150754603.html,3150000,"MN 3,150,000",MXN,venta,Casa,Tecuanapa,Mexicaltzingo,Edo. de México,145.0,151.0,Publicado hace 4 días,2026-08-09T08:39:26Z,2026-08-13T21:54:08.136833+00:00,https://www.inmuebles24.com/casas-o-casa-en-condominio-o-departamentos-en-venta-en-edo.-de-mexico-ordenado-por-fechaonline-descendente.html-pagina-23.html
https://www.inmuebles24.com/propiedades/clasificado/veclcain-casa-en-venta-en-bosques-de-la-herradura-150754261.html,16980000,"MN 16,980,000",MXN,venta,Casa,Bosques de la Herradura,Huixquilucan,Edo. de México,600.0,870.0,Publicado hace 4 días,2026-08-09T06:40:23Z,2026-08-13T21:54:08.136833+00:00,https://www.inmuebles24.com/casas-o-casa-en-condominio-o-departamentos-en-venta-en-edo.-de-mexico-ordenado-por-fechaonline-descendente.html-pagina-23.html
https://www.inmuebles24.com/propiedades/clasificado/veclcain-casa-en-venta-en-hacienda-san-antonio-metepec-150756305.html,12500000,"MN 12,500,000",MXN,venta,Casa,San Antonio,Metepec,Edo. de México,421.0,427.0,Publicado hace 4 días,2026-08-10T02:28:04Z,2026-08-13T21:55:14.894061+00:00,https://www.inmuebles24.com/casas-o-casa-en-condominio-o-departamentos-en-venta-en-edo.-de-mexico-ordenado-por-fechaonline-descendente.html-pagina-23.html
https://www.inmuebles24.com/propiedades/clasificado/veclcain-casa-en-venta-en-interlomas-valle-de-las-palmas-150754558.html,11000000,"MN 11,000,000",MXN,venta,Casa,Interlomas,Huixquilucan,Edo. de México,297.0,300.0,Publicado hace 4 días,2026-08-09T07:14:33Z,2026-08-13T21:55:14.894061+00:00,https://www.inmuebles24.com/casas-o-casa-en-condominio-o-departamentos-en-venta-en-edo.-de-mexico-ordenado-por-fechaonline-descendente.html-pagina-23.html
https://www.inmuebles24.com/propiedades/clasificado/veclcain-casa-en-venta-en-la-asuncion-metepec-150756339.html,20000000,"MN 20,000,000",MXN,venta,Casa,La Antigua,Metepec,Edo. de México,700.0,1200.0,Publicado hace 4 días,2026-08-10T02:38:21Z,2026-08-13T21:55:14.894061+00:00,https://www.inmuebles24.com/casas-o-casa-en-condominio-o-departamentos-en-venta-en-edo.-de-mexico-ordenado-por-fechaonline-descendente.html-pagina-23.html
https://www.inmuebles24.com/propiedades/clasificado/veclcain-casa-en-venta-en-popo-park-150754091.html,3650000,"MN 3,650,000",MXN,venta,Casa,Popo Park,Atlautla,Edo. de México,229.0,1360.0,Publicado hace 4 días,2026-08-09T06:07:05Z,2026-08-13T21:55:14.894061+00:00,https://www.inmuebles24.com/casas-o-casa-en-condominio-o-departamentos-en-venta-en-edo.-de-mexico-ordenado-por-fechaonline-descendente.html-pagina-23.html
https://www.inmuebles24.com/propiedades/clasificado/veclcain-casa-remodelada-en-venta-en-balcones-de-la-herradura-150754396.html,6000000,"MN 6,000,000",MXN,venta,Casa,Balcones de la Herradura,Huixquilucan,Edo. de México,174.0,174.0,Publicado hace 4 días,2026-08-09T06:48:57Z,2026-08-13T21:55:14.894061+00:00,https://www.inmuebles24.com/casas-o-casa-en-condominio-o-departamentos-en-venta-en-edo.-de-mexico-ordenado-por-fechaonline-descendente.html-pagina-23.html
https://www.inmuebles24.com/propiedades/clasificado/veclccin-casa-con-jardin-en-condominio-en-lomas-de-tecamachalco-150754310.html,32000000,"MN 32,000,000",MXN,venta,Casa en condominio,Lomas de Tecamachalco,Naucalpan de Juárez,Edo. de México,498.0,802.0,Publicado hace 4 días,2026-08-09T06:40:29Z,2026-08-13T21:55:14.894061+00:00,https://www.inmuebles24.com/casas-o-casa-en-condominio-o-departamentos-en-venta-en-edo.-de-mexico-ordenado-por-fechaonline-descendente.html-pagina-23.html
https://www.inmuebles24.com/propiedades/clasificado/veclccin-casa-con-seguridad-en-cerrada-venta-bosques-de-la-150754314.html,14400000,"MN 14,400,000",MXN,venta,Casa en condominio,Bosques de la Herradura,Huixquilucan,Edo. de México,525.0,588.0,Publicado hace 4 días,2026-08-09T06:40:30Z,2026-08-13T21:55:14.894061+00:00,https://www.inmuebles24.com/casas-o-casa-en-condominio-o-departamentos-en-venta-en-edo.-de-mexico-ordenado-por-fechaonline-descendente.html-pagina-23.html
https://www.inmuebles24.com/propiedades/clasificado/veclccin-casa-en-condominio-en-valle-de-bravo-venta-o-renta-150754340.html,18000000,"MN 18,000,000",MXN,venta,Casa en condominio,Santa Magdalena Tilostoc,Valle de Bravo,Edo. de México,439.0,3000.0,Publicado hace 4 días,2026-08-09T06:40:34Z,2026-08-13T21:55:14.894061+00:00,https://www.inmuebles24.com/casas-o-casa-en-condominio-o-departamentos-en-venta-en-edo.-de-mexico-ordenado-por-fechaonline-descendente.html-pagina-23.html
https://www.inmuebles24.com/propiedades/clasificado/veclccin-casa-en-condominio-fraccionado-en-valle-de-bravo-150754559.html,6394000,"MN 6,394,000",MXN,venta,Casa en condominio,San Gaspar,Valle de Bravo,Edo. de México,426.0,500.0,Publicado hace 4 días,2026-08-09T07:14:33Z,2026-08-13T21:55:14.894061+00:00,https://www.inmuebles24.com/casas-o-casa-en-condominio-o-departamentos-en-venta-en-edo.-de-mexico-ordenado-por-fechaonline-descendente.html-pagina-23.html
https://www.inmuebles24.com/propiedades/clasificado/veclapin-departamento-en-la-florida-150756169.html,1080000,"MN 1,080,000",MXN,venta,Apartamento,,Otzolotepec,Edo. de México,50.0,50.0,Publicado hace 4 días,2026-08-10T01:31:11Z,2026-08-13T21:55:14.894061+00:00,https://www.inmuebles24.com/casas-o-casa-en-condominio-o-departamentos-en-venta-en-edo.-de-mexico-ordenado-por-fechaonline-descendente.html-pagina-24.html
https://www.inmuebles24.com/propiedades/clasificado/veclapin-departamento-en-san-miguel-zinacantepec-150755222.html,1250000,"MN 1,250,000",MXN,venta,Apartamento,San Miguel Zinacantepec,Zinacantepec,Edo. de México,72.0,72.0,Publicado hace 4 días,2026-08-09T17:56:47Z,2026-08-13T21:56:21.086048+00:00,https://www.inmuebles24.com/casas-o-casa-en-condominio-o-departamentos-en-venta-en-edo.-de-mexico-ordenado-por-fechaonline-descendente.html-pagina-24.html
https://www.inmuebles24.com/propiedades/clasificado/veclapin-departamento-en-san-miguel-zinacantepec-150755223.html,1250000,"MN 1,250,000",MXN,venta,Apartamento,San Miguel Zinacantepec,Zinacantepec,Edo. de México,72.0,72.0,Publicado hace 4 días,2026-08-09T17:56:52Z,2026-08-13T21:56:21.086048+00:00,https://www.inmuebles24.com/casas-o-casa-en-condominio-o-departamentos-en-venta-en-edo.-de-mexico-ordenado-por-fechaonline-descendente.html-pagina-24.html
https://www.inmuebles24.com/propiedades/clasificado/veclapin-departamento-en-san-miguel-zinacantepec-150755224.html,1250000,"MN 1,250,000",MXN,venta,Apartamento,San Miguel Zinacantepec,Zinacantepec,Edo. de México,72.0,72.0,Publicado hace 4 días,2026-08-09T17:56:53Z,2026-08-13T21:56:21.086048+00:00,https://www.inmuebles24.com/casas-o-casa-en-condominio-o-departamentos-en-venta-en-edo.-de-mexico-ordenado-por-fechaonline-descendente.html-pagina-24.html
https://www.inmuebles24.com/propiedades/clasificado/veclapin-departamento-en-san-miguel-zinacantepec-150755225.html,1250000,"MN 1,250,000",MXN,venta,Apartamento,San Miguel Zinacantepec,Zinacantepec,Edo. de México,72.0,72.0,Publicado hace 4 días,2026-08-09T17:56:56Z,2026-08-13T21:56:21.086048+00:00,https://www.inmuebles24.com/casas-o-casa-en-condominio-o-departamentos-en-venta-en-edo.-de-mexico-ordenado-por-fechaonline-descendente.html-pagina-24.html
https://www.inmuebles24.com/propiedades/clasificado/veclapin-departamento-en-san-miguel-zinacantepec-150755226.html,1250000,"MN 1,250,000",MXN,venta,Apartamento,San Miguel Zinacantepec,Zinacantepec,Edo. de México,72.0,72.0,Publicado hace 4 días,2026-08-09T17:56:59Z,2026-08-13T21:56:21.086048+00:00,https://www.inmuebles24.com/casas-o-casa-en-condominio-o-departamentos-en-venta-en-edo.-de-mexico-ordenado-por-fechaonline-descendente.html-pagina-24.html
https://www.inmuebles24.com/propiedades/clasificado/veclapin-departamento-en-san-miguel-zinacantepec-150755228.html,1250000,"MN 1,250,000",MXN,venta,Apartamento,San Miguel Zinacantepec,Zinacantepec,Edo. de México,72.0,72.0,Publicado hace 4 días,2026-08-09T17:57Z,2026-08-13T21:56:21.086048+00:00,https://www.inmuebles24.com/casas-o-casa-en-condominio-o-departamentos-en-venta-en-edo.-de-mexico-ordenado-por-fechaonline-descendente.html-pagina-24.html
https://www.inmuebles24.com/propiedades/clasificado/veclapin-departamento-en-venta-150755950.html,11000000,"MN 11,000,000",MXN,venta,Apartamento,Lomas Country Club,Huixquilucan,Edo. de México,175.0,175.0,Publicado hace 4 días,2026-08-10T00:18:31Z,2026-08-13T21:56:21.086048+00:00,https://www.inmuebles24.com/casas-o-casa-en-condominio-o-departamentos-en-venta-en-edo.-de-mexico-ordenado-por-fechaonline-descendente.html-pagina-24.html
https://www.inmuebles24.com/propiedades/clasificado/veclapin-departamento-en-venta-en-benito-juarez-centro-150754154.html,5695560,"MN 5,695,560",MXN,venta,Apartamento,Benito Juárez Centro,Tlalnepantla de Baz,Edo. de México,97.0,97.0,Publicado hace 4 días,2026-08-09T06:08:34Z,2026-08-13T21:56:21.086048+00:00,https://www.inmuebles24.com/casas-o-casa-en-condominio-o-departamentos-en-venta-en-edo.-de-mexico-ordenado-por-fechaonline-descendente.html-pagina-24.html
https://www.inmuebles24.com/propiedades/clasificado/veclapin-departamento-en-venta-en-interlomas-150754140.html,11299000,"MN 11,299,000",MXN,venta,Apartamento,Interlomas,Huixquilucan,Edo. de México,195.0,195.0,Publicado hace 4 días,2026-08-09T06:08:12Z,2026-08-13T21:56:21.086048+00:00,https://www.inmuebles24.com/casas-o-casa-en-condominio-o-departamentos-en-venta-en-edo.-de-mexico-ordenado-por-fechaonline-descendente.html-pagina-24.html
https://www.inmuebles24.com/propiedades/clasificado/veclapin-departamento-en-venta-lomas-anahuac-frondoso-150753378.html,12000000,"MN 12,000,000",MXN,venta,Apartamento,Lomas AnAhuac,Huixquilucan,Edo. de México,220.0,220.0,Publicado hace 5 días,2026-08-08T23:26:59Z,2026-08-13T21:56:21.086048+00:00,https://www.inmuebles24.com/casas-o-casa-en-condominio-o-departamentos-en-venta-en-edo.-de-mexico-ordenado-por-fechaonline-descendente.html-pagina-24.html
https://www.inmuebles24.com/propiedades/clasificado/veclapin-manigua:-departamento-en-venta-en-interlomas-150754152.html,11800000,"MN 11,800,000",MXN,venta,Apartamento,Interlomas,Huixquilucan,Edo. de México,195.0,195.0,Publicado hace 4 días,2026-08-09T06:08:28Z,2026-08-13T21:57:30.002609+00:00,https://www.inmuebles24.com/casas-o-casa-en-condominio-o-departamentos-en-venta-en-edo.-de-mexico-ordenado-por-fechaonline-descendente.html-pagina-24.html
https://www.inmuebles24.com/propiedades/clasificado/veclcain-casa-en-club-de-golf-los-encinos-en-venta-150756019.html,18000000,"MN 18,000,000",MXN,venta,Casa,Club de Golf los Encinos,Lerma,Edo. de México,500.0,860.0,Publicado hace 4 días,2026-08-10T00:45:52Z,2026-08-13T21:57:30.002609+00:00,https://www.inmuebles24.com/casas-o-casa-en-condominio-o-departamentos-en-venta-en-edo.-de-mexico-ordenado-por-fechaonline-descendente.html-pagina-24.html
https://www.inmuebles24.com/propiedades/clasificado/veclcain-casa-en-club-de-golf-los-encinos-en-venta-150756110.html,18000000,"MN 18,000,000",MXN,venta,Casa,Club de Golf los Encinos,Lerma,Edo. de México,500.0,860.0,Publicado hace 4 días,2026-08-10T01:07:59Z,2026-08-13T21:57:30.002609+00:00,https://www.inmuebles24.com/casas-o-casa-en-condominio-o-departamentos-en-venta-en-edo.-de-mexico-ordenado-por-fechaonline-descendente.html-pagina-24.html
https://www.inmuebles24.com/propiedades/clasificado/veclcain-casa-en-club-de-golf-los-encinos-en-venta-150756111.html,18000000,"MN 18,000,000",MXN,venta,Casa,Club de Golf los Encinos,Lerma,Edo. de México,500.0,860.0,Publicado hace 4 días,2026-08-10T01:08:01Z,2026-08-13T21:57:30.002609+00:00,https://www.inmuebles24.com/casas-o-casa-en-condominio-o-departamentos-en-venta-en-edo.-de-mexico-ordenado-por-fechaonline-descendente.html-pagina-24.html
https://www.inmuebles24.com/propiedades/clasificado/veclcain-casa-en-club-de-golf-los-encinos-en-venta-150756112.html,18000000,"MN 18,000,000",MXN,venta,Casa,Club de Golf los Encinos,Lerma,Edo. de México,500.0,860.0,Publicado hace 4 días,2026-08-10T01:08:02Z,2026-08-13T21:57:30.002609+00:00,https://www.inmuebles24.com/casas-o-casa-en-condominio-o-departamentos-en-venta-en-edo.-de-mexico-ordenado-por-fechaonline-descendente.html-pagina-24.html
https://www.inmuebles24.com/propiedades/clasificado/veclcain-casa-en-renta-$30-000-entre-satelite-y-lomas-verdes.-150755029.html,5000000,"MN 5,000,000",MXN,venta,Casa,Ciudad Satélite,Naucalpan de Juárez,Edo. de México,220.0,220.0,Publicado hace 4 días,2026-08-09T16:19:10Z,2026-08-13T21:57:30.002609+00:00,https://www.inmuebles24.com/casas-o-casa-en-condominio-o-departamentos-en-venta-en-edo.-de-mexico-ordenado-por-fechaonline-descendente.html-pagina-24.html
https://www.inmuebles24.com/propiedades/clasificado/veclcain-casa-en-venta-en-el-dorado-san-mateo-atenco-150756314.html,2350000,"MN 2,350,000",MXN,venta,Casa,Santa María,San Mateo Atenco,Edo. de México,88.0,115.0,Publicado hace 4 días,2026-08-10T02:31:12Z,2026-08-13T21:57:30.002609+00:00,https://www.inmuebles24.com/casas-o-casa-en-condominio-o-departamentos-en-venta-en-edo.-de-mexico-ordenado-por-fechaonline-descendente.html-pagina-24.html
https://www.inmuebles24.com/propiedades/clasificado/veclcain-casa-en-venta-en-hacienda-san-jose-150754153.html,11900000,"MN 11,900,000",MXN,venta,Casa,Hacienda San José,Toluca,Edo. de México,694.0,359.0,Publicado hace 4 días,2026-08-09T06:08:31Z,2026-08-13T21:57:30.002609+00:00,https://www.inmuebles24.com/casas-o-casa-en-condominio-o-departamentos-en-venta-en-edo.-de-mexico-ordenado-por-fechaonline-descendente.html-pagina-24.html
https://www.inmuebles24.com/propiedades/clasificado/veclcain-casa-en-venta-en-la-providencia-150751638.html,14500000,"MN 14,500,000",MXN,venta,Casa,La Providencia,Metepec,Edo. de México,550.0,340.0,Publicado hace 5 días,2026-08-08T15:13:10Z,2026-08-13T21:57:30.002609+00:00,https://www.inmuebles24.com/casas-o-casa-en-condominio-o-departamentos-en-venta-en-edo.-de-mexico-ordenado-por-fechaonline-descendente.html-pagina-24.html
https://www.inmuebles24.com/propiedades/clasificado/veclcain-casa-en-venta-en-santa-elena-san-mateo-atenco-150755409.html,4500000,"MN 4,500,000",MXN,venta,Casa,Santa Elena,San Mateo Atenco,Edo. de México,325.0,120.0,Publicado hace 4 días,2026-08-09T19:30:51Z,2026-08-13T21:57:30.002609+00:00,https://www.inmuebles24.com/casas-o-casa-en-condominio-o-departamentos-en-venta-en-edo.-de-mexico-ordenado-por-fechaonline-descendente.html-pagina-24.html
https://www.inmuebles24.com/propiedades/clasificado/veclcain-estrena-casa-en-ciudad-satelite-totalmente-150754636.html,8700000,"MN 8,700,000",MXN,venta,Casa,Ciudad Satélite,Naucalpan de Juárez,Edo. de México,240.0,160.0,Publicado hace 4 días,2026-08-09T13:33:10Z,2026-08-13T21:58:26.676188+00:00,https://www.inmuebles24.com/casas-o-casa-en-condominio-o-departamentos-en-venta-en-edo.-de-mexico-ordenado-por-fechaonline-descendente.html-pagina-24.html
https://www.inmuebles24.com/propiedades/clasificado/veclcain-residencia-premium-con-gran-jardin-terraza-y-6-150753265.html,13500000,"MN 13,500,000",MXN,venta,Casa,Lomas AnAhuac,Huixquilucan,Edo. de México,450.0,406.0,Publicado hace 5 días,2026-08-08T22:45:24Z,2026-08-13T21:58:26.676188+00:00,https://www.inmuebles24.com/casas-o-casa-en-condominio-o-departamentos-en-venta-en-edo.-de-mexico-ordenado-por-fechaonline-descendente.html-pagina-24.html
https://www.inmuebles24.com/propiedades/clasificado/veclcapa-venta-de-casa-ampliada-en-la-colonia-bosques-de-aragon-150754605.html,3200000,"MN 3,200,000",MXN,venta,Casa,Bosques de Aragón,Nezahualcóyotl,Edo. de México,130.0,80.0,Publicado hace 4 días,2026-08-09T09:00:53Z,2026-08-13T21:58:26.676188+00:00,https://www.inmuebles24.com/casas-o-casa-en-condominio-o-departamentos-en-venta-en-edo.-de-mexico-ordenado-por-fechaonline-descendente.html-pagina-24.html
https://www.inmuebles24.com/propiedades/clasificado/veclapin--departamentos-en-preventa-a-una-calle-de-satelite-150752127.html,4500000,"MN 4,500,000",MXN,venta,Apartamento,Xocoyahualco,Tlalnepantla de Baz,Edo. de México,77.0,77.0,Publicado hace 5 días,2026-08-08T17:02:17Z,2026-08-13T21:58:26.676188+00:00,https://www.inmuebles24.com/casas-o-casa-en-condominio-o-departamentos-en-venta-en-edo.-de-mexico-ordenado-por-fechaonline-descendente.html-pagina-25.html
https://www.inmuebles24.com/propiedades/clasificado/veclapin--departamentos-en-preventa-a-una-calle-de-satelite-2-150752162.html,4500000,"MN 4,500,000",MXN,venta,Apartamento,Xocoyahualco,Tlalnepantla de Baz,Edo. de México,77.0,77.0,Publicado hace 5 días,2026-08-08T17:11:47Z,2026-08-13T21:58:26.676188+00:00,https://www.inmuebles24.com/casas-o-casa-en-condominio-o-departamentos-en-venta-en-edo.-de-mexico-ordenado-por-fechaonline-descendente.html-pagina-25.html
https://www.inmuebles24.com/propiedades/clasificado/veclapin-aproveche-bonito-departamento-ganelo!-150753665.html,1950000,"MN 1,950,000",MXN,venta,Apartamento,Lomas de Atizapán,Atizapán de Zaragoza,Edo. de México,65.0,80.0,Publicado hace 5 días,2026-08-09T01:25:28Z,2026-08-13T21:58:26.676188+00:00,https://www.inmuebles24.com/casas-o-casa-en-condominio-o-departamentos-en-venta-en-edo.-de-mexico-ordenado-por-fechaonline-descendente.html-pagina-25.html
https://www.inmuebles24.com/propiedades/clasificado/veclapin-departamento-en-venta-cumbres-del-valle-tlalnepantla-150752606.html,2797000,"MN 2,797,000",MXN,venta,Apartamento,Cumbres del Valle,Tlalnepantla de Baz,Edo. de México,68.0,68.0,Publicado hace 5 días,2026-08-08T18:55:57Z,2026-08-13T21:58:26.676188+00:00,https://www.inmuebles24.com/casas-o-casa-en-condominio-o-departamentos-en-venta-en-edo.-de-mexico-ordenado-por-fechaonline-descendente.html-pagina-25.html
https://www.inmuebles24.com/propiedades/clasificado/veclapin-departamento-en-venta-en-bosque-real-i-3-rec-i-150752366.html,8700000,"MN 8,700,000",MXN,venta,Apartamento,Bosque Real,Huixquilucan,Edo. de México,260.0,260.0,Publicado hace 5 días,2026-08-08T18:19:14Z,2026-08-13T21:58:26.676188+00:00,https://www.inmuebles24.com/casas-o-casa-en-condominio-o-departamentos-en-venta-en-edo.-de-mexico-ordenado-por-fechaonline-descendente.html-pagina-25.html
https://www.inmuebles24.com/propiedades/clasificado/veclapin-departamento-en-venta-en-calle-fuente-de-flores-lomas-150751776.html,7490000,"MN 7,490,000",MXN,venta,Apartamento,Lomas de Tecamachalco,Naucalpan de Juárez,Edo. de México,138.0,138.0,Publicado hace 5 días,2026-08-08T15:49:35Z,2026-08-13T21:58:26.676188+00:00,https://www.inmuebles24.com/casas-o-casa-en-condominio-o-departamentos-en-venta-en-edo.-de-mexico-ordenado-por-fechaonline-descendente.html-pagina-25.html
https://www.inmuebles24.com/propiedades/clasificado/veclapin-departamento-en-venta-en-tlalnepantla-de-baz-150750913.html,6742080,"MN 6,742,080",MXN,venta,Apartamento,Xocoyahualco,Tlalnepantla de Baz,Edo. de México,117.0,117.0,Publicado hace 5 días,2026-08-08T07:06:50Z,2026-08-13T21:58:26.676188+00:00,https://www.inmuebles24.com/casas-o-casa-en-condominio-o-departamentos-en-venta-en-edo.-de-mexico-ordenado-por-fechaonline-descendente.html-pagina-25.html
https://www.inmuebles24.com/propiedades/clasificado/veclapin-departamento-en-venta-foresta-metepec-150753060.html,3485000,"MN 3,485,000",MXN,venta,Apartamento,Fraccionamiento Residencial Foresta,Metepec,Edo. de México,118.0,118.0,Publicado hace 5 días,2026-08-08T21:19:28Z,2026-08-13T21:59:37.311715+00:00,https://www.inmuebles24.com/casas-o-casa-en-condominio-o-departamentos-en-venta-en-edo.-de-mexico-ordenado-por-fechaonline-descendente.html-pagina-25.html
https://www.inmuebles24.com/propiedades/clasificado/veclapin-exclusivo-departamento-en-torre-da-vinci-interlomas-150752073.html,10500000,"MN 10,500,000",MXN,venta,Apartamento,Interlomas,Huixquilucan,Edo. de México,227.0,227.0,Publicado hace 5 días,2026-08-08T16:47:02Z,2026-08-13T21:59:37.311715+00:00,https://www.inmuebles24.com/casas-o-casa-en-condominio-o-departamentos-en-venta-en-edo.-de-mexico-ordenado-por-fechaonline-descendente.html-pagina-25.html
https://www.inmuebles24.com/propiedades/clasificado/veclapin-penthouse-en-interlomas:-amplitud-diseno-y-vista-150751248.html,11800000,"MN 11,800,000",MXN,venta,Apartamento,Hacienda de las Palmas,Huixquilucan,Edo. de México,320.0,380.0,Publicado hace 5 días,2026-08-08T07:16:24Z,2026-08-13T21:59:37.311715+00:00,https://www.inmuebles24.com/casas-o-casa-en-condominio-o-departamentos-en-venta-en-edo.-de-mexico-ordenado-por-fechaonline-descendente.html-pagina-25.html
https://www.inmuebles24.com/propiedades/clasificado/veclapin-torre-da-vinci:-departamento-en-venta-en-hacienda-de-150750758.html,8490000,"MN 8,490,000",MXN,venta,Apartamento,Hacienda de las Palmas,Huixquilucan,Edo. de México,277.0,277.0,Publicado hace 5 días,2026-08-08T06:06:30Z,2026-08-13T21:59:37.311715+00:00,https://www.inmuebles24.com/casas-o-casa-en-condominio-o-departamentos-en-venta-en-edo.-de-mexico-ordenado-por-fechaonline-descendente.html-pagina-25.html
https://www.inmuebles24.com/propiedades/clasificado/veclcain-casa-de-115-m-sup2--con-4-recamaras-en-venta-en-villas-150752647.html,1200000,"MN 1,200,000",MXN,venta,Casa,Villas de San Isidro,La Paz,Edo. de México,115.0,60.0,Publicado hace 5 días,2026-08-08T19:05:18Z,2026-08-13T21:59:37.311715+00:00,https://www.inmuebles24.com/casas-o-casa-en-condominio-o-departamentos-en-venta-en-edo.-de-mexico-ordenado-por-fechaonline-descendente.html-pagina-25.html
https://www.inmuebles24.com/propiedades/clasificado/veclcain-casa-en-venta-en-calzada-de-guadalupe-el-nopalito-rg-150750940.html,7590000,"MN 7,590,000",MXN,venta,Casa,El Nopalito,Cuautitlán,Edo. de México,220.0,820.0,Publicado hace 5 días,2026-08-08T07:06:53Z,2026-08-13T21:59:37.311715+00:00,https://www.inmuebles24.com/casas-o-casa-en-condominio-o-departamentos-en-venta-en-edo.-de-mexico-ordenado-por-fechaonline-descendente.html-pagina-25.html
https://www.inmuebles24.com/propiedades/clasificado/veclcain-casa-en-venta-en-isidro-fabela-150750790.html,3799000,"MN 3,799,000",MXN,venta,Casa,Isidro Fabela,Atlacomulco,Edo. de México,228.0,194.0,Publicado hace 5 días,2026-08-08T06:12:01Z,2026-08-13T21:59:37.311715+00:00,https://www.inmuebles24.com/casas-o-casa-en-condominio-o-departamentos-en-venta-en-edo.-de-mexico-ordenado-por-fechaonline-descendente.html-pagina-25.html
https://www.inmuebles24.com/propiedades/clasificado/veclcain-casa-en-venta-en-lomas-de-tecamachalco-150750776.html,17000000,"MN 17,000,000",MXN,venta,Casa,Lomas de Tecamachalco,Naucalpan de Juárez,Edo. de México,400.0,400.0,Publicado hace 5 días,2026-08-08T06:09:02Z,2026-08-13T21:59:37.311715+00:00,https://www.inmuebles24.com/casas-o-casa-en-condominio-o-departamentos-en-venta-en-edo.-de-mexico-ordenado-por-fechaonline-descendente.html-pagina-25.html
https://www.inmuebles24.com/propiedades/clasificado/veclcain-casa-en-venta-en-malinalco-150751665.html,12500000,"MN 12,500,000",MXN,venta,Casa,La Ladrillera,Malinalco,Edo. de México,450.0,1867.0,Publicado hace 5 días,2026-08-08T15:22:25Z,2026-08-13T21:59:37.311715+00:00,https://www.inmuebles24.com/casas-o-casa-en-condominio-o-departamentos-en-venta-en-edo.-de-mexico-ordenado-por-fechaonline-descendente.html-pagina-25.html
https://www.inmuebles24.com/propiedades/clasificado/veclcain-casa-en-venta-en-providenica-metepec-150753284.html,22000000,"MN 22,000,000",MXN,venta,Casa,Residencial la Providencia,Metepec,Edo. de México,389.0,575.0,Publicado hace 5 días,2026-08-08T22:55:13Z,2026-08-13T21:59:37.311715+00:00,https://www.inmuebles24.com/casas-o-casa-en-condominio-o-departamentos-en-venta-en-edo.-de-mexico-ordenado-por-fechaonline-descendente.html-pagina-25.html
https://www.inmuebles24.com/propiedades/clasificado/veclcain-casa-en-venta-en-villas-toscana-toluca-150753308.html,2800000,"MN 2,800,000",MXN,venta,Casa,Toluca 2000,Toluca,Edo. de México,135.0,140.0,Publicado hace 5 días,2026-08-08T23:05:13Z,2026-08-13T22:00:35.057022+00:00,https://www.inmuebles24.com/casas-o-casa-en-condominio-o-departamentos-en-venta-en-edo.-de-mexico-ordenado-por-fechaonline-descendente.html-pagina-25.html
https://www.inmuebles24.com/propiedades/clasificado/veclcain-casa-remodelada-de-200-m-sup2--con-3-recamaras-en-150739363.html,4500000,"MN 4,500,000",MXN,venta,Casa,Villas de la Hacienda,Atizapán de Zaragoza,Edo. de México,200.0,140.0,Publicado hace 5 días,2026-08-07T02:09:24Z,2026-08-13T22:00:35.057022+00:00,https://www.inmuebles24.com/casas-o-casa-en-condominio-o-departamentos-en-venta-en-edo.-de-mexico-ordenado-por-fechaonline-descendente.html-pagina-25.html
https://www.inmuebles24.com/propiedades/clasificado/veclcain-el-porvenir-ii:-casa-en-venta-en-corredor-industrial-150750787.html,1530000,"MN 1,530,000",MXN,venta,Casa,Corredor Industrial Toluca Lerma,Lerma,Edo. de México,63.0,63.0,Publicado hace 5 días,2026-08-08T06:11:37Z,2026-08-13T22:00:35.057022+00:00,https://www.inmuebles24.com/casas-o-casa-en-condominio-o-departamentos-en-venta-en-edo.-de-mexico-ordenado-por-fechaonline-descendente.html-pagina-25.html
https://www.inmuebles24.com/propiedades/clasificado/veclcain-en-venta-casa-en-fraccionamiento-las-alamedas-150751679.html,4500000,"MN 4,500,000",MXN,venta,Casa,Las Alamedas,Atizapán de Zaragoza,Edo. de México,190.0,160.0,Publicado hace 5 días,2026-08-08T15:28:32Z,2026-08-13T22:00:35.057022+00:00,https://www.inmuebles24.com/casas-o-casa-en-condominio-o-departamentos-en-venta-en-edo.-de-mexico-ordenado-por-fechaonline-descendente.html-pagina-25.html
https://www.inmuebles24.com/propiedades/clasificado/veclcain-hacienda-de-la-escalera-en-bosques-de-echegaray-150752396.html,7500000,"MN 7,500,000",MXN,venta,Casa,Hacienda de Echegaray,Naucalpan de Juárez,Edo. de México,228.0,232.0,Publicado hace 5 días,2026-08-08T18:27:59Z,2026-08-13T22:00:35.057022+00:00,https://www.inmuebles24.com/casas-o-casa-en-condominio-o-departamentos-en-venta-en-edo.-de-mexico-ordenado-por-fechaonline-descendente.html-pagina-25.html
https://www.inmuebles24.com/propiedades/clasificado/veclcain-hermosa-casa-en-aqua-ii-conjunto-lago-esmeralda-150753512.html,6000000,"MN 6,000,000",MXN,venta,Casa,Residencial Lago Esmeralda,Atizapán de Zaragoza,Edo. de México,194.0,120.0,Publicado hace 5 días,2026-08-09T00:29:55Z,2026-08-13T22:00:35.057022+00:00,https://www.inmuebles24.com/casas-o-casa-en-condominio-o-departamentos-en-venta-en-edo.-de-mexico-ordenado-por-fechaonline-descendente.html-pagina-25.html
https://www.inmuebles24.com/propiedades/clasificado/veclcain-ofrezco-pie-de-casa-en-la-trinidad-iii-zumpango-ideal-150753513.html,498000,"MN 498,000",MXN,venta,Casa,La Trinidad,Zumpango,Edo. de México,31.0,60.0,Publicado hace 5 días,2026-08-09T00:29:55Z,2026-08-13T22:00:35.057022+00:00,https://www.inmuebles24.com/casas-o-casa-en-condominio-o-departamentos-en-venta-en-edo.-de-mexico-ordenado-por-fechaonline-descendente.html-pagina-25.html
https://www.inmuebles24.com/propiedades/clasificado/veclcain-puerta-de-jerez-en-bosque-esmeralda-150752360.html,11500000,"MN 11,500,000",MXN,venta,Casa,Bosque Esmeralda,Atizapán de Zaragoza,Edo. de México,332.0,305.0,Publicado hace 5 días,2026-08-08T18:16:59Z,2026-08-13T22:00:35.057022+00:00,https://www.inmuebles24.com/casas-o-casa-en-condominio-o-departamentos-en-venta-en-edo.-de-mexico-ordenado-por-fechaonline-descendente.html-pagina-25.html
https://www.inmuebles24.com/propiedades/clasificado/veclcain-venta-casa-en-hacienda-vallescondido-150751709.html,29850000,"MN 29,850,000",MXN,venta,Casa,Hacienda de Valle Escondido,Atizapán de Zaragoza,Edo. de México,675.0,1643.0,Publicado hace 5 días,2026-08-08T15:37:38Z,2026-08-13T22:00:35.057022+00:00,https://www.inmuebles24.com/casas-o-casa-en-condominio-o-departamentos-en-venta-en-edo.-de-mexico-ordenado-por-fechaonline-descendente.html-pagina-25.html
https://www.inmuebles24.com/propiedades/clasificado/veclcain-venta-de-casa-en-ejidos-1ro-mayo-ecatepec-150744587.html,1250000,"MN 1,250,000",MXN,venta,Casa,Fraccionamiento Las Americas,Ecatepec de Morelos,Edo. de México,62.0,62.0,Publicado hace 5 días,2026-08-07T18:26:44Z,2026-08-13T22:00:35.057022+00:00,https://www.inmuebles24.com/casas-o-casa-en-condominio-o-departamentos-en-venta-en-edo.-de-mexico-ordenado-por-fechaonline-descendente.html-pagina-25.html
https://www.inmuebles24.com/propiedades/clasificado/veclccin-casa-en-venta-en-bosque-real-i-3-rec-i-huixquilucan-150752385.html,8700000,"MN 8,700,000",MXN,venta,Casa en condominio,Bosque Real,Huixquilucan,Edo. de México,260.0,260.0,Publicado hace 5 días,2026-08-08T18:25:18Z,2026-08-13T22:01:46.473720+00:00,https://www.inmuebles24.com/casas-o-casa-en-condominio-o-departamentos-en-venta-en-edo.-de-mexico-ordenado-por-fechaonline-descendente.html-pagina-25.html
https://www.inmuebles24.com/propiedades/clasificado/veclccin-casa-en-venta-espiritu-santo-jilotzingo-estado-de-150753869.html,7900000,"MN 7,900,000",MXN,venta,Casa en condominio,Espíritu Santo,Jilotzingo,Edo. de México,200.0,202.0,Publicado hace 5 días,2026-08-09T03:10:15Z,2026-08-13T22:01:46.473720+00:00,https://www.inmuebles24.com/casas-o-casa-en-condominio-o-departamentos-en-venta-en-edo.-de-mexico-ordenado-por-fechaonline-descendente.html-pagina-25.html
https://www.inmuebles24.com/propiedades/clasificado/veclccin-venta-casa-fraccionamiento-hacienda-san-antonio-en-150751532.html,13970000,"MN 13,970,000",MXN,venta,Casa en condominio,San Gaspar Tlahuelilpan,Metepec,Edo. de México,544.0,463.0,Publicado hace 5 días,2026-08-08T14:12:27Z,2026-08-13T22:01:46.473720+00:00,https://www.inmuebles24.com/casas-o-casa-en-condominio-o-departamentos-en-venta-en-edo.-de-mexico-ordenado-por-fechaonline-descendente.html-pagina-25.html
https://www.inmuebles24.com/propiedades/clasificado/veclapin--inversionista!-penthouse-en-central-park-interlomas-150752079.html,5750000,"MN 5,750,000",MXN,venta,Apartamento,Interlomas,Huixquilucan,Edo. de México,96.0,96.0,Publicado hace 5 días,2026-08-08T16:48:55Z,2026-08-13T22:01:46.473720+00:00,https://www.inmuebles24.com/casas-o-casa-en-condominio-o-departamentos-en-venta-en-edo.-de-mexico-ordenado-por-fechaonline-descendente.html-pagina-26.html
https://www.inmuebles24.com/propiedades/clasificado/veclapin-departamento-en-bosque-de-las-lomas-150751890.html,21500000,"MN 21,500,000",MXN,venta,Apartamento,Lomas de Tecamachalco,Naucalpan de Juárez,Edo. de México,340.0,340.0,Publicado hace 5 días,2026-08-08T15:53:01Z,2026-08-13T22:01:46.473720+00:00,https://www.inmuebles24.com/casas-o-casa-en-condominio-o-departamentos-en-venta-en-edo.-de-mexico-ordenado-por-fechaonline-descendente.html-pagina-26.html
https://www.inmuebles24.com/propiedades/clasificado/veclapin-departamento-en-manuel-avila-camacho-jesus-del-monte-150753919.html,2850000,"MN 2,850,000",MXN,venta,Apartamento,Jesús del Monte,Huixquilucan,Edo. de México,100.0,100.0,Publicado hace 5 días,2026-08-09T03:26:11Z,2026-08-13T22:01:46.473720+00:00,https://www.inmuebles24.com/casas-o-casa-en-condominio-o-departamentos-en-venta-en-edo.-de-mexico-ordenado-por-fechaonline-descendente.html-pagina-26.html
https://www.inmuebles24.com/propiedades/clasificado/veclapin-departamento-en-venta-en-aquario-huixqilucan-150753298.html,5250000,"MN 5,250,000",MXN,venta,Apartamento,Villa Florence,Huixquilucan,Edo. de México,133.0,133.0,Publicado hace 5 días,2026-08-08T23:00:17Z,2026-08-13T22:01:46.473720+00:00,https://www.inmuebles24.com/casas-o-casa-en-condominio-o-departamentos-en-venta-en-edo.-de-mexico-ordenado-por-fechaonline-descendente.html-pagina-26.html
https://www.inmuebles24.com/propiedades/clasificado/veclapin-departamento-en-venta-en-av-del-cristo-xocoyahualco-150750914.html,3815000,"MN 3,815,000",MXN,venta,Apartamento,Xocoyahualco,Tlalnepantla de Baz,Edo. de México,42.0,42.0,Publicado hace 5 días,2026-08-08T07:06:50Z,2026-08-13T22:01:46.473720+00:00,https://www.inmuebles24.com/casas-o-casa-en-condominio-o-departamentos-en-venta-en-edo.-de-mexico-ordenado-por-fechaonline-descendente.html-pagina-26.html
https://www.inmuebles24.com/propiedades/clasificado/veclapin-departamento-en-venta-en-av-jesus-del-monte-150750936.html,9600000,"MN 9,600,000",MXN,venta,Apartamento,Jesús del Monte,Huixquilucan,Edo. de México,260.0,260.0,Publicado hace 5 días,2026-08-08T07:06:51Z,2026-08-13T22:01:46.473720+00:00,https://www.inmuebles24.com/casas-o-casa-en-condominio-o-departamentos-en-venta-en-edo.-de-mexico-ordenado-por-fechaonline-descendente.html-pagina-26.html
https://www.inmuebles24.com/propiedades/clasificado/veclapin-departamento-en-venta-en-benito-juarez-centro-150750920.html,4105262,"MN 4,105,262",MXN,venta,Apartamento,Benito Juárez Centro,Tlalnepantla de Baz,Edo. de México,68.0,68.0,Publicado hace 5 días,2026-08-08T07:06:50Z,2026-08-13T22:01:46.473720+00:00,https://www.inmuebles24.com/casas-o-casa-en-condominio-o-departamentos-en-venta-en-edo.-de-mexico-ordenado-por-fechaonline-descendente.html-pagina-26.html
https://www.inmuebles24.com/propiedades/clasificado/veclapin-departamento-en-venta-en-calle-arquitectura-lomas-de-150751771.html,9990000,"MN 9,990,000",MXN,venta,Apartamento,Lomas AnAhuac,Huixquilucan,Edo. de México,295.0,295.0,Publicado hace 5 días,2026-08-08T15:49:35Z,2026-08-13T22:02:55.977539+00:00,https://www.inmuebles24.com/casas-o-casa-en-condominio-o-departamentos-en-venta-en-edo.-de-mexico-ordenado-por-fechaonline-descendente.html-pagina-26.html
https://www.inmuebles24.com/propiedades/clasificado/veclapin-departamento-en-venta-en-calle-arquitectura-lomas-de-150751780.html,8400000,"MN 8,400,000",MXN,venta,Apartamento,Lomas AnAhuac,Huixquilucan,Edo. de México,260.0,260.0,Publicado hace 5 días,2026-08-08T15:49:36Z,2026-08-13T22:02:55.977539+00:00,https://www.inmuebles24.com/casas-o-casa-en-condominio-o-departamentos-en-venta-en-edo.-de-mexico-ordenado-por-fechaonline-descendente.html-pagina-26.html
https://www.inmuebles24.com/propiedades/clasificado/veclapin-departamento-en-venta-o-renta-interlomas-150753674.html,5500000,"MN 5,500,000",MXN,venta,Apartamento,Valle de las Palmas,Huixquilucan,Edo. de México,169.0,169.0,Publicado hace 5 días,2026-08-09T01:33:08Z,2026-08-13T22:02:55.977539+00:00,https://www.inmuebles24.com/casas-o-casa-en-condominio-o-departamentos-en-venta-en-edo.-de-mexico-ordenado-por-fechaonline-descendente.html-pagina-26.html
https://www.inmuebles24.com/propiedades/clasificado/veclapin-departamento-recien-remodelado-en-hacienda-de-las-150753733.html,7800000,"MN 7,800,000",MXN,venta,Apartamento,Hacienda de las Palmas,Huixquilucan,Edo. de México,190.0,190.0,Publicado hace 5 días,2026-08-09T01:58:28Z,2026-08-13T22:02:55.977539+00:00,https://www.inmuebles24.com/casas-o-casa-en-condominio-o-departamentos-en-venta-en-edo.-de-mexico-ordenado-por-fechaonline-descendente.html-pagina-26.html
https://www.inmuebles24.com/propiedades/clasificado/veclapin-departamento-venta-150752813.html,4368000,"MN 4,368,000",MXN,venta,Apartamento,Las Arboledas,Tlalnepantla de Baz,Edo. de México,83.0,83.0,Publicado hace 5 días,2026-08-08T19:54:13Z,2026-08-13T22:02:55.977539+00:00,https://www.inmuebles24.com/casas-o-casa-en-condominio-o-departamentos-en-venta-en-edo.-de-mexico-ordenado-por-fechaonline-descendente.html-pagina-26.html
https://www.inmuebles24.com/propiedades/clasificado/veclapin-estupendo-departamento-en-city-esmeralda-150752819.html,3450000,"MN 3,450,000",MXN,venta,Apartamento,,Atizapán de Zaragoza,Edo. de México,73.0,73.0,Publicado hace 5 días,2026-08-08T19:56:56Z,2026-08-13T22:02:55.977539+00:00,https://www.inmuebles24.com/casas-o-casa-en-condominio-o-departamentos-en-venta-en-edo.-de-mexico-ordenado-por-fechaonline-descendente.html-pagina-26.html
https://www.inmuebles24.com/propiedades/clasificado/veclapin-loft-de-2-niveles-semi-penthouse-100-m-sup2-150753638.html,4000000,"MN 4,000,000",MXN,venta,Apartamento,Interlomas,Huixquilucan,Edo. de México,100.0,100.0,Publicado hace 5 días,2026-08-09T01:17:03Z,2026-08-13T22:02:55.977539+00:00,https://www.inmuebles24.com/casas-o-casa-en-condominio-o-departamentos-en-venta-en-edo.-de-mexico-ordenado-por-fechaonline-descendente.html-pagina-26.html
https://www.inmuebles24.com/propiedades/clasificado/veclappa-departamento-remodelado-en-residencial-mediterraneo-150752905.html,5000000,"MN 5,000,000",MXN,venta,Apartamento,Hacienda de las Palmas,Huixquilucan,Edo. de México,142.0,142.0,Publicado hace 5 días,2026-08-08T20:27:20Z,2026-08-13T22:02:55.977539+00:00,https://www.inmuebles24.com/casas-o-casa-en-condominio-o-departamentos-en-venta-en-edo.-de-mexico-ordenado-por-fechaonline-descendente.html-pagina-26.html
https://www.inmuebles24.com/propiedades/clasificado/veclcain-caballos-en-la-estadia-150752750.html,29800000,"MN 29,800,000",MXN,venta,Casa,La Estadía,Atizapán de Zaragoza,Edo. de México,1200.0,1320.0,Publicado hace 5 días,2026-08-08T19:35:44Z,2026-08-13T22:02:55.977539+00:00,https://www.inmuebles24.com/casas-o-casa-en-condominio-o-departamentos-en-venta-en-edo.-de-mexico-ordenado-por-fechaonline-descendente.html-pagina-26.html
https://www.inmuebles24.com/propiedades/clasificado/veclcain-casa-en-centro-ocoyoacac-150751328.html,4800000,"MN 4,800,000",MXN,venta,Casa,Centro Ocoyoacac,Ocoyoacac,Edo. de México,,,Publicado hace 5 días,2026-08-08T07:20:44Z,2026-08-13T22:02:55.977539+00:00,https://www.inmuebles24.com/casas-o-casa-en-condominio-o-departamentos-en-venta-en-edo.-de-mexico-ordenado-por-fechaonline-descendente.html-pagina-26.html
https://www.inmuebles24.com/propiedades/clasificado/veclcain-casa-en-fraccionamiento-las-misiones-150753253.html,2226150,"MN 2,226,150",MXN,venta,Casa,,Toluca,Edo. de México,97.0,97.0,Publicado hace 5 días,2026-08-08T22:43:22Z,2026-08-13T22:04:02.978801+00:00,https://www.inmuebles24.com/casas-o-casa-en-condominio-o-departamentos-en-venta-en-edo.-de-mexico-ordenado-por-fechaonline-descendente.html-pagina-26.html
https://www.inmuebles24.com/propiedades/clasificado/veclcain-casa-en-venta-en-calle-jose-mariano-salas-lomas-150751788.html,14980000,"MN 14,980,000",MXN,venta,Casa,Lomas Verdes,Naucalpan de Juárez,Edo. de México,640.0,337.0,Publicado hace 5 días,2026-08-08T15:49:37Z,2026-08-13T22:04:02.978801+00:00,https://www.inmuebles24.com/casas-o-casa-en-condominio-o-departamentos-en-venta-en-edo.-de-mexico-ordenado-por-fechaonline-descendente.html-pagina-26.html
https://www.inmuebles24.com/propiedades/clasificado/veclcain-casa-en-venta-en-calle-tamariz-lomas-verdes-rg-26-150751785.html,15800000,"MN 15,800,000",MXN,venta,Casa,Lomas Verdes,Naucalpan de Juárez,Edo. de México,680.0,382.0,Publicado hace 5 días,2026-08-08T15:49:36Z,2026-08-13T22:04:02.978801+00:00,https://www.inmuebles24.com/casas-o-casa-en-condominio-o-departamentos-en-venta-en-edo.-de-mexico-ordenado-por-fechaonline-descendente.html-pagina-26.html
https://www.inmuebles24.com/propiedades/clasificado/veclcain-casa-en-venta-en-carmen-serdan-colon-toluca-150751644.html,12500000,"MN 12,500,000",MXN,venta,Casa,Colón,Toluca,Edo. de México,456.0,736.0,Publicado hace 5 días,2026-08-08T15:16:56Z,2026-08-13T22:04:02.978801+00:00,https://www.inmuebles24.com/casas-o-casa-en-condominio-o-departamentos-en-venta-en-edo.-de-mexico-ordenado-por-fechaonline-descendente.html-pagina-26.html
https://www.inmuebles24.com/propiedades/clasificado/veclcain-casa-en-venta-en-el-meson-150751728.html,9900000,"MN 9,900,000",MXN,venta,Casa,El Mesón,Calimaya,Edo. de México,535.0,580.0,Publicado hace 5 días,2026-08-08T15:45:55Z,2026-08-13T22:04:02.978801+00:00,https://www.inmuebles24.com/casas-o-casa-en-condominio-o-departamentos-en-venta-en-edo.-de-mexico-ordenado-por-fechaonline-descendente.html-pagina-26.html
https://www.inmuebles24.com/propiedades/clasificado/veclcain-casa-en-venta-en-metepec-col.-agricola-lazaro-150752738.html,4950000,"MN 4,950,000",MXN,venta,Casa,,Metepec,Edo. de México,262.0,200.0,Publicado hace 5 días,2026-08-08T19:32:50Z,2026-08-13T22:04:02.978801+00:00,https://www.inmuebles24.com/casas-o-casa-en-condominio-o-departamentos-en-venta-en-edo.-de-mexico-ordenado-por-fechaonline-descendente.html-pagina-26.html
https://www.inmuebles24.com/propiedades/clasificado/veclcain-casa-en-venta-san-buenaventura-150751420.html,1200,"MN 1,200",MXN,venta,Casa,San Buenaventura,Toluca,Edo. de México,,,Publicado hace 5 días,2026-08-08T13:08:01Z,2026-08-13T22:04:02.978801+00:00,https://www.inmuebles24.com/casas-o-casa-en-condominio-o-departamentos-en-venta-en-edo.-de-mexico-ordenado-por-fechaonline-descendente.html-pagina-26.html
https://www.inmuebles24.com/propiedades/clasificado/veclcain-casboncua-en-hacienda-de-valle-escondido-150752502.html,29900000,"MN 29,900,000",MXN,venta,Casa,Hacienda de Valle Escondido,Atizapán de Zaragoza,Edo. de México,713.0,1800.0,Publicado hace 5 días,2026-08-08T18:49:09Z,2026-08-13T22:04:02.978801+00:00,https://www.inmuebles24.com/casas-o-casa-en-condominio-o-departamentos-en-venta-en-edo.-de-mexico-ordenado-por-fechaonline-descendente.html-pagina-26.html
https://www.inmuebles24.com/propiedades/clasificado/veclcain-club-de-golf-hacienda:-casa-en-venta-en-club-de-golf-150750823.html,18900000,"MN 18,900,000",MXN,venta,Casa,Las Arboledas,Atizapán de Zaragoza,Edo. de México,410.0,810.0,Publicado hace 5 días,2026-08-08T06:14:32Z,2026-08-13T22:04:02.978801+00:00,https://www.inmuebles24.com/casas-o-casa-en-condominio-o-departamentos-en-venta-en-edo.-de-mexico-ordenado-por-fechaonline-descendente.html-pagina-26.html
https://www.inmuebles24.com/propiedades/clasificado/veclcain-departamento-en-venta-en-las-jaras-metepec-150751886.html,4700000,"MN 4,700,000",MXN,venta,Casa,Las Jaras,Metepec,Edo. de México,380.0,377.0,Publicado hace 5 días,2026-08-08T15:50:44Z,2026-08-13T22:04:02.978801+00:00,https://www.inmuebles24.com/casas-o-casa-en-condominio-o-departamentos-en-venta-en-edo.-de-mexico-ordenado-por-fechaonline-descendente.html-pagina-26.html
https://www.inmuebles24.com/propiedades/clasificado/veclcain-residencia-nueva-con-acabados-de-lujo-rodeada-de-150750533.html,10500000,"MN 10,500,000",MXN,venta,Casa,Zona Esmeralda,Atizapán de Zaragoza,Edo. de México,285.0,140.0,Publicado hace 5 días,2026-08-08T04:09:04Z,2026-08-13T22:05:12.163521+00:00,https://www.inmuebles24.com/casas-o-casa-en-condominio-o-departamentos-en-venta-en-edo.-de-mexico-ordenado-por-fechaonline-descendente.html-pagina-26.html
https://www.inmuebles24.com/propiedades/clasificado/veclcain-vendo-casa-en-circuito-misioneros-satelite-naucalpan-150751572.html,13000000,"MN 13,000,000",MXN,venta,Casa,Ciudad Satélite,Naucalpan de Juárez,Edo. de México,417.0,422.0,Publicado hace 5 días,2026-08-08T14:34:38Z,2026-08-13T22:05:12.163521+00:00,https://www.inmuebles24.com/casas-o-casa-en-condominio-o-departamentos-en-venta-en-edo.-de-mexico-ordenado-por-fechaonline-descendente.html-pagina-26.html
https://www.inmuebles24.com/propiedades/clasificado/veclcapa-casa-habitacion-en-privada-para-renta-149099972.html,600000,"MN 600,000",MXN,venta,Casa,Paseos de San Juan,Zumpango,Edo. de México,40.0,60.0,Publicado hace 5 días,2026-02-26T22:38:31Z,2026-08-13T22:05:12.163521+00:00,https://www.inmuebles24.com/casas-o-casa-en-condominio-o-departamentos-en-venta-en-edo.-de-mexico-ordenado-por-fechaonline-descendente.html-pagina-26.html
https://www.inmuebles24.com/propiedades/clasificado/veclapin-casa-en-venta-residencia-aqua-i-150748217.html,7500000,"MN 7,500,000",MXN,venta,Apartamento,Residencial Lago Esmeralda,Atizapán de Zaragoza,Edo. de México,255.0,186.0,Publicado hace 6 días,2026-08-07T23:00:50Z,2026-08-13T22:05:12.163521+00:00,https://www.inmuebles24.com/casas-o-casa-en-condominio-o-departamentos-en-venta-en-edo.-de-mexico-ordenado-por-fechaonline-descendente.html-pagina-27.html
https://www.inmuebles24.com/propiedades/clasificado/veclapin-departamento-con-terraza-de-37-m-sup2--en-fte-de-150743087.html,11200000,"MN 11,200,000",MXN,venta,Apartamento,Lomas de Tecamachalco,Naucalpan de Juárez,Edo. de México,186.0,222.0,Publicado hace 6 días,2026-08-07T16:26:41Z,2026-08-13T22:05:12.163521+00:00,https://www.inmuebles24.com/casas-o-casa-en-condominio-o-departamentos-en-venta-en-edo.-de-mexico-ordenado-por-fechaonline-descendente.html-pagina-27.html
https://www.inmuebles24.com/propiedades/clasificado/veclapin-departamento-en-los-heroes-tecamac-tecamac-edo.-mex.-150748821.html,900000,"MN 900,000",MXN,venta,Apartamento,Los Héroes Tecámac,Tecámac,Edo. de México,65.0,65.0,Publicado hace 6 días,2026-08-08T00:00:28Z,2026-08-13T22:05:12.163521+00:00,https://www.inmuebles24.com/casas-o-casa-en-condominio-o-departamentos-en-venta-en-edo.-de-mexico-ordenado-por-fechaonline-descendente.html-pagina-27.html
https://www.inmuebles24.com/propiedades/clasificado/veclapin-departamento-en-venta-en-gania-bosque-real-150744952.html,10030000,"MN 10,030,000",MXN,venta,Apartamento,Bosque Real,Huixquilucan,Edo. de México,227.0,227.0,Publicado hace 6 días,2026-08-07T18:58:51Z,2026-08-13T22:05:12.163521+00:00,https://www.inmuebles24.com/casas-o-casa-en-condominio-o-departamentos-en-venta-en-edo.-de-mexico-ordenado-por-fechaonline-descendente.html-pagina-27.html
https://www.inmuebles24.com/propiedades/clasificado/veclapin-departamento-en-venta-en-hacienda-del-ciervo-150744787.html,7742605,"MN 7,742,605",MXN,venta,Apartamento,Hacienda de las Palmas,Huixquilucan,Edo. de México,160.0,160.0,Publicado hace 6 días,2026-08-07T18:42:49Z,2026-08-13T22:05:12.163521+00:00,https://www.inmuebles24.com/casas-o-casa-en-condominio-o-departamentos-en-venta-en-edo.-de-mexico-ordenado-por-fechaonline-descendente.html-pagina-27.html
https://www.inmuebles24.com/propiedades/clasificado/veclapin-departamento-en-venta-en-san-juan-totoltepec-150745098.html,3500000,"MN 3,500,000",MXN,venta,Apartamento,San Juan Totoltepec,Naucalpan de Juárez,Edo. de México,196.0,196.0,Publicado hace 6 días,2026-08-07T19:06:23Z,2026-08-13T22:05:12.163521+00:00,https://www.inmuebles24.com/casas-o-casa-en-condominio-o-departamentos-en-venta-en-edo.-de-mexico-ordenado-por-fechaonline-descendente.html-pagina-27.html
https://www.inmuebles24.com/propiedades/clasificado/veclapin-departamento-moderno-en-preventa-con-balcones-150742712.html,10500000,"MN 10,500,000",MXN,venta,Apartamento,Lomas de Tecamachalco,Naucalpan de Juárez,Edo. de México,185.0,195.0,Publicado hace 6 días,2026-08-07T15:42:27Z,2026-08-13T22:05:12.163521+00:00,https://www.inmuebles24.com/casas-o-casa-en-condominio-o-departamentos-en-venta-en-edo.-de-mexico-ordenado-por-fechaonline-descendente.html-pagina-27.html
https://www.inmuebles24.com/propiedades/clasificado/veclapin-exclusivo-departamento-de-lujo-en-lomas-de-chapultepec-150744064.html,15529000,"MN 15,529,000",MXN,venta,Apartamento,Lomas de Tecamachalco,Naucalpan de Juárez,Edo. de México,222.0,222.0,Publicado hace 6 días,2026-08-07T17:45:21Z,2026-08-13T22:06:18.761105+00:00,https://www.inmuebles24.com/casas-o-casa-en-condominio-o-departamentos-en-venta-en-edo.-de-mexico-ordenado-por-fechaonline-descendente.html-pagina-27.html
https://www.inmuebles24.com/propiedades/clasificado/veclapin-lomas-country-club-departamento-en-venta-150740478.html,22900000,"MN 22,900,000",MXN,venta,Apartamento,Lomas Country Club,Huixquilucan,Edo. de México,513.0,513.0,Publicado hace 6 días,2026-08-07T05:01:26Z,2026-08-13T22:06:18.761105+00:00,https://www.inmuebles24.com/casas-o-casa-en-condominio-o-departamentos-en-venta-en-edo.-de-mexico-ordenado-por-fechaonline-descendente.html-pagina-27.html
https://www.inmuebles24.com/propiedades/clasificado/veclapin-se-vende-departamento-en-fraccionamiento-los-heroes-150737932.html,800000,"MN 800,000",MXN,venta,Apartamento,Los Héroes San Pablo,Tecámac,Edo. de México,53.0,67.0,Publicado hace 6 días,2026-08-06T23:40:13Z,2026-08-13T22:06:18.761105+00:00,https://www.inmuebles24.com/casas-o-casa-en-condominio-o-departamentos-en-venta-en-edo.-de-mexico-ordenado-por-fechaonline-descendente.html-pagina-27.html
https://www.inmuebles24.com/propiedades/clasificado/veclapin-se-vende-penthouse-de-4-recamaras-con-paneles-solares-150746855.html,11490000,"MN 11,490,000",MXN,venta,Apartamento,Lomas del Río,Naucalpan de Juárez,Edo. de México,357.0,1.0,Publicado hace 6 días,2026-08-07T21:16:34Z,2026-08-13T22:06:18.761105+00:00,https://www.inmuebles24.com/casas-o-casa-en-condominio-o-departamentos-en-venta-en-edo.-de-mexico-ordenado-por-fechaonline-descendente.html-pagina-27.html
https://www.inmuebles24.com/propiedades/clasificado/veclcain-casa-ailes-150744481.html,30000000,"MN 30,000,000",MXN,venta,Casa,Club de Golf los Encinos,Lerma,Edo. de México,511.0,1000.0,Publicado hace 6 días,2026-08-07T18:17:24Z,2026-08-13T22:06:18.761105+00:00,https://www.inmuebles24.com/casas-o-casa-en-condominio-o-departamentos-en-venta-en-edo.-de-mexico-ordenado-por-fechaonline-descendente.html-pagina-27.html
https://www.inmuebles24.com/propiedades/clasificado/veclcain-casa-ampliada-en-venta-toluca-fracc.-los-heroes-150740634.html,1200000,"MN 1,200,000",MXN,venta,Casa,Los Héroes,Toluca,Edo. de México,80.0,60.0,Publicado hace 6 días,2026-08-07T06:22:14Z,2026-08-13T22:06:18.761105+00:00,https://www.inmuebles24.com/casas-o-casa-en-condominio-o-departamentos-en-venta-en-edo.-de-mexico-ordenado-por-fechaonline-descendente.html-pagina-27.html
https://www.inmuebles24.com/propiedades/clasificado/veclcain-casa-de-320-m-sup2--con-3-recamaras-en-venta-en-lomas-150747749.html,6900000,"MN 6,900,000",MXN,venta,Casa,Lomas Verdes 1a Sección,Naucalpan de Juárez,Edo. de México,320.0,128.0,Publicado hace 6 días,2026-08-07T22:12:33Z,2026-08-13T22:06:18.761105+00:00,https://www.inmuebles24.com/casas-o-casa-en-condominio-o-departamentos-en-venta-en-edo.-de-mexico-ordenado-por-fechaonline-descendente.html-pagina-27.html
https://www.inmuebles24.com/propiedades/clasificado/veclcain-casa-en-venta-dentro-de-privada-metepec-mexico-150744877.html,2490000,"MN 2,490,000",MXN,venta,Casa,Santa Cruz,Metepec,Edo. de México,106.0,95.0,Publicado hace 6 días,2026-08-07T18:52:09Z,2026-08-13T22:06:18.761105+00:00,https://www.inmuebles24.com/casas-o-casa-en-condominio-o-departamentos-en-venta-en-edo.-de-mexico-ordenado-por-fechaonline-descendente.html-pagina-27.html
https://www.inmuebles24.com/propiedades/clasificado/veclcain-casa-en-venta-en-ciudad-satelite-150740600.html,7750000,"MN 7,750,000",MXN,venta,Casa,Ciudad Satélite,Naucalpan de Juárez,Edo. de México,397.0,240.0,Publicado hace 6 días,2026-08-07T06:04:19Z,2026-08-13T22:06:18.761105+00:00,https://www.inmuebles24.com/casas-o-casa-en-condominio-o-departamentos-en-venta-en-edo.-de-mexico-ordenado-por-fechaonline-descendente.html-pagina-27.html
https://www.inmuebles24.com/propiedades/clasificado/veclcain-casa-en-venta-en-colonia-parques-nacionales-toluca-150750380.html,1985000,"MN 1,985,000",MXN,venta,Casa,Parques Nacionales,Toluca,Edo. de México,166.0,91.0,Publicado hace 6 días,2026-08-08T03:11:41Z,2026-08-13T22:06:18.761105+00:00,https://www.inmuebles24.com/casas-o-casa-en-condominio-o-departamentos-en-venta-en-edo.-de-mexico-ordenado-por-fechaonline-descendente.html-pagina-27.html
https://www.inmuebles24.com/propiedades/clasificado/veclcain-casa-en-venta-en-portofino-royal-country-club-150743195.html,21800000,"MN 21,800,000",MXN,venta,Casa,Country Club,Metepec,Edo. de México,527.0,527.0,Publicado hace 6 días,2026-08-07T16:37:48Z,2026-08-13T22:07:20.462023+00:00,https://www.inmuebles24.com/casas-o-casa-en-condominio-o-departamentos-en-venta-en-edo.-de-mexico-ordenado-por-fechaonline-descendente.html-pagina-27.html
https://www.inmuebles24.com/propiedades/clasificado/veclcain-casa-en-venta-en-residencial-lago-esmeralda-150742087.html,8250000,"MN 8,250,000",MXN,venta,Casa,Residencial Lago Esmeralda,Atizapán de Zaragoza,Edo. de México,280.0,120.0,Publicado hace 6 días,2026-08-07T11:29:21Z,2026-08-13T22:07:20.462023+00:00,https://www.inmuebles24.com/casas-o-casa-en-condominio-o-departamentos-en-venta-en-edo.-de-mexico-ordenado-por-fechaonline-descendente.html-pagina-27.html
https://www.inmuebles24.com/propiedades/clasificado/veclcain-casa-en-venta-en-tlalnepantla-de-baz-cumbres-del-150745093.html,9000000,"MN 9,000,000",MXN,venta,Casa,Cumbres del Valle,Tlalnepantla de Baz,Edo. de México,275.0,225.0,Publicado hace 6 días,2026-08-07T19:06:22Z,2026-08-13T22:07:20.462023+00:00,https://www.inmuebles24.com/casas-o-casa-en-condominio-o-departamentos-en-venta-en-edo.-de-mexico-ordenado-por-fechaonline-descendente.html-pagina-27.html
https://www.inmuebles24.com/propiedades/clasificado/veclcain-casa-en-venta-para-actualizar-en-las-arboledas-150740591.html,5700000,"MN 5,700,000",MXN,venta,Casa,Las Arboledas,Atizapán de Zaragoza,Edo. de México,180.0,250.0,Publicado hace 6 días,2026-08-07T05:57:06Z,2026-08-13T22:07:20.462023+00:00,https://www.inmuebles24.com/casas-o-casa-en-condominio-o-departamentos-en-venta-en-edo.-de-mexico-ordenado-por-fechaonline-descendente.html-pagina-27.html
https://www.inmuebles24.com/propiedades/clasificado/veclcain-casa-en-venta-puerta-de-astorga-150748388.html,9900000,"MN 9,900,000",MXN,venta,Casa,Bosque Esmeralda,Atizapán de Zaragoza,Edo. de México,247.0,414.0,Publicado hace 6 días,2026-08-07T23:22:39Z,2026-08-13T22:07:20.462023+00:00,https://www.inmuebles24.com/casas-o-casa-en-condominio-o-departamentos-en-venta-en-edo.-de-mexico-ordenado-por-fechaonline-descendente.html-pagina-27.html
https://www.inmuebles24.com/propiedades/clasificado/veclcain-casa-nueva-en-preventa-de-345-m-sup2--en-bosque-150746840.html,10570000,"MN 10,570,000",MXN,venta,Casa,Bosque Esmeralda,Atizapán de Zaragoza,Edo. de México,345.0,135.0,Publicado hace 6 días,2026-08-07T21:15:11Z,2026-08-13T22:07:20.462023+00:00,https://www.inmuebles24.com/casas-o-casa-en-condominio-o-departamentos-en-venta-en-edo.-de-mexico-ordenado-por-fechaonline-descendente.html-pagina-27.html
https://www.inmuebles24.com/propiedades/clasificado/veclcain-las-americas-naucalpan-casa-en-venta-con-gran-150748882.html,5479000,"MN 5,479,000",MXN,venta,Casa,Las Américas,Naucalpan de Juárez,Edo. de México,133.0,198.0,Publicado hace 6 días,2026-08-08T00:05:27Z,2026-08-13T22:07:20.462023+00:00,https://www.inmuebles24.com/casas-o-casa-en-condominio-o-departamentos-en-venta-en-edo.-de-mexico-ordenado-por-fechaonline-descendente.html-pagina-27.html
https://www.inmuebles24.com/propiedades/clasificado/veclcain-venta-casa-condado-de-sayavedra-atizapan-de-zaragoza-150748826.html,8690000,"MN 8,690,000",MXN,venta,Casa,Condado de Sayavedra,Atizapán de Zaragoza,Edo. de México,329.0,588.0,Publicado hace 6 días,2026-08-08T00:01:04Z,2026-08-13T22:07:20.462023+00:00,https://www.inmuebles24.com/casas-o-casa-en-condominio-o-departamentos-en-venta-en-edo.-de-mexico-ordenado-por-fechaonline-descendente.html-pagina-27.html
https://www.inmuebles24.com/propiedades/clasificado/veclcain-venta-casa-valle-dorado-tlalnepantla-edo-mexico-150746551.html,5490000,"MN 5,490,000",MXN,venta,Casa,,Tlalnepantla de Baz,Edo. de México,203.0,140.0,Publicado hace 6 días,2026-08-07T20:47:43Z,2026-08-13T22:07:20.462023+00:00,https://www.inmuebles24.com/casas-o-casa-en-condominio-o-departamentos-en-venta-en-edo.-de-mexico-ordenado-por-fechaonline-descendente.html-pagina-27.html
https://www.inmuebles24.com/propiedades/clasificado/veclcain-venta-de-casa-en-villas-xaltipa-iia-cuautitlan-150750374.html,2780000,"MN 2,780,000",MXN,venta,Casa,Xaltipa,Cuautitlán,Edo. de México,128.0,78.0,Publicado hace 6 días,2026-08-08T03:11:35Z,2026-08-13T22:07:20.462023+00:00,https://www.inmuebles24.com/casas-o-casa-en-condominio-o-departamentos-en-venta-en-edo.-de-mexico-ordenado-por-fechaonline-descendente.html-pagina-27.html
https://www.inmuebles24.com/propiedades/clasificado/veclcain-venta-sensacional-casa-en-moncayo-lago-esmeralda-150744816.html,8900000,"MN 8,900,000",MXN,venta,Casa,Zona Esmeralda,Atizapán de Zaragoza,Edo. de México,199.0,166.0,Publicado hace 6 días,2026-08-07T18:46:02Z,2026-08-13T22:08:35.629015+00:00,https://www.inmuebles24.com/casas-o-casa-en-condominio-o-departamentos-en-venta-en-edo.-de-mexico-ordenado-por-fechaonline-descendente.html-pagina-27.html
https://www.inmuebles24.com/propiedades/clasificado/veclccin-se-vende-casa-en-residencial-diamante-granjas-lomas-150750373.html,8500000,"MN 8,500,000",MXN,venta,Casa en condominio,Granjas Lomas de Guadalupe,Cuautitlán Izcalli,Edo. de México,533.0,402.0,Publicado hace 6 días,2026-08-08T03:11:35Z,2026-08-13T22:08:35.629015+00:00,https://www.inmuebles24.com/casas-o-casa-en-condominio-o-departamentos-en-venta-en-edo.-de-mexico-ordenado-por-fechaonline-descendente.html-pagina-27.html
https://www.inmuebles24.com/propiedades/clasificado/veclccin-venta-casa-fraccionamiento-club-de-golf-san-carlos-en-150744218.html,12200000,"MN 12,200,000",MXN,venta,Casa en condominio,San Francisco Coaxusco,Metepec,Edo. de México,493.0,366.0,Publicado hace 6 días,2026-08-07T17:55:46Z,2026-08-13T22:08:35.629015+00:00,https://www.inmuebles24.com/casas-o-casa-en-condominio-o-departamentos-en-venta-en-edo.-de-mexico-ordenado-por-fechaonline-descendente.html-pagina-27.html
https://www.inmuebles24.com/propiedades/clasificado/veclapin-amplio-departamento-en-hacienda-de-las-palmas-150747604.html,7300000,"MN 7,300,000",MXN,venta,Apartamento,Villa Florence,Huixquilucan,Edo. de México,220.0,220.0,Publicado hace 6 días,2026-08-07T21:55:47Z,2026-08-13T22:08:35.629015+00:00,https://www.inmuebles24.com/casas-o-casa-en-condominio-o-departamentos-en-venta-en-edo.-de-mexico-ordenado-por-fechaonline-descendente.html-pagina-28.html
https://www.inmuebles24.com/propiedades/clasificado/veclapin-departamento-de-82-m-sup2--con-3-recamaras-en-venta-en-150745319.html,2955000,"MN 2,955,000",MXN,venta,Apartamento,Colinas del Lago,Cuautitlán Izcalli,Edo. de México,82.0,82.0,Publicado hace 6 días,2026-08-07T19:17:03Z,2026-08-13T22:08:35.629015+00:00,https://www.inmuebles24.com/casas-o-casa-en-condominio-o-departamentos-en-venta-en-edo.-de-mexico-ordenado-por-fechaonline-descendente.html-pagina-28.html
https://www.inmuebles24.com/propiedades/clasificado/veclapin-departamento-en-venta-en-condominio-los-altos-150746669.html,5200000,"MN 5,200,000",MXN,venta,Apartamento,Jesús del Monte,Huixquilucan,Edo. de México,148.0,148.0,Publicado hace 6 días,2026-08-07T20:56:11Z,2026-08-13T22:08:35.629015+00:00,https://www.inmuebles24.com/casas-o-casa-en-condominio-o-departamentos-en-venta-en-edo.-de-mexico-ordenado-por-fechaonline-descendente.html-pagina-28.html
https://www.inmuebles24.com/propiedades/clasificado/veclapin-departamento-en-venta-en-hacienda-de-las-palmas-150749576.html,10830000,"MN 10,830,000",MXN,venta,Apartamento,Hacienda de las Palmas,Huixquilucan,Edo. de México,190.0,190.0,Publicado hace 6 días,2026-08-08T02:03Z,2026-08-13T22:08:35.629015+00:00,https://www.inmuebles24.com/casas-o-casa-en-condominio-o-departamentos-en-venta-en-edo.-de-mexico-ordenado-por-fechaonline-descendente.html-pagina-28.html
https://www.inmuebles24.com/propiedades/clasificado/veclapin-departamento-en-venta-en-huixquilucan-jesus-del-monte-150745092.html,2850000,"MN 2,850,000",MXN,venta,Apartamento,Jesús del Monte,Huixquilucan,Edo. de México,100.0,100.0,Publicado hace 6 días,2026-08-07T19:06:22Z,2026-08-13T22:08:35.629015+00:00,https://www.inmuebles24.com/casas-o-casa-en-condominio-o-departamentos-en-venta-en-edo.-de-mexico-ordenado-por-fechaonline-descendente.html-pagina-28.html
https://www.inmuebles24.com/propiedades/clasificado/veclapin-departamento-en-venta-en-naucalpan-de-juarez-lomas-de-150745056.html,8000000,"MN 8,000,000",MXN,venta,Apartamento,Lomas de Tecamachalco,Naucalpan de Juárez,Edo. de México,198.0,198.0,Publicado hace 6 días,2026-08-07T19:06:15Z,2026-08-13T22:08:35.629015+00:00,https://www.inmuebles24.com/casas-o-casa-en-condominio-o-departamentos-en-venta-en-edo.-de-mexico-ordenado-por-fechaonline-descendente.html-pagina-28.html
https://www.inmuebles24.com/propiedades/clasificado/veclapin-departamento-en-venta-en-tecamachalco-residencial-150746518.html,7300000,"MN 7,300,000",MXN,venta,Apartamento,Lomas de Tecamachalco,Naucalpan de Juárez,Edo. de México,140.0,140.0,Publicado hace 6 días,2026-08-07T20:46:06Z,2026-08-13T22:08:35.629015+00:00,https://www.inmuebles24.com/casas-o-casa-en-condominio-o-departamentos-en-venta-en-edo.-de-mexico-ordenado-por-fechaonline-descendente.html-pagina-28.html
https://www.inmuebles24.com/propiedades/clasificado/veclapin-departamento-en-venta-interlomas-150740442.html,22500000,"MN 22,500,000",MXN,venta,Apartamento,Interlomas,Huixquilucan,Edo. de México,365.0,365.0,Publicado hace 6 días,2026-08-07T04:50:30Z,2026-08-13T22:09:42.035635+00:00,https://www.inmuebles24.com/casas-o-casa-en-condominio-o-departamentos-en-venta-en-edo.-de-mexico-ordenado-por-fechaonline-descendente.html-pagina-28.html
https://www.inmuebles24.com/propiedades/clasificado/veclapin-departamento-en-venta-interlomas-estado-de-mexico-150746283.html,9230002,"MN 9,230,002",MXN,venta,Apartamento,Hacienda de las Palmas,Huixquilucan,Edo. de México,179.0,179.0,Publicado hace 6 días,2026-08-07T20:37:28Z,2026-08-13T22:09:42.035635+00:00,https://www.inmuebles24.com/casas-o-casa-en-condominio-o-departamentos-en-venta-en-edo.-de-mexico-ordenado-por-fechaonline-descendente.html-pagina-28.html
https://www.inmuebles24.com/propiedades/clasificado/veclapin-excelente-town-house-muy-cerca-de-la-universidad-150748469.html,8400000,"MN 8,400,000",MXN,venta,Apartamento,Lomas AnAhuac,Huixquilucan,Edo. de México,230.0,230.0,Publicado hace 6 días,2026-08-07T23:33:58Z,2026-08-13T22:09:42.035635+00:00,https://www.inmuebles24.com/casas-o-casa-en-condominio-o-departamentos-en-venta-en-edo.-de-mexico-ordenado-por-fechaonline-descendente.html-pagina-28.html
https://www.inmuebles24.com/propiedades/clasificado/veclapin-exclusivo-departamento-de-lujo-cercano-al-club-de-golf-150692245.html,6499000,"MN 6,499,000",MXN,venta,Apartamento,Naucalpan,Naucalpan de Juárez,Edo. de México,106.0,106.0,Publicado hace 6 días,2026-08-01T22:43:28Z,2026-08-13T22:09:42.035635+00:00,https://www.inmuebles24.com/casas-o-casa-en-condominio-o-departamentos-en-venta-en-edo.-de-mexico-ordenado-por-fechaonline-descendente.html-pagina-28.html
https://www.inmuebles24.com/propiedades/clasificado/veclapin-exclusivo-departamento-de-lujo-en-uniq-lomas-lomas-150744508.html,15529000,"MN 15,529,000",MXN,venta,Apartamento,Lomas de Tecamachalco,Naucalpan de Juárez,Edo. de México,222.0,222.0,Publicado hace 6 días,2026-08-07T18:19:37Z,2026-08-13T22:09:42.035635+00:00,https://www.inmuebles24.com/casas-o-casa-en-condominio-o-departamentos-en-venta-en-edo.-de-mexico-ordenado-por-fechaonline-descendente.html-pagina-28.html
https://www.inmuebles24.com/propiedades/clasificado/veclapin-residencial-puerta-del-lago:-departamento-en-venta-en-150742879.html,16000000,"MN 16,000,000",MXN,venta,Apartamento,Lomas Country Club,Huixquilucan,Edo. de México,329.0,529.0,Publicado hace 6 días,2026-08-07T16:04:21Z,2026-08-13T22:09:42.035635+00:00,https://www.inmuebles24.com/casas-o-casa-en-condominio-o-departamentos-en-venta-en-edo.-de-mexico-ordenado-por-fechaonline-descendente.html-pagina-28.html
https://www.inmuebles24.com/propiedades/clasificado/veclapin-se-vende-departamento-excelente-vista.-150742029.html,1950000,"MN 1,950,000",MXN,venta,Apartamento,Lomas de Atizapán,Atizapán de Zaragoza,Edo. de México,65.0,80.0,Publicado hace 6 días,2026-08-07T07:30:45Z,2026-08-13T22:09:42.035635+00:00,https://www.inmuebles24.com/casas-o-casa-en-condominio-o-departamentos-en-venta-en-edo.-de-mexico-ordenado-por-fechaonline-descendente.html-pagina-28.html
https://www.inmuebles24.com/propiedades/clasificado/veclcain-casa-en-venta-bosques-de-la-herradura-naucalpan-150745868.html,14390000,"MN 14,390,000",MXN,venta,Casa,Bosques de la Herradura,Huixquilucan,Edo. de México,525.0,588.0,Publicado hace 6 días,2026-08-07T20:12:03Z,2026-08-13T22:09:42.035635+00:00,https://www.inmuebles24.com/casas-o-casa-en-condominio-o-departamentos-en-venta-en-edo.-de-mexico-ordenado-por-fechaonline-descendente.html-pagina-28.html
https://www.inmuebles24.com/propiedades/clasificado/veclcain-casa-en-venta-ciudad-satelite-naucalpan-estado-de-150744039.html,14500000,"MN 14,500,000",MXN,venta,Casa,Ciudad Satélite,Naucalpan de Juárez,Edo. de México,367.0,400.0,Publicado hace 6 días,2026-08-07T17:43:32Z,2026-08-13T22:09:42.035635+00:00,https://www.inmuebles24.com/casas-o-casa-en-condominio-o-departamentos-en-venta-en-edo.-de-mexico-ordenado-por-fechaonline-descendente.html-pagina-28.html
https://www.inmuebles24.com/propiedades/clasificado/veclcain-casa-en-venta-en-club-de-golf-vallescondido-150744931.html,38000000,"MN 38,000,000",MXN,venta,Casa,Club de Golf Valle Escondido,Atizapán de Zaragoza,Edo. de México,890.0,1674.0,Publicado hace 6 días,2026-08-07T18:56:45Z,2026-08-13T22:09:42.035635+00:00,https://www.inmuebles24.com/casas-o-casa-en-condominio-o-departamentos-en-venta-en-edo.-de-mexico-ordenado-por-fechaonline-descendente.html-pagina-28.html
https://www.inmuebles24.com/propiedades/clasificado/veclcain-casa-en-venta-en-jardines-de-atizapan-atizapan-de-150743447.html,5100000,"MN 5,100,000",MXN,venta,Casa,Jardines de Atizapán,Atizapán de Zaragoza,Edo. de México,250.0,250.0,Publicado hace 6 días,2026-08-07T16:51:32Z,2026-08-13T22:10:51.862151+00:00,https://www.inmuebles24.com/casas-o-casa-en-condominio-o-departamentos-en-venta-en-edo.-de-mexico-ordenado-por-fechaonline-descendente.html-pagina-28.html
https://www.inmuebles24.com/propiedades/clasificado/veclcain-casa-en-venta-en-la-concepcion-coatipac-150727132.html,5500000,"MN 5,500,000",MXN,venta,Casa,La Concepción Coatipac,Calimaya,Edo. de México,350.0,500.0,Publicado hace 6 días,2026-08-05T22:37:45Z,2026-08-13T22:10:51.862151+00:00,https://www.inmuebles24.com/casas-o-casa-en-condominio-o-departamentos-en-venta-en-edo.-de-mexico-ordenado-por-fechaonline-descendente.html-pagina-28.html
https://www.inmuebles24.com/propiedades/clasificado/veclcain-casa-en-venta-en-metepec-150749041.html,4200000,"MN 4,200,000",MXN,venta,Casa,San Miguel Totocuitlapilco,Metepec,Edo. de México,177.0,243.0,Publicado hace 6 días,2026-08-08T00:22:13Z,2026-08-13T22:10:51.862151+00:00,https://www.inmuebles24.com/casas-o-casa-en-condominio-o-departamentos-en-venta-en-edo.-de-mexico-ordenado-por-fechaonline-descendente.html-pagina-28.html
https://www.inmuebles24.com/propiedades/clasificado/veclcain-casa-en-venta-en-san-salvador-tizatlalli-150749092.html,5500000,"MN 5,500,000",MXN,venta,Casa,San Salvador Tizatlalli,Metepec,Edo. de México,168.0,244.0,Publicado hace 6 días,2026-08-08T00:25:17Z,2026-08-13T22:10:51.862151+00:00,https://www.inmuebles24.com/casas-o-casa-en-condominio-o-departamentos-en-venta-en-edo.-de-mexico-ordenado-por-fechaonline-descendente.html-pagina-28.html
https://www.inmuebles24.com/propiedades/clasificado/veclcain-casa-en-venta-en-san-salvador-tizatlalli-metepec-jl-150746895.html,5676000,"MN 5,676,000",MXN,venta,Casa,San Salvador Tizatlalli,Metepec,Edo. de México,169.0,160.0,Publicado hace 6 días,2026-08-07T21:21:07Z,2026-08-13T22:10:51.862151+00:00,https://www.inmuebles24.com/casas-o-casa-en-condominio-o-departamentos-en-venta-en-edo.-de-mexico-ordenado-por-fechaonline-descendente.html-pagina-28.html
https://www.inmuebles24.com/propiedades/clasificado/veclcain-casa-en-venta-en-status-metepec-estado-de-mexico-150745256.html,6500000,"MN 6,500,000",MXN,venta,Casa,Llano Grande,Metepec,Edo. de México,200.0,350.0,Publicado hace 6 días,2026-08-07T19:12:19Z,2026-08-13T22:10:51.862151+00:00,https://www.inmuebles24.com/casas-o-casa-en-condominio-o-departamentos-en-venta-en-edo.-de-mexico-ordenado-por-fechaonline-descendente.html-pagina-28.html
https://www.inmuebles24.com/propiedades/clasificado/veclcain-casa-en-venta-en-valle-de-bravo-150744992.html,17000000,"MN 17,000,000",MXN,venta,Casa,Valle de Bravo,Valle de Bravo,Edo. de México,485.0,384.0,Publicado hace 6 días,2026-08-07T19:03:22Z,2026-08-13T22:10:51.862151+00:00,https://www.inmuebles24.com/casas-o-casa-en-condominio-o-departamentos-en-venta-en-edo.-de-mexico-ordenado-por-fechaonline-descendente.html-pagina-28.html
https://www.inmuebles24.com/propiedades/clasificado/veclcain-casa-en-venta-la-florida-naucalpan-de-juarez-estado-150750389.html,6600000,"MN 6,600,000",MXN,venta,Casa,La Florida,Naucalpan de Juárez,Edo. de México,272.0,200.0,Publicado hace 6 días,2026-08-08T03:12:08Z,2026-08-13T22:10:51.862151+00:00,https://www.inmuebles24.com/casas-o-casa-en-condominio-o-departamentos-en-venta-en-edo.-de-mexico-ordenado-por-fechaonline-descendente.html-pagina-28.html
https://www.inmuebles24.com/propiedades/clasificado/veclcain-preciosa-casa-en-venta-en-coporito-valle-de-bravo-150746510.html,2500000,"USD 2,500,000",USD,venta,Casa,Avandaro,Valle de Bravo,Edo. de México,600.0,955.0,Publicado hace 6 días,2026-08-07T20:45:35Z,2026-08-13T22:10:51.862151+00:00,https://www.inmuebles24.com/casas-o-casa-en-condominio-o-departamentos-en-venta-en-edo.-de-mexico-ordenado-por-fechaonline-descendente.html-pagina-28.html
https://www.inmuebles24.com/propiedades/clasificado/veclcain-se-vende-excelente-casa-en-esquina-en-tecamachalco-v-150742498.html,15800000,"MN 15,800,000",MXN,venta,Casa,Lomas de Tecamachalco Bosques I y II,Huixquilucan,Edo. de México,260.0,370.0,Publicado hace 6 días,2026-08-07T15:09:12Z,2026-08-13T22:10:51.862151+00:00,https://www.inmuebles24.com/casas-o-casa-en-condominio-o-departamentos-en-venta-en-edo.-de-mexico-ordenado-por-fechaonline-descendente.html-pagina-28.html
https://www.inmuebles24.com/propiedades/clasificado/veclcain-venta-casa-lomas-de-la-hacienda-de-san-miguel-estado-150747326.html,13200000,"MN 13,200,000",MXN,venta,Casa,Lomas de La Hacienda,Atizapán de Zaragoza,Edo. de México,393.0,360.0,Publicado hace 6 días,2026-08-07T21:50:46Z,2026-08-13T22:11:55.146734+00:00,https://www.inmuebles24.com/casas-o-casa-en-condominio-o-departamentos-en-venta-en-edo.-de-mexico-ordenado-por-fechaonline-descendente.html-pagina-28.html
https://www.inmuebles24.com/propiedades/clasificado/veclccin-venta-de-casa-en-almoloya-de-juarez-ubicada-en-el-150749012.html,750000,"MN 750,000",MXN,venta,Casa en condominio,Santa Juana,Almoloya de Juárez,Edo. de México,68.0,68.0,Publicado hace 6 días,2026-08-08T00:21:12Z,2026-08-13T22:11:55.146734+00:00,https://www.inmuebles24.com/casas-o-casa-en-condominio-o-departamentos-en-venta-en-edo.-de-mexico-ordenado-por-fechaonline-descendente.html-pagina-28.html
https://www.inmuebles24.com/propiedades/clasificado/veclccin-venta-de-casa-en-condominio-colonia-santa-fe-zumpango-150736378.html,703821,"MN 703,821",MXN,venta,Casa en condominio,Santa Fe,Zumpango,Edo. de México,36.0,60.0,Publicado hace 6 días,2026-08-06T21:11:59Z,2026-08-13T22:11:55.146734+00:00,https://www.inmuebles24.com/casas-o-casa-en-condominio-o-departamentos-en-venta-en-edo.-de-mexico-ordenado-por-fechaonline-descendente.html-pagina-28.html
https://www.inmuebles24.com/propiedades/clasificado/veclapin-deparamento-venta-hacienda-de-las-palmas-150746381.html,9200000,"MN 9,200,000",MXN,venta,Apartamento,Hacienda de las Palmas,Huixquilucan,Edo. de México,200.0,200.0,Publicado hace 6 días,2026-08-07T20:38:30Z,2026-08-13T22:11:55.146734+00:00,https://www.inmuebles24.com/casas-o-casa-en-condominio-o-departamentos-en-venta-en-edo.-de-mexico-ordenado-por-fechaonline-descendente.html-pagina-29.html
https://www.inmuebles24.com/propiedades/clasificado/veclapin-departamento-con-vista-panoramica-150730168.html,9990000,"MN 9,990,000",MXN,venta,Apartamento,Lomas de Tecamachalco,Naucalpan de Juárez,Edo. de México,240.0,278.0,Publicado hace 7 días,2026-08-06T05:19:43Z,2026-08-13T22:11:55.146734+00:00,https://www.inmuebles24.com/casas-o-casa-en-condominio-o-departamentos-en-venta-en-edo.-de-mexico-ordenado-por-fechaonline-descendente.html-pagina-29.html
https://www.inmuebles24.com/propiedades/clasificado/veclapin-departamento-en-bosque-real-150748585.html,8925000,"MN 8,925,000",MXN,venta,Apartamento,Bosque Real,Huixquilucan,Edo. de México,210.0,210.0,Publicado hace 6 días,2026-08-07T23:48:35Z,2026-08-13T22:11:55.146734+00:00,https://www.inmuebles24.com/casas-o-casa-en-condominio-o-departamentos-en-venta-en-edo.-de-mexico-ordenado-por-fechaonline-descendente.html-pagina-29.html
https://www.inmuebles24.com/propiedades/clasificado/veclapin-departamento-en-venta-en-huixquilucan-hacienda-de-las-150745078.html,11200000,"MN 11,200,000",MXN,venta,Apartamento,Hacienda de las Palmas,Huixquilucan,Edo. de México,275.0,275.0,Publicado hace 6 días,2026-08-07T19:06:18Z,2026-08-13T22:11:55.146734+00:00,https://www.inmuebles24.com/casas-o-casa-en-condominio-o-departamentos-en-venta-en-edo.-de-mexico-ordenado-por-fechaonline-descendente.html-pagina-29.html
https://www.inmuebles24.com/propiedades/clasificado/veclapin-departamento-en-venta-en-real-granada-tecamac-150748159.html,900000,"MN 900,000",MXN,venta,Apartamento,San Jerónimo Xonacahuacan,Tecámac,Edo. de México,45.0,45.0,Publicado hace 6 días,2026-08-07T22:54:50Z,2026-08-13T22:11:55.146734+00:00,https://www.inmuebles24.com/casas-o-casa-en-condominio-o-departamentos-en-venta-en-edo.-de-mexico-ordenado-por-fechaonline-descendente.html-pagina-29.html
https://www.inmuebles24.com/propiedades/clasificado/veclapin-departamento-en-venta-o-renta-150743275.html,11000000,"MN 11,000,000",MXN,venta,Apartamento,Bosque Real,Huixquilucan,Edo. de México,289.0,289.0,Publicado hace 6 días,2026-08-07T16:39:33Z,2026-08-13T22:11:55.146734+00:00,https://www.inmuebles24.com/casas-o-casa-en-condominio-o-departamentos-en-venta-en-edo.-de-mexico-ordenado-por-fechaonline-descendente.html-pagina-29.html
https://www.inmuebles24.com/propiedades/clasificado/veclapin-departamento-fuentes-de-las-lomas-150744813.html,14900000,"MN 14,900,000",MXN,venta,Apartamento,Jesús del Monte,Huixquilucan,Edo. de México,301.0,301.0,Publicado hace 6 días,2026-08-07T18:44:49Z,2026-08-13T22:11:55.146734+00:00,https://www.inmuebles24.com/casas-o-casa-en-condominio-o-departamentos-en-venta-en-edo.-de-mexico-ordenado-por-fechaonline-descendente.html-pagina-29.html
https://www.inmuebles24.com/propiedades/clasificado/veclapin-loft-unipersonal-en-paseo-molino-toluca-150743954.html,2450000,"MN 2,450,000",MXN,venta,Apartamento,Centro,Toluca,Edo. de México,58.0,58.0,Publicado hace 6 días,2026-08-07T17:36:27Z,2026-08-13T22:12:55.109527+00:00,https://www.inmuebles24.com/casas-o-casa-en-condominio-o-departamentos-en-venta-en-edo.-de-mexico-ordenado-por-fechaonline-descendente.html-pagina-29.html
https://www.inmuebles24.com/propiedades/clasificado/veclapin-preventa-de-departamentos-en-park-reserve-bosques-150744428.html,18650000,"MN 18,650,000",MXN,venta,Apartamento,Interlomas,Huixquilucan,Edo. de México,320.0,320.0,Publicado hace 6 días,2026-08-07T18:13:13Z,2026-08-13T22:12:55.109527+00:00,https://www.inmuebles24.com/casas-o-casa-en-condominio-o-departamentos-en-venta-en-edo.-de-mexico-ordenado-por-fechaonline-descendente.html-pagina-29.html
https://www.inmuebles24.com/propiedades/clasificado/veclapin-venta-de-departamento-en-residencial-los-yaquis-jesus-150739541.html,3250000,"MN 3,250,000",MXN,venta,Apartamento,Jesús del Monte,Huixquilucan,Edo. de México,130.0,130.0,Publicado hace 7 días,2026-08-07T02:44:58Z,2026-08-13T22:12:55.109527+00:00,https://www.inmuebles24.com/casas-o-casa-en-condominio-o-departamentos-en-venta-en-edo.-de-mexico-ordenado-por-fechaonline-descendente.html-pagina-29.html
https://www.inmuebles24.com/propiedades/clasificado/veclcain-casa-en-venta-en-el-campanario-150743277.html,8000000,"MN 8,000,000",MXN,venta,Casa,El Campanario,Metepec,Edo. de México,202.0,202.0,Publicado hace 6 días,2026-08-07T16:39:33Z,2026-08-13T22:12:55.109527+00:00,https://www.inmuebles24.com/casas-o-casa-en-condominio-o-departamentos-en-venta-en-edo.-de-mexico-ordenado-por-fechaonline-descendente.html-pagina-29.html
https://www.inmuebles24.com/propiedades/clasificado/veclcain-casa-venta-lomas-de-la-hacienda-3-recamaras-150748254.html,7800000,"MN 7,800,000",MXN,venta,Casa,Lomas de La Hacienda,Atizapán de Zaragoza,Edo. de México,500.0,553.0,Publicado hace 6 días,2026-08-07T23:05:55Z,2026-08-13T22:12:55.109527+00:00,https://www.inmuebles24.com/casas-o-casa-en-condominio-o-departamentos-en-venta-en-edo.-de-mexico-ordenado-por-fechaonline-descendente.html-pagina-29.html
https://www.inmuebles24.com/propiedades/clasificado/veclcain-casas-en-tecamac-ojo-de-agua-de-3-niveles-$1-990-000-150740415.html,1990000,"MN 1,990,000",MXN,venta,Casa,Ojo de Agua,Tecámac,Edo. de México,77.0,77.0,Publicado hace 6 días,2026-08-07T04:42:16Z,2026-08-13T22:12:55.109527+00:00,https://www.inmuebles24.com/casas-o-casa-en-condominio-o-departamentos-en-venta-en-edo.-de-mexico-ordenado-por-fechaonline-descendente.html-pagina-29.html
https://www.inmuebles24.com/propiedades/clasificado/veclcain-cesion-de-derecho-en-guillermo-morale-150747882.html,750000,"MN 750,000",MXN,venta,Casa,San Pablo de las Salinas,Tultitlán,Edo. de México,240.0,240.0,Publicado hace 6 días,2026-08-07T22:26:05Z,2026-08-13T22:12:55.109527+00:00,https://www.inmuebles24.com/casas-o-casa-en-condominio-o-departamentos-en-venta-en-edo.-de-mexico-ordenado-por-fechaonline-descendente.html-pagina-29.html
https://www.inmuebles24.com/propiedades/clasificado/veclcain-cesion-de-derechos-c.-bosques-de-los-cedros-150747158.html,504311,"MN 504,311",MXN,venta,Casa,Los Héroes Ozumbilla,Tecámac,Edo. de México,65.0,65.0,Publicado hace 6 días,2026-08-07T21:43:48Z,2026-08-13T22:12:55.109527+00:00,https://www.inmuebles24.com/casas-o-casa-en-condominio-o-departamentos-en-venta-en-edo.-de-mexico-ordenado-por-fechaonline-descendente.html-pagina-29.html
https://www.inmuebles24.com/propiedades/clasificado/veclcain-cesion-de-derechos-en-bosques-de-austria-150746961.html,526796,"MN 526,796",MXN,venta,Casa,Los Héroes Ozumbilla,Tecámac,Edo. de México,50.0,50.0,Publicado hace 6 días,2026-08-07T21:26:52Z,2026-08-13T22:12:55.109527+00:00,https://www.inmuebles24.com/casas-o-casa-en-condominio-o-departamentos-en-venta-en-edo.-de-mexico-ordenado-por-fechaonline-descendente.html-pagina-29.html
https://www.inmuebles24.com/propiedades/clasificado/veclcain-cesion-de-derechos-en-bosques-de-los-cedros-150744966.html,565067,"MN 565,067",MXN,venta,Casa,Los Héroes Tecámac,Tecámac,Edo. de México,56.0,56.0,Publicado hace 6 días,2026-08-07T19:00:26Z,2026-08-13T22:12:55.109527+00:00,https://www.inmuebles24.com/casas-o-casa-en-condominio-o-departamentos-en-venta-en-edo.-de-mexico-ordenado-por-fechaonline-descendente.html-pagina-29.html
https://www.inmuebles24.com/propiedades/clasificado/veclcain-cesion-de-derechos-en-calle-dorados-150747812.html,2700981,"MN 2,700,981",MXN,venta,Casa,Calacoaya,Atizapán de Zaragoza,Edo. de México,200.0,200.0,Publicado hace 6 días,2026-08-07T22:19:16Z,2026-08-13T22:14:08.318072+00:00,https://www.inmuebles24.com/casas-o-casa-en-condominio-o-departamentos-en-venta-en-edo.-de-mexico-ordenado-por-fechaonline-descendente.html-pagina-29.html
https://www.inmuebles24.com/propiedades/clasificado/veclcain-cesion-de-derechos-en-cda.-de-jardines-arabes-150747044.html,523687,"MN 523,687",MXN,venta,Casa,Los Héroes Tecámac,Tecámac,Edo. de México,60.0,60.0,Publicado hace 6 días,2026-08-07T21:35:46Z,2026-08-13T22:14:08.318072+00:00,https://www.inmuebles24.com/casas-o-casa-en-condominio-o-departamentos-en-venta-en-edo.-de-mexico-ordenado-por-fechaonline-descendente.html-pagina-29.html
https://www.inmuebles24.com/propiedades/clasificado/veclcain-cesion-de-derechos-en-jardines-de-zen-150745348.html,564890,"MN 564,890",MXN,venta,Casa,Los Héroes Ozumbilla,Tecámac,Edo. de México,60.0,60.0,Publicado hace 6 días,2026-08-07T19:20:24Z,2026-08-13T22:14:08.318072+00:00,https://www.inmuebles24.com/casas-o-casa-en-condominio-o-departamentos-en-venta-en-edo.-de-mexico-ordenado-por-fechaonline-descendente.html-pagina-29.html
https://www.inmuebles24.com/propiedades/clasificado/veclcain-cesion-de-derechos-en-jardines-del-pedregal-150747656.html,257285,"MN 257,285",MXN,venta,Casa,Los Héroes Ozumbilla,Tecámac,Edo. de México,63.0,63.0,Publicado hace 6 días,2026-08-07T22:01:51Z,2026-08-13T22:14:08.318072+00:00,https://www.inmuebles24.com/casas-o-casa-en-condominio-o-departamentos-en-venta-en-edo.-de-mexico-ordenado-por-fechaonline-descendente.html-pagina-29.html
https://www.inmuebles24.com/propiedades/clasificado/veclcain-cesion-de-derechos-en-paseo-del-higueron-150747621.html,243317,"MN 243,317",MXN,venta,Casa,Huehuetoca,Huehuetoca,Edo. de México,55.0,55.0,Publicado hace 6 días,2026-08-07T21:57:43Z,2026-08-13T22:14:08.318072+00:00,https://www.inmuebles24.com/casas-o-casa-en-condominio-o-departamentos-en-venta-en-edo.-de-mexico-ordenado-por-fechaonline-descendente.html-pagina-29.html
https://www.inmuebles24.com/propiedades/clasificado/veclcain-cesion-de-derechos-en-rio-yeltes-150747007.html,526635,"MN 526,635",MXN,venta,Casa,Ojo de Agua,Tecámac,Edo. de México,56.0,56.0,Publicado hace 6 días,2026-08-07T21:32:05Z,2026-08-13T22:14:08.318072+00:00,https://www.inmuebles24.com/casas-o-casa-en-condominio-o-departamentos-en-venta-en-edo.-de-mexico-ordenado-por-fechaonline-descendente.html-pagina-29.html
https://www.inmuebles24.com/propiedades/clasificado/veclcain-finca-en-venta-en-texoco-150743269.html,35000000,"MN 35,000,000",MXN,venta,Casa,Texcoco de Mora Centro,Texcoco,Edo. de México,4142.0,4142.0,Publicado hace 6 días,2026-08-07T16:39:30Z,2026-08-13T22:14:08.318072+00:00,https://www.inmuebles24.com/casas-o-casa-en-condominio-o-departamentos-en-venta-en-edo.-de-mexico-ordenado-por-fechaonline-descendente.html-pagina-29.html
https://www.inmuebles24.com/propiedades/clasificado/veclcain-venta-casa-bosque-real-huixquilucan-estado-de-mexico-150747289.html,34000000,"MN 34,000,000",MXN,venta,Casa,Bosque Real,Huixquilucan,Edo. de México,830.0,483.0,Publicado hace 6 días,2026-08-07T21:50:42Z,2026-08-13T22:14:08.318072+00:00,https://www.inmuebles24.com/casas-o-casa-en-condominio-o-departamentos-en-venta-en-edo.-de-mexico-ordenado-por-fechaonline-descendente.html-pagina-29.html
https://www.inmuebles24.com/propiedades/clasificado/veclcapa--se-vende-hermosa-casa-en-lomas-de-cristo-texcoco-150740346.html,7500000,"MN 7,500,000",MXN,venta,Casa,Lomas de Cristo,Texcoco,Edo. de México,200.0,540.0,Publicado hace 6 días,2026-08-07T04:13:11Z,2026-08-13T22:14:08.318072+00:00,https://www.inmuebles24.com/casas-o-casa-en-condominio-o-departamentos-en-venta-en-edo.-de-mexico-ordenado-por-fechaonline-descendente.html-pagina-29.html
https://www.inmuebles24.com/propiedades/clasificado/veclcapa-casa-en-venta-cerca-de-universidad-uaem-150744759.html,580000,"MN 580,000",MXN,venta,Casa,La Trinidad,Zumpango,Edo. de México,42.0,,Publicado hace 6 días,2026-08-07T18:41:13Z,2026-08-13T22:14:08.318072+00:00,https://www.inmuebles24.com/casas-o-casa-en-condominio-o-departamentos-en-venta-en-edo.-de-mexico-ordenado-por-fechaonline-descendente.html-pagina-29.html
https://www.inmuebles24.com/propiedades/clasificado/veclccin-casa-en-venta-en-candilejas-metepec-150748195.html,7500000,"MN 7,500,000",MXN,venta,Casa en condominio,Santiaguito,Metepec,Edo. de México,373.0,246.0,Publicado hace 6 días,2026-08-07T22:59:09Z,2026-08-13T22:15:16.552931+00:00,https://www.inmuebles24.com/casas-o-casa-en-condominio-o-departamentos-en-venta-en-edo.-de-mexico-ordenado-por-fechaonline-descendente.html-pagina-29.html
https://www.inmuebles24.com/propiedades/clasificado/veclccin-casa-en-venta-en-montecarlo-metepec-150749168.html,6800000,"MN 6,800,000",MXN,venta,Casa en condominio,Lázaro Cárdenas,Metepec,Edo. de México,180.0,280.0,Publicado hace 6 días,2026-08-08T00:30:30Z,2026-08-13T22:15:16.552931+00:00,https://www.inmuebles24.com/casas-o-casa-en-condominio-o-departamentos-en-venta-en-edo.-de-mexico-ordenado-por-fechaonline-descendente.html-pagina-29.html
https://www.inmuebles24.com/propiedades/clasificado/veclccin-casa-venta-bosques-de-la-herradura-150746397.html,14390000,"MN 14,390,000",MXN,venta,Casa en condominio,Bosques de la Herradura,Huixquilucan,Edo. de México,525.0,588.0,Publicado hace 6 días,2026-08-07T20:39:59Z,2026-08-13T22:15:16.552931+00:00,https://www.inmuebles24.com/casas-o-casa-en-condominio-o-departamentos-en-venta-en-edo.-de-mexico-ordenado-por-fechaonline-descendente.html-pagina-29.html
https://www.inmuebles24.com/propiedades/clasificado/veclapin-departamento-de-lujo-a-estrenar-club-de-golf-150736687.html,8690000,"MN 8,690,000",MXN,venta,Apartamento,Country Club,Naucalpan de Juárez,Edo. de México,198.0,198.0,Publicado hace 7 días,2026-08-06T21:33:59Z,2026-08-13T22:15:16.552931+00:00,https://www.inmuebles24.com/casas-o-casa-en-condominio-o-departamentos-en-venta-en-edo.-de-mexico-ordenado-por-fechaonline-descendente.html-pagina-30.html
https://www.inmuebles24.com/propiedades/clasificado/veclapin-departamento-en-venta-en-porto-vita-hacienda-de-las-150738895.html,9000000,"MN 9,000,000",MXN,venta,Apartamento,Hacienda de las Palmas,Huixquilucan,Edo. de México,275.0,275.0,Publicado hace 7 días,2026-08-07T00:54:35Z,2026-08-13T22:15:16.552931+00:00,https://www.inmuebles24.com/casas-o-casa-en-condominio-o-departamentos-en-venta-en-edo.-de-mexico-ordenado-por-fechaonline-descendente.html-pagina-30.html
https://www.inmuebles24.com/propiedades/clasificado/veclapin-departamento-en-venta-en-san-juan-totoltepec-150732993.html,3500000,"MN 3,500,000",MXN,venta,Apartamento,San Juan Totoltepec,Naucalpan de Juárez,Edo. de México,196.0,196.0,Publicado hace 7 días,2026-08-06T16:32:09Z,2026-08-13T22:15:16.552931+00:00,https://www.inmuebles24.com/casas-o-casa-en-condominio-o-departamentos-en-venta-en-edo.-de-mexico-ordenado-por-fechaonline-descendente.html-pagina-30.html
https://www.inmuebles24.com/propiedades/clasificado/veclapin-departamento-en-venta-en-villa-del-lago-150734907.html,5400000,"MN 5,400,000",MXN,venta,Apartamento,Jesús del Monte,Huixquilucan,Edo. de México,154.0,154.0,Publicado hace 7 días,2026-08-06T18:56:13Z,2026-08-13T22:15:16.552931+00:00,https://www.inmuebles24.com/casas-o-casa-en-condominio-o-departamentos-en-venta-en-edo.-de-mexico-ordenado-por-fechaonline-descendente.html-pagina-30.html
https://www.inmuebles24.com/propiedades/clasificado/veclapin-departamento-en-venta-privada-la-canada-bosque-real.-150738980.html,8000000,"MN 8,000,000",MXN,venta,Apartamento,Bosque Real,Huixquilucan,Edo. de México,240.0,240.0,Publicado hace 7 días,2026-08-07T01:10:08Z,2026-08-13T22:15:16.552931+00:00,https://www.inmuebles24.com/casas-o-casa-en-condominio-o-departamentos-en-venta-en-edo.-de-mexico-ordenado-por-fechaonline-descendente.html-pagina-30.html
https://www.inmuebles24.com/propiedades/clasificado/veclapin-departamento-en-venta-residencial-la-vista-150739048.html,6200000,"MN 6,200,000",MXN,venta,Apartamento,Hacienda de las Palmas,Huixquilucan,Edo. de México,177.0,177.0,Publicado hace 7 días,2026-08-07T01:17:14Z,2026-08-13T22:15:16.552931+00:00,https://www.inmuebles24.com/casas-o-casa-en-condominio-o-departamentos-en-venta-en-edo.-de-mexico-ordenado-por-fechaonline-descendente.html-pagina-30.html
https://www.inmuebles24.com/propiedades/clasificado/veclapin-el-lujo-de-antes:-241-m-sup2--reales-octavo-piso-150734239.html,7500000,"MN 7,500,000",MXN,venta,Apartamento,Lomas de Tecamachalco,Naucalpan de Juárez,Edo. de México,241.0,241.0,Publicado hace 7 días,2026-08-06T18:02:55Z,2026-08-13T22:15:16.552931+00:00,https://www.inmuebles24.com/casas-o-casa-en-condominio-o-departamentos-en-venta-en-edo.-de-mexico-ordenado-por-fechaonline-descendente.html-pagina-30.html
https://www.inmuebles24.com/propiedades/clasificado/veclapin-exclusivos-departamentos-de-2-recamaras-zona-nueva-150732317.html,4849000,"MN 4,849,000",MXN,venta,Apartamento,Miramar,Naucalpan de Juárez,Edo. de México,89.0,89.0,Publicado hace 7 días,2026-08-06T16:10:39Z,2026-08-13T22:16:36.030361+00:00,https://www.inmuebles24.com/casas-o-casa-en-condominio-o-departamentos-en-venta-en-edo.-de-mexico-ordenado-por-fechaonline-descendente.html-pagina-30.html
https://www.inmuebles24.com/propiedades/clasificado/veclapin-generic_title-150733330.html,9800000,"MN 9,800,000",MXN,venta,Apartamento,La Estadía,Atizapán de Zaragoza,Edo. de México,185.0,185.0,Publicado hace 7 días,2026-08-06T16:56:46Z,2026-08-13T22:16:36.030361+00:00,https://www.inmuebles24.com/casas-o-casa-en-condominio-o-departamentos-en-venta-en-edo.-de-mexico-ordenado-por-fechaonline-descendente.html-pagina-30.html
https://www.inmuebles24.com/propiedades/clasificado/veclapin-penthouse-en-venta-en-bosque-de-minas-con-terraza-150739050.html,9900000,"MN 9,900,000",MXN,venta,Apartamento,Bosques de la Herradura,Huixquilucan,Edo. de México,299.0,299.0,Publicado hace 7 días,2026-08-07T01:17:50Z,2026-08-13T22:16:36.030361+00:00,https://www.inmuebles24.com/casas-o-casa-en-condominio-o-departamentos-en-venta-en-edo.-de-mexico-ordenado-por-fechaonline-descendente.html-pagina-30.html
https://www.inmuebles24.com/propiedades/clasificado/veclapin-ph-en-venta-185-m-sup2--construidos-rg-magnifico-150733584.html,10999000,"MN 10,999,000",MXN,venta,Apartamento,Miramar,Naucalpan de Juárez,Edo. de México,184.0,233.0,Publicado hace 7 días,2026-08-06T17:10:43Z,2026-08-13T22:16:36.030361+00:00,https://www.inmuebles24.com/casas-o-casa-en-condominio-o-departamentos-en-venta-en-edo.-de-mexico-ordenado-por-fechaonline-descendente.html-pagina-30.html
https://www.inmuebles24.com/propiedades/clasificado/veclcain-casa-de-335-m-sup2--con-4-recamaras-en-venta-en-150737254.html,10500000,"MN 10,500,000",MXN,venta,Casa,Boulevares,Naucalpan de Juárez,Edo. de México,170.0,335.0,Publicado hace 7 días,2026-08-06T22:25:42Z,2026-08-13T22:16:36.030361+00:00,https://www.inmuebles24.com/casas-o-casa-en-condominio-o-departamentos-en-venta-en-edo.-de-mexico-ordenado-por-fechaonline-descendente.html-pagina-30.html
https://www.inmuebles24.com/propiedades/clasificado/veclcain-casa-en-venta-bosque-esmeralda-puerta-grande-150729742.html,17990000,"MN 17,990,000",MXN,venta,Casa,Bosque Esmeralda,Atizapán de Zaragoza,Edo. de México,325.0,598.0,Publicado hace 7 días,2026-08-06T03:23:31Z,2026-08-13T22:16:36.030361+00:00,https://www.inmuebles24.com/casas-o-casa-en-condominio-o-departamentos-en-venta-en-edo.-de-mexico-ordenado-por-fechaonline-descendente.html-pagina-30.html
https://www.inmuebles24.com/propiedades/clasificado/veclcain-casa-en-venta-en-bosque-real-4-recamaras-460-150739133.html,34000000,"MN 34,000,000",MXN,venta,Casa,Bosque Real,Huixquilucan,Edo. de México,550.0,460.0,Publicado hace 7 días,2026-08-07T01:31:28Z,2026-08-13T22:16:36.030361+00:00,https://www.inmuebles24.com/casas-o-casa-en-condominio-o-departamentos-en-venta-en-edo.-de-mexico-ordenado-por-fechaonline-descendente.html-pagina-30.html
https://www.inmuebles24.com/propiedades/clasificado/veclcain-casa-en-venta-en-club-de-golf-valle-escondido-490-150738977.html,32000000,"MN 32,000,000",MXN,venta,Casa,Club de Golf Valle Escondido,Atizapán de Zaragoza,Edo. de México,490.0,1000.0,Publicado hace 7 días,2026-08-07T01:09:49Z,2026-08-13T22:16:36.030361+00:00,https://www.inmuebles24.com/casas-o-casa-en-condominio-o-departamentos-en-venta-en-edo.-de-mexico-ordenado-por-fechaonline-descendente.html-pagina-30.html
https://www.inmuebles24.com/propiedades/clasificado/veclcain-casa-en-venta-en-electra-tlalnepantla-edo.-mex-150737311.html,4750000,"MN 4,750,000",MXN,venta,Casa,Electra,Tlalnepantla de Baz,Edo. de México,162.0,127.0,Publicado hace 7 días,2026-08-06T22:31:05Z,2026-08-13T22:16:36.030361+00:00,https://www.inmuebles24.com/casas-o-casa-en-condominio-o-departamentos-en-venta-en-edo.-de-mexico-ordenado-por-fechaonline-descendente.html-pagina-30.html
https://www.inmuebles24.com/propiedades/clasificado/veclcain-casa-en-venta-en-lomas-de-la-herradura-150737643.html,13570000,"MN 13,570,000",MXN,venta,Casa,Parques de la Herradura,Huixquilucan,Edo. de México,410.0,414.0,Publicado hace 7 días,2026-08-06T23:08:49Z,2026-08-13T22:16:36.030361+00:00,https://www.inmuebles24.com/casas-o-casa-en-condominio-o-departamentos-en-venta-en-edo.-de-mexico-ordenado-por-fechaonline-descendente.html-pagina-30.html
https://www.inmuebles24.com/propiedades/clasificado/veclcain-casa-en-venta-en-malinalco-padel-caballeriza-150735577.html,16800000,"MN 16,800,000",MXN,venta,Casa,Malinalco,Malinalco,Edo. de México,400.0,5000.0,Publicado hace 7 días,2026-08-06T19:55:26Z,2026-08-13T22:17:36.491147+00:00,https://www.inmuebles24.com/casas-o-casa-en-condominio-o-departamentos-en-venta-en-edo.-de-mexico-ordenado-por-fechaonline-descendente.html-pagina-30.html
https://www.inmuebles24.com/propiedades/clasificado/veclcain-casa-en-venta-en-rancho-san-juan-atizapan-150733708.html,32900000,"MN 32,900,000",MXN,venta,Casa,Rancho San Juan,Atizapán de Zaragoza,Edo. de México,800.0,800.0,Publicado hace 7 días,2026-08-06T17:21:34Z,2026-08-13T22:17:36.491147+00:00,https://www.inmuebles24.com/casas-o-casa-en-condominio-o-departamentos-en-venta-en-edo.-de-mexico-ordenado-por-fechaonline-descendente.html-pagina-30.html
https://www.inmuebles24.com/propiedades/clasificado/veclcain-casa-en-venta-fuentes-de-satelite-naucalpan-150738991.html,12500000,"MN 12,500,000",MXN,venta,Casa,Ciudad Satélite,Naucalpan de Juárez,Edo. de México,505.0,318.0,Publicado hace 7 días,2026-08-07T01:11:48Z,2026-08-13T22:17:36.491147+00:00,https://www.inmuebles24.com/casas-o-casa-en-condominio-o-departamentos-en-venta-en-edo.-de-mexico-ordenado-por-fechaonline-descendente.html-pagina-30.html
https://www.inmuebles24.com/propiedades/clasificado/veclcain-la-vista-bosque-real:-casa-en-venta-en-bosque-real-150730846.html,22500000,"MN 22,500,000",MXN,venta,Casa,Bosque Real,Huixquilucan,Edo. de México,600.0,385.0,Publicado hace 7 días,2026-08-06T06:48:09Z,2026-08-13T22:17:36.491147+00:00,https://www.inmuebles24.com/casas-o-casa-en-condominio-o-departamentos-en-venta-en-edo.-de-mexico-ordenado-por-fechaonline-descendente.html-pagina-30.html
https://www.inmuebles24.com/propiedades/clasificado/veclcain-lomas-de-tecamachalco.-casa-en-venta-150734657.html,10800000,"MN 10,800,000",MXN,venta,Casa,Lomas de Tecamachalco,Naucalpan de Juárez,Edo. de México,238.0,180.0,Publicado hace 7 días,2026-08-06T18:40:25Z,2026-08-13T22:17:36.491147+00:00,https://www.inmuebles24.com/casas-o-casa-en-condominio-o-departamentos-en-venta-en-edo.-de-mexico-ordenado-por-fechaonline-descendente.html-pagina-30.html
https://www.inmuebles24.com/propiedades/clasificado/veclcain-parques-de-la-hacienda-150733862.html,5350000,"MN 5,350,000",MXN,venta,Casa,Real de Atizapán,Atizapán de Zaragoza,Edo. de México,158.0,113.0,Publicado hace 7 días,2026-08-06T17:31:52Z,2026-08-13T22:17:36.491147+00:00,https://www.inmuebles24.com/casas-o-casa-en-condominio-o-departamentos-en-venta-en-edo.-de-mexico-ordenado-por-fechaonline-descendente.html-pagina-30.html
https://www.inmuebles24.com/propiedades/clasificado/veclcain-venta-casa-reva-lago-esmeralda-atizapan-de-zaragoza-150737521.html,9440000,"MN 9,440,000",MXN,venta,Casa,Residencial Lago Esmeralda,Atizapán de Zaragoza,Edo. de México,273.0,200.0,Publicado hace 7 días,2026-08-06T22:55:59Z,2026-08-13T22:17:36.491147+00:00,https://www.inmuebles24.com/casas-o-casa-en-condominio-o-departamentos-en-venta-en-edo.-de-mexico-ordenado-por-fechaonline-descendente.html-pagina-30.html
https://www.inmuebles24.com/propiedades/clasificado/veclccin-casa-en-condominio-en-venta-en-metepec-4-150739728.html,5700000,"MN 5,700,000",MXN,venta,Casa en condominio,San Salvador Tizatlalli,Metepec,Edo. de México,284.0,203.0,Publicado hace 7 días,2026-08-07T03:14:22Z,2026-08-13T22:17:36.491147+00:00,https://www.inmuebles24.com/casas-o-casa-en-condominio-o-departamentos-en-venta-en-edo.-de-mexico-ordenado-por-fechaonline-descendente.html-pagina-30.html
https://www.inmuebles24.com/propiedades/clasificado/veclccin-casa-en-condominio-en-venta-en-metepec-4-150739731.html,6100000,"MN 6,100,000",MXN,venta,Casa en condominio,Bellavista,Metepec,Edo. de México,263.0,250.0,Publicado hace 7 días,2026-08-07T03:14:22Z,2026-08-13T22:17:36.491147+00:00,https://www.inmuebles24.com/casas-o-casa-en-condominio-o-departamentos-en-venta-en-edo.-de-mexico-ordenado-por-fechaonline-descendente.html-pagina-30.html
https://www.inmuebles24.com/propiedades/clasificado/veclccin-casa-en-condominio-en-venta-en-san-mateo-atenco-150739730.html,3700000,"MN 3,700,000",MXN,venta,Casa en condominio,La Magdalena,San Mateo Atenco,Edo. de México,157.0,127.0,Publicado hace 7 días,2026-08-07T03:14:22Z,2026-08-13T22:17:36.491147+00:00,https://www.inmuebles24.com/casas-o-casa-en-condominio-o-departamentos-en-venta-en-edo.-de-mexico-ordenado-por-fechaonline-descendente.html-pagina-30.html
https://www.inmuebles24.com/propiedades/clasificado/veclccin-casa-en-venta-en-condominio-paseo-de-las-palmas-150738578.html,9900000,"MN 9,900,000",MXN,venta,Casa en condominio,Paseo de las Palmas,Huixquilucan,Edo. de México,261.0,272.0,Publicado hace 7 días,2026-08-07T00:11:50Z,2026-08-13T22:18:42.415550+00:00,https://www.inmuebles24.com/casas-o-casa-en-condominio-o-departamentos-en-venta-en-edo.-de-mexico-ordenado-por-fechaonline-descendente.html-pagina-30.html
https://www.inmuebles24.com/propiedades/clasificado/veclccin-casa-en-venta-para-remodelar-en-club-de-golf-150739028.html,24000000,"MN 24,000,000",MXN,venta,Casa en condominio,Lomas Hipódromo,Naucalpan de Juárez,Edo. de México,764.0,680.0,Publicado hace 7 días,2026-08-07T01:15:39Z,2026-08-13T22:18:42.415550+00:00,https://www.inmuebles24.com/casas-o-casa-en-condominio-o-departamentos-en-venta-en-edo.-de-mexico-ordenado-por-fechaonline-descendente.html-pagina-30.html
https://www.inmuebles24.com/propiedades/clasificado/veclccpa-casa-cobaltto-el-batan-residencial-150737674.html,4950000,"MN 4,950,000",MXN,venta,Casa en condominio,San Salvador Tizatlalli,Metepec,Edo. de México,170.0,200.0,Publicado hace 7 días,2026-08-06T23:13:59Z,2026-08-13T22:18:42.415550+00:00,https://www.inmuebles24.com/casas-o-casa-en-condominio-o-departamentos-en-venta-en-edo.-de-mexico-ordenado-por-fechaonline-descendente.html-pagina-30.html
https://www.inmuebles24.com/propiedades/clasificado/veclapin-bosques-de-las-lomas-espectacular-departamento-3-150734921.html,9300000,"MN 9,300,000",MXN,venta,Apartamento,El Olivo,Huixquilucan,Edo. de México,200.0,200.0,Publicado hace 7 días,2026-08-06T18:57:52Z,2026-08-13T22:18:42.415550+00:00,https://www.inmuebles24.com/casas-o-casa-en-condominio-o-departamentos-en-venta-en-edo.-de-mexico-ordenado-por-fechaonline-descendente.html-pagina-31.html
https://www.inmuebles24.com/propiedades/clasificado/veclapin-departamento-en-venta-en-lomas-de-tecamachalco-150732670.html,8000000,"MN 8,000,000",MXN,venta,Apartamento,Lomas de Tecamachalco,Naucalpan de Juárez,Edo. de México,150.0,150.0,Publicado hace 7 días,2026-08-06T16:27:17Z,2026-08-13T22:18:42.415550+00:00,https://www.inmuebles24.com/casas-o-casa-en-condominio-o-departamentos-en-venta-en-edo.-de-mexico-ordenado-por-fechaonline-descendente.html-pagina-31.html
https://www.inmuebles24.com/propiedades/clasificado/veclapin-departamento-en-venta-en-ojo-de-agua-tecamac-26-150738518.html,800000,"MN 800,000",MXN,venta,Apartamento,Ojo de Agua,Tecámac,Edo. de México,,,Publicado hace 7 días,2026-08-07T00:05:36Z,2026-08-13T22:18:42.415550+00:00,https://www.inmuebles24.com/casas-o-casa-en-condominio-o-departamentos-en-venta-en-edo.-de-mexico-ordenado-por-fechaonline-descendente.html-pagina-31.html
https://www.inmuebles24.com/propiedades/clasificado/veclapin-departamento-remodelado-punta-norte-150737379.html,2300000,"MN 2,300,000",MXN,venta,Apartamento,Hacienda del Parque,Cuautitlán Izcalli,Edo. de México,77.0,77.0,Publicado hace 7 días,2026-08-06T22:39:39Z,2026-08-13T22:18:42.415550+00:00,https://www.inmuebles24.com/casas-o-casa-en-condominio-o-departamentos-en-venta-en-edo.-de-mexico-ordenado-por-fechaonline-descendente.html-pagina-31.html
https://www.inmuebles24.com/propiedades/clasificado/veclapin-departamento-venta-ejdo-rcho-blanco-ejido-de-150738236.html,3950000,"MN 3,950,000",MXN,venta,Apartamento,,Atizapán de Zaragoza,Edo. de México,117.0,117.0,Publicado hace 7 días,2026-08-06T23:58:41Z,2026-08-13T22:18:42.415550+00:00,https://www.inmuebles24.com/casas-o-casa-en-condominio-o-departamentos-en-venta-en-edo.-de-mexico-ordenado-por-fechaonline-descendente.html-pagina-31.html
https://www.inmuebles24.com/propiedades/clasificado/veclapin-departamento-venta-en-fuente-de-molinos-48-150736453.html,7900000,"MN 7,900,000",MXN,venta,Apartamento,Lomas de Tecamachalco,Naucalpan de Juárez,Edo. de México,240.0,240.0,Publicado hace 7 días,2026-08-06T21:14:14Z,2026-08-13T22:18:42.415550+00:00,https://www.inmuebles24.com/casas-o-casa-en-condominio-o-departamentos-en-venta-en-edo.-de-mexico-ordenado-por-fechaonline-descendente.html-pagina-31.html
https://www.inmuebles24.com/propiedades/clasificado/veclapin-departamentos-en-venta-en-lomas-hipodromo-$6-900-000-150737823.html,6900000,"MN 6,900,000",MXN,venta,Apartamento,Lomas de Tecamachalco,Naucalpan de Juárez,Edo. de México,192.0,192.0,Publicado hace 7 días,2026-08-06T23:30:14Z,2026-08-13T22:18:42.415550+00:00,https://www.inmuebles24.com/casas-o-casa-en-condominio-o-departamentos-en-venta-en-edo.-de-mexico-ordenado-por-fechaonline-descendente.html-pagina-31.html
https://www.inmuebles24.com/propiedades/clasificado/veclapin-exclusivo-departamento-en-venta-isla-de-agua-150732337.html,11600000,"MN 11,600,000",MXN,venta,Apartamento,Jesús del Monte,Huixquilucan,Edo. de México,279.0,279.0,Publicado hace 7 días,2026-08-06T16:13:39Z,2026-08-13T22:19:50.959152+00:00,https://www.inmuebles24.com/casas-o-casa-en-condominio-o-departamentos-en-venta-en-edo.-de-mexico-ordenado-por-fechaonline-descendente.html-pagina-31.html
https://www.inmuebles24.com/propiedades/clasificado/veclapin-unico-penthouse-de-triple-altura-con-roof-garden-en-150736537.html,24500000,"MN 24,500,000",MXN,venta,Apartamento,,Huixquilucan,Edo. de México,558.0,558.0,Publicado hace 7 días,2026-08-06T21:21:44Z,2026-08-13T22:19:50.959152+00:00,https://www.inmuebles24.com/casas-o-casa-en-condominio-o-departamentos-en-venta-en-edo.-de-mexico-ordenado-por-fechaonline-descendente.html-pagina-31.html
https://www.inmuebles24.com/propiedades/clasificado/veclapin-venta-de-departamento-en-residencial-mediterraneo-150738650.html,5000000,"MN 5,000,000",MXN,venta,Apartamento,Hacienda de las Palmas,Huixquilucan,Edo. de México,142.0,142.0,Publicado hace 7 días,2026-08-07T00:19:46Z,2026-08-13T22:19:50.959152+00:00,https://www.inmuebles24.com/casas-o-casa-en-condominio-o-departamentos-en-venta-en-edo.-de-mexico-ordenado-por-fechaonline-descendente.html-pagina-31.html
https://www.inmuebles24.com/propiedades/clasificado/veclcain-amplia-residencia-con-jardin-en-bosques-de-la-150738885.html,12500000,"MN 12,500,000",MXN,venta,Casa,Bosques de la Herradura,Huixquilucan,Edo. de México,475.0,386.0,Publicado hace 7 días,2026-08-07T00:53:30Z,2026-08-13T22:19:50.959152+00:00,https://www.inmuebles24.com/casas-o-casa-en-condominio-o-departamentos-en-venta-en-edo.-de-mexico-ordenado-por-fechaonline-descendente.html-pagina-31.html
https://www.inmuebles24.com/propiedades/clasificado/veclcain-casa-de-214-m-sup2--con-4-recamaras-en-venta-en-150735723.html,3200000,"MN 3,200,000",MXN,venta,Casa,Ensueños,Cuautitlán Izcalli,Edo. de México,144.0,214.0,Publicado hace 7 días,2026-08-06T20:07:49Z,2026-08-13T22:19:50.959152+00:00,https://www.inmuebles24.com/casas-o-casa-en-condominio-o-departamentos-en-venta-en-edo.-de-mexico-ordenado-por-fechaonline-descendente.html-pagina-31.html
https://www.inmuebles24.com/propiedades/clasificado/veclcain-casa-de-560-m-sup2--con-4-recamaras-en-venta-en-lomas-150736786.html,21500000,"MN 21,500,000",MXN,venta,Casa,Lomas de la Herradura,Huixquilucan,Edo. de México,562.0,560.0,Publicado hace 7 días,2026-08-06T21:45Z,2026-08-13T22:19:50.959152+00:00,https://www.inmuebles24.com/casas-o-casa-en-condominio-o-departamentos-en-venta-en-edo.-de-mexico-ordenado-por-fechaonline-descendente.html-pagina-31.html
https://www.inmuebles24.com/propiedades/clasificado/veclcain-casa-en-venta-ecatepec-de-morelos-150737536.html,3798958,"MN 3,798,958",MXN,venta,Casa,La Ladera,Ecatepec de Morelos,Edo. de México,250.0,120.0,Publicado hace 7 días,2026-08-06T22:57:50Z,2026-08-13T22:19:50.959152+00:00,https://www.inmuebles24.com/casas-o-casa-en-condominio-o-departamentos-en-venta-en-edo.-de-mexico-ordenado-por-fechaonline-descendente.html-pagina-31.html
https://www.inmuebles24.com/propiedades/clasificado/veclcain-casa-en-venta-en-colonia-jardines-de-santa-clara-150740264.html,3890000,"MN 3,890,000",MXN,venta,Casa,Jardines de Santa Clara,Ecatepec de Morelos,Edo. de México,294.0,108.0,Publicado hace 7 días,2026-08-07T03:40:58Z,2026-08-13T22:19:50.959152+00:00,https://www.inmuebles24.com/casas-o-casa-en-condominio-o-departamentos-en-venta-en-edo.-de-mexico-ordenado-por-fechaonline-descendente.html-pagina-31.html
https://www.inmuebles24.com/propiedades/clasificado/veclcain-casa-en-venta-en-hacienda-jajalpa-con-1-708-m-sup2--de-150736874.html,21950000,"MN 21,950,000",MXN,venta,Casa,Ex-hacienda Jajalpa,Ocoyoacac,Edo. de México,485.0,1708.0,Publicado hace 7 días,2026-08-06T21:54:39Z,2026-08-13T22:19:50.959152+00:00,https://www.inmuebles24.com/casas-o-casa-en-condominio-o-departamentos-en-venta-en-edo.-de-mexico-ordenado-por-fechaonline-descendente.html-pagina-31.html
https://www.inmuebles24.com/propiedades/clasificado/veclcain-casa-en-venta-en-jardines-del-alba-cuautitlan-izcalli-150738241.html,4200000,"MN 4,200,000",MXN,venta,Casa,Jardines del Alba,Cuautitlán Izcalli,Edo. de México,147.0,147.0,Publicado hace 7 días,2026-08-06T23:58:43Z,2026-08-13T22:19:50.959152+00:00,https://www.inmuebles24.com/casas-o-casa-en-condominio-o-departamentos-en-venta-en-edo.-de-mexico-ordenado-por-fechaonline-descendente.html-pagina-31.html
https://www.inmuebles24.com/propiedades/clasificado/veclcain-casa-en-venta-en-lomas-de-valle-dorado-150730885.html,7499000,"MN 7,499,000",MXN,venta,Casa,Lomas de Valle Dorado,Tlalnepantla de Baz,Edo. de México,237.0,363.0,Publicado hace 7 días,2026-08-06T06:52:26Z,2026-08-13T22:20:54.235265+00:00,https://www.inmuebles24.com/casas-o-casa-en-condominio-o-departamentos-en-venta-en-edo.-de-mexico-ordenado-por-fechaonline-descendente.html-pagina-31.html
https://www.inmuebles24.com/propiedades/clasificado/veclcain-casa-en-venta-en-lomas-del-huizachal-150733665.html,10400000,"MN 10,400,000",MXN,venta,Casa,Lomas del Huizachal,Naucalpan de Juárez,Edo. de México,450.0,300.0,Publicado hace 7 días,2026-08-06T17:17:29Z,2026-08-13T22:20:54.235265+00:00,https://www.inmuebles24.com/casas-o-casa-en-condominio-o-departamentos-en-venta-en-edo.-de-mexico-ordenado-por-fechaonline-descendente.html-pagina-31.html
https://www.inmuebles24.com/propiedades/clasificado/veclcain-casa-en-venta-en-metepec-rancho-el-silencio-150738643.html,6800000,"MN 6,800,000",MXN,venta,Casa,Llano Grande,Metepec,Edo. de México,312.0,362.0,Publicado hace 7 días,2026-08-07T00:18:55Z,2026-08-13T22:20:54.235265+00:00,https://www.inmuebles24.com/casas-o-casa-en-condominio-o-departamentos-en-venta-en-edo.-de-mexico-ordenado-por-fechaonline-descendente.html-pagina-31.html
https://www.inmuebles24.com/propiedades/clasificado/veclcain-casa-en-venta-en-ojo-de-agua-tecamac-26-600-jas-150738216.html,3236000,"MN 3,236,000",MXN,venta,Casa,Ojo de Agua,Tecámac,Edo. de México,103.0,103.0,Publicado hace 7 días,2026-08-06T23:58:37Z,2026-08-13T22:20:54.235265+00:00,https://www.inmuebles24.com/casas-o-casa-en-condominio-o-departamentos-en-venta-en-edo.-de-mexico-ordenado-por-fechaonline-descendente.html-pagina-31.html
https://www.inmuebles24.com/propiedades/clasificado/veclcain-casa-remodelada-en-venta-incluye-departamento-150736613.html,7100000,"MN 7,100,000",MXN,venta,Casa,Cumbres de Himalaya,Naucalpan de Juárez,Edo. de México,230.0,163.0,Publicado hace 7 días,2026-08-06T21:26:33Z,2026-08-13T22:20:54.235265+00:00,https://www.inmuebles24.com/casas-o-casa-en-condominio-o-departamentos-en-venta-en-edo.-de-mexico-ordenado-por-fechaonline-descendente.html-pagina-31.html
https://www.inmuebles24.com/propiedades/clasificado/veclcain-privada-isla-del-bosque:-casa-en-venta-en-bosque-real-150730843.html,31800000,"MN 31,800,000",MXN,venta,Casa,Bosque Real,Huixquilucan,Edo. de México,616.0,299.0,Publicado hace 7 días,2026-08-06T06:46:45Z,2026-08-13T22:20:54.235265+00:00,https://www.inmuebles24.com/casas-o-casa-en-condominio-o-departamentos-en-venta-en-edo.-de-mexico-ordenado-por-fechaonline-descendente.html-pagina-31.html
https://www.inmuebles24.com/propiedades/clasificado/veclcain-residencia-de-lujo-en-venta-en-bosque-real-27.2-mdp-150736548.html,27200000,"MN 27,200,000",MXN,venta,Casa,Bosque Real,Huixquilucan,Edo. de México,702.0,465.0,Publicado hace 7 días,2026-08-06T21:22:19Z,2026-08-13T22:20:54.235265+00:00,https://www.inmuebles24.com/casas-o-casa-en-condominio-o-departamentos-en-venta-en-edo.-de-mexico-ordenado-por-fechaonline-descendente.html-pagina-31.html
https://www.inmuebles24.com/propiedades/clasificado/veclcain-residencia-de-lujo-en-venta-vista-del-valle-150731278.html,30000000,"MN 30,000,000",MXN,venta,Casa,Vista del Valle,Naucalpan de Juárez,Edo. de México,900.0,3000.0,Publicado hace 7 días,2026-08-06T13:21:56Z,2026-08-13T22:20:54.235265+00:00,https://www.inmuebles24.com/casas-o-casa-en-condominio-o-departamentos-en-venta-en-edo.-de-mexico-ordenado-por-fechaonline-descendente.html-pagina-31.html
https://www.inmuebles24.com/propiedades/clasificado/veclcain-valle-de-anahuac:-casa-en-venta-en-valle-de-anahuac-150730654.html,2499900,"MN 2,499,900",MXN,venta,Casa,Valle de Anahuac,Ecatepec de Morelos,Edo. de México,120.0,80.0,Publicado hace 7 días,2026-08-06T06:40:34Z,2026-08-13T22:20:54.235265+00:00,https://www.inmuebles24.com/casas-o-casa-en-condominio-o-departamentos-en-venta-en-edo.-de-mexico-ordenado-por-fechaonline-descendente.html-pagina-31.html
https://www.inmuebles24.com/propiedades/clasificado/veclcain-venta-casa-para-remodelar-con-espectacular-jardin-zona-150731778.html,8100000,"MN 8,100,000",MXN,venta,Casa,Lomas del Sol,Huixquilucan,Edo. de México,284.0,598.0,Publicado hace 7 días,2026-08-06T15:37:14Z,2026-08-13T22:20:54.235265+00:00,https://www.inmuebles24.com/casas-o-casa-en-condominio-o-departamentos-en-venta-en-edo.-de-mexico-ordenado-por-fechaonline-descendente.html-pagina-31.html
https://www.inmuebles24.com/propiedades/clasificado/veclcain-venta-de-casa-en-cerrada-san-carlos-la-herradura.-150739691.html,23699000,"MN 23,699,000",MXN,venta,Casa,Bosques de la Herradura,Huixquilucan,Edo. de México,1220.0,1313.0,Publicado hace 7 días,2026-08-07T03:13:06Z,2026-08-13T22:22:01.496397+00:00,https://www.inmuebles24.com/casas-o-casa-en-condominio-o-departamentos-en-venta-en-edo.-de-mexico-ordenado-por-fechaonline-descendente.html-pagina-31.html
https://www.inmuebles24.com/propiedades/clasificado/veclccin-casa-en-condominio-en-venta-en-lomas-country-club-150730915.html,35000000,"MN 35,000,000",MXN,venta,Casa en condominio,Lomas Country Club,Huixquilucan,Edo. de México,550.0,550.0,Publicado hace 7 días,2026-08-06T06:55:49Z,2026-08-13T22:22:01.496397+00:00,https://www.inmuebles24.com/casas-o-casa-en-condominio-o-departamentos-en-venta-en-edo.-de-mexico-ordenado-por-fechaonline-descendente.html-pagina-31.html
https://www.inmuebles24.com/propiedades/clasificado/veclccin-casa-en-venta-o-renta-en-malinalco-estado-de-mexico-150733139.html,9000000,"MN 9,000,000",MXN,venta,Casa en condominio,San SebAstian,Malinalco,Edo. de México,350.0,950.0,Publicado hace 7 días,2026-08-06T16:46:18Z,2026-08-13T22:22:01.496397+00:00,https://www.inmuebles24.com/casas-o-casa-en-condominio-o-departamentos-en-venta-en-edo.-de-mexico-ordenado-por-fechaonline-descendente.html-pagina-31.html
https://www.inmuebles24.com/propiedades/clasificado/veclapin-departamento-de-98-m-sup2--con-2-recamaras-en-venta-en-150739275.html,3850000,"MN 3,850,000",MXN,venta,Apartamento,,Tlalnepantla de Baz,Edo. de México,98.0,98.0,Publicado hace 7 días,2026-08-07T01:56:10Z,2026-08-13T22:22:01.496397+00:00,https://www.inmuebles24.com/casas-o-casa-en-condominio-o-departamentos-en-venta-en-edo.-de-mexico-ordenado-por-fechaonline-descendente.html-pagina-32.html
https://www.inmuebles24.com/propiedades/clasificado/veclapin-departamento-en-interlomas-150739514.html,6000000,"MN 6,000,000",MXN,venta,Apartamento,Hacienda de las Palmas,Huixquilucan,Edo. de México,193.0,193.0,Publicado hace 7 días,2026-08-07T02:36:33Z,2026-08-13T22:22:01.496397+00:00,https://www.inmuebles24.com/casas-o-casa-en-condominio-o-departamentos-en-venta-en-edo.-de-mexico-ordenado-por-fechaonline-descendente.html-pagina-32.html
https://www.inmuebles24.com/propiedades/clasificado/veclapin-departamento-en-venta-en-bosque-real-huixquilucan-jl-150732683.html,17800000,"MN 17,800,000",MXN,venta,Apartamento,Bosque Real,Huixquilucan,Edo. de México,346.0,346.0,Publicado hace 7 días,2026-08-06T16:27:18Z,2026-08-13T22:22:01.496397+00:00,https://www.inmuebles24.com/casas-o-casa-en-condominio-o-departamentos-en-venta-en-edo.-de-mexico-ordenado-por-fechaonline-descendente.html-pagina-32.html
https://www.inmuebles24.com/propiedades/clasificado/veclapin-departamento-en-venta-en-bosque-real-huixquilucan-jl-150732708.html,19200000,"MN 19,200,000",MXN,venta,Apartamento,Bosque Real,Huixquilucan,Edo. de México,346.0,346.0,Publicado hace 7 días,2026-08-06T16:27:19Z,2026-08-13T22:22:01.496397+00:00,https://www.inmuebles24.com/casas-o-casa-en-condominio-o-departamentos-en-venta-en-edo.-de-mexico-ordenado-por-fechaonline-descendente.html-pagina-32.html
https://www.inmuebles24.com/propiedades/clasificado/veclapin-departamento-en-venta-en-bosque-real-huixquilucan-jl-150732723.html,21564405,"MN 21,564,405",MXN,venta,Apartamento,Bosque Real,Huixquilucan,Edo. de México,328.0,328.0,Publicado hace 7 días,2026-08-06T16:27:20Z,2026-08-13T22:22:01.496397+00:00,https://www.inmuebles24.com/casas-o-casa-en-condominio-o-departamentos-en-venta-en-edo.-de-mexico-ordenado-por-fechaonline-descendente.html-pagina-32.html
https://www.inmuebles24.com/propiedades/clasificado/veclapin-departamento-en-venta-en-bosques-del-valle-coacalco-150732728.html,2550000,"MN 2,550,000",MXN,venta,Apartamento,Bosques del Valle,Coacalco de Berriozábal,Edo. de México,74.0,74.0,Publicado hace 7 días,2026-08-06T16:27:20Z,2026-08-13T22:22:01.496397+00:00,https://www.inmuebles24.com/casas-o-casa-en-condominio-o-departamentos-en-venta-en-edo.-de-mexico-ordenado-por-fechaonline-descendente.html-pagina-32.html
https://www.inmuebles24.com/propiedades/clasificado/veclapin-departamento-en-venta-en-hacienda-de-las-palmas-150732791.html,10830000,"MN 10,830,000",MXN,venta,Apartamento,Hacienda de las Palmas,Huixquilucan,Edo. de México,190.0,190.0,Publicado hace 7 días,2026-08-06T16:27:26Z,2026-08-13T22:22:01.496397+00:00,https://www.inmuebles24.com/casas-o-casa-en-condominio-o-departamentos-en-venta-en-edo.-de-mexico-ordenado-por-fechaonline-descendente.html-pagina-32.html
https://www.inmuebles24.com/propiedades/clasificado/veclapin-departamento-en-venta-en-la-concepcion-san-mateo-150738209.html,3088000,"MN 3,088,000",MXN,venta,Apartamento,La Concepción,San Mateo Atenco,Edo. de México,113.0,113.0,Publicado hace 7 días,2026-08-06T23:58:35Z,2026-08-13T22:22:59.442191+00:00,https://www.inmuebles24.com/casas-o-casa-en-condominio-o-departamentos-en-venta-en-edo.-de-mexico-ordenado-por-fechaonline-descendente.html-pagina-32.html
https://www.inmuebles24.com/propiedades/clasificado/veclapin-departamento-en-venta-en-tlalnepantla-centro-150738228.html,3876000,"MN 3,876,000",MXN,venta,Apartamento,Tlalnepantla  Centro,Tlalnepantla de Baz,Edo. de México,101.0,101.0,Publicado hace 7 días,2026-08-06T23:58:40Z,2026-08-13T22:22:59.442191+00:00,https://www.inmuebles24.com/casas-o-casa-en-condominio-o-departamentos-en-venta-en-edo.-de-mexico-ordenado-por-fechaonline-descendente.html-pagina-32.html
https://www.inmuebles24.com/propiedades/clasificado/veclapin-departamento-proyecto-en-venta-tlalnepantla-de-baz-150738178.html,4105219,"MN 4,105,219",MXN,venta,Apartamento,Benito Juárez Centro,Tlalnepantla de Baz,Edo. de México,68.0,68.0,Publicado hace 7 días,2026-08-06T23:58:28Z,2026-08-13T22:22:59.442191+00:00,https://www.inmuebles24.com/casas-o-casa-en-condominio-o-departamentos-en-venta-en-edo.-de-mexico-ordenado-por-fechaonline-descendente.html-pagina-32.html
https://www.inmuebles24.com/propiedades/clasificado/veclapin-residencial-cumbres-herradura:-departamento-en-venta-150730665.html,5300000,"MN 5,300,000",MXN,venta,Apartamento,Miramar,Naucalpan de Juárez,Edo. de México,106.0,106.0,Publicado hace 7 días,2026-08-06T06:41:02Z,2026-08-13T22:22:59.442191+00:00,https://www.inmuebles24.com/casas-o-casa-en-condominio-o-departamentos-en-venta-en-edo.-de-mexico-ordenado-por-fechaonline-descendente.html-pagina-32.html
https://www.inmuebles24.com/propiedades/clasificado/veclapin-se-vende-departamento-en-frondoso-lomas-anahuac-150738813.html,15750000,"MN 15,750,000",MXN,venta,Apartamento,Frondoso,Huixquilucan,Edo. de México,316.0,316.0,Publicado hace 7 días,2026-08-07T00:42:15Z,2026-08-13T22:22:59.442191+00:00,https://www.inmuebles24.com/casas-o-casa-en-condominio-o-departamentos-en-venta-en-edo.-de-mexico-ordenado-por-fechaonline-descendente.html-pagina-32.html
https://www.inmuebles24.com/propiedades/clasificado/veclapin-villa-antigua-en-zona-esmeralda-150733257.html,15800000,"MN 15,800,000",MXN,venta,Apartamento,Club de Golf Valle Escondido,Atizapán de Zaragoza,Edo. de México,382.0,382.0,Publicado hace 7 días,2026-08-06T16:53:47Z,2026-08-13T22:22:59.442191+00:00,https://www.inmuebles24.com/casas-o-casa-en-condominio-o-departamentos-en-venta-en-edo.-de-mexico-ordenado-por-fechaonline-descendente.html-pagina-32.html
https://www.inmuebles24.com/propiedades/clasificado/veclcain-casa-amueblado-en-venta-en-san-martin-de-las-150732762.html,7000000,"MN 7,000,000",MXN,venta,Casa,San Martín de las Pirámides,San Martín de las Pirámides,Edo. de México,530.0,530.0,Publicado hace 7 días,2026-08-06T16:27:23Z,2026-08-13T22:22:59.442191+00:00,https://www.inmuebles24.com/casas-o-casa-en-condominio-o-departamentos-en-venta-en-edo.-de-mexico-ordenado-por-fechaonline-descendente.html-pagina-32.html
https://www.inmuebles24.com/propiedades/clasificado/veclcain-casa-de-268-m-sup2--con-4-recamaras-en-venta-en-san-150734286.html,6145000,"MN 6,145,000",MXN,venta,Casa,Delegación San Mateo Otzacatipan,Toluca,Edo. de México,362.0,268.0,Publicado hace 7 días,2026-08-06T18:06:17Z,2026-08-13T22:22:59.442191+00:00,https://www.inmuebles24.com/casas-o-casa-en-condominio-o-departamentos-en-venta-en-edo.-de-mexico-ordenado-por-fechaonline-descendente.html-pagina-32.html
https://www.inmuebles24.com/propiedades/clasificado/veclcain-casa-en-venta-4-recamaras-los-heroes-tecamac-150731487.html,1500000,"MN 1,500,000",MXN,venta,Casa,,Tecámac,Edo. de México,95.0,53.0,Publicado hace 7 días,2026-08-06T14:54:57Z,2026-08-13T22:22:59.442191+00:00,https://www.inmuebles24.com/casas-o-casa-en-condominio-o-departamentos-en-venta-en-edo.-de-mexico-ordenado-por-fechaonline-descendente.html-pagina-32.html
https://www.inmuebles24.com/propiedades/clasificado/veclcain-casa-en-venta-en-bosques-de-aragon-150730821.html,3390000,"MN 3,390,000",MXN,venta,Casa,Bosques de Aragón,Nezahualcóyotl,Edo. de México,90.0,100.0,Publicado hace 7 días,2026-08-06T06:44:21Z,2026-08-13T22:22:59.442191+00:00,https://www.inmuebles24.com/casas-o-casa-en-condominio-o-departamentos-en-venta-en-edo.-de-mexico-ordenado-por-fechaonline-descendente.html-pagina-32.html
https://www.inmuebles24.com/propiedades/clasificado/veclcain-casa-en-venta-en-cacalomacan-toluca-estado-de-mexico-150738326.html,9000000,"MN 9,000,000",MXN,venta,Casa,CacalomacAn,Toluca,Edo. de México,550.0,1000.0,Publicado hace 7 días,2026-08-07T00:00:09Z,2026-08-13T22:24:01.713784+00:00,https://www.inmuebles24.com/casas-o-casa-en-condominio-o-departamentos-en-venta-en-edo.-de-mexico-ordenado-por-fechaonline-descendente.html-pagina-32.html
https://www.inmuebles24.com/propiedades/clasificado/veclcain-casa-en-venta-en-conjunto-urbano-real-verona-tecamac-150738252.html,1650000,"MN 1,650,000",MXN,venta,Casa,,Tecámac,Edo. de México,77.0,77.0,Publicado hace 7 días,2026-08-06T23:58:45Z,2026-08-13T22:24:01.713784+00:00,https://www.inmuebles24.com/casas-o-casa-en-condominio-o-departamentos-en-venta-en-edo.-de-mexico-ordenado-por-fechaonline-descendente.html-pagina-32.html
https://www.inmuebles24.com/propiedades/clasificado/veclcain-casa-en-venta-en-el-fortin-san-mateo-atenco-150738673.html,2900000,"MN 2,900,000",MXN,venta,Casa,Santa María,San Mateo Atenco,Edo. de México,142.0,173.0,Publicado hace 7 días,2026-08-07T00:22:37Z,2026-08-13T22:24:01.713784+00:00,https://www.inmuebles24.com/casas-o-casa-en-condominio-o-departamentos-en-venta-en-edo.-de-mexico-ordenado-por-fechaonline-descendente.html-pagina-32.html
https://www.inmuebles24.com/propiedades/clasificado/veclcain-casa-en-venta-en-hacienda-de-las-palmas-huixquilucan-150732750.html,9500000,"MN 9,500,000",MXN,venta,Casa,Hacienda de las Palmas,Huixquilucan,Edo. de México,421.0,259.0,Publicado hace 7 días,2026-08-06T16:27:22Z,2026-08-13T22:24:01.713784+00:00,https://www.inmuebles24.com/casas-o-casa-en-condominio-o-departamentos-en-venta-en-edo.-de-mexico-ordenado-por-fechaonline-descendente.html-pagina-32.html
https://www.inmuebles24.com/propiedades/clasificado/veclcain-casa-en-venta-en-la-concepcion-coatipac-150730742.html,2300000,"MN 2,300,000",MXN,venta,Casa,La Concepción Coatipac,Calimaya,Edo. de México,189.0,240.0,Publicado hace 7 días,2026-08-06T06:42:44Z,2026-08-13T22:24:01.713784+00:00,https://www.inmuebles24.com/casas-o-casa-en-condominio-o-departamentos-en-venta-en-edo.-de-mexico-ordenado-por-fechaonline-descendente.html-pagina-32.html
https://www.inmuebles24.com/propiedades/clasificado/veclcain-casa-en-venta-en-lomas-de-tecamachalco-naucalpan-de-150732746.html,19200000,"MN 19,200,000",MXN,venta,Casa,Lomas de Tecamachalco,Naucalpan de Juárez,Edo. de México,695.0,695.0,Publicado hace 7 días,2026-08-06T16:27:22Z,2026-08-13T22:24:01.713784+00:00,https://www.inmuebles24.com/casas-o-casa-en-condominio-o-departamentos-en-venta-en-edo.-de-mexico-ordenado-por-fechaonline-descendente.html-pagina-32.html
https://www.inmuebles24.com/propiedades/clasificado/veclcain-casa-en-venta-en-los-encinos-150738614.html,24000000,"MN 24,000,000",MXN,venta,Casa,Juárez (Los Chirinos),Ocoyoacac,Edo. de México,640.0,720.0,Publicado hace 7 días,2026-08-07T00:15:49Z,2026-08-13T22:24:01.713784+00:00,https://www.inmuebles24.com/casas-o-casa-en-condominio-o-departamentos-en-venta-en-edo.-de-mexico-ordenado-por-fechaonline-descendente.html-pagina-32.html
https://www.inmuebles24.com/propiedades/clasificado/veclcain-casa-en-venta-en-metepec-altavista-150738586.html,4700000,"MN 4,700,000",MXN,venta,Casa,San Salvador Tizatlalli,Metepec,Edo. de México,150.0,235.0,Publicado hace 7 días,2026-08-07T00:12:21Z,2026-08-13T22:24:01.713784+00:00,https://www.inmuebles24.com/casas-o-casa-en-condominio-o-departamentos-en-venta-en-edo.-de-mexico-ordenado-por-fechaonline-descendente.html-pagina-32.html
https://www.inmuebles24.com/propiedades/clasificado/veclcain-casa-en-venta-en-real-granada-tecamac-jl-26-3153.-150732745.html,1570000,"MN 1,570,000",MXN,venta,Casa,,Tecámac,Edo. de México,86.0,55.0,Publicado hace 7 días,2026-08-06T16:27:22Z,2026-08-13T22:24:01.713784+00:00,https://www.inmuebles24.com/casas-o-casa-en-condominio-o-departamentos-en-venta-en-edo.-de-mexico-ordenado-por-fechaonline-descendente.html-pagina-32.html
https://www.inmuebles24.com/propiedades/clasificado/veclcain-casa-en-venta-en-yautepec-150730752.html,11995000,"MN 11,995,000",MXN,venta,Casa,,Ixtapan de la Sal,Edo. de México,560.0,3000.0,Publicado hace 7 días,2026-08-06T06:43:06Z,2026-08-13T22:24:01.713784+00:00,https://www.inmuebles24.com/casas-o-casa-en-condominio-o-departamentos-en-venta-en-edo.-de-mexico-ordenado-por-fechaonline-descendente.html-pagina-32.html
https://www.inmuebles24.com/propiedades/clasificado/veclcain-casa-venta-en-san-salvador-tizaltalli-metepec-150738718.html,9500000,"MN 9,500,000",MXN,venta,Casa,San Salvador Tizatlalli,Metepec,Edo. de México,665.0,1092.0,Publicado hace 7 días,2026-08-07T00:29:40Z,2026-08-13T22:25:13.702218+00:00,https://www.inmuebles24.com/casas-o-casa-en-condominio-o-departamentos-en-venta-en-edo.-de-mexico-ordenado-por-fechaonline-descendente.html-pagina-32.html
https://www.inmuebles24.com/propiedades/clasificado/veclcain-sevilla-en-bosque-esmeralda-150732402.html,13900000,"MN 13,900,000",MXN,venta,Casa,Bosque Esmeralda,Atizapán de Zaragoza,Edo. de México,471.0,475.0,Publicado hace 7 días,2026-08-06T16:21:57Z,2026-08-13T22:25:13.702218+00:00,https://www.inmuebles24.com/casas-o-casa-en-condominio-o-departamentos-en-venta-en-edo.-de-mexico-ordenado-por-fechaonline-descendente.html-pagina-32.html
https://www.inmuebles24.com/propiedades/clasificado/veclccin-casa-en-venta-en-el-dorado-san-mateo-atenco-150738161.html,2300000,"MN 2,300,000",MXN,venta,Casa en condominio,Santa María,San Mateo Atenco,Edo. de México,104.0,114.0,Publicado hace 7 días,2026-08-06T23:57:30Z,2026-08-13T22:25:13.702218+00:00,https://www.inmuebles24.com/casas-o-casa-en-condominio-o-departamentos-en-venta-en-edo.-de-mexico-ordenado-por-fechaonline-descendente.html-pagina-32.html
https://www.inmuebles24.com/propiedades/clasificado/veclapin-bilu-bosque-real:-departamento-en-venta-en-bosque-real-150730664.html,15678988,"MN 15,678,988",MXN,venta,Apartamento,Bosque Real,Huixquilucan,Edo. de México,282.0,282.0,Publicado hace 7 días,2026-08-06T06:40:59Z,2026-08-13T22:25:13.702218+00:00,https://www.inmuebles24.com/casas-o-casa-en-condominio-o-departamentos-en-venta-en-edo.-de-mexico-ordenado-por-fechaonline-descendente.html-pagina-33.html
https://www.inmuebles24.com/propiedades/clasificado/veclapin-departamento-en-venta-en-hacienda-de-las-palmas-150732644.html,8040000,"MN 8,040,000",MXN,venta,Apartamento,Hacienda de las Palmas,Huixquilucan,Edo. de México,95.0,95.0,Publicado hace 7 días,2026-08-06T16:27:15Z,2026-08-13T22:25:13.702218+00:00,https://www.inmuebles24.com/casas-o-casa-en-condominio-o-departamentos-en-venta-en-edo.-de-mexico-ordenado-por-fechaonline-descendente.html-pagina-33.html
https://www.inmuebles24.com/propiedades/clasificado/veclapin-departamento-en-venta-en-interlomas-huixquilucan-jl-150732743.html,6795925,"MN 6,795,925",MXN,venta,Apartamento,Interlomas,Huixquilucan,Edo. de México,149.0,149.0,Publicado hace 7 días,2026-08-06T16:27:21Z,2026-08-13T22:25:13.702218+00:00,https://www.inmuebles24.com/casas-o-casa-en-condominio-o-departamentos-en-venta-en-edo.-de-mexico-ordenado-por-fechaonline-descendente.html-pagina-33.html
https://www.inmuebles24.com/propiedades/clasificado/veclapin-departamento-en-venta-en-paseo-de-las-palmas-150730911.html,9000000,"MN 9,000,000",MXN,venta,Apartamento,Hacienda de las Palmas,Huixquilucan,Edo. de México,141.0,141.0,Publicado hace 7 días,2026-08-06T06:55:38Z,2026-08-13T22:25:13.702218+00:00,https://www.inmuebles24.com/casas-o-casa-en-condominio-o-departamentos-en-venta-en-edo.-de-mexico-ordenado-por-fechaonline-descendente.html-pagina-33.html
https://www.inmuebles24.com/propiedades/clasificado/veclapin-departamento-en-venta-en-real-granda-tecamac-jl-27-150732773.html,867000,"MN 867,000",MXN,venta,Apartamento,,Tecámac,Edo. de México,45.0,45.0,Publicado hace 7 días,2026-08-06T16:27:24Z,2026-08-13T22:25:13.702218+00:00,https://www.inmuebles24.com/casas-o-casa-en-condominio-o-departamentos-en-venta-en-edo.-de-mexico-ordenado-por-fechaonline-descendente.html-pagina-33.html
https://www.inmuebles24.com/propiedades/clasificado/veclapin-venta-de-departaento-en-bosque-real-huixquilucan-150734884.html,13300000,"MN 13,300,000",MXN,venta,Apartamento,Bosque Real,Huixquilucan,Edo. de México,187.0,187.0,Publicado hace 7 días,2026-08-06T18:54:36Z,2026-08-13T22:25:13.702218+00:00,https://www.inmuebles24.com/casas-o-casa-en-condominio-o-departamentos-en-venta-en-edo.-de-mexico-ordenado-por-fechaonline-descendente.html-pagina-33.html
https://www.inmuebles24.com/propiedades/clasificado/veclcain-casa-en-venta-en-lomas-lindas-atizapan-de-zaragoza-26-150738243.html,4114650,"MN 4,114,650",MXN,venta,Casa,,Atizapán de Zaragoza,Edo. de México,129.0,129.0,Publicado hace 7 días,2026-08-06T23:58:43Z,2026-08-13T22:25:13.702218+00:00,https://www.inmuebles24.com/casas-o-casa-en-condominio-o-departamentos-en-venta-en-edo.-de-mexico-ordenado-por-fechaonline-descendente.html-pagina-33.html
https://www.inmuebles24.com/propiedades/clasificado/veclcain-casa-en-venta-en-san-salvador-tizatlalli-metepec-26-150738214.html,4798000,"MN 4,798,000",MXN,venta,Casa,San Salvador Tizatlalli,Metepec,Edo. de México,108.0,108.0,Publicado hace 7 días,2026-08-06T23:58:37Z,2026-08-13T22:26:19.036059+00:00,https://www.inmuebles24.com/casas-o-casa-en-condominio-o-departamentos-en-venta-en-edo.-de-mexico-ordenado-por-fechaonline-descendente.html-pagina-33.html
https://www.inmuebles24.com/propiedades/clasificado/veclcain-casa-en-venta-en-villas-del-campo-calimaya-25-3461-150738206.html,3149000,"MN 3,149,000",MXN,venta,Casa,Villas del Campo,Calimaya,Edo. de México,156.0,156.0,Publicado hace 7 días,2026-08-06T23:58:34Z,2026-08-13T22:26:19.036059+00:00,https://www.inmuebles24.com/casas-o-casa-en-condominio-o-departamentos-en-venta-en-edo.-de-mexico-ordenado-por-fechaonline-descendente.html-pagina-33.html
https://www.inmuebles24.com/propiedades/clasificado/veclcain-casa-residencial-lago-esmeralda-150732184.html,7000000,"MN 7,000,000",MXN,venta,Casa,Residencial Lago Esmeralda,Atizapán de Zaragoza,Edo. de México,280.0,185.0,Publicado hace 7 días,2026-08-06T15:51:55Z,2026-08-13T22:26:19.036059+00:00,https://www.inmuebles24.com/casas-o-casa-en-condominio-o-departamentos-en-venta-en-edo.-de-mexico-ordenado-por-fechaonline-descendente.html-pagina-33.html
https://www.inmuebles24.com/propiedades/clasificado/veclcain-condado-de-sayavedra:-casa-en-venta-en-condado-de-150730454.html,14600000,"MN 14,600,000",MXN,venta,Casa,Condado de Sayavedra,Atizapán de Zaragoza,Edo. de México,520.0,781.0,Publicado hace 7 días,2026-08-06T06:33:09Z,2026-08-13T22:26:19.036059+00:00,https://www.inmuebles24.com/casas-o-casa-en-condominio-o-departamentos-en-venta-en-edo.-de-mexico-ordenado-por-fechaonline-descendente.html-pagina-33.html
https://www.inmuebles24.com/propiedades/clasificado/veclccin-residencias-nuevas-de-entrega-inmediata-150730278.html,7200000,"MN 7,200,000",MXN,venta,Casa en condominio,Rincón Colonial,Atizapán de Zaragoza,Edo. de México,202.0,202.0,Publicado hace 7 días,2026-08-06T06:07:48Z,2026-08-13T22:26:19.036059+00:00,https://www.inmuebles24.com/casas-o-casa-en-condominio-o-departamentos-en-venta-en-edo.-de-mexico-ordenado-por-fechaonline-descendente.html-pagina-33.html
https://www.inmuebles24.com/propiedades/clasificado/veclapin--disena-el-departamento-de-tus-suenos!-amplio-espacio-150733542.html,7300000,"MN 7,300,000",MXN,venta,Apartamento,Hacienda de las Palmas,Huixquilucan,Edo. de México,179.0,179.0,Publicado hace 7 días,2026-08-06T17:08:24Z,2026-08-13T22:26:19.036059+00:00,https://www.inmuebles24.com/casas-o-casa-en-condominio-o-departamentos-en-venta-en-edo.-de-mexico-ordenado-por-fechaonline-descendente.html-pagina-34.html
https://www.inmuebles24.com/propiedades/clasificado/veclapin-central-park-bosque-real-torre-south-ii-150734032.html,12000000,"MN 12,000,000",MXN,venta,Apartamento,Interlomas,Huixquilucan,Edo. de México,204.0,204.0,Publicado hace 7 días,2026-08-06T17:44:50Z,2026-08-13T22:26:19.036059+00:00,https://www.inmuebles24.com/casas-o-casa-en-condominio-o-departamentos-en-venta-en-edo.-de-mexico-ordenado-por-fechaonline-descendente.html-pagina-34.html
https://www.inmuebles24.com/propiedades/clasificado/veclapin-departamento-en-lomas-del-sol-150736005.html,9000000,"MN 9,000,000",MXN,venta,Apartamento,Lomas del Sol,Huixquilucan,Edo. de México,388.0,388.0,Publicado hace 7 días,2026-08-06T20:30:45Z,2026-08-13T22:26:19.036059+00:00,https://www.inmuebles24.com/casas-o-casa-en-condominio-o-departamentos-en-venta-en-edo.-de-mexico-ordenado-por-fechaonline-descendente.html-pagina-34.html
https://www.inmuebles24.com/propiedades/clasificado/veclapin-departamento-en-venta-en-hacienda-de-las-palmas-150732770.html,7400000,"MN 7,400,000",MXN,venta,Apartamento,Hacienda de las Palmas,Huixquilucan,Edo. de México,148.0,148.0,Publicado hace 7 días,2026-08-06T16:27:23Z,2026-08-13T22:26:19.036059+00:00,https://www.inmuebles24.com/casas-o-casa-en-condominio-o-departamentos-en-venta-en-edo.-de-mexico-ordenado-por-fechaonline-descendente.html-pagina-34.html
https://www.inmuebles24.com/propiedades/clasificado/veclapin-hermoso-departamento-en-hacienda-el-ciervo-150733539.html,7900000,"MN 7,900,000",MXN,venta,Apartamento,Hacienda de las Palmas,Huixquilucan,Edo. de México,240.0,240.0,Publicado hace 7 días,2026-08-06T17:08:24Z,2026-08-13T22:26:19.036059+00:00,https://www.inmuebles24.com/casas-o-casa-en-condominio-o-departamentos-en-venta-en-edo.-de-mexico-ordenado-por-fechaonline-descendente.html-pagina-34.html
https://www.inmuebles24.com/propiedades/clasificado/veclapin-real-de-la-cumbre:-departamento-en-venta-en-bosque-150730914.html,9500000,"MN 9,500,000",MXN,venta,Apartamento,Bosque Real,Huixquilucan,Edo. de México,255.0,255.0,Publicado hace 7 días,2026-08-06T06:55:46Z,2026-08-13T22:27:30.036096+00:00,https://www.inmuebles24.com/casas-o-casa-en-condominio-o-departamentos-en-venta-en-edo.-de-mexico-ordenado-por-fechaonline-descendente.html-pagina-34.html
https://www.inmuebles24.com/propiedades/clasificado/veclapin-sittia-cuautitlan-izcalli-vive-en-zona-residencial-en-150738058.html,2630000,"MN 2,630,000",MXN,venta,Apartamento,Colinas del Lago,Cuautitlán Izcalli,Edo. de México,73.0,103.0,Publicado hace 7 días,2026-08-06T23:51:52Z,2026-08-13T22:27:30.036096+00:00,https://www.inmuebles24.com/casas-o-casa-en-condominio-o-departamentos-en-venta-en-edo.-de-mexico-ordenado-por-fechaonline-descendente.html-pagina-34.html
https://www.inmuebles24.com/propiedades/clasificado/veclappa-bonito-departamento-150733093.html,1500000,"MN 1,500,000",MXN,venta,Apartamento,Valle de Aragon 1ra Secc,Nezahualcóyotl,Edo. de México,60.0,60.0,Publicado hace 7 días,2026-08-06T16:44:08Z,2026-08-13T22:27:30.036096+00:00,https://www.inmuebles24.com/casas-o-casa-en-condominio-o-departamentos-en-venta-en-edo.-de-mexico-ordenado-por-fechaonline-descendente.html-pagina-34.html
https://www.inmuebles24.com/propiedades/clasificado/veclcain-casa-en-venta-ecatepec-de-morelos-no-creditos-solo-150736396.html,450000,"MN 450,000",MXN,venta,Casa,Jardines de San Gabriel,Ecatepec de Morelos,Edo. de México,57.0,57.0,Publicado hace 7 días,2026-08-06T21:14:02Z,2026-08-13T22:27:30.036096+00:00,https://www.inmuebles24.com/casas-o-casa-en-condominio-o-departamentos-en-venta-en-edo.-de-mexico-ordenado-por-fechaonline-descendente.html-pagina-34.html
https://www.inmuebles24.com/propiedades/clasificado/veclcain-casa-en-venta-ecatepec-de-morelos-no-creditos-solo-150736402.html,450000,"MN 450,000",MXN,venta,Casa,Francisco Villa,Ecatepec de Morelos,Edo. de México,52.0,52.0,Publicado hace 7 días,2026-08-06T21:14:02Z,2026-08-13T22:27:30.036096+00:00,https://www.inmuebles24.com/casas-o-casa-en-condominio-o-departamentos-en-venta-en-edo.-de-mexico-ordenado-por-fechaonline-descendente.html-pagina-34.html
https://www.inmuebles24.com/propiedades/clasificado/veclcain-casa-en-venta-en-ojo-de-agua-tecamac-26-598-jas-150738211.html,2720000,"MN 2,720,000",MXN,venta,Casa,Ojo de Agua,Tecámac,Edo. de México,80.0,80.0,Publicado hace 7 días,2026-08-06T23:58:36Z,2026-08-13T22:27:30.036096+00:00,https://www.inmuebles24.com/casas-o-casa-en-condominio-o-departamentos-en-venta-en-edo.-de-mexico-ordenado-por-fechaonline-descendente.html-pagina-34.html
https://www.inmuebles24.com/propiedades/clasificado/veclcain-casa-en-venta-en-ojo-de-agua-tecamac-26-601-jas-150738212.html,4800000,"MN 4,800,000",MXN,venta,Casa,Ojo de Agua,Tecámac,Edo. de México,113.0,113.0,Publicado hace 7 días,2026-08-06T23:58:36Z,2026-08-13T22:27:30.036096+00:00,https://www.inmuebles24.com/casas-o-casa-en-condominio-o-departamentos-en-venta-en-edo.-de-mexico-ordenado-por-fechaonline-descendente.html-pagina-34.html
https://www.inmuebles24.com/propiedades/clasificado/veclcain-casa-en-venta-en-valle-de-aragon-3ra.-seccion-oriente-150736957.html,3999520,"MN 3,999,520",MXN,venta,Casa,,Ecatepec de Morelos,Edo. de México,190.0,90.0,Publicado hace 7 días,2026-08-06T22:05:09Z,2026-08-13T22:27:30.036096+00:00,https://www.inmuebles24.com/casas-o-casa-en-condominio-o-departamentos-en-venta-en-edo.-de-mexico-ordenado-por-fechaonline-descendente.html-pagina-34.html
https://www.inmuebles24.com/propiedades/clasificado/veclcain-casa-en-venta-tultepec-no-creditos-solo-recursos-150736413.html,520000,"MN 520,000",MXN,venta,Casa,El Bosque Tultepec,Tultepec,Edo. de México,60.0,60.0,Publicado hace 7 días,2026-08-06T21:14:03Z,2026-08-13T22:27:30.036096+00:00,https://www.inmuebles24.com/casas-o-casa-en-condominio-o-departamentos-en-venta-en-edo.-de-mexico-ordenado-por-fechaonline-descendente.html-pagina-34.html
https://www.inmuebles24.com/propiedades/clasificado/veclcain-cesion-de-derechos-en-villa-del-real-150735607.html,655752,"MN 655,752",MXN,venta,Casa,Villa del Real,Tecámac,Edo. de México,64.0,64.0,Publicado hace 7 días,2026-08-06T19:56:31Z,2026-08-13T22:27:30.036096+00:00,https://www.inmuebles24.com/casas-o-casa-en-condominio-o-departamentos-en-venta-en-edo.-de-mexico-ordenado-por-fechaonline-descendente.html-pagina-34.html
https://www.inmuebles24.com/propiedades/clasificado/veclcain-oportunidad!-casa-en-venta-bugambilias-santa-cruz-del-150735737.html,5990000,"MN 5,990,000",MXN,venta,Casa,Santa Cruz del Monte,Naucalpan de Juárez,Edo. de México,180.0,180.0,Publicado hace 7 días,2026-08-06T20:08:15Z,2026-08-13T22:28:32.216033+00:00,https://www.inmuebles24.com/casas-o-casa-en-condominio-o-departamentos-en-venta-en-edo.-de-mexico-ordenado-por-fechaonline-descendente.html-pagina-34.html
https://www.inmuebles24.com/propiedades/clasificado/veclcain-villa-alpina-hermosa-casa-en-la-naturaleza-en-150738066.html,3000000,"MN 3,000,000",MXN,venta,Casa,Villa Alpina,Naucalpan de Juárez,Edo. de México,60.0,1233.0,Publicado hace 7 días,2026-08-06T23:51:55Z,2026-08-13T22:28:32.216033+00:00,https://www.inmuebles24.com/casas-o-casa-en-condominio-o-departamentos-en-venta-en-edo.-de-mexico-ordenado-por-fechaonline-descendente.html-pagina-34.html
https://www.inmuebles24.com/propiedades/clasificado/veclccin-casa-en-venta-en-preventa-en-fraccionamiento-vilasensa-150735812.html,6900000,"MN 6,900,000",MXN,venta,Casa en condominio,Lomas de Bellavista,Atizapán de Zaragoza,Edo. de México,180.0,180.0,Publicado hace 7 días,2026-08-06T20:14:12Z,2026-08-13T22:28:32.216033+00:00,https://www.inmuebles24.com/casas-o-casa-en-condominio-o-departamentos-en-venta-en-edo.-de-mexico-ordenado-por-fechaonline-descendente.html-pagina-34.html
https://www.inmuebles24.com/propiedades/clasificado/veclapin-precioso-garden-house-en-bosque-real-en-venta-150733537.html,12200000,"MN 12,200,000",MXN,venta,Apartamento,Bosque Real,Huixquilucan,Edo. de México,200.0,300.0,Publicado hace 7 días,2026-08-06T17:08:24Z,2026-08-13T22:28:32.216033+00:00,https://www.inmuebles24.com/casas-o-casa-en-condominio-o-departamentos-en-venta-en-edo.-de-mexico-ordenado-por-fechaonline-descendente.html-pagina-35.html
https://www.inmuebles24.com/propiedades/clasificado/veclappa-departamento-cerca-de-interlomas-150735886.html,4250000,"MN 4,250,000",MXN,venta,Apartamento,Ampliación Palo Solo,Huixquilucan,Edo. de México,133.0,133.0,Publicado hace 7 días,2026-08-06T20:19:21Z,2026-08-13T22:28:32.216033+00:00,https://www.inmuebles24.com/casas-o-casa-en-condominio-o-departamentos-en-venta-en-edo.-de-mexico-ordenado-por-fechaonline-descendente.html-pagina-35.html
https://www.inmuebles24.com/propiedades/clasificado/veclappa-deptos.-nuevos-viveros-del-valle-tlalnepantra-150732385.html,3415995,"MN 3,415,995",MXN,venta,Apartamento,Viveros del Valle,Tlalnepantla de Baz,Edo. de México,83.0,83.0,Publicado hace 7 días,2026-08-06T16:19:23Z,2026-08-13T22:28:32.216033+00:00,https://www.inmuebles24.com/casas-o-casa-en-condominio-o-departamentos-en-venta-en-edo.-de-mexico-ordenado-por-fechaonline-descendente.html-pagina-35.html
https://www.inmuebles24.com/propiedades/clasificado/veclcain-casa-en-guillermo-morelos-lt-2-sector-3-12-no-se-150735796.html,750000,"MN 750,000",MXN,venta,Casa,Unidad Morelos,Tultitlán,Edo. de México,240.0,240.0,Publicado hace 7 días,2026-08-06T20:12:29Z,2026-08-13T22:28:32.216033+00:00,https://www.inmuebles24.com/casas-o-casa-en-condominio-o-departamentos-en-venta-en-edo.-de-mexico-ordenado-por-fechaonline-descendente.html-pagina-35.html
https://www.inmuebles24.com/propiedades/clasificado/veclcain-casa-en-venta-cerca-del-club-de-golf-avandaro-150735750.html,2500000,"USD 2,500,000",USD,venta,Casa,Avandaro,Valle de Bravo,Edo. de México,646.0,1230.0,Publicado hace 7 días,2026-08-06T20:09:21Z,2026-08-13T22:28:32.216033+00:00,https://www.inmuebles24.com/casas-o-casa-en-condominio-o-departamentos-en-venta-en-edo.-de-mexico-ordenado-por-fechaonline-descendente.html-pagina-35.html
https://www.inmuebles24.com/propiedades/clasificado/veclcain-casa-en-venta-coacalco-de-berriozabal-no-creditos-150736405.html,600000,"MN 600,000",MXN,venta,Casa,,Coacalco de Berriozábal,Edo. de México,61.0,61.0,Publicado hace 7 días,2026-08-06T21:14:02Z,2026-08-13T22:28:32.216033+00:00,https://www.inmuebles24.com/casas-o-casa-en-condominio-o-departamentos-en-venta-en-edo.-de-mexico-ordenado-por-fechaonline-descendente.html-pagina-35.html
https://www.inmuebles24.com/propiedades/clasificado/veclcain-casa-en-venta-ecatepec-de-morelos-no-creditos-solo-150736404.html,500000,"MN 500,000",MXN,venta,Casa,Ehécatl (Paseos de Ecatepec),Ecatepec de Morelos,Edo. de México,46.0,46.0,Publicado hace 7 días,2026-08-06T21:14:02Z,2026-08-13T22:28:32.216033+00:00,https://www.inmuebles24.com/casas-o-casa-en-condominio-o-departamentos-en-venta-en-edo.-de-mexico-ordenado-por-fechaonline-descendente.html-pagina-35.html
https://www.inmuebles24.com/propiedades/clasificado/veclcain-casa-en-venta-ecatepec-de-morelos-no-creditos-solo-150736409.html,450000,"MN 450,000",MXN,venta,Casa,Jardines de San Gabriel,Ecatepec de Morelos,Edo. de México,58.0,58.0,Publicado hace 7 días,2026-08-06T21:14:03Z,2026-08-13T22:29:33.713197+00:00,https://www.inmuebles24.com/casas-o-casa-en-condominio-o-departamentos-en-venta-en-edo.-de-mexico-ordenado-por-fechaonline-descendente.html-pagina-35.html
https://www.inmuebles24.com/propiedades/clasificado/veclcain-casa-en-venta-en-rancho-san-juan-en-atizapan-de-90524665.html,32700000,"MN 32,700,000",MXN,venta,Casa,Rancho San Juan,Atizapán de Zaragoza,Edo. de México,1014.0,820.0,Publicado hace 7 días,2023-07-11T01:39:33Z,2026-08-13T22:29:33.713197+00:00,https://www.inmuebles24.com/casas-o-casa-en-condominio-o-departamentos-en-venta-en-edo.-de-mexico-ordenado-por-fechaonline-descendente.html-pagina-35.html
https://www.inmuebles24.com/propiedades/clasificado/veclcain-casa-en-venta-en-villas-del-campo-150739393.html,2480000,"MN 2,480,000",MXN,venta,Casa,Villas del Campo,Calimaya,Edo. de México,120.0,110.0,Publicado hace 7 días,2026-08-07T02:16:01Z,2026-08-13T22:29:33.713197+00:00,https://www.inmuebles24.com/casas-o-casa-en-condominio-o-departamentos-en-venta-en-edo.-de-mexico-ordenado-por-fechaonline-descendente.html-pagina-35.html
https://www.inmuebles24.com/propiedades/clasificado/veclcain-casa-en-venta-tecamac-no-creditos-solo-recursos-150736406.html,257285,"MN 257,285",MXN,venta,Casa,Los Héroes Ozumbilla,Tecámac,Edo. de México,81.0,81.0,Publicado hace 7 días,2026-08-06T21:14:02Z,2026-08-13T22:29:33.713197+00:00,https://www.inmuebles24.com/casas-o-casa-en-condominio-o-departamentos-en-venta-en-edo.-de-mexico-ordenado-por-fechaonline-descendente.html-pagina-35.html
https://www.inmuebles24.com/propiedades/clasificado/veclcain-casa-en-venta-teoloyucan-no-creditos-solo-recursos-150736407.html,335177,"MN 335,177",MXN,venta,Casa,Villas Teoloyucan,Teoloyucan,Edo. de México,44.0,44.0,Publicado hace 7 días,2026-08-06T21:14:02Z,2026-08-13T22:29:33.713197+00:00,https://www.inmuebles24.com/casas-o-casa-en-condominio-o-departamentos-en-venta-en-edo.-de-mexico-ordenado-por-fechaonline-descendente.html-pagina-35.html
https://www.inmuebles24.com/propiedades/clasificado/veclcain-casa-en-venta-tultepec-no-creditos-solo-recursos-150736410.html,520000,"MN 520,000",MXN,venta,Casa,El Bosque Tultepec,Tultepec,Edo. de México,60.0,60.0,Publicado hace 7 días,2026-08-06T21:14:03Z,2026-08-13T22:29:33.713197+00:00,https://www.inmuebles24.com/casas-o-casa-en-condominio-o-departamentos-en-venta-en-edo.-de-mexico-ordenado-por-fechaonline-descendente.html-pagina-35.html
https://www.inmuebles24.com/propiedades/clasificado/veclcain-casa-en-venta-zumpango-no-creditos-solo-recursos-150736400.html,450000,"MN 450,000",MXN,venta,Casa,Paseos de San Juan,Zumpango,Edo. de México,39.0,39.0,Publicado hace 7 días,2026-08-06T21:14:02Z,2026-08-13T22:29:33.713197+00:00,https://www.inmuebles24.com/casas-o-casa-en-condominio-o-departamentos-en-venta-en-edo.-de-mexico-ordenado-por-fechaonline-descendente.html-pagina-35.html
https://www.inmuebles24.com/propiedades/clasificado/veclcain-casa-lomas-de-atizapan-150730996.html,4500000,"MN 4,500,000",MXN,venta,Casa,Lomas de Atizapán,Atizapán de Zaragoza,Edo. de México,167.0,124.0,Publicado hace 7 días,2026-08-06T07:17:38Z,2026-08-13T22:29:33.713197+00:00,https://www.inmuebles24.com/casas-o-casa-en-condominio-o-departamentos-en-venta-en-edo.-de-mexico-ordenado-por-fechaonline-descendente.html-pagina-35.html
https://www.inmuebles24.com/propiedades/clasificado/veclcain-cesion-de-derechos-av-hacienda-la-purisima-150736417.html,486048,"MN 486,048",MXN,venta,Casa,Ex-hacienda Santa Inés,Nextlalpan,Edo. de México,50.0,50.0,Publicado hace 7 días,2026-08-06T21:14:04Z,2026-08-13T22:29:33.713197+00:00,https://www.inmuebles24.com/casas-o-casa-en-condominio-o-departamentos-en-venta-en-edo.-de-mexico-ordenado-por-fechaonline-descendente.html-pagina-35.html
https://www.inmuebles24.com/propiedades/clasificado/veclcain-cesion-de-derechos-en-priv.-penalor-150735675.html,642340,"MN 642,340",MXN,venta,Casa,Villa del Real,Tecámac,Edo. de México,65.0,65.0,Publicado hace 7 días,2026-08-06T20:03:30Z,2026-08-13T22:29:33.713197+00:00,https://www.inmuebles24.com/casas-o-casa-en-condominio-o-departamentos-en-venta-en-edo.-de-mexico-ordenado-por-fechaonline-descendente.html-pagina-35.html
https://www.inmuebles24.com/propiedades/clasificado/veclcain-cesion-de-derechos-para-bosques-de-mexico-150736723.html,648283,"MN 648,283",MXN,venta,Casa,Los Héroes Ozumbilla,Tecámac,Edo. de México,60.0,60.0,Publicado hace 7 días,2026-08-06T21:36:41Z,2026-08-13T22:30:44.928315+00:00,https://www.inmuebles24.com/casas-o-casa-en-condominio-o-departamentos-en-venta-en-edo.-de-mexico-ordenado-por-fechaonline-descendente.html-pagina-35.html
https://www.inmuebles24.com/propiedades/clasificado/veclcain-cesion-de-derechos-valle-san-gabriel-150734445.html,713824,"MN 713,824",MXN,venta,Casa,Ojo de Agua,Tecámac,Edo. de México,50.0,50.0,Publicado hace 7 días,2026-08-06T18:21:48Z,2026-08-13T22:30:44.928315+00:00,https://www.inmuebles24.com/casas-o-casa-en-condominio-o-departamentos-en-venta-en-edo.-de-mexico-ordenado-por-fechaonline-descendente.html-pagina-35.html
https://www.inmuebles24.com/propiedades/clasificado/veclcain-cesiond-de-derechos-priv.-rio-marne-150737393.html,583296,"MN 583,296",MXN,venta,Casa,Ojo de Agua,Tecámac,Edo. de México,65.0,65.0,Publicado hace 7 días,2026-08-06T22:40:43Z,2026-08-13T22:30:44.928315+00:00,https://www.inmuebles24.com/casas-o-casa-en-condominio-o-departamentos-en-venta-en-edo.-de-mexico-ordenado-por-fechaonline-descendente.html-pagina-35.html
https://www.inmuebles24.com/propiedades/clasificado/veclcain-colinas-del-lago-casa-sola-en-el-corazon-de-cuautitlan-150738071.html,2930000,"MN 2,930,000",MXN,venta,Casa,Colinas del Lago,Cuautitlán Izcalli,Edo. de México,110.0,120.0,Publicado hace 7 días,2026-08-06T23:51:56Z,2026-08-13T22:30:44.928315+00:00,https://www.inmuebles24.com/casas-o-casa-en-condominio-o-departamentos-en-venta-en-edo.-de-mexico-ordenado-por-fechaonline-descendente.html-pagina-35.html
https://www.inmuebles24.com/propiedades/clasificado/veclcain-ensuenos-amplia-casa-en-el-corazon-de-izcalli-150738052.html,3298000,"MN 3,298,000",MXN,venta,Casa,Ensueños,Cuautitlán Izcalli,Edo. de México,171.0,120.0,Publicado hace 7 días,2026-08-06T23:51:51Z,2026-08-13T22:30:44.928315+00:00,https://www.inmuebles24.com/casas-o-casa-en-condominio-o-departamentos-en-venta-en-edo.-de-mexico-ordenado-por-fechaonline-descendente.html-pagina-35.html
https://www.inmuebles24.com/propiedades/clasificado/veclcain-hermosa-residencia-a-2-minutos-del-centro-de-150738048.html,10500000,"MN 10,500,000",MXN,venta,Casa,San Mateo Xoloc,Tepotzotlán,Edo. de México,468.0,1047.0,Publicado hace 7 días,2026-08-06T23:51:51Z,2026-08-13T22:30:44.928315+00:00,https://www.inmuebles24.com/casas-o-casa-en-condominio-o-departamentos-en-venta-en-edo.-de-mexico-ordenado-por-fechaonline-descendente.html-pagina-35.html
https://www.inmuebles24.com/propiedades/clasificado/veclcain-joyas-de-cuautitlan-hermosa-casa-recien-remodelada-150738068.html,1285000,"MN 1,285,000",MXN,venta,Casa,Joyas de Cuautitlán,Cuautitlán,Edo. de México,55.0,55.0,Publicado hace 7 días,2026-08-06T23:51:55Z,2026-08-13T22:30:44.928315+00:00,https://www.inmuebles24.com/casas-o-casa-en-condominio-o-departamentos-en-venta-en-edo.-de-mexico-ordenado-por-fechaonline-descendente.html-pagina-35.html
https://www.inmuebles24.com/propiedades/clasificado/veclcain-joyas-de-cuautitlan-hermosa-casa-recien-remodelada-con-150738055.html,998000,"MN 998,000",MXN,venta,Casa,Joyas de Cuautitlán,Cuautitlán,Edo. de México,55.0,60.0,Publicado hace 7 días,2026-08-06T23:51:52Z,2026-08-13T22:30:44.928315+00:00,https://www.inmuebles24.com/casas-o-casa-en-condominio-o-departamentos-en-venta-en-edo.-de-mexico-ordenado-por-fechaonline-descendente.html-pagina-35.html
https://www.inmuebles24.com/propiedades/clasificado/veclcain-los-heroes-tecamac-casa-de-2-niveles-lista-para-150738053.html,998000,"MN 998,000",MXN,venta,Casa,Los Héroes Tecámac,Tecámac,Edo. de México,70.0,60.0,Publicado hace 7 días,2026-08-06T23:51:51Z,2026-08-13T22:30:44.928315+00:00,https://www.inmuebles24.com/casas-o-casa-en-condominio-o-departamentos-en-venta-en-edo.-de-mexico-ordenado-por-fechaonline-descendente.html-pagina-35.html
https://www.inmuebles24.com/propiedades/clasificado/veclcain-preventa-de-casas-con-vista-parcial-al-lago-en-valle-150735710.html,7617500,"MN 7,617,500",MXN,venta,Casa,Valle de Bravo,Valle de Bravo,Edo. de México,156.0,410.0,Publicado hace 7 días,2026-08-06T20:06:29Z,2026-08-13T22:30:44.928315+00:00,https://www.inmuebles24.com/casas-o-casa-en-condominio-o-departamentos-en-venta-en-edo.-de-mexico-ordenado-por-fechaonline-descendente.html-pagina-35.html
https://www.inmuebles24.com/propiedades/clasificado/veclcapa-espectacular-casa-en-bosque-real-con-vista-al-campo-150607452.html,45000000,"MN 45,000,000",MXN,venta,Casa,Bosque Real,Huixquilucan,Edo. de México,1012.0,509.0,Publicado hace 7 días,2026-07-23T16:22:33Z,2026-08-13T22:31:43.111020+00:00,https://www.inmuebles24.com/casas-o-casa-en-condominio-o-departamentos-en-venta-en-edo.-de-mexico-ordenado-por-fechaonline-descendente.html-pagina-35.html
https://www.inmuebles24.com/propiedades/clasificado/veclcapa-propiedad-en-venta-150733219.html,2500000,"MN 2,500,000",MXN,venta,Casa,San Antonio Xahuento,Tultepec,Edo. de México,390.0,195.0,Publicado hace 7 días,2026-08-06T16:51:52Z,2026-08-13T22:31:43.111020+00:00,https://www.inmuebles24.com/casas-o-casa-en-condominio-o-departamentos-en-venta-en-edo.-de-mexico-ordenado-por-fechaonline-descendente.html-pagina-35.html
https://www.inmuebles24.com/propiedades/clasificado/veclccpa-casa-con-terraza-4-recamaras-una-habitacion-planta-150734471.html,3850000,"MN 3,850,000",MXN,venta,Casa en condominio,Fraccionamiento Residencial Foresta,Metepec,Edo. de México,119.0,200.0,Publicado hace 7 días,2026-08-06T18:23:29Z,2026-08-13T22:31:43.111020+00:00,https://www.inmuebles24.com/casas-o-casa-en-condominio-o-departamentos-en-venta-en-edo.-de-mexico-ordenado-por-fechaonline-descendente.html-pagina-35.html
https://www.inmuebles24.com/propiedades/clasificado/veclapin-departamento-en-buenavista-150731106.html,3350000,"MN 3,350,000",MXN,venta,Apartamento,Buenavista,San Mateo Atenco,Edo. de México,112.0,112.0,Publicado hace 7 días,2026-08-06T11:13:19Z,2026-08-13T22:31:43.111020+00:00,https://www.inmuebles24.com/casas-o-casa-en-condominio-o-departamentos-en-venta-en-edo.-de-mexico-ordenado-por-fechaonline-descendente.html-pagina-36.html
https://www.inmuebles24.com/propiedades/clasificado/veclapin-departamento-en-buenavista-150731107.html,3350000,"MN 3,350,000",MXN,venta,Apartamento,Buenavista,San Mateo Atenco,Edo. de México,112.0,112.0,Publicado hace 7 días,2026-08-06T11:13:21Z,2026-08-13T22:31:43.111020+00:00,https://www.inmuebles24.com/casas-o-casa-en-condominio-o-departamentos-en-venta-en-edo.-de-mexico-ordenado-por-fechaonline-descendente.html-pagina-36.html
https://www.inmuebles24.com/propiedades/clasificado/veclapin-departamento-en-ecatepec-de-morelos-150736420.html,690000,"MN 690,000",MXN,venta,Apartamento,,Ecatepec de Morelos,Edo. de México,72.0,72.0,Publicado hace 7 días,2026-08-06T21:14:05Z,2026-08-13T22:31:43.111020+00:00,https://www.inmuebles24.com/casas-o-casa-en-condominio-o-departamentos-en-venta-en-edo.-de-mexico-ordenado-por-fechaonline-descendente.html-pagina-36.html
https://www.inmuebles24.com/propiedades/clasificado/veclapin-departamento-en-venta-en-lomas-de-tecamachalco-gh-150735802.html,10300000,"MN 10,300,000",MXN,venta,Apartamento,Lomas de Tecamachalco,Naucalpan de Juárez,Edo. de México,302.0,302.0,Publicado hace 7 días,2026-08-06T20:13Z,2026-08-13T22:31:43.111020+00:00,https://www.inmuebles24.com/casas-o-casa-en-condominio-o-departamentos-en-venta-en-edo.-de-mexico-ordenado-por-fechaonline-descendente.html-pagina-36.html
https://www.inmuebles24.com/propiedades/clasificado/veclapin-departamento-hacienda-del-bosque-tecamac-150730018.html,800000,"MN 800,000",MXN,venta,Apartamento,Hacienda del Bosque,Tecámac,Edo. de México,65.0,65.0,Publicado hace 7 días,2026-08-06T04:26:51Z,2026-08-13T22:31:43.111020+00:00,https://www.inmuebles24.com/casas-o-casa-en-condominio-o-departamentos-en-venta-en-edo.-de-mexico-ordenado-por-fechaonline-descendente.html-pagina-36.html
https://www.inmuebles24.com/propiedades/clasificado/veclapin-fidel-velazquez-depto-de-3-recamaras-150738075.html,1100000,"MN 1,100,000",MXN,venta,Apartamento,Fidel VelAzquez,Cuautitlán Izcalli,Edo. de México,65.0,65.0,Publicado hace 7 días,2026-08-06T23:51:57Z,2026-08-13T22:31:43.111020+00:00,https://www.inmuebles24.com/casas-o-casa-en-condominio-o-departamentos-en-venta-en-edo.-de-mexico-ordenado-por-fechaonline-descendente.html-pagina-36.html
https://www.inmuebles24.com/propiedades/clasificado/veclapin-los-encinos-zumpango-bonito-depto-aplica-tu-credito-150738072.html,598000,"MN 598,000",MXN,venta,Apartamento,Hacienda los Encinos,Zumpango,Edo. de México,40.0,40.0,Publicado hace 7 días,2026-08-06T23:51:56Z,2026-08-13T22:31:43.111020+00:00,https://www.inmuebles24.com/casas-o-casa-en-condominio-o-departamentos-en-venta-en-edo.-de-mexico-ordenado-por-fechaonline-descendente.html-pagina-36.html
https://www.inmuebles24.com/propiedades/clasificado/veclapin-sittia-bonito-departamento-con-terraza-en-150738064.html,2630000,"MN 2,630,000",MXN,venta,Apartamento,Colinas del Lago,Cuautitlán Izcalli,Edo. de México,73.0,73.0,Publicado hace 7 días,2026-08-06T23:51:54Z,2026-08-13T22:32:51.173219+00:00,https://www.inmuebles24.com/casas-o-casa-en-condominio-o-departamentos-en-venta-en-edo.-de-mexico-ordenado-por-fechaonline-descendente.html-pagina-36.html
https://www.inmuebles24.com/propiedades/clasificado/veclappa--buscas-independizarte-tu-nuevo-hogar-en-atizapan-a-150738817.html,891000,"MN 891,000",MXN,venta,Apartamento,Adolfo López Mateos,Atizapán de Zaragoza,Edo. de México,42.0,42.0,Publicado hace 7 días,2026-08-07T00:42:25Z,2026-08-13T22:32:51.173219+00:00,https://www.inmuebles24.com/casas-o-casa-en-condominio-o-departamentos-en-venta-en-edo.-de-mexico-ordenado-por-fechaonline-descendente.html-pagina-36.html
https://www.inmuebles24.com/propiedades/clasificado/veclcain-casa-en-geovillas-santa-barbara-ixtapaluca-150739230.html,940000,"MN 940,000",MXN,venta,Casa,Geovillas Santa Bárbara,Ixtapaluca,Edo. de México,70.0,40.0,Publicado hace 7 días,2026-08-07T01:48:40Z,2026-08-13T22:32:51.173219+00:00,https://www.inmuebles24.com/casas-o-casa-en-condominio-o-departamentos-en-venta-en-edo.-de-mexico-ordenado-por-fechaonline-descendente.html-pagina-36.html
https://www.inmuebles24.com/propiedades/clasificado/veclcain-casa-en-san-carlos-150731192.html,12000000,"MN 12,000,000",MXN,venta,Casa,San Carlos,Metepec,Edo. de México,450.0,400.0,Publicado hace 7 días,2026-08-06T12:15:22Z,2026-08-13T22:32:51.173219+00:00,https://www.inmuebles24.com/casas-o-casa-en-condominio-o-departamentos-en-venta-en-edo.-de-mexico-ordenado-por-fechaonline-descendente.html-pagina-36.html
https://www.inmuebles24.com/propiedades/clasificado/veclcain-casa-en-san-carlos-150731193.html,12000000,"MN 12,000,000",MXN,venta,Casa,San Carlos,Metepec,Edo. de México,450.0,400.0,Publicado hace 7 días,2026-08-06T12:15:56Z,2026-08-13T22:32:51.173219+00:00,https://www.inmuebles24.com/casas-o-casa-en-condominio-o-departamentos-en-venta-en-edo.-de-mexico-ordenado-por-fechaonline-descendente.html-pagina-36.html
https://www.inmuebles24.com/propiedades/clasificado/veclcain-casa-en-san-francisco-150731124.html,5100000,"MN 5,100,000",MXN,venta,Casa,San Francisco,San Mateo Atenco,Edo. de México,216.0,160.0,Publicado hace 7 días,2026-08-06T11:30:04Z,2026-08-13T22:32:51.173219+00:00,https://www.inmuebles24.com/casas-o-casa-en-condominio-o-departamentos-en-venta-en-edo.-de-mexico-ordenado-por-fechaonline-descendente.html-pagina-36.html
https://www.inmuebles24.com/propiedades/clasificado/veclcain-casa-en-venta-atizapan-de-zaragoza-no-creditos-solo-150736388.html,2100000,"MN 2,100,000",MXN,venta,Casa,Margarita Maza de Juárez,Atizapán de Zaragoza,Edo. de México,,,Publicado hace 7 días,2026-08-06T21:13:15Z,2026-08-13T22:32:51.173219+00:00,https://www.inmuebles24.com/casas-o-casa-en-condominio-o-departamentos-en-venta-en-edo.-de-mexico-ordenado-por-fechaonline-descendente.html-pagina-36.html
https://www.inmuebles24.com/propiedades/clasificado/veclcain-casa-en-venta-en-ex.-rancho-san-dimas-edo-de-mexico-150739401.html,910000,"MN 910,000",MXN,venta,Casa,Ex Rancho San Dimas,San Antonio la Isla,Edo. de México,60.0,56.0,Publicado hace 7 días,2026-08-07T02:16:40Z,2026-08-13T22:32:51.173219+00:00,https://www.inmuebles24.com/casas-o-casa-en-condominio-o-departamentos-en-venta-en-edo.-de-mexico-ordenado-por-fechaonline-descendente.html-pagina-36.html
https://www.inmuebles24.com/propiedades/clasificado/veclcain-casa-en-venta-en-malinalco-13-minutos-del-centro-150734936.html,16800000,"MN 16,800,000",MXN,venta,Casa,Malinalco,Malinalco,Edo. de México,400.0,5000.0,Publicado hace 7 días,2026-08-06T18:59:05Z,2026-08-13T22:32:51.173219+00:00,https://www.inmuebles24.com/casas-o-casa-en-condominio-o-departamentos-en-venta-en-edo.-de-mexico-ordenado-por-fechaonline-descendente.html-pagina-36.html
https://www.inmuebles24.com/propiedades/clasificado/veclcain-casa-en-venta-huehuetoca-no-creditos-solo-recursos-150736403.html,243317,"MN 243,317",MXN,venta,Casa,Santa Teresa,Huehuetoca,Edo. de México,55.0,55.0,Publicado hace 7 días,2026-08-06T21:14:02Z,2026-08-13T22:32:51.173219+00:00,https://www.inmuebles24.com/casas-o-casa-en-condominio-o-departamentos-en-venta-en-edo.-de-mexico-ordenado-por-fechaonline-descendente.html-pagina-36.html
https://www.inmuebles24.com/propiedades/clasificado/veclcain-casa-en-venta-huehuetoca-no-creditos-solo-recursos-150736408.html,355412,"MN 355,412",MXN,venta,Casa,URBI Villa del rey,Huehuetoca,Edo. de México,48.0,48.0,Publicado hace 7 días,2026-08-06T21:14:03Z,2026-08-13T22:33:50.792052+00:00,https://www.inmuebles24.com/casas-o-casa-en-condominio-o-departamentos-en-venta-en-edo.-de-mexico-ordenado-por-fechaonline-descendente.html-pagina-36.html
https://www.inmuebles24.com/propiedades/clasificado/veclcain-casa-san-pablo-autopan-150730042.html,2220000,"MN 2,220,000",MXN,venta,Casa,San Pablo Autopan,Toluca,Edo. de México,,,Publicado hace 7 días,2026-08-06T04:34:29Z,2026-08-13T22:33:50.792052+00:00,https://www.inmuebles24.com/casas-o-casa-en-condominio-o-departamentos-en-venta-en-edo.-de-mexico-ordenado-por-fechaonline-descendente.html-pagina-36.html
https://www.inmuebles24.com/propiedades/clasificado/veclcain-cesi-on-de-derechos-en-privada-budapest-150736418.html,783628,"MN 783,628",MXN,venta,Casa,Villa del Real,Tecámac,Edo. de México,57.0,57.0,Publicado hace 7 días,2026-08-06T21:14:04Z,2026-08-13T22:33:50.792052+00:00,https://www.inmuebles24.com/casas-o-casa-en-condominio-o-departamentos-en-venta-en-edo.-de-mexico-ordenado-por-fechaonline-descendente.html-pagina-36.html
https://www.inmuebles24.com/propiedades/clasificado/veclcain-cesion-de-derechos-en-el-bosque-tultepec-150736411.html,520000,"MN 520,000",MXN,venta,Casa,El Bosque Tultepec,Tultepec,Edo. de México,60.0,60.0,Publicado hace 7 días,2026-08-06T21:14:03Z,2026-08-13T22:33:50.792052+00:00,https://www.inmuebles24.com/casas-o-casa-en-condominio-o-departamentos-en-venta-en-edo.-de-mexico-ordenado-por-fechaonline-descendente.html-pagina-36.html
https://www.inmuebles24.com/propiedades/clasificado/veclcain-cesion-de-derechos-en-lago-constanza-150736873.html,616576,"MN 616,576",MXN,venta,Casa,,Tecámac,Edo. de México,60.0,60.0,Publicado hace 7 días,2026-08-06T21:54:38Z,2026-08-13T22:33:50.792052+00:00,https://www.inmuebles24.com/casas-o-casa-en-condominio-o-departamentos-en-venta-en-edo.-de-mexico-ordenado-por-fechaonline-descendente.html-pagina-36.html
https://www.inmuebles24.com/propiedades/clasificado/veclcain-cesion-de-derechos-en-priv.-rio-zujar-150737333.html,597198,"MN 597,198",MXN,venta,Casa,Ojo de Agua,Tecámac,Edo. de México,56.0,56.0,Publicado hace 7 días,2026-08-06T22:32:45Z,2026-08-13T22:33:50.792052+00:00,https://www.inmuebles24.com/casas-o-casa-en-condominio-o-departamentos-en-venta-en-edo.-de-mexico-ordenado-por-fechaonline-descendente.html-pagina-36.html
https://www.inmuebles24.com/propiedades/clasificado/veclcain-cesion-ed-derechos-en-rio-lena-150734597.html,709610,"MN 709,610",MXN,venta,Casa,Ojo de Agua,Tecámac,Edo. de México,50.0,50.0,Publicado hace 7 días,2026-08-06T18:34:52Z,2026-08-13T22:33:50.792052+00:00,https://www.inmuebles24.com/casas-o-casa-en-condominio-o-departamentos-en-venta-en-edo.-de-mexico-ordenado-por-fechaonline-descendente.html-pagina-36.html
https://www.inmuebles24.com/propiedades/clasificado/veclcain-ex-hacienda-de-santa-ines-bonita-casa-con-ampliaciones-150738073.html,1698000,"MN 1,698,000",MXN,venta,Casa,Ex-hacienda Santa Inés,Nextlalpan,Edo. de México,120.0,60.0,Publicado hace 7 días,2026-08-06T23:51:56Z,2026-08-13T22:33:50.792052+00:00,https://www.inmuebles24.com/casas-o-casa-en-condominio-o-departamentos-en-venta-en-edo.-de-mexico-ordenado-por-fechaonline-descendente.html-pagina-36.html
https://www.inmuebles24.com/propiedades/clasificado/veclcain-hermosa-casa-en-preventa-zona-esmeralda-150735610.html,8300000,"MN 8,300,000",MXN,venta,Casa,Residencial Lago Esmeralda,Atizapán de Zaragoza,Edo. de México,250.0,120.0,Publicado hace 7 días,2026-08-06T19:56:50Z,2026-08-13T22:33:50.792052+00:00,https://www.inmuebles24.com/casas-o-casa-en-condominio-o-departamentos-en-venta-en-edo.-de-mexico-ordenado-por-fechaonline-descendente.html-pagina-36.html
https://www.inmuebles24.com/propiedades/clasificado/veclcain-hermosa-casa-en-tepetlixpa-150733110.html,8990000,"MN 8,990,000",MXN,venta,Casa,Tepetlixpa,Tepetlixpa,Edo. de México,500.0,7803.0,Publicado hace 7 días,2026-08-06T16:44:57Z,2026-08-13T22:33:50.792052+00:00,https://www.inmuebles24.com/casas-o-casa-en-condominio-o-departamentos-en-venta-en-edo.-de-mexico-ordenado-por-fechaonline-descendente.html-pagina-36.html
https://www.inmuebles24.com/propiedades/clasificado/veclcain-jardines-de-morelos-ecatepec-150738051.html,1550000,"MN 1,550,000",MXN,venta,Casa,Jardines de Morelos,Ecatepec de Morelos,Edo. de México,139.0,140.0,Publicado hace 7 días,2026-08-06T23:51:51Z,2026-08-13T22:34:52.125573+00:00,https://www.inmuebles24.com/casas-o-casa-en-condominio-o-departamentos-en-venta-en-edo.-de-mexico-ordenado-por-fechaonline-descendente.html-pagina-36.html
https://www.inmuebles24.com/propiedades/clasificado/veclcain-residencial-los-sabinos-bonita-casa-en-privada-150738049.html,1550000,"MN 1,550,000",MXN,venta,Casa,Los Sabinos,Coacalco de Berriozábal,Edo. de México,134.0,53.0,Publicado hace 7 días,2026-08-06T23:51:51Z,2026-08-13T22:34:52.125573+00:00,https://www.inmuebles24.com/casas-o-casa-en-condominio-o-departamentos-en-venta-en-edo.-de-mexico-ordenado-por-fechaonline-descendente.html-pagina-36.html
https://www.inmuebles24.com/propiedades/clasificado/veclccin-casa-en-condominio-en-san-buenaventura-150734238.html,4600000,"MN 4,600,000",MXN,venta,Casa en condominio,San Buenaventura,Toluca,Edo. de México,241.0,180.0,Publicado hace 7 días,2026-08-06T18:02:44Z,2026-08-13T22:34:52.125573+00:00,https://www.inmuebles24.com/casas-o-casa-en-condominio-o-departamentos-en-venta-en-edo.-de-mexico-ordenado-por-fechaonline-descendente.html-pagina-36.html
https://www.inmuebles24.com/propiedades/clasificado/veclapin-bosques-del-alba-bonito-depto-en-planta-baja-150738061.html,1598000,"MN 1,598,000",MXN,venta,Apartamento,Bosques del Alba,Cuautitlán Izcalli,Edo. de México,58.0,58.0,Publicado hace 7 días,2026-08-06T23:51:54Z,2026-08-13T22:34:52.125573+00:00,https://www.inmuebles24.com/casas-o-casa-en-condominio-o-departamentos-en-venta-en-edo.-de-mexico-ordenado-por-fechaonline-descendente.html-pagina-37.html
https://www.inmuebles24.com/propiedades/clasificado/veclapin-departamento-en-buenavista-150731104.html,3350000,"MN 3,350,000",MXN,venta,Apartamento,Buenavista,San Mateo Atenco,Edo. de México,112.0,112.0,Publicado hace 7 días,2026-08-06T11:12:51Z,2026-08-13T22:34:52.125573+00:00,https://www.inmuebles24.com/casas-o-casa-en-condominio-o-departamentos-en-venta-en-edo.-de-mexico-ordenado-por-fechaonline-descendente.html-pagina-37.html
https://www.inmuebles24.com/propiedades/clasificado/veclapin-departamento-en-la-florida-150739338.html,790000,"MN 790,000",MXN,venta,Apartamento,,Otzolotepec,Edo. de México,50.0,50.0,Publicado hace 7 días,2026-08-07T02:02:55Z,2026-08-13T22:34:52.125573+00:00,https://www.inmuebles24.com/casas-o-casa-en-condominio-o-departamentos-en-venta-en-edo.-de-mexico-ordenado-por-fechaonline-descendente.html-pagina-37.html
https://www.inmuebles24.com/propiedades/clasificado/veclapin-departamento-en-renta-en-jesus-del-monte-150726969.html,5200000,"MN 5,200,000",MXN,venta,Apartamento,Jesús del Monte,Huixquilucan,Edo. de México,165.0,165.0,Publicado hace 8 días,2026-08-05T22:19Z,2026-08-13T22:34:52.125573+00:00,https://www.inmuebles24.com/casas-o-casa-en-condominio-o-departamentos-en-venta-en-edo.-de-mexico-ordenado-por-fechaonline-descendente.html-pagina-37.html
https://www.inmuebles24.com/propiedades/clasificado/veclapin-departamento-en-venta-en-huixquilucan-bosque-real-gis-150731672.html,8335055,"MN 8,335,055",MXN,venta,Apartamento,Bosque Real,Huixquilucan,Edo. de México,114.0,114.0,Publicado hace 7 días,2026-08-06T15:28:38Z,2026-08-13T22:34:52.125573+00:00,https://www.inmuebles24.com/casas-o-casa-en-condominio-o-departamentos-en-venta-en-edo.-de-mexico-ordenado-por-fechaonline-descendente.html-pagina-37.html
https://www.inmuebles24.com/propiedades/clasificado/veclapin-departamento-en-venta-en-lomas-de-tecamachalco-gh-150735572.html,9900000,"MN 9,900,000",MXN,venta,Apartamento,Lomas de Tecamachalco,Naucalpan de Juárez,Edo. de México,273.0,273.0,Publicado hace 7 días,2026-08-06T19:54:27Z,2026-08-13T22:34:52.125573+00:00,https://www.inmuebles24.com/casas-o-casa-en-condominio-o-departamentos-en-venta-en-edo.-de-mexico-ordenado-por-fechaonline-descendente.html-pagina-37.html
https://www.inmuebles24.com/propiedades/clasificado/veclapin-precioso-departamento-en-club-de-golf-interlomas-150733540.html,7400000,"MN 7,400,000",MXN,venta,Apartamento,Lomas Country Club,Huixquilucan,Edo. de México,265.0,265.0,Publicado hace 7 días,2026-08-06T17:08:24Z,2026-08-13T22:34:52.125573+00:00,https://www.inmuebles24.com/casas-o-casa-en-condominio-o-departamentos-en-venta-en-edo.-de-mexico-ordenado-por-fechaonline-descendente.html-pagina-37.html
https://www.inmuebles24.com/propiedades/clasificado/veclcain-casa-con-jardin-amplios-espacios-y-excelente-150733118.html,9500000,"MN 9,500,000",MXN,venta,Casa,San Salvador Tizatlalli,Metepec,Edo. de México,665.0,1092.0,Publicado hace 7 días,2026-08-06T16:45:16Z,2026-08-13T22:36:04.125581+00:00,https://www.inmuebles24.com/casas-o-casa-en-condominio-o-departamentos-en-venta-en-edo.-de-mexico-ordenado-por-fechaonline-descendente.html-pagina-37.html
https://www.inmuebles24.com/propiedades/clasificado/veclcain-casa-en-venta-en-cerro-gordo-150736153.html,12000000,"MN 12,000,000",MXN,venta,Casa,Cerro Gordo,Valle de Bravo,Edo. de México,440.0,1400.0,Publicado hace 7 días,2026-08-06T20:47:48Z,2026-08-13T22:36:04.125581+00:00,https://www.inmuebles24.com/casas-o-casa-en-condominio-o-departamentos-en-venta-en-edo.-de-mexico-ordenado-por-fechaonline-descendente.html-pagina-37.html
https://www.inmuebles24.com/propiedades/clasificado/veclcain-casa-en-venta-en-rancho-san-juan.-promo-crucero!-150728073.html,33450000,"MN 33,450,000",MXN,venta,Casa,Rancho San Juan,Atizapán de Zaragoza,Edo. de México,800.0,800.0,Publicado hace 8 días,2026-08-06T00:04:57Z,2026-08-13T22:36:04.125581+00:00,https://www.inmuebles24.com/casas-o-casa-en-condominio-o-departamentos-en-venta-en-edo.-de-mexico-ordenado-por-fechaonline-descendente.html-pagina-37.html
https://www.inmuebles24.com/propiedades/clasificado/veclcain-casa-en-venta-en-rancho-san-juan.-promo-crucero.-4-150728802.html,33450000,"MN 33,450,000",MXN,venta,Casa,Hacienda de Valle Escondido,Atizapán de Zaragoza,Edo. de México,800.0,800.0,Publicado hace 8 días,2026-08-06T01:37:59Z,2026-08-13T22:36:04.125581+00:00,https://www.inmuebles24.com/casas-o-casa-en-condominio-o-departamentos-en-venta-en-edo.-de-mexico-ordenado-por-fechaonline-descendente.html-pagina-37.html
https://www.inmuebles24.com/propiedades/clasificado/veclcain-casa-en-venta-tecamac-no-creditos-solo-recursos-150736398.html,600000,"MN 600,000",MXN,venta,Casa,Los Héroes Ozumbilla,Tecámac,Edo. de México,51.0,51.0,Publicado hace 7 días,2026-08-06T21:14:02Z,2026-08-13T22:36:04.125581+00:00,https://www.inmuebles24.com/casas-o-casa-en-condominio-o-departamentos-en-venta-en-edo.-de-mexico-ordenado-por-fechaonline-descendente.html-pagina-37.html
https://www.inmuebles24.com/propiedades/clasificado/veclcain-casa-en-venta-tecamac-no-creditos-solo-recursos-150736399.html,550000,"MN 550,000",MXN,venta,Casa,,Tecámac,Edo. de México,,,Publicado hace 7 días,2026-08-06T21:14:02Z,2026-08-13T22:36:04.125581+00:00,https://www.inmuebles24.com/casas-o-casa-en-condominio-o-departamentos-en-venta-en-edo.-de-mexico-ordenado-por-fechaonline-descendente.html-pagina-37.html
https://www.inmuebles24.com/propiedades/clasificado/veclcain-casa-en-venta-tultitlan-no-creditos-solo-recursos-150736397.html,650000,"MN 650,000",MXN,venta,Casa,Fuentes del Valle,Tultitlán,Edo. de México,,,Publicado hace 7 días,2026-08-06T21:14:02Z,2026-08-13T22:36:04.125581+00:00,https://www.inmuebles24.com/casas-o-casa-en-condominio-o-departamentos-en-venta-en-edo.-de-mexico-ordenado-por-fechaonline-descendente.html-pagina-37.html
https://www.inmuebles24.com/propiedades/clasificado/veclcain-casa-en-venta-zumpango-no-creditos-solo-recursos-150736412.html,232013,"MN 232,013",MXN,venta,Casa,,Zumpango,Edo. de México,,,Publicado hace 7 días,2026-08-06T21:14:03Z,2026-08-13T22:36:04.125581+00:00,https://www.inmuebles24.com/casas-o-casa-en-condominio-o-departamentos-en-venta-en-edo.-de-mexico-ordenado-por-fechaonline-descendente.html-pagina-37.html
https://www.inmuebles24.com/propiedades/clasificado/veclcain-casa-nueva-en-rancho-san-juan.-promo-crucero!-150728627.html,33450000,"MN 33,450,000",MXN,venta,Casa,Club de Golf Valle Escondido,Atizapán de Zaragoza,Edo. de México,800.0,800.0,Publicado hace 8 días,2026-08-06T01:13:35Z,2026-08-13T22:36:04.125581+00:00,https://www.inmuebles24.com/casas-o-casa-en-condominio-o-departamentos-en-venta-en-edo.-de-mexico-ordenado-por-fechaonline-descendente.html-pagina-37.html
https://www.inmuebles24.com/propiedades/clasificado/veclcain-casa-o-terreno-en-condominio-en-venta-en-ahuehuetes-150729104.html,13950000,"MN 13,950,000",MXN,venta,Casa,,Huixquilucan,Edo. de México,472.0,262.0,Publicado hace 8 días,2026-08-06T02:32:38Z,2026-08-13T22:36:04.125581+00:00,https://www.inmuebles24.com/casas-o-casa-en-condominio-o-departamentos-en-venta-en-edo.-de-mexico-ordenado-por-fechaonline-descendente.html-pagina-37.html
https://www.inmuebles24.com/propiedades/clasificado/veclcain-casas-de-3-niveles-desde-$1-990-000-en-ojo-de-agua.-150739206.html,1990000,"MN 1,990,000",MXN,venta,Casa,Ojo de Agua,Tecámac,Edo. de México,77.0,77.0,Publicado hace 7 días,2026-08-07T01:43:07Z,2026-08-13T22:37:04.669836+00:00,https://www.inmuebles24.com/casas-o-casa-en-condominio-o-departamentos-en-venta-en-edo.-de-mexico-ordenado-por-fechaonline-descendente.html-pagina-37.html
https://www.inmuebles24.com/propiedades/clasificado/veclcain-cesi-on-de-derechos-en-ojo-de-agua-150736419.html,663684,"MN 663,684",MXN,venta,Casa,Ojo de Agua,Tecámac,Edo. de México,70.0,70.0,Publicado hace 7 días,2026-08-06T21:14:04Z,2026-08-13T22:37:04.669836+00:00,https://www.inmuebles24.com/casas-o-casa-en-condominio-o-departamentos-en-venta-en-edo.-de-mexico-ordenado-por-fechaonline-descendente.html-pagina-37.html
https://www.inmuebles24.com/propiedades/clasificado/veclcain-cesion-de-derechos-casa-en-maravillas-150737146.html,611279,"MN 611,279",MXN,venta,Casa,Portal Ojo de Agua,Tecámac,Edo. de México,70.0,70.0,Publicado hace 7 días,2026-08-06T22:11:25Z,2026-08-13T22:37:04.669836+00:00,https://www.inmuebles24.com/casas-o-casa-en-condominio-o-departamentos-en-venta-en-edo.-de-mexico-ordenado-por-fechaonline-descendente.html-pagina-37.html
https://www.inmuebles24.com/propiedades/clasificado/veclcain-cesion-de-derechos-en-arcos-de-tultepec-150736414.html,486896,"MN 486,896",MXN,venta,Casa,Arcos Tultepec,Tultepec,Edo. de México,54.0,54.0,Publicado hace 7 días,2026-08-06T21:14:04Z,2026-08-13T22:37:04.669836+00:00,https://www.inmuebles24.com/casas-o-casa-en-condominio-o-departamentos-en-venta-en-edo.-de-mexico-ordenado-por-fechaonline-descendente.html-pagina-37.html
https://www.inmuebles24.com/propiedades/clasificado/veclcain-cesion-de-derechos-en-bosques-de-chna-150736415.html,513393,"MN 513,393",MXN,venta,Casa,Los Héroes Ozumbilla,Tecámac,Edo. de México,50.0,50.0,Publicado hace 7 días,2026-08-06T21:14:04Z,2026-08-13T22:37:04.669836+00:00,https://www.inmuebles24.com/casas-o-casa-en-condominio-o-departamentos-en-venta-en-edo.-de-mexico-ordenado-por-fechaonline-descendente.html-pagina-37.html
https://www.inmuebles24.com/propiedades/clasificado/veclcain-cesion-de-derechos-en-c.-minaya-150736416.html,413165,"MN 413,165",MXN,venta,Casa,Huehuetoca,Huehuetoca,Edo. de México,48.0,48.0,Publicado hace 7 días,2026-08-06T21:14:04Z,2026-08-13T22:37:04.669836+00:00,https://www.inmuebles24.com/casas-o-casa-en-condominio-o-departamentos-en-venta-en-edo.-de-mexico-ordenado-por-fechaonline-descendente.html-pagina-37.html
https://www.inmuebles24.com/propiedades/clasificado/veclcain-cesion-de-derechos-en-encino-150734317.html,723424,"MN 723,424",MXN,venta,Casa,Portal Ojo de Agua,Tecámac,Edo. de México,59.0,59.0,Publicado hace 7 días,2026-08-06T18:09:54Z,2026-08-13T22:37:04.669836+00:00,https://www.inmuebles24.com/casas-o-casa-en-condominio-o-departamentos-en-venta-en-edo.-de-mexico-ordenado-por-fechaonline-descendente.html-pagina-37.html
https://www.inmuebles24.com/propiedades/clasificado/veclcain-ensuenos-cuautitlan-izcalli-casa-con-terreno-de-214-150738076.html,3200000,"MN 3,200,000",MXN,venta,Casa,Ensueños,Cuautitlán Izcalli,Edo. de México,144.0,214.0,Publicado hace 7 días,2026-08-06T23:51:57Z,2026-08-13T22:37:04.669836+00:00,https://www.inmuebles24.com/casas-o-casa-en-condominio-o-departamentos-en-venta-en-edo.-de-mexico-ordenado-por-fechaonline-descendente.html-pagina-37.html
https://www.inmuebles24.com/propiedades/clasificado/veclcain-la-alborada-casa-con-ampliaciones-a-unos-pasos-de-150738067.html,1698000,"MN 1,698,000",MXN,venta,Casa,La Alborada,Cuautitlán,Edo. de México,140.0,62.0,Publicado hace 7 días,2026-08-06T23:51:55Z,2026-08-13T22:37:04.669836+00:00,https://www.inmuebles24.com/casas-o-casa-en-condominio-o-departamentos-en-venta-en-edo.-de-mexico-ordenado-por-fechaonline-descendente.html-pagina-37.html
https://www.inmuebles24.com/propiedades/clasificado/veclcain-la-trinidad-iii-zumpango-pie-de-casa-a-un-costado-de-150738077.html,498000,"MN 498,000",MXN,venta,Casa,La Trinidad,Zumpango,Edo. de México,31.0,60.0,Publicado hace 7 días,2026-08-06T23:51:57Z,2026-08-13T22:37:04.669836+00:00,https://www.inmuebles24.com/casas-o-casa-en-condominio-o-departamentos-en-venta-en-edo.-de-mexico-ordenado-por-fechaonline-descendente.html-pagina-37.html
https://www.inmuebles24.com/propiedades/clasificado/veclcain-los-pirules-tlalnepantla-casa-ideal-para-150738056.html,6700000,"MN 6,700,000",MXN,venta,Casa,Los Pirules,Tlalnepantla de Baz,Edo. de México,150.0,254.0,Publicado hace 7 días,2026-08-06T23:51:52Z,2026-08-13T22:38:10.989514+00:00,https://www.inmuebles24.com/casas-o-casa-en-condominio-o-departamentos-en-venta-en-edo.-de-mexico-ordenado-por-fechaonline-descendente.html-pagina-37.html
https://www.inmuebles24.com/propiedades/clasificado/veclcain-venta-casa-4-recamaras-amplios-espacios-jardin-lomas-150712310.html,14099000,"MN 14,099,000",MXN,venta,Casa,,Naucalpan de Juárez,Edo. de México,494.0,731.0,Publicado hace 8 días,2026-08-04T20:40:38Z,2026-08-13T22:38:10.989514+00:00,https://www.inmuebles24.com/casas-o-casa-en-condominio-o-departamentos-en-venta-en-edo.-de-mexico-ordenado-por-fechaonline-descendente.html-pagina-37.html
https://www.inmuebles24.com/propiedades/clasificado/veclcapa--reestrenala!-exclusiva-casa-totalmente-remodelada-en-150739451.html,4970000,"MN 4,970,000",MXN,venta,Casa,El Sauzalito,Naucalpan de Juárez,Edo. de México,152.0,152.0,Publicado hace 7 días,2026-08-07T02:25:06Z,2026-08-13T22:38:10.989514+00:00,https://www.inmuebles24.com/casas-o-casa-en-condominio-o-departamentos-en-venta-en-edo.-de-mexico-ordenado-por-fechaonline-descendente.html-pagina-37.html
https://www.inmuebles24.com/propiedades/clasificado/veclapin-departamento-en-venta-torre-molinos-jardines-de-150729752.html,3995000,"MN 3,995,000",MXN,venta,Apartamento,Jardines de Atizapán,Atizapán de Zaragoza,Edo. de México,105.0,105.0,Publicado hace 8 días,2026-08-06T03:25:03Z,2026-08-13T22:38:10.989514+00:00,https://www.inmuebles24.com/casas-o-casa-en-condominio-o-departamentos-en-venta-en-edo.-de-mexico-ordenado-por-fechaonline-descendente.html-pagina-38.html
https://www.inmuebles24.com/propiedades/clasificado/veclapin-en-venta-en-residencial-cosmocrat-interlomas-150724834.html,9500000,"MN 9,500,000",MXN,venta,Apartamento,Interlomas,Huixquilucan,Edo. de México,190.0,190.0,Publicado hace 8 días,2026-08-05T19:27:56Z,2026-08-13T22:38:10.989514+00:00,https://www.inmuebles24.com/casas-o-casa-en-condominio-o-departamentos-en-venta-en-edo.-de-mexico-ordenado-por-fechaonline-descendente.html-pagina-38.html
https://www.inmuebles24.com/propiedades/clasificado/veclapin-excelente-departamento-en-venta.-3-recamaras-mas-150727450.html,5499000,"MN 5,499,000",MXN,venta,Apartamento,Miramar,Naucalpan de Juárez,Edo. de México,11398.0,11398.0,Publicado hace 8 días,2026-08-05T22:57:09Z,2026-08-13T22:38:10.989514+00:00,https://www.inmuebles24.com/casas-o-casa-en-condominio-o-departamentos-en-venta-en-edo.-de-mexico-ordenado-por-fechaonline-descendente.html-pagina-38.html
https://www.inmuebles24.com/propiedades/clasificado/veclapin-exclusivo-departamento-3-recamaras-con-acabados-150725785.html,9000000,"MN 9,000,000",MXN,venta,Apartamento,La Herradura,Huixquilucan,Edo. de México,300.0,300.0,Publicado hace 8 días,2026-08-05T20:43:50Z,2026-08-13T22:38:10.989514+00:00,https://www.inmuebles24.com/casas-o-casa-en-condominio-o-departamentos-en-venta-en-edo.-de-mexico-ordenado-por-fechaonline-descendente.html-pagina-38.html
https://www.inmuebles24.com/propiedades/clasificado/veclapin-hermoso-departamento-remodelado-la-loma-150727843.html,3500000,"MN 3,500,000",MXN,venta,Apartamento,La Loma,Tlalnepantla de Baz,Edo. de México,98.0,98.0,Publicado hace 8 días,2026-08-05T23:41:36Z,2026-08-13T22:38:10.989514+00:00,https://www.inmuebles24.com/casas-o-casa-en-condominio-o-departamentos-en-venta-en-edo.-de-mexico-ordenado-por-fechaonline-descendente.html-pagina-38.html
https://www.inmuebles24.com/propiedades/clasificado/veclapin-impresionante-penthouse-de-422-m-sup2--con-espacios-150721915.html,11800000,"MN 11,800,000",MXN,venta,Apartamento,Hacienda de las Palmas,Huixquilucan,Edo. de México,422.0,422.0,Publicado hace 8 días,2026-08-05T17:31:15Z,2026-08-13T22:38:10.989514+00:00,https://www.inmuebles24.com/casas-o-casa-en-condominio-o-departamentos-en-venta-en-edo.-de-mexico-ordenado-por-fechaonline-descendente.html-pagina-38.html
https://www.inmuebles24.com/propiedades/clasificado/veclapin-parque-satelite--departamento-en-venta.-torre-1-150727757.html,5750000,"MN 5,750,000",MXN,venta,Apartamento,Xocoyahualco,Tlalnepantla de Baz,Edo. de México,123.0,133.0,Publicado hace 8 días,2026-08-05T23:31:24Z,2026-08-13T22:38:10.989514+00:00,https://www.inmuebles24.com/casas-o-casa-en-condominio-o-departamentos-en-venta-en-edo.-de-mexico-ordenado-por-fechaonline-descendente.html-pagina-38.html
https://www.inmuebles24.com/propiedades/clasificado/veclapin-tive-baume-bosque-real-el-penthouse-que-redefine-el-150729017.html,9500000,"MN 9,500,000",MXN,venta,Apartamento,Bosque Real,Huixquilucan,Edo. de México,265.0,265.0,Publicado hace 8 días,2026-08-06T02:19:34Z,2026-08-13T22:39:10.195636+00:00,https://www.inmuebles24.com/casas-o-casa-en-condominio-o-departamentos-en-venta-en-edo.-de-mexico-ordenado-por-fechaonline-descendente.html-pagina-38.html
https://www.inmuebles24.com/propiedades/clasificado/veclapin-venta-departamento-amplios-espacios-listo-para-habitar-150726949.html,3995000,"MN 3,995,000",MXN,venta,Apartamento,Lomas Verdes,Naucalpan de Juárez,Edo. de México,114.0,114.0,Publicado hace 8 días,2026-08-05T22:17:22Z,2026-08-13T22:39:10.195636+00:00,https://www.inmuebles24.com/casas-o-casa-en-condominio-o-departamentos-en-venta-en-edo.-de-mexico-ordenado-por-fechaonline-descendente.html-pagina-38.html
https://www.inmuebles24.com/propiedades/clasificado/veclapin-venta-departamento-en-desarrollo-rincon-del-puente-150722146.html,3780000,"MN 3,780,000",MXN,venta,Apartamento,Puente de Vigas,Tlalnepantla de Baz,Edo. de México,100.0,100.0,Publicado hace 8 días,2026-08-05T17:46:26Z,2026-08-13T22:39:10.195636+00:00,https://www.inmuebles24.com/casas-o-casa-en-condominio-o-departamentos-en-venta-en-edo.-de-mexico-ordenado-por-fechaonline-descendente.html-pagina-38.html
https://www.inmuebles24.com/propiedades/clasificado/veclapin-venta-o-renta-departamento-garden-la-enramada-lomas-150719723.html,15500000,"MN 15,500,000",MXN,venta,Apartamento,Lomas Country Club,Huixquilucan,Edo. de México,432.0,432.0,Publicado hace 8 días,2026-08-05T15:22:30Z,2026-08-13T22:39:10.195636+00:00,https://www.inmuebles24.com/casas-o-casa-en-condominio-o-departamentos-en-venta-en-edo.-de-mexico-ordenado-por-fechaonline-descendente.html-pagina-38.html
https://www.inmuebles24.com/propiedades/clasificado/veclcain-casa-en-venta-camino-san-mateo-nopala-naucalpan-150727119.html,4100000,"MN 4,100,000",MXN,venta,Casa,Santiago Occipaco,Naucalpan de Juárez,Edo. de México,219.0,132.0,Publicado hace 8 días,2026-08-05T22:35:20Z,2026-08-13T22:39:10.195636+00:00,https://www.inmuebles24.com/casas-o-casa-en-condominio-o-departamentos-en-venta-en-edo.-de-mexico-ordenado-por-fechaonline-descendente.html-pagina-38.html
https://www.inmuebles24.com/propiedades/clasificado/veclcain-casa-en-venta-en-ciudad-oriente-ecatepec-de-morelos-150718827.html,1500000,"MN 1,500,000",MXN,venta,Casa,Ciudad Oriente,Ecatepec de Morelos,Edo. de México,140.0,140.0,Publicado hace 8 días,2026-08-05T13:56:58Z,2026-08-13T22:39:10.195636+00:00,https://www.inmuebles24.com/casas-o-casa-en-condominio-o-departamentos-en-venta-en-edo.-de-mexico-ordenado-por-fechaonline-descendente.html-pagina-38.html
https://www.inmuebles24.com/propiedades/clasificado/veclcain-casa-en-venta-en-lomas-de-tecamachalco-4-150724566.html,13500000,"MN 13,500,000",MXN,venta,Casa,,Huixquilucan,Edo. de México,378.0,385.0,Publicado hace 8 días,2026-08-05T19:21:15Z,2026-08-13T22:39:10.195636+00:00,https://www.inmuebles24.com/casas-o-casa-en-condominio-o-departamentos-en-venta-en-edo.-de-mexico-ordenado-por-fechaonline-descendente.html-pagina-38.html
https://www.inmuebles24.com/propiedades/clasificado/veclcain-casa-en-venta-en-retorno-28-san-jeronimo-cuatro-150721703.html,785000,"MN 785,000",MXN,venta,Casa,San Jerónimo Cuatro Vientos,Ixtapaluca,Edo. de México,40.0,54.0,Publicado hace 8 días,2026-08-05T17:26Z,2026-08-13T22:39:10.195636+00:00,https://www.inmuebles24.com/casas-o-casa-en-condominio-o-departamentos-en-venta-en-edo.-de-mexico-ordenado-por-fechaonline-descendente.html-pagina-38.html
https://www.inmuebles24.com/propiedades/clasificado/veclcain-casa-en-venta-lago-esmeralda-150715758.html,7752000,"MN 7,752,000",MXN,venta,Casa,Residencial Lago Esmeralda,Atizapán de Zaragoza,Edo. de México,196.0,120.0,Publicado hace 8 días,2026-08-05T01:50:12Z,2026-08-13T22:39:10.195636+00:00,https://www.inmuebles24.com/casas-o-casa-en-condominio-o-departamentos-en-venta-en-edo.-de-mexico-ordenado-por-fechaonline-descendente.html-pagina-38.html
https://www.inmuebles24.com/propiedades/clasificado/veclcain-casa-en-venta-zona-esmeralda-lago-esmeralda-150728622.html,4250000,"MN 4,250,000",MXN,venta,Casa,Residencial Lago Esmeralda,Atizapán de Zaragoza,Edo. de México,87.0,67.0,Publicado hace 8 días,2026-08-06T01:13:20Z,2026-08-13T22:39:10.195636+00:00,https://www.inmuebles24.com/casas-o-casa-en-condominio-o-departamentos-en-venta-en-edo.-de-mexico-ordenado-por-fechaonline-descendente.html-pagina-38.html
https://www.inmuebles24.com/propiedades/clasificado/veclcain-casa-zona-esmeralda-150726607.html,14900000,"MN 14,900,000",MXN,venta,Casa,Zona Esmeralda,Atizapán de Zaragoza,Edo. de México,504.0,540.0,Publicado hace 8 días,2026-08-05T21:49:35Z,2026-08-13T22:40:17.333304+00:00,https://www.inmuebles24.com/casas-o-casa-en-condominio-o-departamentos-en-venta-en-edo.-de-mexico-ordenado-por-fechaonline-descendente.html-pagina-38.html
https://www.inmuebles24.com/propiedades/clasificado/veclcain-tecamachalco-preciosa-casa-en-venta-150718864.html,14800000,"MN 14,800,000",MXN,venta,Casa,Lomas de Tecamachalco,Naucalpan de Juárez,Edo. de México,424.0,385.0,Publicado hace 8 días,2026-08-05T14:08:15Z,2026-08-13T22:40:17.333304+00:00,https://www.inmuebles24.com/casas-o-casa-en-condominio-o-departamentos-en-venta-en-edo.-de-mexico-ordenado-por-fechaonline-descendente.html-pagina-38.html
https://www.inmuebles24.com/propiedades/clasificado/veclcain-vendo-casa-en-bosque-esmeralda-con-vigilancia-24-7-150725054.html,8500000,"MN 8,500,000",MXN,venta,Casa,Bosque Esmeralda,Atizapán de Zaragoza,Edo. de México,294.0,497.0,Publicado hace 8 días,2026-08-05T19:41:16Z,2026-08-13T22:40:17.333304+00:00,https://www.inmuebles24.com/casas-o-casa-en-condominio-o-departamentos-en-venta-en-edo.-de-mexico-ordenado-por-fechaonline-descendente.html-pagina-38.html
https://www.inmuebles24.com/propiedades/clasificado/veclcain-venta-casa-amplio-jardin-iluminacion-natutal-jardines-150712441.html,14099000,"MN 14,099,000",MXN,venta,Casa,Jardines de San Mateo,Naucalpan de Juárez,Edo. de México,494.0,731.0,Publicado hace 8 días,2026-08-04T20:50:43Z,2026-08-13T22:40:17.333304+00:00,https://www.inmuebles24.com/casas-o-casa-en-condominio-o-departamentos-en-venta-en-edo.-de-mexico-ordenado-por-fechaonline-descendente.html-pagina-38.html
https://www.inmuebles24.com/propiedades/clasificado/veclcain-venta-casa-con-jardin-lomas-verdes-150712852.html,9500000,"MN 9,500,000",MXN,venta,Casa,Lomas Verdes,Naucalpan de Juárez,Edo. de México,320.0,249.0,Publicado hace 8 días,2026-08-04T21:27:59Z,2026-08-13T22:40:17.333304+00:00,https://www.inmuebles24.com/casas-o-casa-en-condominio-o-departamentos-en-venta-en-edo.-de-mexico-ordenado-por-fechaonline-descendente.html-pagina-38.html
https://www.inmuebles24.com/propiedades/clasificado/veclcain-venta-casa-con-jardin-lomas-verdes-6ta-secc-150712712.html,9500000,"MN 9,500,000",MXN,venta,Casa,Lomas Verdes 6a Sección,Naucalpan de Juárez,Edo. de México,320.0,249.0,Publicado hace 8 días,2026-08-04T21:17:40Z,2026-08-13T22:40:17.333304+00:00,https://www.inmuebles24.com/casas-o-casa-en-condominio-o-departamentos-en-venta-en-edo.-de-mexico-ordenado-por-fechaonline-descendente.html-pagina-38.html
https://www.inmuebles24.com/propiedades/clasificado/veclcain-venta-casa-nueva-lista-para-habitar-vista-panoramica-150712979.html,11897000,"MN 11,897,000",MXN,venta,Casa,Lomas Verdes 6a Sección,Naucalpan de Juárez,Edo. de México,320.0,212.0,Publicado hace 8 días,2026-08-04T21:38:56Z,2026-08-13T22:40:17.333304+00:00,https://www.inmuebles24.com/casas-o-casa-en-condominio-o-departamentos-en-venta-en-edo.-de-mexico-ordenado-por-fechaonline-descendente.html-pagina-38.html
https://www.inmuebles24.com/propiedades/clasificado/veclccin-casa-en-condominio-en-independencia-residencial-150727899.html,4690000,"MN 4,690,000",MXN,venta,Casa en condominio,San Salvador Tizatlalli,Metepec,Edo. de México,106.0,106.0,Publicado hace 8 días,2026-08-05T23:49:29Z,2026-08-13T22:40:17.333304+00:00,https://www.inmuebles24.com/casas-o-casa-en-condominio-o-departamentos-en-venta-en-edo.-de-mexico-ordenado-por-fechaonline-descendente.html-pagina-38.html
https://www.inmuebles24.com/propiedades/clasificado/veclccin-casa-en-condominio-en-venta-en-fraccionamiento-lomas-150725313.html,15800000,"MN 15,800,000",MXN,venta,Casa en condominio,Lomas del Río,Naucalpan de Juárez,Edo. de México,315.0,315.0,Publicado hace 8 días,2026-08-05T19:59:06Z,2026-08-13T22:40:17.333304+00:00,https://www.inmuebles24.com/casas-o-casa-en-condominio-o-departamentos-en-venta-en-edo.-de-mexico-ordenado-por-fechaonline-descendente.html-pagina-38.html
https://www.inmuebles24.com/propiedades/clasificado/veclccin-casa-en-condominio-en-venta-en-fraccionamiento-lomas-150726436.html,14500000,"MN 14,500,000",MXN,venta,Casa en condominio,Lomas del Río,Naucalpan de Juárez,Edo. de México,309.0,309.0,Publicado hace 8 días,2026-08-05T21:34:15Z,2026-08-13T22:40:17.333304+00:00,https://www.inmuebles24.com/casas-o-casa-en-condominio-o-departamentos-en-venta-en-edo.-de-mexico-ordenado-por-fechaonline-descendente.html-pagina-38.html
https://www.inmuebles24.com/propiedades/clasificado/veclcain-casa-en-venta-avandaro-150645511.html,25500101,"MN 25,500,101",MXN,venta,Casa,Avandaro,Valle de Bravo,Edo. de México,514.0,1000.0,Publicado hace 17 días,2026-07-27T23:17:49Z,2026-08-13T22:52:54.819221+00:00,https://www.inmuebles24.com/casas-o-casa-en-condominio-o-departamentos-en-venta-en-edo.-de-mexico-ordenado-por-fechaonline-descendente.html-pagina-76.html
https://www.inmuebles24.com/propiedades/clasificado/veclcain-casa-en-venta-con-vista-al-lago-en-valle-de-bravo-150644647.html,23800000,"MN 23,800,000",MXN,venta,Casa,,Valle de Bravo,Edo. de México,331.0,445.0,Publicado hace 17 días,2026-07-27T22:17:55Z,2026-08-13T22:52:54.819221+00:00,https://www.inmuebles24.com/casas-o-casa-en-condominio-o-departamentos-en-venta-en-edo.-de-mexico-ordenado-por-fechaonline-descendente.html-pagina-76.html
https://www.inmuebles24.com/propiedades/clasificado/veclcain-casa-en-venta-dentro-de-rancho-avandaro-150638778.html,39850000,"MN 39,850,000",MXN,venta,Casa,Avandaro,Valle de Bravo,Edo. de México,550.0,720.0,Publicado hace 17 días,2026-07-27T15:40:10Z,2026-08-13T22:52:54.819221+00:00,https://www.inmuebles24.com/casas-o-casa-en-condominio-o-departamentos-en-venta-en-edo.-de-mexico-ordenado-por-fechaonline-descendente.html-pagina-76.html
https://www.inmuebles24.com/propiedades/clasificado/veclcain-casa-en-venta-dentro-del-club-de-golf-avandaro-150643991.html,12700000,"MN 12,700,000",MXN,venta,Casa,Avandaro,Valle de Bravo,Edo. de México,340.0,585.0,Publicado hace 17 días,2026-07-27T21:15:50Z,2026-08-13T22:52:54.819221+00:00,https://www.inmuebles24.com/casas-o-casa-en-condominio-o-departamentos-en-venta-en-edo.-de-mexico-ordenado-por-fechaonline-descendente.html-pagina-76.html
https://www.inmuebles24.com/propiedades/clasificado/veclcain-casa-en-venta-en-avandaro-150643583.html,19500000,"MN 19,500,000",MXN,venta,Casa,Avandaro,Valle de Bravo,Edo. de México,460.0,1039.0,Publicado hace 17 días,2026-07-27T20:40:55Z,2026-08-13T22:52:54.819221+00:00,https://www.inmuebles24.com/casas-o-casa-en-condominio-o-departamentos-en-venta-en-edo.-de-mexico-ordenado-por-fechaonline-descendente.html-pagina-76.html
https://www.inmuebles24.com/propiedades/clasificado/veclcain-casa-en-venta-en-la-huerta-echegaray-naucalpan-de-150646741.html,4700000,"MN 4,700,000",MXN,venta,Casa,Bosque de Echegaray,Naucalpan de Juárez,Edo. de México,140.0,122.0,Publicado hace 17 días,2026-07-28T02:24:42Z,2026-08-13T22:52:54.819221+00:00,https://www.inmuebles24.com/casas-o-casa-en-condominio-o-departamentos-en-venta-en-edo.-de-mexico-ordenado-por-fechaonline-descendente.html-pagina-76.html
https://www.inmuebles24.com/propiedades/clasificado/veclcain-casa-en-venta-en-lomas-de-tecamachalco-naucalpan-de-150645704.html,19800000,"MN 19,800,000",MXN,venta,Casa,Lomas de Tecamachalco,Naucalpan de Juárez,Edo. de México,695.0,695.0,Publicado hace 17 días,2026-07-27T23:39:11Z,2026-08-13T22:52:54.819221+00:00,https://www.inmuebles24.com/casas-o-casa-en-condominio-o-departamentos-en-venta-en-edo.-de-mexico-ordenado-por-fechaonline-descendente.html-pagina-76.html
https://www.inmuebles24.com/propiedades/clasificado/veclcain-casa-en-venta-en-ojo-de-agua-tecamac-ve-26-601-150640724.html,5080000,"MN 5,080,000",MXN,venta,Casa,Ojo de Agua,Tecámac,Edo. de México,163.0,163.0,Publicado hace 17 días,2026-07-27T17:38:46Z,2026-08-13T22:52:54.819221+00:00,https://www.inmuebles24.com/casas-o-casa-en-condominio-o-departamentos-en-venta-en-edo.-de-mexico-ordenado-por-fechaonline-descendente.html-pagina-76.html
https://www.inmuebles24.com/propiedades/clasificado/veclcain-casa-en-venta-en-real-granada-tecamac-bj-26-3153-150640683.html,1570000,"MN 1,570,000",MXN,venta,Casa,,Tecámac,Edo. de México,55.0,55.0,Publicado hace 17 días,2026-07-27T17:37:59Z,2026-08-13T22:52:54.819221+00:00,https://www.inmuebles24.com/casas-o-casa-en-condominio-o-departamentos-en-venta-en-edo.-de-mexico-ordenado-por-fechaonline-descendente.html-pagina-76.html
https://www.inmuebles24.com/propiedades/clasificado/veclcain-casa-en-venta-en-tecamac-ojo-de-agua-bj-26-598-150640440.html,2900000,"MN 2,900,000",MXN,venta,Casa,Real del Cid,Tecámac,Edo. de México,80.0,80.0,Publicado hace 17 días,2026-07-27T17:30:17Z,2026-08-13T22:52:54.819221+00:00,https://www.inmuebles24.com/casas-o-casa-en-condominio-o-departamentos-en-venta-en-edo.-de-mexico-ordenado-por-fechaonline-descendente.html-pagina-76.html
https://www.inmuebles24.com/propiedades/clasificado/veclcain-casa-en-venta-en-tultitlan-en-prados-nte-cerca-del-150640310.html,2200000,"MN 2,200,000",MXN,venta,Casa,Unidad Morelos,Tultitlán,Edo. de México,199.0,144.0,Publicado hace 17 días,2026-07-27T17:23:05Z,2026-08-13T22:54:03.905747+00:00,https://www.inmuebles24.com/casas-o-casa-en-condominio-o-departamentos-en-venta-en-edo.-de-mexico-ordenado-por-fechaonline-descendente.html-pagina-76.html
https://www.inmuebles24.com/propiedades/clasificado/veclcain-casa-en-venta-en-villas-xaltipa-ii-cuautitlan-bj-27-150644302.html,2790000,"MN 2,790,000",MXN,venta,Casa,Paseos del Bosque,Cuautitlán,Edo. de México,77.0,77.0,Publicado hace 17 días,2026-07-27T21:41:33Z,2026-08-13T22:54:03.905747+00:00,https://www.inmuebles24.com/casas-o-casa-en-condominio-o-departamentos-en-venta-en-edo.-de-mexico-ordenado-por-fechaonline-descendente.html-pagina-76.html
https://www.inmuebles24.com/propiedades/clasificado/veclcain-casa-en-venta-en-zacuautitla-coacalco-de-berriozabal-150640682.html,2900000,"MN 2,900,000",MXN,venta,Casa,Zacuautitla,Coacalco de Berriozábal,Edo. de México,99.0,99.0,Publicado hace 17 días,2026-07-27T17:37:57Z,2026-08-13T22:54:03.905747+00:00,https://www.inmuebles24.com/casas-o-casa-en-condominio-o-departamentos-en-venta-en-edo.-de-mexico-ordenado-por-fechaonline-descendente.html-pagina-76.html
https://www.inmuebles24.com/propiedades/clasificado/veclcain-casa-en-venta-en-zumpango-san-bartolo-cuautlalpan-bj26-150640457.html,1229000,"MN 1,229,000",MXN,venta,Casa,San Bartolo Cuautlalpan,Zumpango,Edo. de México,36.0,36.0,Publicado hace 17 días,2026-07-27T17:30:19Z,2026-08-13T22:54:03.905747+00:00,https://www.inmuebles24.com/casas-o-casa-en-condominio-o-departamentos-en-venta-en-edo.-de-mexico-ordenado-por-fechaonline-descendente.html-pagina-76.html
https://www.inmuebles24.com/propiedades/clasificado/veclcain-casa-en-venta-inversionistas-c-terreno-excendente-y-150636544.html,5100000,"MN 5,100,000",MXN,venta,Casa,Bosque Esmeralda,Atizapán de Zaragoza,Edo. de México,174.0,192.0,Publicado hace 17 días,2026-07-27T04:48:27Z,2026-08-13T22:54:03.905747+00:00,https://www.inmuebles24.com/casas-o-casa-en-condominio-o-departamentos-en-venta-en-edo.-de-mexico-ordenado-por-fechaonline-descendente.html-pagina-76.html
https://www.inmuebles24.com/propiedades/clasificado/veclcain-casa-lomas-de-las-palmas-150645956.html,15500000,"MN 15,500,000",MXN,venta,Casa,Lomas de las Palmas,Huixquilucan,Edo. de México,399.0,248.0,Publicado hace 17 días,2026-07-28T00:09:35Z,2026-08-13T22:54:03.905747+00:00,https://www.inmuebles24.com/casas-o-casa-en-condominio-o-departamentos-en-venta-en-edo.-de-mexico-ordenado-por-fechaonline-descendente.html-pagina-76.html
https://www.inmuebles24.com/propiedades/clasificado/veclcain-casa-renta-o-venta-en-hacienda-de-echegaray-muy-150643515.html,12000000,"MN 12,000,000",MXN,venta,Casa,Hacienda de Echegaray,Naucalpan de Juárez,Edo. de México,420.0,280.0,Publicado hace 17 días,2026-07-27T20:35:41Z,2026-08-13T22:54:03.905747+00:00,https://www.inmuebles24.com/casas-o-casa-en-condominio-o-departamentos-en-venta-en-edo.-de-mexico-ordenado-por-fechaonline-descendente.html-pagina-76.html
https://www.inmuebles24.com/propiedades/clasificado/veclcain-casa-venta-aqua-residencial-san-mateo-atenco-150644628.html,4290000,"MN 4,290,000",MXN,venta,Casa,Santa María,San Mateo Atenco,Edo. de México,186.0,152.0,Publicado hace 17 días,2026-07-27T22:15:07Z,2026-08-13T22:54:03.905747+00:00,https://www.inmuebles24.com/casas-o-casa-en-condominio-o-departamentos-en-venta-en-edo.-de-mexico-ordenado-por-fechaonline-descendente.html-pagina-76.html
https://www.inmuebles24.com/propiedades/clasificado/veclcain-edificio-en-venta-en-parque-residencial-con-diseno-150640300.html,3900000,"MN 3,900,000",MXN,venta,Casa,Parque Residencial Coacalco,Coacalco de Berriozábal,Edo. de México,300.0,231.0,Publicado hace 17 días,2026-07-27T17:22:29Z,2026-08-13T22:54:03.905747+00:00,https://www.inmuebles24.com/casas-o-casa-en-condominio-o-departamentos-en-venta-en-edo.-de-mexico-ordenado-por-fechaonline-descendente.html-pagina-76.html
https://www.inmuebles24.com/propiedades/clasificado/veclcain-exclusiva-casa-en-venta-en-avandaro-150638781.html,25950000,"MN 25,950,000",MXN,venta,Casa,Avandaro,Valle de Bravo,Edo. de México,667.0,667.0,Publicado hace 17 días,2026-07-27T15:40:11Z,2026-08-13T22:54:03.905747+00:00,https://www.inmuebles24.com/casas-o-casa-en-condominio-o-departamentos-en-venta-en-edo.-de-mexico-ordenado-por-fechaonline-descendente.html-pagina-76.html
https://www.inmuebles24.com/propiedades/clasificado/veclcain-exclusiva-residencia-de-lujo-en-hacienda-de-valle-150646560.html,36000000,"MN 36,000,000",MXN,venta,Casa,Hacienda de Valle Escondido,Atizapán de Zaragoza,Edo. de México,1100.0,2850.0,Publicado hace 17 días,2026-07-28T01:49:08Z,2026-08-13T22:55:14.420169+00:00,https://www.inmuebles24.com/casas-o-casa-en-condominio-o-departamentos-en-venta-en-edo.-de-mexico-ordenado-por-fechaonline-descendente.html-pagina-76.html
https://www.inmuebles24.com/propiedades/clasificado/veclcain-venta-de-casa-en-heroes-de-ecatepec-150639327.html,950000,"MN 950,000",MXN,venta,Casa,Bonito Ecatepec,Ecatepec de Morelos,Edo. de México,67.0,127.0,Publicado hace 17 días,2026-07-27T16:11:27Z,2026-08-13T22:55:14.420169+00:00,https://www.inmuebles24.com/casas-o-casa-en-condominio-o-departamentos-en-venta-en-edo.-de-mexico-ordenado-por-fechaonline-descendente.html-pagina-76.html
https://www.inmuebles24.com/propiedades/clasificado/veclcain-venta-de-casa-en-metepec-150643145.html,13600000,"MN 13,600,000",MXN,venta,Casa,Bellavista,Metepec,Edo. de México,550.0,326.0,Publicado hace 17 días,2026-07-27T20:12:47Z,2026-08-13T22:55:14.420169+00:00,https://www.inmuebles24.com/casas-o-casa-en-condominio-o-departamentos-en-venta-en-edo.-de-mexico-ordenado-por-fechaonline-descendente.html-pagina-76.html
https://www.inmuebles24.com/propiedades/clasificado/veclapin-departamento-cerca-surbano-lecheria-cuautitlan.-150644439.html,1330000,"MN 1,330,000",MXN,venta,Apartamento,San Juan Tlihuaca,Nicolás Romero,Edo. de México,64.0,64.0,Publicado hace 17 días,2026-07-27T21:56:05Z,2026-08-13T22:55:14.420169+00:00,https://www.inmuebles24.com/casas-o-casa-en-condominio-o-departamentos-en-venta-en-edo.-de-mexico-ordenado-por-fechaonline-descendente.html-pagina-77.html
https://www.inmuebles24.com/propiedades/clasificado/veclapin-departamento-cerca-surbano-lecheria-cuautitlan.-150644878.html,1330000,"MN 1,330,000",MXN,venta,Apartamento,Tulpetlac,Ecatepec de Morelos,Edo. de México,64.0,64.0,Publicado hace 17 días,2026-07-27T22:22Z,2026-08-13T22:55:14.420169+00:00,https://www.inmuebles24.com/casas-o-casa-en-condominio-o-departamentos-en-venta-en-edo.-de-mexico-ordenado-por-fechaonline-descendente.html-pagina-77.html
https://www.inmuebles24.com/propiedades/clasificado/veclapin-departamento-de-lujo-en-lomas-country-huixquilucan-150636737.html,8700000,"MN 8,700,000",MXN,venta,Apartamento,,Huixquilucan,Edo. de México,227.0,5000.0,Publicado hace 17 días,2026-07-27T06:44:24Z,2026-08-13T22:55:14.420169+00:00,https://www.inmuebles24.com/casas-o-casa-en-condominio-o-departamentos-en-venta-en-edo.-de-mexico-ordenado-por-fechaonline-descendente.html-pagina-77.html
https://www.inmuebles24.com/propiedades/clasificado/veclapin-departamento-en-venta-en-tecamac-conjunto-urbano-real-150640734.html,1320000,"MN 1,320,000",MXN,venta,Apartamento,,Tecámac,Edo. de México,62.0,62.0,Publicado hace 17 días,2026-07-27T17:38:46Z,2026-08-13T22:55:14.420169+00:00,https://www.inmuebles24.com/casas-o-casa-en-condominio-o-departamentos-en-venta-en-edo.-de-mexico-ordenado-por-fechaonline-descendente.html-pagina-77.html
https://www.inmuebles24.com/propiedades/clasificado/veclapin-departamento-en-venta-en-tecamac-rancho-la-luz-bj-26-150640459.html,1454400,"MN 1,454,400",MXN,venta,Apartamento,Rancho la Luz,Tecámac,Edo. de México,60.0,60.0,Publicado hace 17 días,2026-07-27T17:30:20Z,2026-08-13T22:55:14.420169+00:00,https://www.inmuebles24.com/casas-o-casa-en-condominio-o-departamentos-en-venta-en-edo.-de-mexico-ordenado-por-fechaonline-descendente.html-pagina-77.html
https://www.inmuebles24.com/propiedades/clasificado/veclapin-departamento-en-venta-en-tecamac-rancho-la-luz-bj-26-150640464.html,1494800,"MN 1,494,800",MXN,venta,Apartamento,Rancho la Luz,Tecámac,Edo. de México,65.0,65.0,Publicado hace 17 días,2026-07-27T17:30:20Z,2026-08-13T22:55:14.420169+00:00,https://www.inmuebles24.com/casas-o-casa-en-condominio-o-departamentos-en-venta-en-edo.-de-mexico-ordenado-por-fechaonline-descendente.html-pagina-77.html
https://www.inmuebles24.com/propiedades/clasificado/veclapin-departamento-en-venta-en-zumpango-san-bartolo-150640772.html,1009000,"MN 1,009,000",MXN,venta,Apartamento,San Bartolo Cuautlalpan,Zumpango,Edo. de México,65.0,65.0,Publicado hace 17 días,2026-07-27T17:38:49Z,2026-08-13T22:55:14.420169+00:00,https://www.inmuebles24.com/casas-o-casa-en-condominio-o-departamentos-en-venta-en-edo.-de-mexico-ordenado-por-fechaonline-descendente.html-pagina-77.html
https://www.inmuebles24.com/propiedades/clasificado/veclapin-departamento-en-venta-manuel-avila-camacho-excelente-150640348.html,5800000,"MN 5,800,000",MXN,venta,Apartamento,Lomas Manuel Avila Camacho,Naucalpan de Juárez,Edo. de México,180.0,210.0,Publicado hace 17 días,2026-07-27T17:25:01Z,2026-08-13T22:56:18.640447+00:00,https://www.inmuebles24.com/casas-o-casa-en-condominio-o-departamentos-en-venta-en-edo.-de-mexico-ordenado-por-fechaonline-descendente.html-pagina-77.html
https://www.inmuebles24.com/propiedades/clasificado/veclapin-ph-en-frondoso-lomas-country-club-con-espectaculares-150643357.html,17900000,"MN 17,900,000",MXN,venta,Apartamento,Lomas Country Club,Huixquilucan,Edo. de México,397.0,397.0,Publicado hace 17 días,2026-07-27T20:26:35Z,2026-08-13T22:56:18.640447+00:00,https://www.inmuebles24.com/casas-o-casa-en-condominio-o-departamentos-en-venta-en-edo.-de-mexico-ordenado-por-fechaonline-descendente.html-pagina-77.html
https://www.inmuebles24.com/propiedades/clasificado/veclapin-venta-departamento-remodelado-214-m-palma-criolla-150646829.html,6000000,"MN 6,000,000",MXN,venta,Apartamento,,Huixquilucan,Edo. de México,214.0,214.0,Publicado hace 17 días,2026-07-28T02:44:01Z,2026-08-13T22:56:18.640447+00:00,https://www.inmuebles24.com/casas-o-casa-en-condominio-o-departamentos-en-venta-en-edo.-de-mexico-ordenado-por-fechaonline-descendente.html-pagina-77.html
https://www.inmuebles24.com/propiedades/clasificado/veclcain-amplia-casa-en-venta-en-las-alamedas-150646735.html,10500000,"MN 10,500,000",MXN,venta,Casa,,Atizapán de Zaragoza,Edo. de México,450.0,250.0,Publicado hace 17 días,2026-07-28T02:22:47Z,2026-08-13T22:56:18.640447+00:00,https://www.inmuebles24.com/casas-o-casa-en-condominio-o-departamentos-en-venta-en-edo.-de-mexico-ordenado-por-fechaonline-descendente.html-pagina-77.html
https://www.inmuebles24.com/propiedades/clasificado/veclcain-casa-de-120-m-sup2--con-2-recamaras-en-venta-en-150639248.html,1130000,"MN 1,130,000",MXN,venta,Casa,Ecológico SUTEYM,Almoloya de Juárez,Edo. de México,50.0,120.0,Publicado hace 17 días,2026-07-27T16:09:30Z,2026-08-13T22:56:18.640447+00:00,https://www.inmuebles24.com/casas-o-casa-en-condominio-o-departamentos-en-venta-en-edo.-de-mexico-ordenado-por-fechaonline-descendente.html-pagina-77.html
https://www.inmuebles24.com/propiedades/clasificado/veclcain-casa-de-dos-niveles-dos-recamaras-haciendas-del-150641852.html,999999,"MN 999,999",MXN,venta,Casa,Hacienda del Bosque,Tecámac,Edo. de México,57.0,90.0,Publicado hace 17 días,2026-07-27T19:05:19Z,2026-08-13T22:56:18.640447+00:00,https://www.inmuebles24.com/casas-o-casa-en-condominio-o-departamentos-en-venta-en-edo.-de-mexico-ordenado-por-fechaonline-descendente.html-pagina-77.html
https://www.inmuebles24.com/propiedades/clasificado/veclcain-casa-en-venta-con-amplios-espacios-ecatepec-de-morelos-150643821.html,3990000,"MN 3,990,000",MXN,venta,Casa,Granjas Valle de Guadalupe,Ecatepec de Morelos,Edo. de México,267.0,500.0,Publicado hace 17 días,2026-07-27T20:59:03Z,2026-08-13T22:56:18.640447+00:00,https://www.inmuebles24.com/casas-o-casa-en-condominio-o-departamentos-en-venta-en-edo.-de-mexico-ordenado-por-fechaonline-descendente.html-pagina-77.html
https://www.inmuebles24.com/propiedades/clasificado/veclcain-casa-en-venta-dentro-de-privada-en-cacalomacan-150641351.html,10000000,"MN 10,000,000",MXN,venta,Casa,San Miguel Zacango,Toluca,Edo. de México,594.0,1000.0,Publicado hace 17 días,2026-07-27T18:22:36Z,2026-08-13T22:56:18.640447+00:00,https://www.inmuebles24.com/casas-o-casa-en-condominio-o-departamentos-en-venta-en-edo.-de-mexico-ordenado-por-fechaonline-descendente.html-pagina-77.html
https://www.inmuebles24.com/propiedades/clasificado/veclcain-casa-en-venta-en-cuautitlan-izcalli-paseos-del-bosque-150640447.html,3050253,"MN 3,050,253",MXN,venta,Casa,Paseos del Bosque,Cuautitlán,Edo. de México,78.0,78.0,Publicado hace 17 días,2026-07-27T17:30:18Z,2026-08-13T22:56:18.640447+00:00,https://www.inmuebles24.com/casas-o-casa-en-condominio-o-departamentos-en-venta-en-edo.-de-mexico-ordenado-por-fechaonline-descendente.html-pagina-77.html
https://www.inmuebles24.com/propiedades/clasificado/veclcain-casa-en-venta-en-jardines-de-santa-monica-150643175.html,5500000,"MN 5,500,000",MXN,venta,Casa,Jardines de Santa Mónica,Tlalnepantla de Baz,Edo. de México,200.0,180.0,Publicado hace 17 días,2026-07-27T20:14:50Z,2026-08-13T22:56:18.640447+00:00,https://www.inmuebles24.com/casas-o-casa-en-condominio-o-departamentos-en-venta-en-edo.-de-mexico-ordenado-por-fechaonline-descendente.html-pagina-77.html
https://www.inmuebles24.com/propiedades/clasificado/veclcain-casa-en-venta-en-lomas-de-las-palmas-150645667.html,12500000,"MN 12,500,000",MXN,venta,Casa,Lomas de las Palmas,Huixquilucan,Edo. de México,299.0,421.0,Publicado hace 17 días,2026-07-27T23:35:59Z,2026-08-13T22:57:25.382227+00:00,https://www.inmuebles24.com/casas-o-casa-en-condominio-o-departamentos-en-venta-en-edo.-de-mexico-ordenado-por-fechaonline-descendente.html-pagina-77.html
https://www.inmuebles24.com/propiedades/clasificado/veclcain-casa-en-venta-en-ojo-de-agua-tecamac-ve-26-603-150640722.html,5100000,"MN 5,100,000",MXN,venta,Casa,Ojo de Agua,Tecámac,Edo. de México,163.0,163.0,Publicado hace 17 días,2026-07-27T17:38:46Z,2026-08-13T22:57:25.382227+00:00,https://www.inmuebles24.com/casas-o-casa-en-condominio-o-departamentos-en-venta-en-edo.-de-mexico-ordenado-por-fechaonline-descendente.html-pagina-77.html
https://www.inmuebles24.com/propiedades/clasificado/veclcain-casa-en-venta-en-tecamac-ojo-de-agua-bj-26-600-150640449.html,3236000,"MN 3,236,000",MXN,venta,Casa,Real del Sol,Tecámac,Edo. de México,103.0,103.0,Publicado hace 17 días,2026-07-27T17:30:18Z,2026-08-13T22:57:25.382227+00:00,https://www.inmuebles24.com/casas-o-casa-en-condominio-o-departamentos-en-venta-en-edo.-de-mexico-ordenado-por-fechaonline-descendente.html-pagina-77.html
https://www.inmuebles24.com/propiedades/clasificado/veclcain-casa-en-venta-en-tecamac-ojo-de-agua-bj-26-603-150640462.html,5100000,"MN 5,100,000",MXN,venta,Casa,Real del Sol,Tecámac,Edo. de México,163.0,163.0,Publicado hace 17 días,2026-07-27T17:30:20Z,2026-08-13T22:57:25.382227+00:00,https://www.inmuebles24.com/casas-o-casa-en-condominio-o-departamentos-en-venta-en-edo.-de-mexico-ordenado-por-fechaonline-descendente.html-pagina-77.html
https://www.inmuebles24.com/propiedades/clasificado/veclcain-casa-en-venta-en-tecamac-rancho-de-la-luz-ve-26-2122-150640746.html,2326030,"MN 2,326,030",MXN,venta,Casa,Rancho la Luz,Tecámac,Edo. de México,79.0,79.0,Publicado hace 17 días,2026-07-27T17:38:47Z,2026-08-13T22:57:25.382227+00:00,https://www.inmuebles24.com/casas-o-casa-en-condominio-o-departamentos-en-venta-en-edo.-de-mexico-ordenado-por-fechaonline-descendente.html-pagina-77.html
https://www.inmuebles24.com/propiedades/clasificado/veclcain-casa-en-venta-en-tecamac-rancho-la-luz-bj-26-2121-150640465.html,1906880,"MN 1,906,880",MXN,venta,Casa,Rancho la Luz,Tecámac,Edo. de México,62.0,62.0,Publicado hace 17 días,2026-07-27T17:30:20Z,2026-08-13T22:57:25.382227+00:00,https://www.inmuebles24.com/casas-o-casa-en-condominio-o-departamentos-en-venta-en-edo.-de-mexico-ordenado-por-fechaonline-descendente.html-pagina-77.html
https://www.inmuebles24.com/propiedades/clasificado/veclcain-casa-en-venta-en-villa-del-real-tecamac-bj-26-3150-150640504.html,940500,"MN 940,500",MXN,venta,Casa,Villa Real,Tecámac,Edo. de México,29.0,29.0,Publicado hace 17 días,2026-07-27T17:30:27Z,2026-08-13T22:57:25.382227+00:00,https://www.inmuebles24.com/casas-o-casa-en-condominio-o-departamentos-en-venta-en-edo.-de-mexico-ordenado-por-fechaonline-descendente.html-pagina-77.html
https://www.inmuebles24.com/propiedades/clasificado/veclcain-casa-en-venta-en-zumpango-san-bartolo-cuautlalpan-ve-150640744.html,1229000,"MN 1,229,000",MXN,venta,Casa,San Bartolo Cuautlalpan,Zumpango,Edo. de México,36.0,36.0,Publicado hace 17 días,2026-07-27T17:38:47Z,2026-08-13T22:57:25.382227+00:00,https://www.inmuebles24.com/casas-o-casa-en-condominio-o-departamentos-en-venta-en-edo.-de-mexico-ordenado-por-fechaonline-descendente.html-pagina-77.html
https://www.inmuebles24.com/propiedades/clasificado/veclcain-casa-en-venta-o-renta-puerta-de-maria-bosque-esmeralda-150646614.html,17990000,"MN 17,990,000",MXN,venta,Casa,Bosque Esmeralda,Atizapán de Zaragoza,Edo. de México,497.0,526.0,Publicado hace 17 días,2026-07-28T01:57:32Z,2026-08-13T22:57:25.382227+00:00,https://www.inmuebles24.com/casas-o-casa-en-condominio-o-departamentos-en-venta-en-edo.-de-mexico-ordenado-por-fechaonline-descendente.html-pagina-77.html
https://www.inmuebles24.com/propiedades/clasificado/veclcain-estupenda-casa-en-venta-ubicada-en-el-exclusivo-150641628.html,14000000,"MN 14,000,000",MXN,venta,Casa,Lomas Verdes 6a Sección,Naucalpan de Juárez,Edo. de México,241.0,248.0,Publicado hace 17 días,2026-07-27T18:46:24Z,2026-08-13T22:57:25.382227+00:00,https://www.inmuebles24.com/casas-o-casa-en-condominio-o-departamentos-en-venta-en-edo.-de-mexico-ordenado-por-fechaonline-descendente.html-pagina-77.html
https://www.inmuebles24.com/propiedades/clasificado/veclccin-casa-en-venta-en-toluca-ceboruco-150638525.html,2200000,"MN 2,200,000",MXN,venta,Casa en condominio,Azteca,Toluca,Edo. de México,65.0,149.0,Publicado hace 17 días,2026-07-27T15:16:27Z,2026-08-13T22:58:53.114226+00:00,https://www.inmuebles24.com/casas-o-casa-en-condominio-o-departamentos-en-venta-en-edo.-de-mexico-ordenado-por-fechaonline-descendente.html-pagina-77.html
https://www.inmuebles24.com/propiedades/clasificado/veclccin-en-venta-casa-en-bosque-esmeralda-atizapan-150641614.html,5350000,"MN 5,350,000",MXN,venta,Casa en condominio,Bosque Esmeralda,Atizapán de Zaragoza,Edo. de México,134.0,107.0,Publicado hace 17 días,2026-07-27T18:45:19Z,2026-08-13T22:58:53.114226+00:00,https://www.inmuebles24.com/casas-o-casa-en-condominio-o-departamentos-en-venta-en-edo.-de-mexico-ordenado-por-fechaonline-descendente.html-pagina-77.html
https://www.inmuebles24.com/propiedades/clasificado/veclccin-venta-de-casa-en-condominio-la-florida-i-toluca-150639491.html,1070000,"MN 1,070,000",MXN,venta,Casa en condominio,La Florida,Acambay,Edo. de México,79.0,63.0,Publicado hace 17 días,2026-07-27T16:28:22Z,2026-08-13T22:58:53.114226+00:00,https://www.inmuebles24.com/casas-o-casa-en-condominio-o-departamentos-en-venta-en-edo.-de-mexico-ordenado-por-fechaonline-descendente.html-pagina-77.html
https://www.inmuebles24.com/propiedades/clasificado/veclapin-departamento-en-venta-en-hacienda-de-las-palmas-150646631.html,8270000,"MN 8,270,000",MXN,venta,Apartamento,Hacienda de las Palmas,Huixquilucan,Edo. de México,284.0,284.0,Publicado hace 17 días,2026-07-28T02:03:01Z,2026-08-13T22:58:53.114226+00:00,https://www.inmuebles24.com/casas-o-casa-en-condominio-o-departamentos-en-venta-en-edo.-de-mexico-ordenado-por-fechaonline-descendente.html-pagina-78.html
https://www.inmuebles24.com/propiedades/clasificado/veclapin-departamento-en-venta-en-lomas-verdes-naucalpan.-150638292.html,4500000,"MN 4,500,000",MXN,venta,Apartamento,Lomas Verdes,Naucalpan de Juárez,Edo. de México,110.0,110.0,Publicado hace 17 días,2026-07-27T14:53:48Z,2026-08-13T22:58:53.114226+00:00,https://www.inmuebles24.com/casas-o-casa-en-condominio-o-departamentos-en-venta-en-edo.-de-mexico-ordenado-por-fechaonline-descendente.html-pagina-78.html
https://www.inmuebles24.com/propiedades/clasificado/veclapin-departamento-en-venta-en-miramar-150636662.html,5099000,"MN 5,099,000",MXN,venta,Apartamento,Miramar,Naucalpan de Juárez,Edo. de México,96.0,101.0,Publicado hace 17 días,2026-07-27T05:58:31Z,2026-08-13T22:58:53.114226+00:00,https://www.inmuebles24.com/casas-o-casa-en-condominio-o-departamentos-en-venta-en-edo.-de-mexico-ordenado-por-fechaonline-descendente.html-pagina-78.html
https://www.inmuebles24.com/propiedades/clasificado/veclapin-departamento-en-venta-en-miramar-150636663.html,8799000,"MN 8,799,000",MXN,venta,Apartamento,Lomas del Río,Naucalpan de Juárez,Edo. de México,217.0,217.0,Publicado hace 17 días,2026-07-27T05:58:33Z,2026-08-13T22:58:53.114226+00:00,https://www.inmuebles24.com/casas-o-casa-en-condominio-o-departamentos-en-venta-en-edo.-de-mexico-ordenado-por-fechaonline-descendente.html-pagina-78.html
https://www.inmuebles24.com/propiedades/clasificado/veclapin-departamento-en-venta-en-naucalpan-de-juarez-lomas-150640469.html,2300000,"MN 2,300,000",MXN,venta,Apartamento,Lomas Verdes 6a Sección,Naucalpan de Juárez,Edo. de México,78.0,78.0,Publicado hace 17 días,2026-07-27T17:30:21Z,2026-08-13T22:58:53.114226+00:00,https://www.inmuebles24.com/casas-o-casa-en-condominio-o-departamentos-en-venta-en-edo.-de-mexico-ordenado-por-fechaonline-descendente.html-pagina-78.html
https://www.inmuebles24.com/propiedades/clasificado/veclapin-departamento-en-venta-en-rincon-de-la-montana-150638920.html,2700000,"MN 2,700,000",MXN,venta,Apartamento,Lomas de San Lorenzo,Atizapán de Zaragoza,Edo. de México,100.0,100.0,Publicado hace 17 días,2026-07-27T15:44:07Z,2026-08-13T22:58:53.114226+00:00,https://www.inmuebles24.com/casas-o-casa-en-condominio-o-departamentos-en-venta-en-edo.-de-mexico-ordenado-por-fechaonline-descendente.html-pagina-78.html
https://www.inmuebles24.com/propiedades/clasificado/veclapin-departamento-en-venta-en-san-bartolo-cuautlalpan-150640509.html,1009000,"MN 1,009,000",MXN,venta,Apartamento,San Bartolo Cuautlalpan,Zumpango,Edo. de México,65.0,65.0,Publicado hace 17 días,2026-07-27T17:30:27Z,2026-08-13T22:58:53.114226+00:00,https://www.inmuebles24.com/casas-o-casa-en-condominio-o-departamentos-en-venta-en-edo.-de-mexico-ordenado-por-fechaonline-descendente.html-pagina-78.html
https://www.inmuebles24.com/propiedades/clasificado/veclapin-departamento-en-venta-en-san-lucas-tepetlacalco-150640710.html,4300000,"MN 4,300,000",MXN,venta,Apartamento,San Lucas Tepetlacalco,Tlalnepantla de Baz,Edo. de México,98.0,98.0,Publicado hace 17 días,2026-07-27T17:38:45Z,2026-08-13T22:59:56.895147+00:00,https://www.inmuebles24.com/casas-o-casa-en-condominio-o-departamentos-en-venta-en-edo.-de-mexico-ordenado-por-fechaonline-descendente.html-pagina-78.html
https://www.inmuebles24.com/propiedades/clasificado/veclapin-departamento-en-venta-en-tecamac-conjunto-urbano-real-150640452.html,1320000,"MN 1,320,000",MXN,venta,Apartamento,,Tecámac,Edo. de México,62.0,62.0,Publicado hace 17 días,2026-07-27T17:30:18Z,2026-08-13T22:59:56.895147+00:00,https://www.inmuebles24.com/casas-o-casa-en-condominio-o-departamentos-en-venta-en-edo.-de-mexico-ordenado-por-fechaonline-descendente.html-pagina-78.html
https://www.inmuebles24.com/propiedades/clasificado/veclapin-departamento-en-venta-en-tecamac-rancho-la-luz-ve-26-150640743.html,1454400,"MN 1,454,400",MXN,venta,Apartamento,Rancho la Luz,Tecámac,Edo. de México,60.0,60.0,Publicado hace 17 días,2026-07-27T17:38:47Z,2026-08-13T22:59:56.895147+00:00,https://www.inmuebles24.com/casas-o-casa-en-condominio-o-departamentos-en-venta-en-edo.-de-mexico-ordenado-por-fechaonline-descendente.html-pagina-78.html
https://www.inmuebles24.com/propiedades/clasificado/veclapin-departamento-en-venta-en-tecamac-rancho-la-luz-ve-26-150640748.html,1044495,"MN 1,044,495",MXN,venta,Apartamento,Rancho la Luz,Tecámac,Edo. de México,45.0,45.0,Publicado hace 17 días,2026-07-27T17:38:47Z,2026-08-13T22:59:56.895147+00:00,https://www.inmuebles24.com/casas-o-casa-en-condominio-o-departamentos-en-venta-en-edo.-de-mexico-ordenado-por-fechaonline-descendente.html-pagina-78.html
https://www.inmuebles24.com/propiedades/clasificado/veclapin-departamento-en-venta-en-tecamac-rancho-la-luz-ve-26-150640750.html,1494800,"MN 1,494,800",MXN,venta,Apartamento,Rancho la Luz,Tecámac,Edo. de México,65.0,65.0,Publicado hace 17 días,2026-07-27T17:38:47Z,2026-08-13T22:59:56.895147+00:00,https://www.inmuebles24.com/casas-o-casa-en-condominio-o-departamentos-en-venta-en-edo.-de-mexico-ordenado-por-fechaonline-descendente.html-pagina-78.html
https://www.inmuebles24.com/propiedades/clasificado/veclapin-departamento-en-venta-ojo-de-agua-tecamac-bj-26-150640505.html,800000,"MN 800,000",MXN,venta,Apartamento,,Tecámac,Edo. de México,47.0,47.0,Publicado hace 17 días,2026-07-27T17:30:27Z,2026-08-13T22:59:56.895147+00:00,https://www.inmuebles24.com/casas-o-casa-en-condominio-o-departamentos-en-venta-en-edo.-de-mexico-ordenado-por-fechaonline-descendente.html-pagina-78.html
https://www.inmuebles24.com/propiedades/clasificado/veclapin-garden-house-en-venta-en-lomas-de-tecamachalco-150643184.html,9500000,"MN 9,500,000",MXN,venta,Apartamento,Lomas de Tecamachalco Bosques I y II,Huixquilucan,Edo. de México,389.0,389.0,Publicado hace 17 días,2026-07-27T20:15:42Z,2026-08-13T22:59:56.895147+00:00,https://www.inmuebles24.com/casas-o-casa-en-condominio-o-departamentos-en-venta-en-edo.-de-mexico-ordenado-por-fechaonline-descendente.html-pagina-78.html
https://www.inmuebles24.com/propiedades/clasificado/veclapin-venta-de-bonito-departamento-en-alamos-150646765.html,4290000,"MN 4,290,000",MXN,venta,Apartamento,,Naucalpan de Juárez,Edo. de México,122.0,122.0,Publicado hace 17 días,2026-07-28T02:30:36Z,2026-08-13T22:59:56.895147+00:00,https://www.inmuebles24.com/casas-o-casa-en-condominio-o-departamentos-en-venta-en-edo.-de-mexico-ordenado-por-fechaonline-descendente.html-pagina-78.html
https://www.inmuebles24.com/propiedades/clasificado/veclapin-venta-depto-con-amenidades-y-seguridad-zona-esmeralda-150646127.html,2350000,"MN 2,350,000",MXN,venta,Apartamento,Residencial Lago Esmeralda,Atizapán de Zaragoza,Edo. de México,53.0,53.0,Publicado hace 17 días,2026-07-28T00:32:37Z,2026-08-13T22:59:56.895147+00:00,https://www.inmuebles24.com/casas-o-casa-en-condominio-o-departamentos-en-venta-en-edo.-de-mexico-ordenado-por-fechaonline-descendente.html-pagina-78.html
https://www.inmuebles24.com/propiedades/clasificado/veclcain-casa-citara-huehuetoca-1.5-banos-2-recamaras-150643030.html,750000,"MN 750,000",MXN,venta,Casa,Fraccionamiento Citara,Huehuetoca,Edo. de México,60.0,70.0,Publicado hace 17 días,2026-07-27T20:04:37Z,2026-08-13T22:59:56.895147+00:00,https://www.inmuebles24.com/casas-o-casa-en-condominio-o-departamentos-en-venta-en-edo.-de-mexico-ordenado-por-fechaonline-descendente.html-pagina-78.html
https://www.inmuebles24.com/propiedades/clasificado/veclcain-casa-en-venta-en-club-de-golf-la-hacienda-en-una-150628002.html,12500000,"MN 12,500,000",MXN,venta,Casa,Club de Golf Hacienda,Atizapán de Zaragoza,Edo. de México,351.0,756.0,Publicado hace 17 días,2026-07-25T11:54:15Z,2026-08-13T23:01:08.653493+00:00,https://www.inmuebles24.com/casas-o-casa-en-condominio-o-departamentos-en-venta-en-edo.-de-mexico-ordenado-por-fechaonline-descendente.html-pagina-78.html
https://www.inmuebles24.com/propiedades/clasificado/veclcain-casa-en-venta-en-las-alamedas-atizapan-de-zaragoza-150643591.html,4750000,"MN 4,750,000",MXN,venta,Casa,Las Alamedas,Atizapán de Zaragoza,Edo. de México,140.0,277.0,Publicado hace 17 días,2026-07-27T20:41:36Z,2026-08-13T23:01:08.653493+00:00,https://www.inmuebles24.com/casas-o-casa-en-condominio-o-departamentos-en-venta-en-edo.-de-mexico-ordenado-por-fechaonline-descendente.html-pagina-78.html
https://www.inmuebles24.com/propiedades/clasificado/veclcain-casa-en-venta-en-metepec-col-lazaro-cardenas-en-150646283.html,7400000,"MN 7,400,000",MXN,venta,Casa,Lázaro Cárdenas,Metepec,Edo. de México,341.0,315.0,Publicado hace 17 días,2026-07-28T00:53:43Z,2026-08-13T23:01:08.653493+00:00,https://www.inmuebles24.com/casas-o-casa-en-condominio-o-departamentos-en-venta-en-edo.-de-mexico-ordenado-por-fechaonline-descendente.html-pagina-78.html
https://www.inmuebles24.com/propiedades/clasificado/veclcain-casa-en-venta-en-san-buenaventura-ixtapaluca-150639128.html,1200000,"MN 1,200,000",MXN,venta,Casa,San Buenaventura,Ixtapaluca,Edo. de México,53.0,67.0,Publicado hace 17 días,2026-07-27T16:05:07Z,2026-08-13T23:01:08.653493+00:00,https://www.inmuebles24.com/casas-o-casa-en-condominio-o-departamentos-en-venta-en-edo.-de-mexico-ordenado-por-fechaonline-descendente.html-pagina-78.html
https://www.inmuebles24.com/propiedades/clasificado/veclcain-casa-en-venta-en-tecamac-ojo-de-agua-bj-26-601-150640450.html,5080000,"MN 5,080,000",MXN,venta,Casa,Real del Sol,Tecámac,Edo. de México,163.0,163.0,Publicado hace 17 días,2026-07-27T17:30:18Z,2026-08-13T23:01:08.653493+00:00,https://www.inmuebles24.com/casas-o-casa-en-condominio-o-departamentos-en-venta-en-edo.-de-mexico-ordenado-por-fechaonline-descendente.html-pagina-78.html
https://www.inmuebles24.com/propiedades/clasificado/veclcain-casa-en-venta-en-tecamac-rancho-la-luz-bj-26-2122-150640467.html,2326030,"MN 2,326,030",MXN,venta,Casa,Rancho la Luz,Tecámac,Edo. de México,79.0,79.0,Publicado hace 17 días,2026-07-27T17:30:21Z,2026-08-13T23:01:08.653493+00:00,https://www.inmuebles24.com/casas-o-casa-en-condominio-o-departamentos-en-venta-en-edo.-de-mexico-ordenado-por-fechaonline-descendente.html-pagina-78.html
https://www.inmuebles24.com/propiedades/clasificado/veclcain-casa-en-venta-en-tecamac-rancho-la-luz-ve-26-2121-150640747.html,1906880,"MN 1,906,880",MXN,venta,Casa,Rancho la Luz,Tecámac,Edo. de México,62.0,62.0,Publicado hace 17 días,2026-07-27T17:38:47Z,2026-08-13T23:01:08.653493+00:00,https://www.inmuebles24.com/casas-o-casa-en-condominio-o-departamentos-en-venta-en-edo.-de-mexico-ordenado-por-fechaonline-descendente.html-pagina-78.html
https://www.inmuebles24.com/propiedades/clasificado/veclcain-casa-en-venta-la-herradura-oportunidad-para-remodelar-150644197.html,9800000,"MN 9,800,000",MXN,venta,Casa,La Herradura,Huixquilucan,Edo. de México,277.0,297.0,Publicado hace 17 días,2026-07-27T21:31:28Z,2026-08-13T23:01:08.653493+00:00,https://www.inmuebles24.com/casas-o-casa-en-condominio-o-departamentos-en-venta-en-edo.-de-mexico-ordenado-por-fechaonline-descendente.html-pagina-78.html
https://www.inmuebles24.com/propiedades/clasificado/veclcain-casa-un-nivel-una-recamara-en-villas-de-la-laguna-150642793.html,499000,"MN 499,000",MXN,venta,Casa,Villas de la Laguna,Zumpango,Edo. de México,45.0,60.0,Publicado hace 17 días,2026-07-27T19:54:09Z,2026-08-13T23:01:08.653493+00:00,https://www.inmuebles24.com/casas-o-casa-en-condominio-o-departamentos-en-venta-en-edo.-de-mexico-ordenado-por-fechaonline-descendente.html-pagina-78.html
https://www.inmuebles24.com/propiedades/clasificado/veclcain-casa-venta-150645707.html,6990000,"MN 6,990,000",MXN,venta,Casa,Colón Echegaray,Naucalpan de Juárez,Edo. de México,339.0,200.0,Publicado hace 17 días,2026-07-27T23:39:55Z,2026-08-13T23:01:08.653493+00:00,https://www.inmuebles24.com/casas-o-casa-en-condominio-o-departamentos-en-venta-en-edo.-de-mexico-ordenado-por-fechaonline-descendente.html-pagina-78.html
https://www.inmuebles24.com/propiedades/clasificado/veclcain-residencia-de-lujo-con-roof-garden-en-la-6a.-seccion-150641631.html,23500000,"MN 23,500,000",MXN,venta,Casa,Lomas Verdes 6a Sección,Naucalpan de Juárez,Edo. de México,700.0,370.0,Publicado hace 17 días,2026-07-27T18:47:21Z,2026-08-13T23:02:13.966055+00:00,https://www.inmuebles24.com/casas-o-casa-en-condominio-o-departamentos-en-venta-en-edo.-de-mexico-ordenado-por-fechaonline-descendente.html-pagina-78.html
https://www.inmuebles24.com/propiedades/clasificado/veclcain-venta-de-casa-valle-de-los-cipreses-izcalli-del-valle-150643060.html,660000,"MN 660,000",MXN,venta,Casa,Bosques del Valle,Coacalco de Berriozábal,Edo. de México,305.0,149.0,Publicado hace 17 días,2026-07-27T20:06:20Z,2026-08-13T23:02:13.966055+00:00,https://www.inmuebles24.com/casas-o-casa-en-condominio-o-departamentos-en-venta-en-edo.-de-mexico-ordenado-por-fechaonline-descendente.html-pagina-78.html
https://www.inmuebles24.com/propiedades/clasificado/veclccin-casa-en-venta-en-atizapan-de-zaragoza-150640299.html,5150000,"MN 5,150,000",MXN,venta,Casa en condominio,El Calvario,Atizapán de Zaragoza,Edo. de México,183.0,90.0,Publicado hace 17 días,2026-07-27T17:22:28Z,2026-08-13T23:02:13.966055+00:00,https://www.inmuebles24.com/casas-o-casa-en-condominio-o-departamentos-en-venta-en-edo.-de-mexico-ordenado-por-fechaonline-descendente.html-pagina-78.html
https://www.inmuebles24.com/propiedades/clasificado/veclapin-amplio-departamento-en-hacienda-de-las-palmas-150638454.html,7300000,"MN 7,300,000",MXN,venta,Apartamento,Interlomas,Huixquilucan,Edo. de México,220.0,220.0,Publicado hace 17 días,2026-07-27T15:09:54Z,2026-08-13T23:02:13.966055+00:00,https://www.inmuebles24.com/casas-o-casa-en-condominio-o-departamentos-en-venta-en-edo.-de-mexico-ordenado-por-fechaonline-descendente.html-pagina-79.html
https://www.inmuebles24.com/propiedades/clasificado/veclapin-departamento-en-venta-city-esmeralda-150643589.html,3400000,"MN 3,400,000",MXN,venta,Apartamento,Bosque Esmeralda,Atizapán de Zaragoza,Edo. de México,73.0,73.0,Publicado hace 17 días,2026-07-27T20:41:19Z,2026-08-13T23:02:13.966055+00:00,https://www.inmuebles24.com/casas-o-casa-en-condominio-o-departamentos-en-venta-en-edo.-de-mexico-ordenado-por-fechaonline-descendente.html-pagina-79.html
https://www.inmuebles24.com/propiedades/clasificado/veclapin-departamento-en-venta-con-roof-garden-privado-en-lomas-150643366.html,5840000,"MN 5,840,000",MXN,venta,Apartamento,Lomas Verdes,Naucalpan de Juárez,Edo. de México,96.0,96.0,Publicado hace 17 días,2026-07-27T20:27:42Z,2026-08-13T23:02:13.966055+00:00,https://www.inmuebles24.com/casas-o-casa-en-condominio-o-departamentos-en-venta-en-edo.-de-mexico-ordenado-por-fechaonline-descendente.html-pagina-79.html
https://www.inmuebles24.com/propiedades/clasificado/veclapin-departamento-en-venta-en-naucalpan-de-juarez-lomas-150640755.html,2100000,"MN 2,100,000",MXN,venta,Apartamento,Lomas Verdes 6a Sección,Naucalpan de Juárez,Edo. de México,78.0,78.0,Publicado hace 17 días,2026-07-27T17:38:48Z,2026-08-13T23:02:13.966055+00:00,https://www.inmuebles24.com/casas-o-casa-en-condominio-o-departamentos-en-venta-en-edo.-de-mexico-ordenado-por-fechaonline-descendente.html-pagina-79.html
https://www.inmuebles24.com/propiedades/clasificado/veclapin-departamento-en-venta-en-tecamac-rancho-la-luz-bj-26-150640454.html,1044495,"MN 1,044,495",MXN,venta,Apartamento,Rancho la Luz,Tecámac,Edo. de México,45.0,45.0,Publicado hace 17 días,2026-07-27T17:30:18Z,2026-08-13T23:02:13.966055+00:00,https://www.inmuebles24.com/casas-o-casa-en-condominio-o-departamentos-en-venta-en-edo.-de-mexico-ordenado-por-fechaonline-descendente.html-pagina-79.html
https://www.inmuebles24.com/propiedades/clasificado/veclapin-departamento-en-venta-senderos-esmeralda-t-ii-139-150646809.html,4490000,"MN 4,490,000",MXN,venta,Apartamento,Espíritu Santo,Jilotzingo,Edo. de México,170.0,139.0,Publicado hace 17 días,2026-07-28T02:38:22Z,2026-08-13T23:02:13.966055+00:00,https://www.inmuebles24.com/casas-o-casa-en-condominio-o-departamentos-en-venta-en-edo.-de-mexico-ordenado-por-fechaonline-descendente.html-pagina-79.html
https://www.inmuebles24.com/propiedades/clasificado/veclapin-departamento-en-venta-tecamachalco-estrena-moderno-150640355.html,13900000,"MN 13,900,000",MXN,venta,Apartamento,Lomas de Tecamachalco Bosques I y II,Huixquilucan,Edo. de México,260.0,260.0,Publicado hace 17 días,2026-07-27T17:26:07Z,2026-08-13T23:02:13.966055+00:00,https://www.inmuebles24.com/casas-o-casa-en-condominio-o-departamentos-en-venta-en-edo.-de-mexico-ordenado-por-fechaonline-descendente.html-pagina-79.html
https://www.inmuebles24.com/propiedades/clasificado/veclapin-departamento-nuevo-en-venta-lomas-verdes-4-150646970.html,5715000,"MN 5,715,000",MXN,venta,Apartamento,Lomas Verdes,Naucalpan de Juárez,Edo. de México,67.0,67.0,Publicado hace 17 días,2026-07-28T03:10:55Z,2026-08-13T23:03:21.010012+00:00,https://www.inmuebles24.com/casas-o-casa-en-condominio-o-departamentos-en-venta-en-edo.-de-mexico-ordenado-por-fechaonline-descendente.html-pagina-79.html
https://www.inmuebles24.com/propiedades/clasificado/veclapin-green-22:-departamento-en-venta-en-bosque-real-150643557.html,13200000,"MN 13,200,000",MXN,venta,Apartamento,Bosque Real,Huixquilucan,Edo. de México,268.0,268.0,Publicado hace 17 días,2026-07-27T20:38:49Z,2026-08-13T23:03:21.010012+00:00,https://www.inmuebles24.com/casas-o-casa-en-condominio-o-departamentos-en-venta-en-edo.-de-mexico-ordenado-por-fechaonline-descendente.html-pagina-79.html
https://www.inmuebles24.com/propiedades/clasificado/veclappa-depto-en-venta-en-lomas-verdes-bosques-de-lomas-150627491.html,7350000,"MN 7,350,000",MXN,venta,Apartamento,Lomas Verdes 1a Sección,Naucalpan de Juárez,Edo. de México,171.0,171.0,Publicado hace 17 días,2026-07-25T03:42:03Z,2026-08-13T23:03:21.010012+00:00,https://www.inmuebles24.com/casas-o-casa-en-condominio-o-departamentos-en-venta-en-edo.-de-mexico-ordenado-por-fechaonline-descendente.html-pagina-79.html
https://www.inmuebles24.com/propiedades/clasificado/veclcain-casa-en-colinas-de-lago-150639124.html,2950000,"MN 2,950,000",MXN,venta,Casa,Colinas del Lago,Cuautitlán Izcalli,Edo. de México,156.0,120.0,Publicado hace 17 días,2026-07-27T16:04:45Z,2026-08-13T23:03:21.010012+00:00,https://www.inmuebles24.com/casas-o-casa-en-condominio-o-departamentos-en-venta-en-edo.-de-mexico-ordenado-por-fechaonline-descendente.html-pagina-79.html
https://www.inmuebles24.com/propiedades/clasificado/veclcain-casa-en-venta-cuautitlan-el-nopalito-ve-25-2320-150640711.html,7590000,"MN 7,590,000",MXN,venta,Casa,El Nopalito,Cuautitlán,Edo. de México,,,Publicado hace 17 días,2026-07-27T17:38:45Z,2026-08-13T23:03:21.010012+00:00,https://www.inmuebles24.com/casas-o-casa-en-condominio-o-departamentos-en-venta-en-edo.-de-mexico-ordenado-por-fechaonline-descendente.html-pagina-79.html
https://www.inmuebles24.com/propiedades/clasificado/veclcain-casa-en-venta-en-los-cedros-150638474.html,3400000,"MN 3,400,000",MXN,venta,Casa,Los Cedros,Metepec,Edo. de México,221.0,109.0,Publicado hace 17 días,2026-07-27T15:11:55Z,2026-08-13T23:03:21.010012+00:00,https://www.inmuebles24.com/casas-o-casa-en-condominio-o-departamentos-en-venta-en-edo.-de-mexico-ordenado-por-fechaonline-descendente.html-pagina-79.html
https://www.inmuebles24.com/propiedades/clasificado/veclcain-casa-en-venta-en-metepec.-150641450.html,4600000,"MN 4,600,000",MXN,venta,Casa,San Jorge Pueblo Nuevo,Metepec,Edo. de México,250.0,120.0,Publicado hace 17 días,2026-07-27T18:33:01Z,2026-08-13T23:03:21.010012+00:00,https://www.inmuebles24.com/casas-o-casa-en-condominio-o-departamentos-en-venta-en-edo.-de-mexico-ordenado-por-fechaonline-descendente.html-pagina-79.html
https://www.inmuebles24.com/propiedades/clasificado/veclcain-casa-en-venta-en-ojo-de-agua-tecamac-ve-26-589-150640719.html,2900000,"MN 2,900,000",MXN,venta,Casa,Ojo de Agua,Tecámac,Edo. de México,66.0,66.0,Publicado hace 17 días,2026-07-27T17:38:45Z,2026-08-13T23:03:21.010012+00:00,https://www.inmuebles24.com/casas-o-casa-en-condominio-o-departamentos-en-venta-en-edo.-de-mexico-ordenado-por-fechaonline-descendente.html-pagina-79.html
https://www.inmuebles24.com/propiedades/clasificado/veclcain-casa-en-venta-en-ojo-de-agua-tecamac-ve-26-600-150640720.html,3236000,"MN 3,236,000",MXN,venta,Casa,Ojo de Agua,Tecámac,Edo. de México,66.0,66.0,Publicado hace 17 días,2026-07-27T17:38:46Z,2026-08-13T23:03:21.010012+00:00,https://www.inmuebles24.com/casas-o-casa-en-condominio-o-departamentos-en-venta-en-edo.-de-mexico-ordenado-por-fechaonline-descendente.html-pagina-79.html
https://www.inmuebles24.com/propiedades/clasificado/veclcain-casa-en-venta-en-tecamac-real-granada-ve-26-3153-150640776.html,1570000,"MN 1,570,000",MXN,venta,Casa,,Tecámac,Edo. de México,55.0,55.0,Publicado hace 17 días,2026-07-27T17:38:49Z,2026-08-13T23:03:21.010012+00:00,https://www.inmuebles24.com/casas-o-casa-en-condominio-o-departamentos-en-venta-en-edo.-de-mexico-ordenado-por-fechaonline-descendente.html-pagina-79.html
https://www.inmuebles24.com/propiedades/clasificado/veclcain-casa-en-venta-metropolitana-3ra-secc.-nezahualcoyotl-150645449.html,3090000,"MN 3,090,000",MXN,venta,Casa,Metropolitana,Nezahualcóyotl,Edo. de México,291.0,139.0,Publicado hace 17 días,2026-07-27T23:10:20Z,2026-08-13T23:04:33.819497+00:00,https://www.inmuebles24.com/casas-o-casa-en-condominio-o-departamentos-en-venta-en-edo.-de-mexico-ordenado-por-fechaonline-descendente.html-pagina-79.html
https://www.inmuebles24.com/propiedades/clasificado/veclcain-casa-san-carlos-150643156.html,8300000,"MN 8,300,000",MXN,venta,Casa,San Carlos,Metepec,Edo. de México,,,Publicado hace 17 días,2026-07-27T20:14:08Z,2026-08-13T23:04:33.819497+00:00,https://www.inmuebles24.com/casas-o-casa-en-condominio-o-departamentos-en-venta-en-edo.-de-mexico-ordenado-por-fechaonline-descendente.html-pagina-79.html
https://www.inmuebles24.com/propiedades/clasificado/veclcain-casa-san-francisco-150643864.html,4890000,"MN 4,890,000",MXN,venta,Casa,San Francisco,Villa Guerrero,Edo. de México,140.0,1239.0,Publicado hace 17 días,2026-07-27T21:04:40Z,2026-08-13T23:04:33.819497+00:00,https://www.inmuebles24.com/casas-o-casa-en-condominio-o-departamentos-en-venta-en-edo.-de-mexico-ordenado-por-fechaonline-descendente.html-pagina-79.html
https://www.inmuebles24.com/propiedades/clasificado/veclcain-casa-sauces-iv-hda.-los-arcos-150641199.html,1300000,"MN 1,300,000",MXN,venta,Casa,,Toluca,Edo. de México,68.0,65.0,Publicado hace 17 días,2026-07-27T18:10:24Z,2026-08-13T23:04:33.819497+00:00,https://www.inmuebles24.com/casas-o-casa-en-condominio-o-departamentos-en-venta-en-edo.-de-mexico-ordenado-por-fechaonline-descendente.html-pagina-79.html
https://www.inmuebles24.com/propiedades/clasificado/veclcain-hermosas-casas-nuevas-residenciales-en-metepec-a-150642694.html,5200000,"MN 5,200,000",MXN,venta,Casa,Santa María Magdalena OcotitlAn,Metepec,Edo. de México,223.0,167.0,Publicado hace 17 días,2026-07-27T19:46:32Z,2026-08-13T23:04:33.819497+00:00,https://www.inmuebles24.com/casas-o-casa-en-condominio-o-departamentos-en-venta-en-edo.-de-mexico-ordenado-por-fechaonline-descendente.html-pagina-79.html
https://www.inmuebles24.com/propiedades/clasificado/veclcain-se-vende-casa-en-san-francisco-tepojaco-cuautitlan-de-150639053.html,3600000,"MN 3,600,000",MXN,venta,Casa,San Francisco Tepojaco,Cuautitlán Izcalli,Edo. de México,262.0,265.0,Publicado hace 17 días,2026-07-27T15:59:36Z,2026-08-13T23:04:33.819497+00:00,https://www.inmuebles24.com/casas-o-casa-en-condominio-o-departamentos-en-venta-en-edo.-de-mexico-ordenado-por-fechaonline-descendente.html-pagina-79.html
https://www.inmuebles24.com/propiedades/clasificado/veclcain-solo-contado-casa-excelente-estado-y-ubicacion-150644273.html,3200000,"MN 3,200,000",MXN,venta,Casa,Ensueños,Cuautitlán Izcalli,Edo. de México,171.0,120.0,Publicado hace 17 días,2026-07-27T21:38:37Z,2026-08-13T23:04:33.819497+00:00,https://www.inmuebles24.com/casas-o-casa-en-condominio-o-departamentos-en-venta-en-edo.-de-mexico-ordenado-por-fechaonline-descendente.html-pagina-79.html
https://www.inmuebles24.com/propiedades/clasificado/veclcain-solo-contado-tres-niveles-tres-recamaras-ampliada-150645535.html,699999,"MN 699,999",MXN,venta,Casa,Santa Teresa,Huehuetoca,Edo. de México,110.0,60.0,Publicado hace 17 días,2026-07-27T23:19:48Z,2026-08-13T23:04:33.819497+00:00,https://www.inmuebles24.com/casas-o-casa-en-condominio-o-departamentos-en-venta-en-edo.-de-mexico-ordenado-por-fechaonline-descendente.html-pagina-79.html
https://www.inmuebles24.com/propiedades/clasificado/veclcain-venta-de-casa-con-amplio-jardin-avandaro-150645534.html,8950000,"MN 8,950,000",MXN,venta,Casa,Avandaro,Valle de Bravo,Edo. de México,300.0,1300.0,Publicado hace 17 días,2026-07-27T23:19:38Z,2026-08-13T23:04:33.819497+00:00,https://www.inmuebles24.com/casas-o-casa-en-condominio-o-departamentos-en-venta-en-edo.-de-mexico-ordenado-por-fechaonline-descendente.html-pagina-79.html
https://www.inmuebles24.com/propiedades/clasificado/veclcain-venta-de-casa-en-jardines-de-satelite-150646460.html,6700000,"MN 6,700,000",MXN,venta,Casa,Jardines de Satélite,Naucalpan de Juárez,Edo. de México,220.0,120.0,Publicado hace 17 días,2026-07-28T01:27:56Z,2026-08-13T23:04:33.819497+00:00,https://www.inmuebles24.com/casas-o-casa-en-condominio-o-departamentos-en-venta-en-edo.-de-mexico-ordenado-por-fechaonline-descendente.html-pagina-79.html
https://www.inmuebles24.com/propiedades/clasificado/veclcapa-casa-en-venta-en-zumpango-estado-de-mexico-amplia-150621153.html,2900000,"MN 2,900,000",MXN,venta,Casa,Santa Lucia,Zumpango,Edo. de México,265.0,,Publicado hace 17 días,2026-07-24T17:33:25Z,2026-08-13T23:05:36.149497+00:00,https://www.inmuebles24.com/casas-o-casa-en-condominio-o-departamentos-en-venta-en-edo.-de-mexico-ordenado-por-fechaonline-descendente.html-pagina-79.html
https://www.inmuebles24.com/propiedades/clasificado/veclcapa-casa-recien-remodelada-en-venta-en-el-fraccionamiento-150638749.html,1080000,"MN 1,080,000",MXN,venta,Casa,Ecológico SUTEYM,Almoloya de Juárez,Edo. de México,60.0,120.0,Publicado hace 17 días,2026-07-27T15:37:43Z,2026-08-13T23:05:36.149497+00:00,https://www.inmuebles24.com/casas-o-casa-en-condominio-o-departamentos-en-venta-en-edo.-de-mexico-ordenado-por-fechaonline-descendente.html-pagina-79.html
https://www.inmuebles24.com/propiedades/clasificado/veclcapa-vendo-hermosa-residencia-150639901.html,8200000,"MN 8,200,000",MXN,venta,Casa,La Virgen,Metepec,Edo. de México,451.0,688.0,Publicado hace 17 días,2026-07-27T17:04:59Z,2026-08-13T23:05:36.149497+00:00,https://www.inmuebles24.com/casas-o-casa-en-condominio-o-departamentos-en-venta-en-edo.-de-mexico-ordenado-por-fechaonline-descendente.html-pagina-79.html
https://www.inmuebles24.com/propiedades/clasificado/veclapin-departamento-ciudad-satelite-150638171.html,4500000,"MN 4,500,000",MXN,venta,Apartamento,Ciudad Satélite,Naucalpan de Juárez,Edo. de México,126.0,126.0,Publicado hace 17 días,2026-07-27T14:40:57Z,2026-08-13T23:05:36.149497+00:00,https://www.inmuebles24.com/casas-o-casa-en-condominio-o-departamentos-en-venta-en-edo.-de-mexico-ordenado-por-fechaonline-descendente.html-pagina-80.html
https://www.inmuebles24.com/propiedades/clasificado/veclapin-departamento-en-venta-bosque-real-150635574.html,10495000,"MN 10,495,000",MXN,venta,Apartamento,Bosque Real,Huixquilucan,Edo. de México,290.0,290.0,Publicado hace 18 días,2026-07-27T00:44:02Z,2026-08-13T23:05:36.149497+00:00,https://www.inmuebles24.com/casas-o-casa-en-condominio-o-departamentos-en-venta-en-edo.-de-mexico-ordenado-por-fechaonline-descendente.html-pagina-80.html
https://www.inmuebles24.com/propiedades/clasificado/veclapin-departamento-en-venta-en-lo-alto-bosque-real-150645776.html,9150000,"MN 9,150,000",MXN,venta,Apartamento,Bosque Real,Huixquilucan,Edo. de México,262.0,262.0,Publicado hace 17 días,2026-07-27T23:46:34Z,2026-08-13T23:05:36.149497+00:00,https://www.inmuebles24.com/casas-o-casa-en-condominio-o-departamentos-en-venta-en-edo.-de-mexico-ordenado-por-fechaonline-descendente.html-pagina-80.html
https://www.inmuebles24.com/propiedades/clasificado/veclapin-interlomas-lomas-country-club-departamento-en-venta-150635362.html,7950000,"MN 7,950,000",MXN,venta,Apartamento,Lomas Country Club,Huixquilucan,Edo. de México,244.0,244.0,Publicado hace 18 días,2026-07-26T22:55:37Z,2026-08-13T23:05:36.149497+00:00,https://www.inmuebles24.com/casas-o-casa-en-condominio-o-departamentos-en-venta-en-edo.-de-mexico-ordenado-por-fechaonline-descendente.html-pagina-80.html
https://www.inmuebles24.com/propiedades/clasificado/veclappa-departamento-en-venta-en-lomas-verdes-excelente-150645454.html,2650000,"MN 2,650,000",MXN,venta,Apartamento,Lomas Verdes 3a Sección,Naucalpan de Juárez,Edo. de México,80.0,80.0,Publicado hace 17 días,2026-07-27T23:11:18Z,2026-08-13T23:05:36.149497+00:00,https://www.inmuebles24.com/casas-o-casa-en-condominio-o-departamentos-en-venta-en-edo.-de-mexico-ordenado-por-fechaonline-descendente.html-pagina-80.html
https://www.inmuebles24.com/propiedades/clasificado/veclappa-lomas-verdes.-departamento-en-venta-150636681.html,6799000,"MN 6,799,000",MXN,venta,Apartamento,Lomas Verdes 1a Sección,Naucalpan de Juárez,Edo. de México,160.0,,Publicado hace 17 días,2026-07-27T06:03:22Z,2026-08-13T23:05:36.149497+00:00,https://www.inmuebles24.com/casas-o-casa-en-condominio-o-departamentos-en-venta-en-edo.-de-mexico-ordenado-por-fechaonline-descendente.html-pagina-80.html
https://www.inmuebles24.com/propiedades/clasificado/veclcain-casa-de-70-m-sup2--en-sauces-iii-150635073.html,950000,"MN 950,000",MXN,venta,Casa,,Toluca,Edo. de México,70.0,70.0,Publicado hace 18 días,2026-07-26T20:30:31Z,2026-08-13T23:05:36.149497+00:00,https://www.inmuebles24.com/casas-o-casa-en-condominio-o-departamentos-en-venta-en-edo.-de-mexico-ordenado-por-fechaonline-descendente.html-pagina-80.html
https://www.inmuebles24.com/propiedades/clasificado/veclcain-casa-en-campestre-del-laco-cuautitlan-izcalli-150639150.html,8500000,"MN 8,500,000",MXN,venta,Casa,Campestre del Lago,Cuautitlán Izcalli,Edo. de México,650.0,750.0,Publicado hace 17 días,2026-07-27T16:07:51Z,2026-08-13T23:06:50.985165+00:00,https://www.inmuebles24.com/casas-o-casa-en-condominio-o-departamentos-en-venta-en-edo.-de-mexico-ordenado-por-fechaonline-descendente.html-pagina-80.html
https://www.inmuebles24.com/propiedades/clasificado/veclcain-casa-en-cuautitlan-izcalli-150639362.html,7500000,"MN 7,500,000",MXN,venta,Casa,Santa Rosa de Lima,Cuautitlán Izcalli,Edo. de México,400.0,312.0,Publicado hace 17 días,2026-07-27T16:15:09Z,2026-08-13T23:06:50.985165+00:00,https://www.inmuebles24.com/casas-o-casa-en-condominio-o-departamentos-en-venta-en-edo.-de-mexico-ordenado-por-fechaonline-descendente.html-pagina-80.html
https://www.inmuebles24.com/propiedades/clasificado/veclcain-casa-en-el-laurel-coacalco-con-2-locales-150638984.html,1700000,"MN 1,700,000",MXN,venta,Casa,El Laurel,Coacalco de Berriozábal,Edo. de México,60.0,60.0,Publicado hace 17 días,2026-07-27T15:51:48Z,2026-08-13T23:06:50.985165+00:00,https://www.inmuebles24.com/casas-o-casa-en-condominio-o-departamentos-en-venta-en-edo.-de-mexico-ordenado-por-fechaonline-descendente.html-pagina-80.html
https://www.inmuebles24.com/propiedades/clasificado/veclcain-casa-en-venta-col.-ocho-cedros-toluca-mexico-150645528.html,3650000,"MN 3,650,000",MXN,venta,Casa,Ocho Cedros,Toluca,Edo. de México,250.0,200.0,Publicado hace 17 días,2026-07-27T23:19:11Z,2026-08-13T23:06:50.985165+00:00,https://www.inmuebles24.com/casas-o-casa-en-condominio-o-departamentos-en-venta-en-edo.-de-mexico-ordenado-por-fechaonline-descendente.html-pagina-80.html
https://www.inmuebles24.com/propiedades/clasificado/veclcain-casa-en-venta-en-la-herradura-150634007.html,10500000,"MN 10,500,000",MXN,venta,Casa,Lomas de Tecamachalco Sección Cumbres,Huixquilucan,Edo. de México,320.0,350.0,Publicado hace 18 días,2026-07-26T06:01:35Z,2026-08-13T23:06:50.985165+00:00,https://www.inmuebles24.com/casas-o-casa-en-condominio-o-departamentos-en-venta-en-edo.-de-mexico-ordenado-por-fechaonline-descendente.html-pagina-80.html
https://www.inmuebles24.com/propiedades/clasificado/veclcain-casa-en-venta-en-villas-de-alteza-metepec-150638751.html,3500000,"MN 3,500,000",MXN,venta,Casa,Alteza,Metepec,Edo. de México,157.0,122.0,Publicado hace 17 días,2026-07-27T15:38Z,2026-08-13T23:06:50.985165+00:00,https://www.inmuebles24.com/casas-o-casa-en-condominio-o-departamentos-en-venta-en-edo.-de-mexico-ordenado-por-fechaonline-descendente.html-pagina-80.html
https://www.inmuebles24.com/propiedades/clasificado/veclcain-casa-en-venta-jardines-de-casa-nueva-ecatepec-150644231.html,3600000,"MN 3,600,000",MXN,venta,Casa,Jardines de Casa Nueva,Ecatepec de Morelos,Edo. de México,250.0,149.0,Publicado hace 17 días,2026-07-27T21:34:47Z,2026-08-13T23:06:50.985165+00:00,https://www.inmuebles24.com/casas-o-casa-en-condominio-o-departamentos-en-venta-en-edo.-de-mexico-ordenado-por-fechaonline-descendente.html-pagina-80.html
https://www.inmuebles24.com/propiedades/clasificado/veclcain-casa-la-providencia-150643511.html,7300000,"MN 7,300,000",MXN,venta,Casa,La Providencia,Metepec,Edo. de México,304.0,203.0,Publicado hace 17 días,2026-07-27T20:35:08Z,2026-08-13T23:06:50.985165+00:00,https://www.inmuebles24.com/casas-o-casa-en-condominio-o-departamentos-en-venta-en-edo.-de-mexico-ordenado-por-fechaonline-descendente.html-pagina-80.html
https://www.inmuebles24.com/propiedades/clasificado/veclcain-casa-para-inversion-con-4-deptos-150639328.html,3800000,"MN 3,800,000",MXN,venta,Casa,Santa María Guadalupe las Torres,Cuautitlán Izcalli,Edo. de México,377.0,199.0,Publicado hace 17 días,2026-07-27T16:11:36Z,2026-08-13T23:06:50.985165+00:00,https://www.inmuebles24.com/casas-o-casa-en-condominio-o-departamentos-en-venta-en-edo.-de-mexico-ordenado-por-fechaonline-descendente.html-pagina-80.html
https://www.inmuebles24.com/propiedades/clasificado/veclcain-hermosas-casas-nuevas-residenciales-en-metepec-a-150642695.html,5200000,"MN 5,200,000",MXN,venta,Casa,Santa María Magdalena OcotitlAn,Metepec,Edo. de México,223.0,167.0,Publicado hace 17 días,2026-07-27T19:46:34Z,2026-08-13T23:06:50.985165+00:00,https://www.inmuebles24.com/casas-o-casa-en-condominio-o-departamentos-en-venta-en-edo.-de-mexico-ordenado-por-fechaonline-descendente.html-pagina-80.html
https://www.inmuebles24.com/propiedades/clasificado/veclcain-hermosas-casas-nuevas-residenciales-en-metepec-a-150642697.html,5200000,"MN 5,200,000",MXN,venta,Casa,Santa María Magdalena OcotitlAn,Metepec,Edo. de México,223.0,167.0,Publicado hace 17 días,2026-07-27T19:46:36Z,2026-08-13T23:07:56.303772+00:00,https://www.inmuebles24.com/casas-o-casa-en-condominio-o-departamentos-en-venta-en-edo.-de-mexico-ordenado-por-fechaonline-descendente.html-pagina-80.html
https://www.inmuebles24.com/propiedades/clasificado/veclcain-hermosas-casas-nuevas-residenciales-en-metepec-a-150642698.html,5200000,"MN 5,200,000",MXN,venta,Casa,Santa María Magdalena OcotitlAn,Metepec,Edo. de México,223.0,167.0,Publicado hace 17 días,2026-07-27T19:46:38Z,2026-08-13T23:07:56.303772+00:00,https://www.inmuebles24.com/casas-o-casa-en-condominio-o-departamentos-en-venta-en-edo.-de-mexico-ordenado-por-fechaonline-descendente.html-pagina-80.html
https://www.inmuebles24.com/propiedades/clasificado/veclcain-joya-neoclasica-en-el-corazon-de-fuentes-de-las-lomas-150635514.html,3700000,"USD 3,700,000",USD,venta,Casa,Hacienda de las Palmas,Huixquilucan,Edo. de México,1555.0,1095.0,Publicado hace 18 días,2026-07-27T00:11:36Z,2026-08-13T23:07:56.303772+00:00,https://www.inmuebles24.com/casas-o-casa-en-condominio-o-departamentos-en-venta-en-edo.-de-mexico-ordenado-por-fechaonline-descendente.html-pagina-80.html
https://www.inmuebles24.com/propiedades/clasificado/veclcapa-casa-en-venta-en-cuatro-vientos-ixtapaluca-150643430.html,900000,"MN 900,000",MXN,venta,Casa,San Jerónimo Cuatro Vientos,Ixtapaluca,Edo. de México,53.0,54.0,Publicado hace 17 días,2026-07-27T20:31:50Z,2026-08-13T23:07:56.303772+00:00,https://www.inmuebles24.com/casas-o-casa-en-condominio-o-departamentos-en-venta-en-edo.-de-mexico-ordenado-por-fechaonline-descendente.html-pagina-80.html
https://www.inmuebles24.com/propiedades/clasificado/veclcapa-casa-muy-calida-condominio-150646157.html,7250000,"MN 7,250,000",MXN,venta,Casa,,Huixquilucan,Edo. de México,183.0,,Publicado hace 17 días,2026-07-28T00:37:10Z,2026-08-13T23:07:56.303772+00:00,https://www.inmuebles24.com/casas-o-casa-en-condominio-o-departamentos-en-venta-en-edo.-de-mexico-ordenado-por-fechaonline-descendente.html-pagina-80.html
https://www.inmuebles24.com/propiedades/clasificado/veclcapa-descubre-casa-recinto:-el-espacio-que-cambiara-tu-150641651.html,2650000,"MN 2,650,000",MXN,venta,Casa,Sauces,Calimaya,Edo. de México,135.0,96.0,Publicado hace 17 días,2026-07-27T18:49:08Z,2026-08-13T23:07:56.303772+00:00,https://www.inmuebles24.com/casas-o-casa-en-condominio-o-departamentos-en-venta-en-edo.-de-mexico-ordenado-por-fechaonline-descendente.html-pagina-80.html
https://www.inmuebles24.com/propiedades/clasificado/veclccin-casa-en-condominio-rincon-colonial-ciudad-lopez-mateos-150646491.html,4990000,"MN 4,990,000",MXN,venta,Casa en condominio,Rincón Colonial,Atizapán de Zaragoza,Edo. de México,170.0,206.0,Publicado hace 17 días,2026-07-28T01:33:05Z,2026-08-13T23:07:56.303772+00:00,https://www.inmuebles24.com/casas-o-casa-en-condominio-o-departamentos-en-venta-en-edo.-de-mexico-ordenado-por-fechaonline-descendente.html-pagina-80.html
https://www.inmuebles24.com/propiedades/clasificado/veclccin-casa-en-venta-en-calimaya-modelo-castilla-plus-150644974.html,4750000,"MN 4,750,000",MXN,venta,Casa en condominio,San Andrés Ocotlán,Calimaya,Edo. de México,170.0,220.0,Publicado hace 17 días,2026-07-27T22:31:10Z,2026-08-13T23:07:56.303772+00:00,https://www.inmuebles24.com/casas-o-casa-en-condominio-o-departamentos-en-venta-en-edo.-de-mexico-ordenado-por-fechaonline-descendente.html-pagina-80.html
https://www.inmuebles24.com/propiedades/clasificado/veclccin-casa-en-venta-en-privada-en-las-americas-ecatepec-3-150646211.html,2850000,"MN 2,850,000",MXN,venta,Casa en condominio,Las Américas,Ecatepec de Morelos,Edo. de México,115.0,90.0,Publicado hace 17 días,2026-07-28T00:44:10Z,2026-08-13T23:07:56.303772+00:00,https://www.inmuebles24.com/casas-o-casa-en-condominio-o-departamentos-en-venta-en-edo.-de-mexico-ordenado-por-fechaonline-descendente.html-pagina-80.html
https://www.inmuebles24.com/propiedades/clasificado/veclccin-hermosa-casa-en-venta-en-la-virgen-metepec-estado-de-150646368.html,11500000,"MN 11,500,000",MXN,venta,Casa en condominio,La Virgen,Metepec,Edo. de México,450.0,645.0,Publicado hace 17 días,2026-07-28T01:08:32Z,2026-08-13T23:07:56.303772+00:00,https://www.inmuebles24.com/casas-o-casa-en-condominio-o-departamentos-en-venta-en-edo.-de-mexico-ordenado-por-fechaonline-descendente.html-pagina-80.html
https://www.inmuebles24.com/propiedades/clasificado/veclccin-venta-de-casa-dentro-de-privada-en-san-francisco-150643262.html,2850000,"MN 2,850,000",MXN,venta,Casa en condominio,San Francisco Coaxusco,Metepec,Edo. de México,,,Publicado hace 17 días,2026-07-27T20:21:02Z,2026-08-13T23:08:56.985544+00:00,https://www.inmuebles24.com/casas-o-casa-en-condominio-o-departamentos-en-venta-en-edo.-de-mexico-ordenado-por-fechaonline-descendente.html-pagina-80.html
https://www.inmuebles24.com/propiedades/clasificado/veclccin-venta-de-casa-en-residencial-viena-en-metepec-150643117.html,7420000,"MN 7,420,000",MXN,venta,Casa en condominio,Bellavista,Metepec,Edo. de México,255.0,221.0,Publicado hace 17 días,2026-07-27T20:10:18Z,2026-08-13T23:08:56.985544+00:00,https://www.inmuebles24.com/casas-o-casa-en-condominio-o-departamentos-en-venta-en-edo.-de-mexico-ordenado-por-fechaonline-descendente.html-pagina-80.html
https://www.inmuebles24.com/propiedades/clasificado/veclccpa-venta-casa-3-pisos-en-condominio-lomas-lindas-secc-ii-150646387.html,3200000,"MN 3,200,000",MXN,venta,Casa en condominio,La Cima,Atizapán de Zaragoza,Edo. de México,115.0,83.0,Publicado hace 17 días,2026-07-28T01:11:36Z,2026-08-13T23:08:56.985544+00:00,https://www.inmuebles24.com/casas-o-casa-en-condominio-o-departamentos-en-venta-en-edo.-de-mexico-ordenado-por-fechaonline-descendente.html-pagina-80.html
https://www.inmuebles24.com/propiedades/clasificado/veclapin-departamento-en-venta-en-av-de-las-armas-norte-en-150635944.html,4403000,"MN 4,403,000",MXN,venta,Apartamento,San José Puente de Vigas,Tlalnepantla de Baz,Edo. de México,99.0,99.0,Publicado hace 18 días,2026-07-27T03:10:45Z,2026-08-13T23:08:56.985544+00:00,https://www.inmuebles24.com/casas-o-casa-en-condominio-o-departamentos-en-venta-en-edo.-de-mexico-ordenado-por-fechaonline-descendente.html-pagina-81.html
https://www.inmuebles24.com/propiedades/clasificado/veclapin-departamento-en-venta-en-av-de-las-armas-norte-en-150635945.html,4403000,"MN 4,403,000",MXN,venta,Apartamento,San José Puente de Vigas,Tlalnepantla de Baz,Edo. de México,95.0,95.0,Publicado hace 18 días,2026-07-27T03:10:45Z,2026-08-13T23:08:56.985544+00:00,https://www.inmuebles24.com/casas-o-casa-en-condominio-o-departamentos-en-venta-en-edo.-de-mexico-ordenado-por-fechaonline-descendente.html-pagina-81.html
https://www.inmuebles24.com/propiedades/clasificado/veclapin-departamento-en-venta-en-av-de-las-armas-norte-en-150635946.html,4403000,"MN 4,403,000",MXN,venta,Apartamento,San José Puente de Vigas,Tlalnepantla de Baz,Edo. de México,100.0,100.0,Publicado hace 18 días,2026-07-27T03:10:45Z,2026-08-13T23:08:56.985544+00:00,https://www.inmuebles24.com/casas-o-casa-en-condominio-o-departamentos-en-venta-en-edo.-de-mexico-ordenado-por-fechaonline-descendente.html-pagina-81.html
https://www.inmuebles24.com/propiedades/clasificado/veclapin-departamento-en-venta-en-av-de-las-armas-norte-en-150635947.html,4403000,"MN 4,403,000",MXN,venta,Apartamento,San José Puente de Vigas,Tlalnepantla de Baz,Edo. de México,98.0,98.0,Publicado hace 18 días,2026-07-27T03:10:45Z,2026-08-13T23:08:56.985544+00:00,https://www.inmuebles24.com/casas-o-casa-en-condominio-o-departamentos-en-venta-en-edo.-de-mexico-ordenado-por-fechaonline-descendente.html-pagina-81.html
https://www.inmuebles24.com/propiedades/clasificado/veclapin-departamento-en-venta-en-av-de-las-armas-norte-en-150635948.html,4403000,"MN 4,403,000",MXN,venta,Apartamento,San José Puente de Vigas,Tlalnepantla de Baz,Edo. de México,101.0,101.0,Publicado hace 18 días,2026-07-27T03:10:45Z,2026-08-13T23:08:56.985544+00:00,https://www.inmuebles24.com/casas-o-casa-en-condominio-o-departamentos-en-venta-en-edo.-de-mexico-ordenado-por-fechaonline-descendente.html-pagina-81.html
https://www.inmuebles24.com/propiedades/clasificado/veclapin-departamento-en-venta-en-fraccionamiento-lomas-del-rio-150634968.html,4574032,"MN 4,574,032",MXN,venta,Apartamento,Lomas del Río,Naucalpan de Juárez,Edo. de México,94.0,94.0,Publicado hace 18 días,2026-07-26T19:49Z,2026-08-13T23:08:56.985544+00:00,https://www.inmuebles24.com/casas-o-casa-en-condominio-o-departamentos-en-venta-en-edo.-de-mexico-ordenado-por-fechaonline-descendente.html-pagina-81.html
https://www.inmuebles24.com/propiedades/clasificado/veclapin-departamento-en-venta-santa-cruz-del-monte-150627776.html,5987760,"MN 5,987,760",MXN,venta,Apartamento,Santa Cruz del Monte,Naucalpan de Juárez,Edo. de México,146.0,146.0,Publicado hace 19 días,2026-07-25T05:45:58Z,2026-08-13T23:08:56.985544+00:00,https://www.inmuebles24.com/casas-o-casa-en-condominio-o-departamentos-en-venta-en-edo.-de-mexico-ordenado-por-fechaonline-descendente.html-pagina-81.html
https://www.inmuebles24.com/propiedades/clasificado/veclappa-venta-de-departamento-a-unas-cuadras-tec-de-monterrey-150635373.html,2200000,"MN 2,200,000",MXN,venta,Apartamento,Villas de la Hacienda,Atizapán de Zaragoza,Edo. de México,81.0,92.0,Publicado hace 18 días,2026-07-26T23:01:31Z,2026-08-13T23:10:16.327687+00:00,https://www.inmuebles24.com/casas-o-casa-en-condominio-o-departamentos-en-venta-en-edo.-de-mexico-ordenado-por-fechaonline-descendente.html-pagina-81.html
https://www.inmuebles24.com/propiedades/clasificado/veclcain-casa-duplex-planta-alta-en-fuentes-del-valle-150630931.html,1300000,"MN 1,300,000",MXN,venta,Casa,Fuentes del Valle,Tultitlán,Edo. de México,77.0,77.0,Publicado hace 19 días,2026-07-26T00:00:27Z,2026-08-13T23:10:16.327687+00:00,https://www.inmuebles24.com/casas-o-casa-en-condominio-o-departamentos-en-venta-en-edo.-de-mexico-ordenado-por-fechaonline-descendente.html-pagina-81.html
https://www.inmuebles24.com/propiedades/clasificado/veclcain-casa-en-club-de-golf-los-encinos-150634538.html,14950000,"MN 14,950,000",MXN,venta,Casa,Club de Golf los Encinos,Lerma,Edo. de México,440.0,335.0,Publicado hace 18 días,2026-07-26T16:33:44Z,2026-08-13T23:10:16.327687+00:00,https://www.inmuebles24.com/casas-o-casa-en-condominio-o-departamentos-en-venta-en-edo.-de-mexico-ordenado-por-fechaonline-descendente.html-pagina-81.html
https://www.inmuebles24.com/propiedades/clasificado/veclcain-casa-en-venta-bosques-de-la-herradura-150634357.html,15550000,"MN 15,550,000",MXN,venta,Casa,Bosques de la Herradura,Huixquilucan,Edo. de México,500.0,478.0,Publicado hace 18 días,2026-07-26T14:23:47Z,2026-08-13T23:10:16.327687+00:00,https://www.inmuebles24.com/casas-o-casa-en-condominio-o-departamentos-en-venta-en-edo.-de-mexico-ordenado-por-fechaonline-descendente.html-pagina-81.html
https://www.inmuebles24.com/propiedades/clasificado/veclcain-casa-en-venta-ciudad-satelite-naucalapn-150628084.html,6200000,"MN 6,200,000",MXN,venta,Casa,Ciudad Satélite,Naucalpan de Juárez,Edo. de México,154.0,159.0,Publicado hace 19 días,2026-07-25T13:44:16Z,2026-08-13T23:10:16.327687+00:00,https://www.inmuebles24.com/casas-o-casa-en-condominio-o-departamentos-en-venta-en-edo.-de-mexico-ordenado-por-fechaonline-descendente.html-pagina-81.html
https://www.inmuebles24.com/propiedades/clasificado/veclcain-casa-en-venta-colinas-de-san-jose-150627808.html,4300000,"MN 4,300,000",MXN,venta,Casa,Colinas de San José,Tlalnepantla de Baz,Edo. de México,166.0,126.0,Publicado hace 19 días,2026-07-25T05:57:20Z,2026-08-13T23:10:16.327687+00:00,https://www.inmuebles24.com/casas-o-casa-en-condominio-o-departamentos-en-venta-en-edo.-de-mexico-ordenado-por-fechaonline-descendente.html-pagina-81.html
https://www.inmuebles24.com/propiedades/clasificado/veclcain-casa-en-venta-en-club-de-golf-bellavista-150635832.html,9550000,"MN 9,550,000",MXN,venta,Casa,Club de Golf Bellavista,Atizapán de Zaragoza,Edo. de México,230.0,191.0,Publicado hace 18 días,2026-07-27T02:13:05Z,2026-08-13T23:10:16.327687+00:00,https://www.inmuebles24.com/casas-o-casa-en-condominio-o-departamentos-en-venta-en-edo.-de-mexico-ordenado-por-fechaonline-descendente.html-pagina-81.html
https://www.inmuebles24.com/propiedades/clasificado/veclcain-casa-en-venta-en-heroes-ozumbilla-tecamac-edomex-150634522.html,1500000,"MN 1,500,000",MXN,venta,Casa,Los Héroes Ozumbilla,Tecámac,Edo. de México,149.0,95.0,Publicado hace 18 días,2026-07-26T16:25:57Z,2026-08-13T23:10:16.327687+00:00,https://www.inmuebles24.com/casas-o-casa-en-condominio-o-departamentos-en-venta-en-edo.-de-mexico-ordenado-por-fechaonline-descendente.html-pagina-81.html
https://www.inmuebles24.com/propiedades/clasificado/veclcain-casa-en-venta-lomas-de-bellavista-150628098.html,9990000,"MN 9,990,000",MXN,venta,Casa,Lomas de Bellavista,Atizapán de Zaragoza,Edo. de México,324.0,453.0,Publicado hace 19 días,2026-07-25T13:54:37Z,2026-08-13T23:10:16.327687+00:00,https://www.inmuebles24.com/casas-o-casa-en-condominio-o-departamentos-en-venta-en-edo.-de-mexico-ordenado-por-fechaonline-descendente.html-pagina-81.html
https://www.inmuebles24.com/propiedades/clasificado/veclcain-casa-para-remodelar-en-venta-en-las-alamedas-atizapan-150634994.html,4500000,"MN 4,500,000",MXN,venta,Casa,Las Alamedas,Atizapán de Zaragoza,Edo. de México,182.0,229.0,Publicado hace 18 días,2026-07-26T19:55:55Z,2026-08-13T23:10:16.327687+00:00,https://www.inmuebles24.com/casas-o-casa-en-condominio-o-departamentos-en-venta-en-edo.-de-mexico-ordenado-por-fechaonline-descendente.html-pagina-81.html
https://www.inmuebles24.com/propiedades/clasificado/veclcain-exclusiva-residencia-en-venta-estilo-californiano-en-150635504.html,8990000,"MN 8,990,000",MXN,venta,Casa,Hacienda San José,Toluca,Edo. de México,496.0,657.0,Publicado hace 18 días,2026-07-27T00:08:13Z,2026-08-13T23:11:21.331594+00:00,https://www.inmuebles24.com/casas-o-casa-en-condominio-o-departamentos-en-venta-en-edo.-de-mexico-ordenado-por-fechaonline-descendente.html-pagina-81.html
https://www.inmuebles24.com/propiedades/clasificado/veclcain-exclusiva-residencia-en-venta-estilo-californiano-en-150635507.html,8990000,"MN 8,990,000",MXN,venta,Casa,Hacienda San José,Toluca,Edo. de México,496.0,657.0,Publicado hace 18 días,2026-07-27T00:09:40Z,2026-08-13T23:11:21.331594+00:00,https://www.inmuebles24.com/casas-o-casa-en-condominio-o-departamentos-en-venta-en-edo.-de-mexico-ordenado-por-fechaonline-descendente.html-pagina-81.html
https://www.inmuebles24.com/propiedades/clasificado/veclcain-hermosa-casa-en-venta-en-bosque-real-150616256.html,5850000,"MN 5,850,000",MXN,venta,Casa,Bosque Real,Huixquilucan,Edo. de México,154.0,110.0,Publicado hace 19 días,2026-07-24T01:22:11Z,2026-08-13T23:11:21.331594+00:00,https://www.inmuebles24.com/casas-o-casa-en-condominio-o-departamentos-en-venta-en-edo.-de-mexico-ordenado-por-fechaonline-descendente.html-pagina-81.html
https://www.inmuebles24.com/propiedades/clasificado/veclcain-jardines-sta-monica-magnifica-casa-gran-amplitud-y-150630274.html,6950000,"MN 6,950,000",MXN,venta,Casa,Jardines de Santa Mónica,Tlalnepantla de Baz,Edo. de México,290.0,200.0,Publicado hace 19 días,2026-07-25T20:14:12Z,2026-08-13T23:11:21.331594+00:00,https://www.inmuebles24.com/casas-o-casa-en-condominio-o-departamentos-en-venta-en-edo.-de-mexico-ordenado-por-fechaonline-descendente.html-pagina-81.html
https://www.inmuebles24.com/propiedades/clasificado/veclcain-santa-elena-casa-164-m-sup2--c-y-terreno-120-150635291.html,2900000,"MN 2,900,000",MXN,venta,Casa,Santa Elena,San Mateo Atenco,Edo. de México,164.0,120.0,Publicado hace 18 días,2026-07-26T22:18:38Z,2026-08-13T23:11:21.331594+00:00,https://www.inmuebles24.com/casas-o-casa-en-condominio-o-departamentos-en-venta-en-edo.-de-mexico-ordenado-por-fechaonline-descendente.html-pagina-81.html
https://www.inmuebles24.com/propiedades/clasificado/veclcain-venta-casa-en-lomas-de-la-herradura-150630108.html,9990000,"MN 9,990,000",MXN,venta,Casa,La Herradura,Huixquilucan,Edo. de México,267.0,375.0,Publicado hace 19 días,2026-07-25T19:34:44Z,2026-08-13T23:11:21.331594+00:00,https://www.inmuebles24.com/casas-o-casa-en-condominio-o-departamentos-en-venta-en-edo.-de-mexico-ordenado-por-fechaonline-descendente.html-pagina-81.html
https://www.inmuebles24.com/propiedades/clasificado/veclcain-venta-casa-en-ocre-bosque-esmeralda-150628845.html,8200000,"MN 8,200,000",MXN,venta,Casa,Bosque Esmeralda,Atizapán de Zaragoza,Edo. de México,236.0,310.0,Publicado hace 19 días,2026-07-25T17:16:25Z,2026-08-13T23:11:21.331594+00:00,https://www.inmuebles24.com/casas-o-casa-en-condominio-o-departamentos-en-venta-en-edo.-de-mexico-ordenado-por-fechaonline-descendente.html-pagina-81.html
https://www.inmuebles24.com/propiedades/clasificado/veclcapa-casa-en-venta-ciudad-azteca-1a-seccion-150635212.html,2199000,"MN 2,199,000",MXN,venta,Casa,,Ecatepec de Morelos,Edo. de México,122.0,153.0,Publicado hace 18 días,2026-07-26T21:53:43Z,2026-08-13T23:11:21.331594+00:00,https://www.inmuebles24.com/casas-o-casa-en-condominio-o-departamentos-en-venta-en-edo.-de-mexico-ordenado-por-fechaonline-descendente.html-pagina-81.html
https://www.inmuebles24.com/propiedades/clasificado/veclcapa-hermosa-casa-planta-baja-y-dos-niveles-150359435.html,2300000,"MN 2,300,000",MXN,venta,Casa,Ampliación San Agustín,Chimalhuacán,Edo. de México,300.0,135.0,Publicado hace 18 días,2026-06-27T19:21:34Z,2026-08-13T23:11:21.331594+00:00,https://www.inmuebles24.com/casas-o-casa-en-condominio-o-departamentos-en-venta-en-edo.-de-mexico-ordenado-por-fechaonline-descendente.html-pagina-81.html
https://www.inmuebles24.com/propiedades/clasificado/veclcapa-tu-hogar-te-espera-150635549.html,1080000,"MN 1,080,000",MXN,venta,Casa,Conjunto Urbano La Piedad,Cuautitlán Izcalli,Edo. de México,60.0,60.0,Publicado hace 18 días,2026-07-27T00:29:22Z,2026-08-13T23:11:21.331594+00:00,https://www.inmuebles24.com/casas-o-casa-en-condominio-o-departamentos-en-venta-en-edo.-de-mexico-ordenado-por-fechaonline-descendente.html-pagina-81.html
https://www.inmuebles24.com/propiedades/clasificado/veclccin-casa-en-cerrada-en-la-herradura-150633360.html,12100000,"MN 12,100,000",MXN,venta,Casa en condominio,Lomas de la Herradura,Huixquilucan,Edo. de México,350.0,404.0,Publicado hace 18 días,2026-07-26T03:38:57Z,2026-08-13T23:12:28.335808+00:00,https://www.inmuebles24.com/casas-o-casa-en-condominio-o-departamentos-en-venta-en-edo.-de-mexico-ordenado-por-fechaonline-descendente.html-pagina-81.html
https://www.inmuebles24.com/propiedades/clasificado/veclccin-casa-en-condominio-en-venta-en-cumbres-del-valle-con-150635921.html,4300000,"MN 4,300,000",MXN,venta,Casa en condominio,Cumbres del Valle,Tlalnepantla de Baz,Edo. de México,179.0,128.0,Publicado hace 18 días,2026-07-27T02:56:32Z,2026-08-13T23:12:28.335808+00:00,https://www.inmuebles24.com/casas-o-casa-en-condominio-o-departamentos-en-venta-en-edo.-de-mexico-ordenado-por-fechaonline-descendente.html-pagina-81.html
https://www.inmuebles24.com/propiedades/clasificado/veclccpa-mas-que-una-casa-el-lugar-donde-comenzaras-nuevos-150634868.html,7950000,"MN 7,950,000",MXN,venta,Casa en condominio,San Jerónimo Chicahualco,Metepec,Edo. de México,317.0,213.0,Publicado hace 18 días,2026-07-26T19:17:14Z,2026-08-13T23:12:28.335808+00:00,https://www.inmuebles24.com/casas-o-casa-en-condominio-o-departamentos-en-venta-en-edo.-de-mexico-ordenado-por-fechaonline-descendente.html-pagina-81.html
https://www.inmuebles24.com/propiedades/clasificado/veclapin-departamento-en-bosque-real-150632814.html,9810738,"MN 9,810,738",MXN,venta,Apartamento,Bosque Real,Huixquilucan,Edo. de México,135.0,135.0,Publicado hace 19 días,2026-07-26T01:17:08Z,2026-08-13T23:12:28.335808+00:00,https://www.inmuebles24.com/casas-o-casa-en-condominio-o-departamentos-en-venta-en-edo.-de-mexico-ordenado-por-fechaonline-descendente.html-pagina-82.html
https://www.inmuebles24.com/propiedades/clasificado/veclapin-departamento-en-jesus-del-monte-150632777.html,2750000,"MN 2,750,000",MXN,venta,Apartamento,Jesús del Monte,Huixquilucan,Edo. de México,66.0,66.0,Publicado hace 19 días,2026-07-26T01:17:03Z,2026-08-13T23:12:28.335808+00:00,https://www.inmuebles24.com/casas-o-casa-en-condominio-o-departamentos-en-venta-en-edo.-de-mexico-ordenado-por-fechaonline-descendente.html-pagina-82.html
https://www.inmuebles24.com/propiedades/clasificado/veclapin-departamento-en-las-canteras-150632812.html,19920000,"MN 19,920,000",MXN,venta,Apartamento,Bosque Real,Huixquilucan,Edo. de México,332.0,332.0,Publicado hace 19 días,2026-07-26T01:17:08Z,2026-08-13T23:12:28.335808+00:00,https://www.inmuebles24.com/casas-o-casa-en-condominio-o-departamentos-en-venta-en-edo.-de-mexico-ordenado-por-fechaonline-descendente.html-pagina-82.html
https://www.inmuebles24.com/propiedades/clasificado/veclapin-departamento-en-lomas-del-sol-150632818.html,7000000,"MN 7,000,000",MXN,venta,Apartamento,Lomas del Sol,Huixquilucan,Edo. de México,186.0,186.0,Publicado hace 19 días,2026-07-26T01:17:09Z,2026-08-13T23:12:28.335808+00:00,https://www.inmuebles24.com/casas-o-casa-en-condominio-o-departamentos-en-venta-en-edo.-de-mexico-ordenado-por-fechaonline-descendente.html-pagina-82.html
https://www.inmuebles24.com/propiedades/clasificado/veclapin-departamento-en-venta-en-av-ruiz-cortines-atizapan-de-150627662.html,3800000,"MN 3,800,000",MXN,venta,Apartamento,Lomas de Atizapán,Atizapán de Zaragoza,Edo. de México,120.0,120.0,Publicado hace 19 días,2026-07-25T04:42:47Z,2026-08-13T23:12:28.335808+00:00,https://www.inmuebles24.com/casas-o-casa-en-condominio-o-departamentos-en-venta-en-edo.-de-mexico-ordenado-por-fechaonline-descendente.html-pagina-82.html
https://www.inmuebles24.com/propiedades/clasificado/veclapin-departamento-en-venta-en-cumbres-herradura-colonia-150630655.html,5900000,"MN 5,900,000",MXN,venta,Apartamento,Miramar,Naucalpan de Juárez,Edo. de México,97.0,97.0,Publicado hace 19 días,2026-07-25T22:12:15Z,2026-08-13T23:12:28.335808+00:00,https://www.inmuebles24.com/casas-o-casa-en-condominio-o-departamentos-en-venta-en-edo.-de-mexico-ordenado-por-fechaonline-descendente.html-pagina-82.html
https://www.inmuebles24.com/propiedades/clasificado/veclapin-departamento-en-venta-en-lomas-de-tecamachalco-150630714.html,9400000,"MN 9,400,000",MXN,venta,Apartamento,Lomas de Tecamachalco,Naucalpan de Juárez,Edo. de México,236.0,236.0,Publicado hace 19 días,2026-07-25T22:33:16Z,2026-08-13T23:12:28.335808+00:00,https://www.inmuebles24.com/casas-o-casa-en-condominio-o-departamentos-en-venta-en-edo.-de-mexico-ordenado-por-fechaonline-descendente.html-pagina-82.html
https://www.inmuebles24.com/propiedades/clasificado/veclapin-departamento-en-venta-para-modernizar-en-bosque-de-150633020.html,6800000,"MN 6,800,000",MXN,venta,Apartamento,Bosques de la Herradura,Huixquilucan,Edo. de México,225.0,225.0,Publicado hace 19 días,2026-07-26T01:24:32Z,2026-08-13T23:13:35.999275+00:00,https://www.inmuebles24.com/casas-o-casa-en-condominio-o-departamentos-en-venta-en-edo.-de-mexico-ordenado-por-fechaonline-descendente.html-pagina-82.html
https://www.inmuebles24.com/propiedades/clasificado/veclapin-departamento-en-venta-y-renta-en-atizapan-150627739.html,5200000,"MN 5,200,000",MXN,venta,Apartamento,Calacoaya,Atizapán de Zaragoza,Edo. de México,155.0,155.0,Publicado hace 19 días,2026-07-25T05:25Z,2026-08-13T23:13:35.999275+00:00,https://www.inmuebles24.com/casas-o-casa-en-condominio-o-departamentos-en-venta-en-edo.-de-mexico-ordenado-por-fechaonline-descendente.html-pagina-82.html
https://www.inmuebles24.com/propiedades/clasificado/veclapin-dolbe-cerrada-oportunidad-unica-en-interlomas!-150632844.html,4490000,"MN 4,490,000",MXN,venta,Apartamento,Interlomas,Huixquilucan,Edo. de México,102.0,102.0,Publicado hace 19 días,2026-07-26T01:17:13Z,2026-08-13T23:13:35.999275+00:00,https://www.inmuebles24.com/casas-o-casa-en-condominio-o-departamentos-en-venta-en-edo.-de-mexico-ordenado-por-fechaonline-descendente.html-pagina-82.html
https://www.inmuebles24.com/propiedades/clasificado/veclapin-oportunidad-unica-en-interlomas!-150632843.html,4490000,"MN 4,490,000",MXN,venta,Apartamento,Interlomas,Huixquilucan,Edo. de México,102.0,102.0,Publicado hace 19 días,2026-07-26T01:17:13Z,2026-08-13T23:13:35.999275+00:00,https://www.inmuebles24.com/casas-o-casa-en-condominio-o-departamentos-en-venta-en-edo.-de-mexico-ordenado-por-fechaonline-descendente.html-pagina-82.html
https://www.inmuebles24.com/propiedades/clasificado/veclapin-penthouse-en-bosque-real-vistas-inigualables!-150632749.html,48300000,"MN 48,300,000",MXN,venta,Apartamento,Bosque Real,Huixquilucan,Edo. de México,900.0,900.0,Publicado hace 19 días,2026-07-26T01:16:59Z,2026-08-13T23:13:35.999275+00:00,https://www.inmuebles24.com/casas-o-casa-en-condominio-o-departamentos-en-venta-en-edo.-de-mexico-ordenado-por-fechaonline-descendente.html-pagina-82.html
https://www.inmuebles24.com/propiedades/clasificado/veclapin-ultimo-departamento-en-monte-alto-210-m-sup2-150627198.html,4995000,"MN 4,995,000",MXN,venta,Apartamento,Espíritu Santo,Atizapán de Zaragoza,Edo. de México,210.0,210.0,Publicado hace 19 días,2026-07-25T02:29:47Z,2026-08-13T23:13:35.999275+00:00,https://www.inmuebles24.com/casas-o-casa-en-condominio-o-departamentos-en-venta-en-edo.-de-mexico-ordenado-por-fechaonline-descendente.html-pagina-82.html
https://www.inmuebles24.com/propiedades/clasificado/veclcain-casa-de-las-fuentes-san-salvador-tizatlalli-150628430.html,6800000,"MN 6,800,000",MXN,venta,Casa,Tizatlalli,Metepec,Edo. de México,342.0,240.0,Publicado hace 19 días,2026-07-25T15:06:41Z,2026-08-13T23:13:35.999275+00:00,https://www.inmuebles24.com/casas-o-casa-en-condominio-o-departamentos-en-venta-en-edo.-de-mexico-ordenado-por-fechaonline-descendente.html-pagina-82.html
https://www.inmuebles24.com/propiedades/clasificado/veclcain-casa-en-venta-en-bosques-de-las-palmas-150627874.html,19900000,"MN 19,900,000",MXN,venta,Casa,Bosques de las Palmas,Huixquilucan,Edo. de México,762.0,545.0,Publicado hace 19 días,2026-07-25T06:11:02Z,2026-08-13T23:13:35.999275+00:00,https://www.inmuebles24.com/casas-o-casa-en-condominio-o-departamentos-en-venta-en-edo.-de-mexico-ordenado-por-fechaonline-descendente.html-pagina-82.html
https://www.inmuebles24.com/propiedades/clasificado/veclcain-casa-en-venta-metepec-estado-de-mexico-4-150633300.html,3900000,"MN 3,900,000",MXN,venta,Casa,San Jorge Pueblo Nuevo,Metepec,Edo. de México,203.0,240.0,Publicado hace 19 días,2026-07-26T03:10:16Z,2026-08-13T23:13:35.999275+00:00,https://www.inmuebles24.com/casas-o-casa-en-condominio-o-departamentos-en-venta-en-edo.-de-mexico-ordenado-por-fechaonline-descendente.html-pagina-82.html
https://www.inmuebles24.com/propiedades/clasificado/veclcain-casa-en-venta-rinconada-de-la-herradura-cerrada-con-150632756.html,4850000,"MN 4,850,000",MXN,venta,Casa,Palo Solo,Huixquilucan,Edo. de México,270.0,95.0,Publicado hace 19 días,2026-07-26T01:17Z,2026-08-13T23:13:35.999275+00:00,https://www.inmuebles24.com/casas-o-casa-en-condominio-o-departamentos-en-venta-en-edo.-de-mexico-ordenado-por-fechaonline-descendente.html-pagina-82.html
https://www.inmuebles24.com/propiedades/clasificado/veclcain-casa-venta-150629893.html,2800000,"MN 2,800,000",MXN,venta,Casa,Vergel de Guadalupe,Nezahualcóyotl,Edo. de México,270.0,120.0,Publicado hace 19 días,2026-07-25T18:53:05Z,2026-08-13T23:14:44.229433+00:00,https://www.inmuebles24.com/casas-o-casa-en-condominio-o-departamentos-en-venta-en-edo.-de-mexico-ordenado-por-fechaonline-descendente.html-pagina-82.html
https://www.inmuebles24.com/propiedades/clasificado/veclcain-casa-venta-la-herradura-150630119.html,14980000,"MN 14,980,000",MXN,venta,Casa,La Herradura,Huixquilucan,Edo. de México,346.0,628.0,Publicado hace 19 días,2026-07-25T19:37:29Z,2026-08-13T23:14:44.229433+00:00,https://www.inmuebles24.com/casas-o-casa-en-condominio-o-departamentos-en-venta-en-edo.-de-mexico-ordenado-por-fechaonline-descendente.html-pagina-82.html
https://www.inmuebles24.com/propiedades/clasificado/veclcain-hacienda-del-valle-ii:-casa-en-venta-en-hacienda-del-150627833.html,1523000,"MN 1,523,000",MXN,venta,Casa,Los Sauces,Toluca,Edo. de México,73.0,68.0,Publicado hace 19 días,2026-07-25T06:03:58Z,2026-08-13T23:14:44.229433+00:00,https://www.inmuebles24.com/casas-o-casa-en-condominio-o-departamentos-en-venta-en-edo.-de-mexico-ordenado-por-fechaonline-descendente.html-pagina-82.html
https://www.inmuebles24.com/propiedades/clasificado/veclcain-lomas-country-6-autos-jardin-terraza-150632724.html,21500000,"MN 21,500,000",MXN,venta,Casa,Lomas Country Club,Huixquilucan,Edo. de México,610.0,380.0,Publicado hace 19 días,2026-07-26T01:16:55Z,2026-08-13T23:14:44.229433+00:00,https://www.inmuebles24.com/casas-o-casa-en-condominio-o-departamentos-en-venta-en-edo.-de-mexico-ordenado-por-fechaonline-descendente.html-pagina-82.html
https://www.inmuebles24.com/propiedades/clasificado/veclcain-lujosa-residencia-en-venta-o-renta-en-bosques-de-la-150630117.html,27900000,"MN 27,900,000",MXN,venta,Casa,Bosques de la Herradura,Huixquilucan,Edo. de México,492.0,662.0,Publicado hace 19 días,2026-07-25T19:36:16Z,2026-08-13T23:14:44.229433+00:00,https://www.inmuebles24.com/casas-o-casa-en-condominio-o-departamentos-en-venta-en-edo.-de-mexico-ordenado-por-fechaonline-descendente.html-pagina-82.html
https://www.inmuebles24.com/propiedades/clasificado/veclcain-venta-casa-espectacular-en-martin-caballero-interlomas-150630169.html,15500000,"MN 15,500,000",MXN,venta,Casa,Hacienda de las Palmas,Huixquilucan,Edo. de México,460.0,434.0,Publicado hace 19 días,2026-07-25T19:48:51Z,2026-08-13T23:14:44.229433+00:00,https://www.inmuebles24.com/casas-o-casa-en-condominio-o-departamentos-en-venta-en-edo.-de-mexico-ordenado-por-fechaonline-descendente.html-pagina-82.html
https://www.inmuebles24.com/propiedades/clasificado/veclcain-venta-casa-inmediato-a-lomas-de-la-herradura-150630091.html,9950000,"MN 9,950,000",MXN,venta,Casa,Lomas de la Herradura,Huixquilucan,Edo. de México,400.0,396.0,Publicado hace 19 días,2026-07-25T19:31:16Z,2026-08-13T23:14:44.229433+00:00,https://www.inmuebles24.com/casas-o-casa-en-condominio-o-departamentos-en-venta-en-edo.-de-mexico-ordenado-por-fechaonline-descendente.html-pagina-82.html
https://www.inmuebles24.com/propiedades/clasificado/veclcain-venta-de-casa-de-la-americas-cardenas-toluca-150628751.html,630000,"MN 630,000",MXN,venta,Casa,Américas,Toluca,Edo. de México,450.0,233.0,Publicado hace 19 días,2026-07-25T16:47:47Z,2026-08-13T23:14:44.229433+00:00,https://www.inmuebles24.com/casas-o-casa-en-condominio-o-departamentos-en-venta-en-edo.-de-mexico-ordenado-por-fechaonline-descendente.html-pagina-82.html
https://www.inmuebles24.com/propiedades/clasificado/veclcain-venta-de-casa-en-valle-dorado-tlalnepantla-150627418.html,5700000,"MN 5,700,000",MXN,venta,Casa,Valle Dorado,Tlalnepantla de Baz,Edo. de México,159.0,160.0,Publicado hace 19 días,2026-07-25T03:12:12Z,2026-08-13T23:14:44.229433+00:00,https://www.inmuebles24.com/casas-o-casa-en-condominio-o-departamentos-en-venta-en-edo.-de-mexico-ordenado-por-fechaonline-descendente.html-pagina-82.html
https://www.inmuebles24.com/propiedades/clasificado/veclcain-venta-de-casa-hda-de-pasteje-santa-elena-san-mateo-150628773.html,610000,"MN 610,000",MXN,venta,Casa,Santa Elena,San Mateo Atenco,Edo. de México,150.0,120.0,Publicado hace 19 días,2026-07-25T16:54:06Z,2026-08-13T23:14:44.229433+00:00,https://www.inmuebles24.com/casas-o-casa-en-condominio-o-departamentos-en-venta-en-edo.-de-mexico-ordenado-por-fechaonline-descendente.html-pagina-82.html
https://www.inmuebles24.com/propiedades/clasificado/veclcain-venta-de-casa-tulipanes-villa-de-las-flores-coacalco-150628733.html,520000,"MN 520,000",MXN,venta,Casa,Villa de las Flores 1a Sección,Coacalco de Berriozábal,Edo. de México,350.0,201.0,Publicado hace 19 días,2026-07-25T16:40:20Z,2026-08-13T23:16:00.719421+00:00,https://www.inmuebles24.com/casas-o-casa-en-condominio-o-departamentos-en-venta-en-edo.-de-mexico-ordenado-por-fechaonline-descendente.html-pagina-82.html
https://www.inmuebles24.com/propiedades/clasificado/veclccin-espectacular-casa-en-venta-en-interlomas-en-cerrada-150632718.html,4250000,"USD 4,250,000",USD,venta,Casa en condominio,Hacienda de las Palmas,Huixquilucan,Edo. de México,1200.0,1200.0,Publicado hace 19 días,2026-07-26T01:16:54Z,2026-08-13T23:16:00.719421+00:00,https://www.inmuebles24.com/casas-o-casa-en-condominio-o-departamentos-en-venta-en-edo.-de-mexico-ordenado-por-fechaonline-descendente.html-pagina-82.html
https://www.inmuebles24.com/propiedades/clasificado/veclccin-exclusiva-casa-en-venta-en-interlomas-en-cerrada-con-150632748.html,2250000,"USD 2,250,000",USD,venta,Casa en condominio,Hacienda de las Palmas,Huixquilucan,Edo. de México,1000.0,1000.0,Publicado hace 19 días,2026-07-26T01:16:59Z,2026-08-13T23:16:00.719421+00:00,https://www.inmuebles24.com/casas-o-casa-en-condominio-o-departamentos-en-venta-en-edo.-de-mexico-ordenado-por-fechaonline-descendente.html-pagina-82.html
https://www.inmuebles24.com/propiedades/clasificado/veclapin-departamento-a-la-venta-mexico-primera-seccion-150630370.html,1550000,"MN 1,550,000",MXN,venta,Apartamento,México,Nezahualcóyotl,Edo. de México,58.0,58.0,Publicado hace 19 días,2026-07-25T20:39:35Z,2026-08-13T23:16:00.719421+00:00,https://www.inmuebles24.com/casas-o-casa-en-condominio-o-departamentos-en-venta-en-edo.-de-mexico-ordenado-por-fechaonline-descendente.html-pagina-83.html
https://www.inmuebles24.com/propiedades/clasificado/veclapin-departamento-en-las-canteras-150632811.html,19920000,"MN 19,920,000",MXN,venta,Apartamento,Bosque Real,Huixquilucan,Edo. de México,332.0,332.0,Publicado hace 19 días,2026-07-26T01:17:08Z,2026-08-13T23:16:00.719421+00:00,https://www.inmuebles24.com/casas-o-casa-en-condominio-o-departamentos-en-venta-en-edo.-de-mexico-ordenado-por-fechaonline-descendente.html-pagina-83.html
https://www.inmuebles24.com/propiedades/clasificado/veclapin-departamento-en-lomas-de-tecamachalco-150632808.html,14640000,"MN 14,640,000",MXN,venta,Apartamento,Lomas de Tecamachalco,Naucalpan de Juárez,Edo. de México,387.0,387.0,Publicado hace 19 días,2026-07-26T01:17:07Z,2026-08-13T23:16:00.719421+00:00,https://www.inmuebles24.com/casas-o-casa-en-condominio-o-departamentos-en-venta-en-edo.-de-mexico-ordenado-por-fechaonline-descendente.html-pagina-83.html
https://www.inmuebles24.com/propiedades/clasificado/veclapin-departamento-en-lomas-del-sol-150632827.html,4490000,"MN 4,490,000",MXN,venta,Apartamento,Lomas del Sol,Huixquilucan,Edo. de México,102.0,102.0,Publicado hace 19 días,2026-07-26T01:17:10Z,2026-08-13T23:16:00.719421+00:00,https://www.inmuebles24.com/casas-o-casa-en-condominio-o-departamentos-en-venta-en-edo.-de-mexico-ordenado-por-fechaonline-descendente.html-pagina-83.html
https://www.inmuebles24.com/propiedades/clasificado/veclapin-departamento-en-lomas-del-sol-150632828.html,7000000,"MN 7,000,000",MXN,venta,Apartamento,Interlomas,Huixquilucan,Edo. de México,186.0,186.0,Publicado hace 19 días,2026-07-26T01:17:10Z,2026-08-13T23:16:00.719421+00:00,https://www.inmuebles24.com/casas-o-casa-en-condominio-o-departamentos-en-venta-en-edo.-de-mexico-ordenado-por-fechaonline-descendente.html-pagina-83.html
https://www.inmuebles24.com/propiedades/clasificado/veclapin-departamento-en-renta-y-venta-en-fuente-de-las-lomas-150631208.html,1233000,"USD 1,233,000",USD,venta,Apartamento,Hacienda de las Palmas,Huixquilucan,Edo. de México,411.0,411.0,Publicado hace 19 días,2026-07-26T01:04:01Z,2026-08-13T23:16:00.719421+00:00,https://www.inmuebles24.com/casas-o-casa-en-condominio-o-departamentos-en-venta-en-edo.-de-mexico-ordenado-por-fechaonline-descendente.html-pagina-83.html
https://www.inmuebles24.com/propiedades/clasificado/veclapin-departamento-en-venta-en-hacienda-del-ciervo-amplio-y-150631548.html,8220000,"MN 8,220,000",MXN,venta,Apartamento,Hacienda de las Palmas,Huixquilucan,Edo. de México,179.0,179.0,Publicado hace 19 días,2026-07-26T01:04:29Z,2026-08-13T23:16:00.719421+00:00,https://www.inmuebles24.com/casas-o-casa-en-condominio-o-departamentos-en-venta-en-edo.-de-mexico-ordenado-por-fechaonline-descendente.html-pagina-83.html
https://www.inmuebles24.com/propiedades/clasificado/veclapin-departamento-en-venta-huixquilucan-150631139.html,10810000,"MN 10,810,000",MXN,venta,Apartamento,Hacienda de las Palmas,Huixquilucan,Edo. de México,240.0,240.0,Publicado hace 19 días,2026-07-26T01:03:49Z,2026-08-13T23:17:07.627526+00:00,https://www.inmuebles24.com/casas-o-casa-en-condominio-o-departamentos-en-venta-en-edo.-de-mexico-ordenado-por-fechaonline-descendente.html-pagina-83.html
https://www.inmuebles24.com/propiedades/clasificado/veclapin-departamento-venta-150629316.html,3950000,"MN 3,950,000",MXN,venta,Apartamento,Bellavista Satélite,Tlalnepantla de Baz,Edo. de México,142.0,142.0,Publicado hace 19 días,2026-07-25T18:18:27Z,2026-08-13T23:17:07.627526+00:00,https://www.inmuebles24.com/casas-o-casa-en-condominio-o-departamentos-en-venta-en-edo.-de-mexico-ordenado-por-fechaonline-descendente.html-pagina-83.html
https://www.inmuebles24.com/propiedades/clasificado/veclapin-ivy:-departamento-en-venta-en-bosque-real-150627822.html,14000000,"MN 14,000,000",MXN,venta,Apartamento,Bosque Real,Huixquilucan,Edo. de México,206.0,206.0,Publicado hace 19 días,2026-07-25T06:01:33Z,2026-08-13T23:17:07.627526+00:00,https://www.inmuebles24.com/casas-o-casa-en-condominio-o-departamentos-en-venta-en-edo.-de-mexico-ordenado-por-fechaonline-descendente.html-pagina-83.html
https://www.inmuebles24.com/propiedades/clasificado/veclapin-techos-altos-2-terrazas-hermoso-departamento-150632848.html,8500000,"MN 8,500,000",MXN,venta,Apartamento,Interlomas,Huixquilucan,Edo. de México,167.0,167.0,Publicado hace 19 días,2026-07-26T01:17:14Z,2026-08-13T23:17:07.627526+00:00,https://www.inmuebles24.com/casas-o-casa-en-condominio-o-departamentos-en-venta-en-edo.-de-mexico-ordenado-por-fechaonline-descendente.html-pagina-83.html
https://www.inmuebles24.com/propiedades/clasificado/veclapin-venta-de-departamento-en-planta-baja-en-viveros-de-la-150628498.html,3850000,"MN 3,850,000",MXN,venta,Apartamento,Viveros de La Loma,Tlalnepantla de Baz,Edo. de México,68.0,110.0,Publicado hace 19 días,2026-07-25T15:29:26Z,2026-08-13T23:17:07.627526+00:00,https://www.inmuebles24.com/casas-o-casa-en-condominio-o-departamentos-en-venta-en-edo.-de-mexico-ordenado-por-fechaonline-descendente.html-pagina-83.html
https://www.inmuebles24.com/propiedades/clasificado/veclcain-casa-de-376-m-sup2--con-3-recamaras-en-venta-en-lomas-150629823.html,9800000,"MN 9,800,000",MXN,venta,Casa,Lomas de Tecamachalco,Naucalpan de Juárez,Edo. de México,320.0,376.0,Publicado hace 19 días,2026-07-25T18:37:34Z,2026-08-13T23:17:07.627526+00:00,https://www.inmuebles24.com/casas-o-casa-en-condominio-o-departamentos-en-venta-en-edo.-de-mexico-ordenado-por-fechaonline-descendente.html-pagina-83.html
https://www.inmuebles24.com/propiedades/clasificado/veclcain-casa-en-casa-viejas-150630172.html,2350000,"MN 2,350,000",MXN,venta,Casa,,Valle de Bravo,Edo. de México,150.0,250.0,Publicado hace 19 días,2026-07-25T19:49:23Z,2026-08-13T23:17:07.627526+00:00,https://www.inmuebles24.com/casas-o-casa-en-condominio-o-departamentos-en-venta-en-edo.-de-mexico-ordenado-por-fechaonline-descendente.html-pagina-83.html
https://www.inmuebles24.com/propiedades/clasificado/veclcain-casa-en-venta-en-fuente-de-san-angel-150629640.html,12800000,"MN 12,800,000",MXN,venta,Casa,Lomas de Tecamachalco,Naucalpan de Juárez,Edo. de México,313.0,342.0,Publicado hace 19 días,2026-07-25T18:28:08Z,2026-08-13T23:17:07.627526+00:00,https://www.inmuebles24.com/casas-o-casa-en-condominio-o-departamentos-en-venta-en-edo.-de-mexico-ordenado-por-fechaonline-descendente.html-pagina-83.html
https://www.inmuebles24.com/propiedades/clasificado/veclcain-casa-en-venta-en-lomas-de-tecamachalco-parte-baja-gran-150631771.html,9400000,"MN 9,400,000",MXN,venta,Casa,Lomas de Tecamachalco,Naucalpan de Juárez,Edo. de México,350.0,370.0,Publicado hace 19 días,2026-07-26T01:05:04Z,2026-08-13T23:17:07.627526+00:00,https://www.inmuebles24.com/casas-o-casa-en-condominio-o-departamentos-en-venta-en-edo.-de-mexico-ordenado-por-fechaonline-descendente.html-pagina-83.html
https://www.inmuebles24.com/propiedades/clasificado/veclcain-casa-en-venta-en-valle-de-bravo-150630246.html,18000000,"MN 18,000,000",MXN,venta,Casa,La Peña,Valle de Bravo,Edo. de México,470.0,800.0,Publicado hace 19 días,2026-07-25T20:04:46Z,2026-08-13T23:17:07.627526+00:00,https://www.inmuebles24.com/casas-o-casa-en-condominio-o-departamentos-en-venta-en-edo.-de-mexico-ordenado-por-fechaonline-descendente.html-pagina-83.html
https://www.inmuebles24.com/propiedades/clasificado/veclcain-casa-en-venta-para-remodelar-en-la-herradura-150632686.html,10900000,"MN 10,900,000",MXN,venta,Casa,Lomas de Tecamachalco Sección Cumbres,Huixquilucan,Edo. de México,264.0,392.0,Publicado hace 19 días,2026-07-26T01:08:36Z,2026-08-13T23:18:18.219483+00:00,https://www.inmuebles24.com/casas-o-casa-en-condominio-o-departamentos-en-venta-en-edo.-de-mexico-ordenado-por-fechaonline-descendente.html-pagina-83.html
https://www.inmuebles24.com/propiedades/clasificado/veclcain-casa-venta-150629889.html,5500000,"MN 5,500,000",MXN,venta,Casa,Bosques de Aragón,Nezahualcóyotl,Edo. de México,377.0,275.0,Publicado hace 19 días,2026-07-25T18:52:59Z,2026-08-13T23:18:18.219483+00:00,https://www.inmuebles24.com/casas-o-casa-en-condominio-o-departamentos-en-venta-en-edo.-de-mexico-ordenado-por-fechaonline-descendente.html-pagina-83.html
https://www.inmuebles24.com/propiedades/clasificado/veclcain-casa-venta-150629891.html,5200000,"MN 5,200,000",MXN,venta,Casa,Bosques de Aragón,Nezahualcóyotl,Edo. de México,195.0,140.0,Publicado hace 19 días,2026-07-25T18:53:01Z,2026-08-13T23:18:18.219483+00:00,https://www.inmuebles24.com/casas-o-casa-en-condominio-o-departamentos-en-venta-en-edo.-de-mexico-ordenado-por-fechaonline-descendente.html-pagina-83.html
https://www.inmuebles24.com/propiedades/clasificado/veclcain-casa-venta-150629892.html,5500000,"MN 5,500,000",MXN,venta,Casa,Bosques de Aragón,Nezahualcóyotl,Edo. de México,210.0,230.0,Publicado hace 19 días,2026-07-25T18:53:03Z,2026-08-13T23:18:18.219483+00:00,https://www.inmuebles24.com/casas-o-casa-en-condominio-o-departamentos-en-venta-en-edo.-de-mexico-ordenado-por-fechaonline-descendente.html-pagina-83.html
https://www.inmuebles24.com/propiedades/clasificado/veclcain-casa-venta-las-americas-ecatepec.-3-niveles-150629208.html,2200000,"MN 2,200,000",MXN,venta,Casa,,Ecatepec de Morelos,Edo. de México,150.0,72.0,Publicado hace 19 días,2026-07-25T18:15:27Z,2026-08-13T23:18:18.219483+00:00,https://www.inmuebles24.com/casas-o-casa-en-condominio-o-departamentos-en-venta-en-edo.-de-mexico-ordenado-por-fechaonline-descendente.html-pagina-83.html
https://www.inmuebles24.com/propiedades/clasificado/veclcain-estupenda-casa-en-la-herradura-en-venta-5-recamaras-150632722.html,10500000,"MN 10,500,000",MXN,venta,Casa,La Herradura,Huixquilucan,Edo. de México,350.0,300.0,Publicado hace 19 días,2026-07-26T01:16:55Z,2026-08-13T23:18:18.219483+00:00,https://www.inmuebles24.com/casas-o-casa-en-condominio-o-departamentos-en-venta-en-edo.-de-mexico-ordenado-por-fechaonline-descendente.html-pagina-83.html
https://www.inmuebles24.com/propiedades/clasificado/veclcain-hermosas-casa-listas-para-ser-estrenadas-150627558.html,4650000,"MN 4,650,000",MXN,venta,Casa,,Cuautitlán Izcalli,Edo. de México,146.0,130.0,Publicado hace 19 días,2026-07-25T04:18:59Z,2026-08-13T23:18:18.219483+00:00,https://www.inmuebles24.com/casas-o-casa-en-condominio-o-departamentos-en-venta-en-edo.-de-mexico-ordenado-por-fechaonline-descendente.html-pagina-83.html
https://www.inmuebles24.com/propiedades/clasificado/veclcain-venta-de-casa-amado-nervo-la-conchita-texcoco-de-mora-150628952.html,690000,"MN 690,000",MXN,venta,Casa,La Conchita,Texcoco,Edo. de México,346.0,180.0,Publicado hace 19 días,2026-07-25T17:41:03Z,2026-08-13T23:18:18.219483+00:00,https://www.inmuebles24.com/casas-o-casa-en-condominio-o-departamentos-en-venta-en-edo.-de-mexico-ordenado-por-fechaonline-descendente.html-pagina-83.html
https://www.inmuebles24.com/propiedades/clasificado/veclcain-venta-de-casa-del-volador-san-juanito-texcoco-de-mora-150628918.html,630000,"MN 630,000",MXN,venta,Casa,San Juanito,Texcoco,Edo. de México,350.0,214.0,Publicado hace 19 días,2026-07-25T17:35:43Z,2026-08-13T23:18:18.219483+00:00,https://www.inmuebles24.com/casas-o-casa-en-condominio-o-departamentos-en-venta-en-edo.-de-mexico-ordenado-por-fechaonline-descendente.html-pagina-83.html
https://www.inmuebles24.com/propiedades/clasificado/veclcain-venta-de-casa-en-chalco-santa-cruz-amalinalco-150629090.html,1900000,"MN 1,900,000",MXN,venta,Casa,Santa Cruz Amalinalco,Chalco,Edo. de México,120.0,183.0,Publicado hace 19 días,2026-07-25T18:05:47Z,2026-08-13T23:18:18.219483+00:00,https://www.inmuebles24.com/casas-o-casa-en-condominio-o-departamentos-en-venta-en-edo.-de-mexico-ordenado-por-fechaonline-descendente.html-pagina-83.html
https://www.inmuebles24.com/propiedades/clasificado/veclcain-venta-de-casa-en-lomas-de-lindavista-el-copal-150633201.html,7950000,"MN 7,950,000",MXN,venta,Casa,Lomas de Lindavista El Copal,Tlalnepantla de Baz,Edo. de México,345.0,340.0,Publicado hace 19 días,2026-07-26T02:42:01Z,2026-08-13T23:19:22.920628+00:00,https://www.inmuebles24.com/casas-o-casa-en-condominio-o-departamentos-en-venta-en-edo.-de-mexico-ordenado-por-fechaonline-descendente.html-pagina-83.html
https://www.inmuebles24.com/propiedades/clasificado/veclcain-venta-de-casa-fuentes-de-satelite-atizapan-de-150630737.html,5100000,"MN 5,100,000",MXN,venta,Casa,Fuentes de Satélite,Atizapán de Zaragoza,Edo. de México,170.0,125.0,Publicado hace 19 días,2026-07-25T22:47:10Z,2026-08-13T23:19:22.920628+00:00,https://www.inmuebles24.com/casas-o-casa-en-condominio-o-departamentos-en-venta-en-edo.-de-mexico-ordenado-por-fechaonline-descendente.html-pagina-83.html
https://www.inmuebles24.com/propiedades/clasificado/veclccin-casa-en-venta-en-condominio-150630197.html,53000000,"MN 53,000,000",MXN,venta,Casa en condominio,Cerro Gordo,Valle de Bravo,Edo. de México,1200.0,2000.0,Publicado hace 19 días,2026-07-25T19:54:14Z,2026-08-13T23:19:22.920628+00:00,https://www.inmuebles24.com/casas-o-casa-en-condominio-o-departamentos-en-venta-en-edo.-de-mexico-ordenado-por-fechaonline-descendente.html-pagina-83.html
https://www.inmuebles24.com/propiedades/clasificado/veclapin--bosque-real-3-recamaras-terminados-150631744.html,6750000,"MN 6,750,000",MXN,venta,Apartamento,Bosque Real,Huixquilucan,Edo. de México,156.0,156.0,Publicado hace 19 días,2026-07-26T01:05Z,2026-08-13T23:19:22.920628+00:00,https://www.inmuebles24.com/casas-o-casa-en-condominio-o-departamentos-en-venta-en-edo.-de-mexico-ordenado-por-fechaonline-descendente.html-pagina-84.html
https://www.inmuebles24.com/propiedades/clasificado/veclapin--hermoso-y-enorme-departamento!-3-recamaras-150631190.html,12231534,"MN 12,231,534",MXN,venta,Apartamento,Lomas de Tecamachalco,Naucalpan de Juárez,Edo. de México,,,Publicado hace 19 días,2026-07-26T01:03:58Z,2026-08-13T23:19:22.920628+00:00,https://www.inmuebles24.com/casas-o-casa-en-condominio-o-departamentos-en-venta-en-edo.-de-mexico-ordenado-por-fechaonline-descendente.html-pagina-84.html
https://www.inmuebles24.com/propiedades/clasificado/veclapin-bosque-real-residencia-por-piso!-150631110.html,26920000,"MN 26,920,000",MXN,venta,Apartamento,Bosque Real,Huixquilucan,Edo. de México,461.0,461.0,Publicado hace 19 días,2026-07-26T01:03:44Z,2026-08-13T23:19:22.920628+00:00,https://www.inmuebles24.com/casas-o-casa-en-condominio-o-departamentos-en-venta-en-edo.-de-mexico-ordenado-por-fechaonline-descendente.html-pagina-84.html
https://www.inmuebles24.com/propiedades/clasificado/veclapin-departamento-en-bosque-real-150632014.html,9506743,"MN 9,506,743",MXN,venta,Apartamento,Bosque Real,Huixquilucan,Edo. de México,135.0,135.0,Publicado hace 19 días,2026-07-26T01:05:43Z,2026-08-13T23:19:22.920628+00:00,https://www.inmuebles24.com/casas-o-casa-en-condominio-o-departamentos-en-venta-en-edo.-de-mexico-ordenado-por-fechaonline-descendente.html-pagina-84.html
https://www.inmuebles24.com/propiedades/clasificado/veclapin-departamento-en-bosque-real-150632021.html,9423835,"MN 9,423,835",MXN,venta,Apartamento,Bosque Real,Huixquilucan,Edo. de México,135.0,135.0,Publicado hace 19 días,2026-07-26T01:05:45Z,2026-08-13T23:19:22.920628+00:00,https://www.inmuebles24.com/casas-o-casa-en-condominio-o-departamentos-en-venta-en-edo.-de-mexico-ordenado-por-fechaonline-descendente.html-pagina-84.html
https://www.inmuebles24.com/propiedades/clasificado/veclapin-departamento-en-bosque-real-150632033.html,12604970,"MN 12,604,970",MXN,venta,Apartamento,Bosque Real,Huixquilucan,Edo. de México,179.0,179.0,Publicado hace 19 días,2026-07-26T01:05:47Z,2026-08-13T23:19:22.920628+00:00,https://www.inmuebles24.com/casas-o-casa-en-condominio-o-departamentos-en-venta-en-edo.-de-mexico-ordenado-por-fechaonline-descendente.html-pagina-84.html
https://www.inmuebles24.com/propiedades/clasificado/veclapin-departamento-en-espectacular-residencial-bosque-real-150631231.html,21029052,"MN 21,029,052",MXN,venta,Apartamento,Bosque Real,Huixquilucan,Edo. de México,,,Publicado hace 19 días,2026-07-26T01:04:05Z,2026-08-13T23:19:22.920628+00:00,https://www.inmuebles24.com/casas-o-casa-en-condominio-o-departamentos-en-venta-en-edo.-de-mexico-ordenado-por-fechaonline-descendente.html-pagina-84.html
https://www.inmuebles24.com/propiedades/clasificado/veclapin-departamento-en-venta-amplio-y-funcional!-150631390.html,9190000,"MN 9,190,000",MXN,venta,Apartamento,Hacienda de las Palmas,Huixquilucan,Edo. de México,187.0,201.0,Publicado hace 19 días,2026-07-26T01:04:16Z,2026-08-13T23:20:28.483432+00:00,https://www.inmuebles24.com/casas-o-casa-en-condominio-o-departamentos-en-venta-en-edo.-de-mexico-ordenado-por-fechaonline-descendente.html-pagina-84.html
https://www.inmuebles24.com/propiedades/clasificado/veclapin-departamento-en-venta-bosque-de-las-palmas-150631551.html,6050000,"MN 6,050,000",MXN,venta,Apartamento,Bosques de las Palmas,Huixquilucan,Edo. de México,55.0,55.0,Publicado hace 19 días,2026-07-26T01:04:29Z,2026-08-13T23:20:28.483432+00:00,https://www.inmuebles24.com/casas-o-casa-en-condominio-o-departamentos-en-venta-en-edo.-de-mexico-ordenado-por-fechaonline-descendente.html-pagina-84.html
https://www.inmuebles24.com/propiedades/clasificado/veclapin-departamento-en-venta-huixquilucan-150631207.html,9820000,"MN 9,820,000",MXN,venta,Apartamento,Hacienda de las Palmas,Huixquilucan,Edo. de México,,,Publicado hace 19 días,2026-07-26T01:04Z,2026-08-13T23:20:28.483432+00:00,https://www.inmuebles24.com/casas-o-casa-en-condominio-o-departamentos-en-venta-en-edo.-de-mexico-ordenado-por-fechaonline-descendente.html-pagina-84.html
https://www.inmuebles24.com/propiedades/clasificado/veclapin-departamento-en-venta-huixquilucan-bonito-y-acogedor!-150631631.html,8933000,"MN 8,933,000",MXN,venta,Apartamento,Hacienda de las Palmas,Huixquilucan,Edo. de México,180.0,180.0,Publicado hace 19 días,2026-07-26T01:04:42Z,2026-08-13T23:20:28.483432+00:00,https://www.inmuebles24.com/casas-o-casa-en-condominio-o-departamentos-en-venta-en-edo.-de-mexico-ordenado-por-fechaonline-descendente.html-pagina-84.html
https://www.inmuebles24.com/propiedades/clasificado/veclapin-departamento-en-venta-huixquilucan-listo-para-150631287.html,8790000,"MN 8,790,000",MXN,venta,Apartamento,Hacienda de las Palmas,Huixquilucan,Edo. de México,,,Publicado hace 19 días,2026-07-26T01:04:13Z,2026-08-13T23:20:28.483432+00:00,https://www.inmuebles24.com/casas-o-casa-en-condominio-o-departamentos-en-venta-en-edo.-de-mexico-ordenado-por-fechaonline-descendente.html-pagina-84.html
https://www.inmuebles24.com/propiedades/clasificado/veclapin-departamento-en-venta-huixquilucan-una-vida-vibrante!-150631191.html,9960000,"MN 9,960,000",MXN,venta,Apartamento,Hacienda de las Palmas,Huixquilucan,Edo. de México,201.0,201.0,Publicado hace 19 días,2026-07-26T01:03:58Z,2026-08-13T23:20:28.483432+00:00,https://www.inmuebles24.com/casas-o-casa-en-condominio-o-departamentos-en-venta-en-edo.-de-mexico-ordenado-por-fechaonline-descendente.html-pagina-84.html
https://www.inmuebles24.com/propiedades/clasificado/veclapin-departamento-en-venta-interlomas-3-niveles-de-area-150631233.html,8263240,"MN 8,263,240",MXN,venta,Apartamento,Interlomas,Huixquilucan,Edo. de México,,,Publicado hace 19 días,2026-07-26T01:04:05Z,2026-08-13T23:20:28.483432+00:00,https://www.inmuebles24.com/casas-o-casa-en-condominio-o-departamentos-en-venta-en-edo.-de-mexico-ordenado-por-fechaonline-descendente.html-pagina-84.html
https://www.inmuebles24.com/propiedades/clasificado/veclapin-departamento-en-venta-interlomas-impresionantes-vista-150631411.html,9760773,"MN 9,760,773",MXN,venta,Apartamento,Interlomas,Huixquilucan,Edo. de México,130.0,150.0,Publicado hace 19 días,2026-07-26T01:04:17Z,2026-08-13T23:20:28.483432+00:00,https://www.inmuebles24.com/casas-o-casa-en-condominio-o-departamentos-en-venta-en-edo.-de-mexico-ordenado-por-fechaonline-descendente.html-pagina-84.html
https://www.inmuebles24.com/propiedades/clasificado/veclapin-departamento-en-venta-lujo-y-comodidad!-150631116.html,8590000,"MN 8,590,000",MXN,venta,Apartamento,Hacienda de las Palmas,Huixquilucan,Edo. de México,180.0,180.0,Publicado hace 19 días,2026-07-26T01:03:45Z,2026-08-13T23:20:28.483432+00:00,https://www.inmuebles24.com/casas-o-casa-en-condominio-o-departamentos-en-venta-en-edo.-de-mexico-ordenado-por-fechaonline-descendente.html-pagina-84.html
https://www.inmuebles24.com/propiedades/clasificado/veclapin-departamento-en-venta-privacidad-y-funcionalidad!-150631786.html,9570000,"MN 9,570,000",MXN,venta,Apartamento,Hacienda de las Palmas,Huixquilucan,Edo. de México,,,Publicado hace 19 días,2026-07-26T01:05:07Z,2026-08-13T23:20:28.483432+00:00,https://www.inmuebles24.com/casas-o-casa-en-condominio-o-departamentos-en-venta-en-edo.-de-mexico-ordenado-por-fechaonline-descendente.html-pagina-84.html
https://www.inmuebles24.com/propiedades/clasificado/veclapin-departamento-en-venta-xocoyahualco-tlalnepantla-de-150631169.html,9035128,"MN 9,035,128",MXN,venta,Apartamento,Xocoyahualco,Tlalnepantla de Baz,Edo. de México,138.0,138.0,Publicado hace 19 días,2026-07-26T01:03:54Z,2026-08-13T23:21:41.267997+00:00,https://www.inmuebles24.com/casas-o-casa-en-condominio-o-departamentos-en-venta-en-edo.-de-mexico-ordenado-por-fechaonline-descendente.html-pagina-84.html
https://www.inmuebles24.com/propiedades/clasificado/veclapin-departamento-lomas-de-tecamachalco-150627928.html,13000000,"MN 13,000,000",MXN,venta,Apartamento,Lomas de Tecamachalco,Naucalpan de Juárez,Edo. de México,260.0,260.0,Publicado hace 19 días,2026-07-25T06:43:34Z,2026-08-13T23:21:41.267997+00:00,https://www.inmuebles24.com/casas-o-casa-en-condominio-o-departamentos-en-venta-en-edo.-de-mexico-ordenado-por-fechaonline-descendente.html-pagina-84.html
https://www.inmuebles24.com/propiedades/clasificado/veclapin-impresionantes-vistas-solo-en-sayabes-150631195.html,6500000,"MN 6,500,000",MXN,venta,Apartamento,Bosque Real,Huixquilucan,Edo. de México,152.0,152.0,Publicado hace 19 días,2026-07-26T01:03:58Z,2026-08-13T23:21:41.267997+00:00,https://www.inmuebles24.com/casas-o-casa-en-condominio-o-departamentos-en-venta-en-edo.-de-mexico-ordenado-por-fechaonline-descendente.html-pagina-84.html
https://www.inmuebles24.com/propiedades/clasificado/veclapin-interlomas-departamento-en-venta-vistas-150631447.html,7121600,"MN 7,121,600",MXN,venta,Apartamento,Interlomas,Huixquilucan,Edo. de México,,,Publicado hace 19 días,2026-07-26T01:04:19Z,2026-08-13T23:21:41.267997+00:00,https://www.inmuebles24.com/casas-o-casa-en-condominio-o-departamentos-en-venta-en-edo.-de-mexico-ordenado-por-fechaonline-descendente.html-pagina-84.html
https://www.inmuebles24.com/propiedades/clasificado/veclapin-venta-de-departamento-en-central-park-bosque-real-150631703.html,8750000,"MN 8,750,000",MXN,venta,Apartamento,Bosque Real,Huixquilucan,Edo. de México,190.0,190.0,Publicado hace 19 días,2026-07-26T01:04:53Z,2026-08-13T23:21:41.267997+00:00,https://www.inmuebles24.com/casas-o-casa-en-condominio-o-departamentos-en-venta-en-edo.-de-mexico-ordenado-por-fechaonline-descendente.html-pagina-84.html
https://www.inmuebles24.com/propiedades/clasificado/veclcain-casa-en-paseos-del-bosque-150629549.html,10800000,"MN 10,800,000",MXN,venta,Casa,Paseos del Bosque,Naucalpan de Juárez,Edo. de México,300.0,300.0,Publicado hace 19 días,2026-07-25T18:26:16Z,2026-08-13T23:21:41.267997+00:00,https://www.inmuebles24.com/casas-o-casa-en-condominio-o-departamentos-en-venta-en-edo.-de-mexico-ordenado-por-fechaonline-descendente.html-pagina-84.html
https://www.inmuebles24.com/propiedades/clasificado/veclcain-casa-en-venta-lomas-de-las-palmas-no-pierdas-esta-150631761.html,8300000,"MN 8,300,000",MXN,venta,Casa,Lomas de las Palmas,Huixquilucan,Edo. de México,224.0,575.0,Publicado hace 19 días,2026-07-26T01:05:02Z,2026-08-13T23:21:41.267997+00:00,https://www.inmuebles24.com/casas-o-casa-en-condominio-o-departamentos-en-venta-en-edo.-de-mexico-ordenado-por-fechaonline-descendente.html-pagina-84.html
https://www.inmuebles24.com/propiedades/clasificado/veclcain-casa-en-venta-lomas-de-las-palmas-tu-hogar-ideal-con-150631904.html,7800000,"MN 7,800,000",MXN,venta,Casa,Lomas de las Palmas,Huixquilucan,Edo. de México,249.0,537.0,Publicado hace 19 días,2026-07-26T01:05:26Z,2026-08-13T23:21:41.267997+00:00,https://www.inmuebles24.com/casas-o-casa-en-condominio-o-departamentos-en-venta-en-edo.-de-mexico-ordenado-por-fechaonline-descendente.html-pagina-84.html
https://www.inmuebles24.com/propiedades/clasificado/veclcain-espectacular-casa-en-venta-en-heroes-de-la-revolucion-150631212.html,26000000,"MN 26,000,000",MXN,venta,Casa,,Naucalpan de Juárez,Edo. de México,712.0,870.0,Publicado hace 19 días,2026-07-26T01:04:01Z,2026-08-13T23:21:41.267997+00:00,https://www.inmuebles24.com/casas-o-casa-en-condominio-o-departamentos-en-venta-en-edo.-de-mexico-ordenado-por-fechaonline-descendente.html-pagina-84.html
https://www.inmuebles24.com/propiedades/clasificado/veclcain-espectacular-casa-en-venta-en-interlomas-en-cerrada-150631726.html,4250000,"USD 4,250,000",USD,venta,Casa,Interlomas,Huixquilucan,Edo. de México,1200.0,1200.0,Publicado hace 19 días,2026-07-26T01:04:57Z,2026-08-13T23:21:41.267997+00:00,https://www.inmuebles24.com/casas-o-casa-en-condominio-o-departamentos-en-venta-en-edo.-de-mexico-ordenado-por-fechaonline-descendente.html-pagina-84.html
https://www.inmuebles24.com/propiedades/clasificado/veclcain-venta-de-casa-en-campestre-santa-cruz-chalco-150631092.html,845000,"MN 845,000",MXN,venta,Casa,Campestre Santa Cruz,Chalco,Edo. de México,63.0,63.0,Publicado hace 19 días,2026-07-26T00:56:36Z,2026-08-13T23:22:46.043817+00:00,https://www.inmuebles24.com/casas-o-casa-en-condominio-o-departamentos-en-venta-en-edo.-de-mexico-ordenado-por-fechaonline-descendente.html-pagina-84.html
https://www.inmuebles24.com/propiedades/clasificado/veclcapa-casa-ampliada-en-heroes-de-ixtapaluca-150630127.html,1625000,"MN 1,625,000",MXN,venta,Casa,Los Héroes,Ixtapaluca,Edo. de México,152.0,60.0,Publicado hace 19 días,2026-07-25T19:39:40Z,2026-08-13T23:22:46.043817+00:00,https://www.inmuebles24.com/casas-o-casa-en-condominio-o-departamentos-en-venta-en-edo.-de-mexico-ordenado-por-fechaonline-descendente.html-pagina-84.html
https://www.inmuebles24.com/propiedades/clasificado/veclccpa-en-venta-bonita-casa-en-villas-del-campo-calimaya-150628739.html,2380000,"MN 2,380,000",MXN,venta,Casa en condominio,Villas del Campo,Calimaya,Edo. de México,163.0,,Publicado hace 19 días,2026-07-25T16:42:17Z,2026-08-13T23:22:46.043817+00:00,https://www.inmuebles24.com/casas-o-casa-en-condominio-o-departamentos-en-venta-en-edo.-de-mexico-ordenado-por-fechaonline-descendente.html-pagina-84.html
https://www.inmuebles24.com/propiedades/clasificado/veclapin--bosque-real-sayabes!-impresionantes-vistas-150631783.html,6750000,"MN 6,750,000",MXN,venta,Apartamento,Bosque Real,Huixquilucan,Edo. de México,156.0,156.0,Publicado hace 19 días,2026-07-26T01:05:06Z,2026-08-13T23:22:46.043817+00:00,https://www.inmuebles24.com/casas-o-casa-en-condominio-o-departamentos-en-venta-en-edo.-de-mexico-ordenado-por-fechaonline-descendente.html-pagina-85.html
https://www.inmuebles24.com/propiedades/clasificado/veclapin--bosque-real-terminado-impresionantes-vistas-150631738.html,6910000,"MN 6,910,000",MXN,venta,Apartamento,Bosque Real,Huixquilucan,Edo. de México,156.0,156.0,Publicado hace 19 días,2026-07-26T01:04:59Z,2026-08-13T23:22:46.043817+00:00,https://www.inmuebles24.com/casas-o-casa-en-condominio-o-departamentos-en-venta-en-edo.-de-mexico-ordenado-por-fechaonline-descendente.html-pagina-85.html
https://www.inmuebles24.com/propiedades/clasificado/veclapin-departamento-en-bosque-real-150632013.html,8140150,"MN 8,140,150",MXN,venta,Apartamento,Bosque Real,Huixquilucan,Edo. de México,114.0,114.0,Publicado hace 19 días,2026-07-26T01:05:43Z,2026-08-13T23:22:46.043817+00:00,https://www.inmuebles24.com/casas-o-casa-en-condominio-o-departamentos-en-venta-en-edo.-de-mexico-ordenado-por-fechaonline-descendente.html-pagina-85.html
https://www.inmuebles24.com/propiedades/clasificado/veclapin-departamento-en-bosque-real-150632015.html,9147477,"MN 9,147,477",MXN,venta,Apartamento,Bosque Real,Huixquilucan,Edo. de México,135.0,135.0,Publicado hace 19 días,2026-07-26T01:05:43Z,2026-08-13T23:22:46.043817+00:00,https://www.inmuebles24.com/casas-o-casa-en-condominio-o-departamentos-en-venta-en-edo.-de-mexico-ordenado-por-fechaonline-descendente.html-pagina-85.html
https://www.inmuebles24.com/propiedades/clasificado/veclapin-departamento-en-venta-bosque-real-el-lugar-donde-150631840.html,9616560,"MN 9,616,560",MXN,venta,Apartamento,Bosque Real,Huixquilucan,Edo. de México,152.0,152.0,Publicado hace 19 días,2026-07-26T01:05:16Z,2026-08-13T23:22:46.043817+00:00,https://www.inmuebles24.com/casas-o-casa-en-condominio-o-departamentos-en-venta-en-edo.-de-mexico-ordenado-por-fechaonline-descendente.html-pagina-85.html
https://www.inmuebles24.com/propiedades/clasificado/veclapin-departamento-en-venta-bosque-real-funcionalidad-lujo-150631841.html,11125000,"MN 11,125,000",MXN,venta,Apartamento,Bosque Real,Huixquilucan,Edo. de México,193.0,177.0,Publicado hace 19 días,2026-07-26T01:05:16Z,2026-08-13T23:22:46.043817+00:00,https://www.inmuebles24.com/casas-o-casa-en-condominio-o-departamentos-en-venta-en-edo.-de-mexico-ordenado-por-fechaonline-descendente.html-pagina-85.html
https://www.inmuebles24.com/propiedades/clasificado/veclapin-departamento-en-venta-en-interlomas-alterna-con-150631203.html,5400000,"MN 5,400,000",MXN,venta,Apartamento,Interlomas,Huixquilucan,Edo. de México,112.0,112.0,Publicado hace 19 días,2026-07-26T01:04Z,2026-08-13T23:22:46.043817+00:00,https://www.inmuebles24.com/casas-o-casa-en-condominio-o-departamentos-en-venta-en-edo.-de-mexico-ordenado-por-fechaonline-descendente.html-pagina-85.html
https://www.inmuebles24.com/propiedades/clasificado/veclapin-departamento-en-venta-huixquilucan-seguro-y-150631632.html,8590000,"MN 8,590,000",MXN,venta,Apartamento,Hacienda de las Palmas,Huixquilucan,Edo. de México,180.0,180.0,Publicado hace 19 días,2026-07-26T01:04:42Z,2026-08-13T23:23:56.249295+00:00,https://www.inmuebles24.com/casas-o-casa-en-condominio-o-departamentos-en-venta-en-edo.-de-mexico-ordenado-por-fechaonline-descendente.html-pagina-85.html
https://www.inmuebles24.com/propiedades/clasificado/veclapin-departamento-en-venta-id-vertical-bellavista-150629502.html,8450000,"MN 8,450,000",MXN,venta,Apartamento,Ciudad Adolfo López Mateos,Atizapán de Zaragoza,Edo. de México,180.0,180.0,Publicado hace 19 días,2026-07-25T18:26:07Z,2026-08-13T23:23:56.249295+00:00,https://www.inmuebles24.com/casas-o-casa-en-condominio-o-departamentos-en-venta-en-edo.-de-mexico-ordenado-por-fechaonline-descendente.html-pagina-85.html
https://www.inmuebles24.com/propiedades/clasificado/veclapin-departamento-en-venta-interlomas-dos-excelsas-torres-150631167.html,8887106,"MN 8,887,106",MXN,venta,Apartamento,Interlomas,Huixquilucan,Edo. de México,,,Publicado hace 19 días,2026-07-26T01:03:54Z,2026-08-13T23:23:56.249295+00:00,https://www.inmuebles24.com/casas-o-casa-en-condominio-o-departamentos-en-venta-en-edo.-de-mexico-ordenado-por-fechaonline-descendente.html-pagina-85.html
https://www.inmuebles24.com/propiedades/clasificado/veclapin-departamento-en-venta-lomas-anahuac-150631859.html,11740000,"MN 11,740,000",MXN,venta,Apartamento,Lomas AnAhuac,Huixquilucan,Edo. de México,255.0,255.0,Publicado hace 19 días,2026-07-26T01:05:19Z,2026-08-13T23:23:56.249295+00:00,https://www.inmuebles24.com/casas-o-casa-en-condominio-o-departamentos-en-venta-en-edo.-de-mexico-ordenado-por-fechaonline-descendente.html-pagina-85.html
https://www.inmuebles24.com/propiedades/clasificado/veclapin-departamento-en-venta-lomas-anahuac-huixquilucan-150631860.html,22940000,"MN 22,940,000",MXN,venta,Apartamento,Lomas AnAhuac,Huixquilucan,Edo. de México,458.0,458.0,Publicado hace 19 días,2026-07-26T01:05:19Z,2026-08-13T23:23:56.249295+00:00,https://www.inmuebles24.com/casas-o-casa-en-condominio-o-departamentos-en-venta-en-edo.-de-mexico-ordenado-por-fechaonline-descendente.html-pagina-85.html
https://www.inmuebles24.com/propiedades/clasificado/veclapin-departamento-en-venta-lomas-anahuac-huixquilucan-150631861.html,13450000,"MN 13,450,000",MXN,venta,Apartamento,Lomas AnAhuac,Huixquilucan,Edo. de México,255.0,255.0,Publicado hace 19 días,2026-07-26T01:05:19Z,2026-08-13T23:23:56.249295+00:00,https://www.inmuebles24.com/casas-o-casa-en-condominio-o-departamentos-en-venta-en-edo.-de-mexico-ordenado-por-fechaonline-descendente.html-pagina-85.html
https://www.inmuebles24.com/propiedades/clasificado/veclapin-departamento-en-venta-xocoyahualco-tlalnepantla-de-150631254.html,8061054,"MN 8,061,054",MXN,venta,Apartamento,Xocoyahualco,Tlalnepantla de Baz,Edo. de México,,,Publicado hace 19 días,2026-07-26T01:04:08Z,2026-08-13T23:23:56.249295+00:00,https://www.inmuebles24.com/casas-o-casa-en-condominio-o-departamentos-en-venta-en-edo.-de-mexico-ordenado-por-fechaonline-descendente.html-pagina-85.html
https://www.inmuebles24.com/propiedades/clasificado/veclapin-departamento-en-venta-xocoyahualco-tlalnepantla-de-150631767.html,9600670,"MN 9,600,670",MXN,venta,Apartamento,Xocoyahualco,Tlalnepantla de Baz,Edo. de México,147.0,147.0,Publicado hace 19 días,2026-07-26T01:05:04Z,2026-08-13T23:23:56.249295+00:00,https://www.inmuebles24.com/casas-o-casa-en-condominio-o-departamentos-en-venta-en-edo.-de-mexico-ordenado-por-fechaonline-descendente.html-pagina-85.html
https://www.inmuebles24.com/propiedades/clasificado/veclapin-pent-house-en-venta-huixquilucan-sofisticacion-y-150631708.html,15464000,"MN 15,464,000",MXN,venta,Apartamento,Hacienda de las Palmas,Huixquilucan,Edo. de México,337.0,337.0,Publicado hace 19 días,2026-07-26T01:04:54Z,2026-08-13T23:23:56.249295+00:00,https://www.inmuebles24.com/casas-o-casa-en-condominio-o-departamentos-en-venta-en-edo.-de-mexico-ordenado-por-fechaonline-descendente.html-pagina-85.html
https://www.inmuebles24.com/propiedades/clasificado/veclcain-3-casas-en-venta-juntas-lomas-de-las-palmas-no-150631865.html,24500000,"MN 24,500,000",MXN,venta,Casa,Lomas de las Palmas,Huixquilucan,Edo. de México,700.0,1600.0,Publicado hace 19 días,2026-07-26T01:05:19Z,2026-08-13T23:23:56.249295+00:00,https://www.inmuebles24.com/casas-o-casa-en-condominio-o-departamentos-en-venta-en-edo.-de-mexico-ordenado-por-fechaonline-descendente.html-pagina-85.html
https://www.inmuebles24.com/propiedades/clasificado/veclcain-casa-en-venta-en-tecamachalco-para-desarrollar-o-150631689.html,990000,"USD 990,000",USD,venta,Casa,Lomas de Tecamachalco,Naucalpan de Juárez,Edo. de México,1000.0,593.0,Publicado hace 19 días,2026-07-26T01:04:51Z,2026-08-13T23:25:02.557920+00:00,https://www.inmuebles24.com/casas-o-casa-en-condominio-o-departamentos-en-venta-en-edo.-de-mexico-ordenado-por-fechaonline-descendente.html-pagina-85.html
https://www.inmuebles24.com/propiedades/clasificado/veclcain-espectacular-casa-en-venta-en-lomas-del-huizachal-con-150631280.html,22500000,"MN 22,500,000",MXN,venta,Casa,Lomas del Huizachal,Naucalpan de Juárez,Edo. de México,712.0,870.0,Publicado hace 19 días,2026-07-26T01:04:12Z,2026-08-13T23:25:02.557920+00:00,https://www.inmuebles24.com/casas-o-casa-en-condominio-o-departamentos-en-venta-en-edo.-de-mexico-ordenado-por-fechaonline-descendente.html-pagina-85.html
https://www.inmuebles24.com/propiedades/clasificado/veclcain-espectacular-casa-en-venta-en-lomas-del-huizachal-con-150631778.html,22500000,"MN 22,500,000",MXN,venta,Casa,,Naucalpan de Juárez,Edo. de México,712.0,870.0,Publicado hace 19 días,2026-07-26T01:05:05Z,2026-08-13T23:25:02.557920+00:00,https://www.inmuebles24.com/casas-o-casa-en-condominio-o-departamentos-en-venta-en-edo.-de-mexico-ordenado-por-fechaonline-descendente.html-pagina-85.html
https://www.inmuebles24.com/propiedades/clasificado/veclcain-exclusiva-casa-en-venta-en-interlomas-en-cerrada-con-150631902.html,4000000,"USD 4,000,000",USD,venta,Casa,Interlomas,Huixquilucan,Edo. de México,1000.0,1000.0,Publicado hace 19 días,2026-07-26T01:05:26Z,2026-08-13T23:25:02.557920+00:00,https://www.inmuebles24.com/casas-o-casa-en-condominio-o-departamentos-en-venta-en-edo.-de-mexico-ordenado-por-fechaonline-descendente.html-pagina-85.html
https://www.inmuebles24.com/propiedades/clasificado/veclapin--bosque-real-sayabes!-impresionantes-vistas-150631423.html,6910000,"MN 6,910,000",MXN,venta,Apartamento,Bosque Real,Huixquilucan,Edo. de México,156.0,156.0,Publicado hace 19 días,2026-07-26T01:04:18Z,2026-08-13T23:25:02.557920+00:00,https://www.inmuebles24.com/casas-o-casa-en-condominio-o-departamentos-en-venta-en-edo.-de-mexico-ordenado-por-fechaonline-descendente.html-pagina-86.html
https://www.inmuebles24.com/propiedades/clasificado/veclapin-bosque-real-departamento-de-piso-completo!-150631214.html,27160000,"MN 27,160,000",MXN,venta,Apartamento,Bosque Real,Huixquilucan,Edo. de México,461.0,461.0,Publicado hace 19 días,2026-07-26T01:04:01Z,2026-08-13T23:25:02.557920+00:00,https://www.inmuebles24.com/casas-o-casa-en-condominio-o-departamentos-en-venta-en-edo.-de-mexico-ordenado-por-fechaonline-descendente.html-pagina-86.html
https://www.inmuebles24.com/propiedades/clasificado/veclapin-departamento-en-bosque-real-150632019.html,9258020,"MN 9,258,020",MXN,venta,Apartamento,Bosque Real,Huixquilucan,Edo. de México,135.0,135.0,Publicado hace 19 días,2026-07-26T01:05:44Z,2026-08-13T23:25:02.557920+00:00,https://www.inmuebles24.com/casas-o-casa-en-condominio-o-departamentos-en-venta-en-edo.-de-mexico-ordenado-por-fechaonline-descendente.html-pagina-86.html
https://www.inmuebles24.com/propiedades/clasificado/veclapin-departamento-en-bosque-real-150632020.html,9313292,"MN 9,313,292",MXN,venta,Apartamento,Bosque Real,Huixquilucan,Edo. de México,135.0,135.0,Publicado hace 19 días,2026-07-26T01:05:44Z,2026-08-13T23:25:02.557920+00:00,https://www.inmuebles24.com/casas-o-casa-en-condominio-o-departamentos-en-venta-en-edo.-de-mexico-ordenado-por-fechaonline-descendente.html-pagina-86.html
https://www.inmuebles24.com/propiedades/clasificado/veclapin-departamento-en-lomas-de-tecamachalco-150632012.html,14540000,"MN 14,540,000",MXN,venta,Apartamento,Lomas de Tecamachalco,Naucalpan de Juárez,Edo. de México,383.0,383.0,Publicado hace 19 días,2026-07-26T01:05:43Z,2026-08-13T23:25:02.557920+00:00,https://www.inmuebles24.com/casas-o-casa-en-condominio-o-departamentos-en-venta-en-edo.-de-mexico-ordenado-por-fechaonline-descendente.html-pagina-86.html
https://www.inmuebles24.com/propiedades/clasificado/veclapin-departamento-en-venta-amplio-y-elegante!-huixquilucan-150631285.html,10508000,"MN 10,508,000",MXN,venta,Apartamento,Hacienda de las Palmas,Huixquilucan,Edo. de México,,,Publicado hace 19 días,2026-07-26T01:04:13Z,2026-08-13T23:25:02.557920+00:00,https://www.inmuebles24.com/casas-o-casa-en-condominio-o-departamentos-en-venta-en-edo.-de-mexico-ordenado-por-fechaonline-descendente.html-pagina-86.html
https://www.inmuebles24.com/propiedades/clasificado/veclapin-departamento-en-venta-bosque-de-las-palmas-150631611.html,5780000,"MN 5,780,000",MXN,venta,Apartamento,Bosques de las Palmas,Huixquilucan,Edo. de México,55.0,55.0,Publicado hace 19 días,2026-07-26T01:04:38Z,2026-08-13T23:26:06.548115+00:00,https://www.inmuebles24.com/casas-o-casa-en-condominio-o-departamentos-en-venta-en-edo.-de-mexico-ordenado-por-fechaonline-descendente.html-pagina-86.html
https://www.inmuebles24.com/propiedades/clasificado/veclapin-departamento-en-venta-doble-seguridad-3-150631626.html,8500000,"MN 8,500,000",MXN,venta,Apartamento,,Naucalpan de Juárez,Edo. de México,240.0,240.0,Publicado hace 19 días,2026-07-26T01:04:41Z,2026-08-13T23:26:06.548115+00:00,https://www.inmuebles24.com/casas-o-casa-en-condominio-o-departamentos-en-venta-en-edo.-de-mexico-ordenado-por-fechaonline-descendente.html-pagina-86.html
https://www.inmuebles24.com/propiedades/clasificado/veclapin-departamento-en-venta-en-montebosco-lomas-verdes-150629511.html,8550000,"MN 8,550,000",MXN,venta,Apartamento,Lomas Verdes 6a Sección,Naucalpan de Juárez,Edo. de México,196.0,196.0,Publicado hace 19 días,2026-07-25T18:26:08Z,2026-08-13T23:26:06.548115+00:00,https://www.inmuebles24.com/casas-o-casa-en-condominio-o-departamentos-en-venta-en-edo.-de-mexico-ordenado-por-fechaonline-descendente.html-pagina-86.html
https://www.inmuebles24.com/propiedades/clasificado/veclapin-departamento-en-venta-espacioso!-150631274.html,9570000,"MN 9,570,000",MXN,venta,Apartamento,Hacienda de las Palmas,Huixquilucan,Edo. de México,187.0,201.0,Publicado hace 19 días,2026-07-26T01:04:11Z,2026-08-13T23:26:06.548115+00:00,https://www.inmuebles24.com/casas-o-casa-en-condominio-o-departamentos-en-venta-en-edo.-de-mexico-ordenado-por-fechaonline-descendente.html-pagina-86.html
https://www.inmuebles24.com/propiedades/clasificado/veclapin-departamento-en-venta-id-vertical-bellavista-150629500.html,10960000,"MN 10,960,000",MXN,venta,Apartamento,Ciudad Adolfo López Mateos,Atizapán de Zaragoza,Edo. de México,307.0,307.0,Publicado hace 19 días,2026-07-25T18:26:05Z,2026-08-13T23:26:06.548115+00:00,https://www.inmuebles24.com/casas-o-casa-en-condominio-o-departamentos-en-venta-en-edo.-de-mexico-ordenado-por-fechaonline-descendente.html-pagina-86.html
https://www.inmuebles24.com/propiedades/clasificado/veclapin-departamento-en-venta-interlomas-moderno-y-funcional!-150631461.html,9739576,"MN 9,739,576",MXN,venta,Apartamento,Interlomas,Huixquilucan,Edo. de México,,,Publicado hace 19 días,2026-07-26T01:04:20Z,2026-08-13T23:26:06.548115+00:00,https://www.inmuebles24.com/casas-o-casa-en-condominio-o-departamentos-en-venta-en-edo.-de-mexico-ordenado-por-fechaonline-descendente.html-pagina-86.html
https://www.inmuebles24.com/propiedades/clasificado/veclapin-departamento-en-venta-interlomas-un-innovador-150631670.html,5200000,"MN 5,200,000",MXN,venta,Apartamento,Bosques de las Palmas,Huixquilucan,Edo. de México,90.0,90.0,Publicado hace 19 días,2026-07-26T01:04:48Z,2026-08-13T23:26:06.548115+00:00,https://www.inmuebles24.com/casas-o-casa-en-condominio-o-departamentos-en-venta-en-edo.-de-mexico-ordenado-por-fechaonline-descendente.html-pagina-86.html
https://www.inmuebles24.com/propiedades/clasificado/veclapin-departamento-en-venta-lomas-anahuac-huixquilucan-150631863.html,9013000,"MN 9,013,000",MXN,venta,Apartamento,Lomas AnAhuac,Huixquilucan,Edo. de México,121.0,121.0,Publicado hace 19 días,2026-07-26T01:05:19Z,2026-08-13T23:26:06.548115+00:00,https://www.inmuebles24.com/casas-o-casa-en-condominio-o-departamentos-en-venta-en-edo.-de-mexico-ordenado-por-fechaonline-descendente.html-pagina-86.html
https://www.inmuebles24.com/propiedades/clasificado/veclapin-departamento-en-venta-satelite-vida-y-emocion!-150631117.html,10230761,"MN 10,230,761",MXN,venta,Apartamento,Xocoyahualco,Tlalnepantla de Baz,Edo. de México,156.0,156.0,Publicado hace 19 días,2026-07-26T01:03:46Z,2026-08-13T23:26:06.548115+00:00,https://www.inmuebles24.com/casas-o-casa-en-condominio-o-departamentos-en-venta-en-edo.-de-mexico-ordenado-por-fechaonline-descendente.html-pagina-86.html
https://www.inmuebles24.com/propiedades/clasificado/veclapin-hermoso-departamento-preventa!-en-el-poniente-150631511.html,7537500,"MN 7,537,500",MXN,venta,Apartamento,Interlomas,Huixquilucan,Edo. de México,,,Publicado hace 19 días,2026-07-26T01:04:25Z,2026-08-13T23:26:06.548115+00:00,https://www.inmuebles24.com/casas-o-casa-en-condominio-o-departamentos-en-venta-en-edo.-de-mexico-ordenado-por-fechaonline-descendente.html-pagina-86.html
https://www.inmuebles24.com/propiedades/clasificado/veclapin-terminado-2-recamaras-impresionantes-vistas-150631443.html,6880000,"MN 6,880,000",MXN,venta,Apartamento,Bosque Real,Huixquilucan,Edo. de México,156.0,156.0,Publicado hace 19 días,2026-07-26T01:04:19Z,2026-08-13T23:27:21.835454+00:00,https://www.inmuebles24.com/casas-o-casa-en-condominio-o-departamentos-en-venta-en-edo.-de-mexico-ordenado-por-fechaonline-descendente.html-pagina-86.html
https://www.inmuebles24.com/propiedades/clasificado/veclappa-super-depto-con-bonitos-acabados-150628122.html,32500000,"MN 32,500,000",MXN,venta,Apartamento,Residencial Lago Esmeralda,Atizapán de Zaragoza,Edo. de México,68.0,68.0,Publicado hace 19 días,2026-07-25T14:11:47Z,2026-08-13T23:27:21.835454+00:00,https://www.inmuebles24.com/casas-o-casa-en-condominio-o-departamentos-en-venta-en-edo.-de-mexico-ordenado-por-fechaonline-descendente.html-pagina-86.html
https://www.inmuebles24.com/propiedades/clasificado/veclcain-casa-en-venta-en-atizapan-de-zaragoza-residencia-de-150632003.html,15850000,"MN 15,850,000",MXN,venta,Casa,La Estadía,Atizapán de Zaragoza,Edo. de México,680.0,1758.0,Publicado hace 19 días,2026-07-26T01:05:42Z,2026-08-13T23:27:21.835454+00:00,https://www.inmuebles24.com/casas-o-casa-en-condominio-o-departamentos-en-venta-en-edo.-de-mexico-ordenado-por-fechaonline-descendente.html-pagina-86.html
https://www.inmuebles24.com/propiedades/clasificado/veclcain-casa-santa-teresa-150628435.html,715000,"MN 715,000",MXN,venta,Casa,Santa Teresa,Huehuetoca,Edo. de México,55.0,60.0,Publicado hace 19 días,2026-07-25T15:08:12Z,2026-08-13T23:27:21.835454+00:00,https://www.inmuebles24.com/casas-o-casa-en-condominio-o-departamentos-en-venta-en-edo.-de-mexico-ordenado-por-fechaonline-descendente.html-pagina-86.html
https://www.inmuebles24.com/propiedades/clasificado/veclcain-estupenda-casa-en-la-herradura-en-venta-para-oficinas-150631914.html,10500000,"MN 10,500,000",MXN,venta,Casa,La Herradura,Huixquilucan,Edo. de México,350.0,300.0,Publicado hace 19 días,2026-07-26T01:05:28Z,2026-08-13T23:27:21.835454+00:00,https://www.inmuebles24.com/casas-o-casa-en-condominio-o-departamentos-en-venta-en-edo.-de-mexico-ordenado-por-fechaonline-descendente.html-pagina-86.html
https://www.inmuebles24.com/propiedades/clasificado/veclcain-hermosa-casa-paseo-de-la-soledad!-150631562.html,16500000,"MN 16,500,000",MXN,venta,Casa,La Herradura,Huixquilucan,Edo. de México,408.0,350.0,Publicado hace 19 días,2026-07-26T01:04:31Z,2026-08-13T23:27:21.835454+00:00,https://www.inmuebles24.com/casas-o-casa-en-condominio-o-departamentos-en-venta-en-edo.-de-mexico-ordenado-por-fechaonline-descendente.html-pagina-86.html
https://www.inmuebles24.com/propiedades/clasificado/veclapin-departamento-en-hacienda-del-ciervo-huixquilucan-150619777.html,17212000,"MN 17,212,000",MXN,venta,Apartamento,Hacienda de las Palmas,Huixquilucan,Edo. de México,314.0,314.0,Publicado hace 20 días,2026-07-24T16:19:38Z,2026-08-13T23:27:21.835454+00:00,https://www.inmuebles24.com/casas-o-casa-en-condominio-o-departamentos-en-venta-en-edo.-de-mexico-ordenado-por-fechaonline-descendente.html-pagina-87.html
https://www.inmuebles24.com/propiedades/clasificado/veclapin-departamento-en-renta-y-venta-en-fuente-de-las-lomas-150631143.html,1233000,"USD 1,233,000",USD,venta,Apartamento,Hacienda de las Palmas,Huixquilucan,Edo. de México,448.0,448.0,Publicado hace 19 días,2026-07-26T01:03:50Z,2026-08-13T23:27:21.835454+00:00,https://www.inmuebles24.com/casas-o-casa-en-condominio-o-departamentos-en-venta-en-edo.-de-mexico-ordenado-por-fechaonline-descendente.html-pagina-87.html
https://www.inmuebles24.com/propiedades/clasificado/veclapin-departamento-en-venta-bosque-de-las-palmas-150631239.html,10881200,"MN 10,881,200",MXN,venta,Apartamento,Bosques de las Palmas,Huixquilucan,Edo. de México,146.0,146.0,Publicado hace 19 días,2026-07-26T01:04:06Z,2026-08-13T23:27:21.835454+00:00,https://www.inmuebles24.com/casas-o-casa-en-condominio-o-departamentos-en-venta-en-edo.-de-mexico-ordenado-por-fechaonline-descendente.html-pagina-87.html
https://www.inmuebles24.com/propiedades/clasificado/veclapin-departamento-en-venta-centro-urbano-150631183.html,10088300,"MN 10,088,300",MXN,venta,Apartamento,Conjunto Urbano El Bosque,Huixquilucan,Edo. de México,,,Publicado hace 19 días,2026-07-26T01:03:56Z,2026-08-13T23:27:21.835454+00:00,https://www.inmuebles24.com/casas-o-casa-en-condominio-o-departamentos-en-venta-en-edo.-de-mexico-ordenado-por-fechaonline-descendente.html-pagina-87.html
https://www.inmuebles24.com/propiedades/clasificado/veclapin-departamento-en-venta-en-five-bosque-real-210-150622620.html,8990000,"MN 8,990,000",MXN,venta,Apartamento,Bosque Real,Huixquilucan,Edo. de México,210,210,Publicado hace 20 días,2026-07-24T19:03:17Z,2026-08-13T23:28:27.685923+00:00,https://www.inmuebles24.com/casas-o-casa-en-condominio-o-departamentos-en-venta-en-edo.-de-mexico-ordenado-por-fechaonline-descendente.html-pagina-87.html
https://www.inmuebles24.com/propiedades/clasificado/veclapin-departamento-en-venta-en-via-residences-interlomas-150588248.html,8393232,"MN 8,393,232",MXN,venta,Apartamento,Interlomas,Huixquilucan,Edo. de México,130,130,Publicado hace 20 días,2026-07-21T19:08:23Z,2026-08-13T23:28:27.685923+00:00,https://www.inmuebles24.com/casas-o-casa-en-condominio-o-departamentos-en-venta-en-edo.-de-mexico-ordenado-por-fechaonline-descendente.html-pagina-87.html
https://www.inmuebles24.com/propiedades/clasificado/veclapin-departamento-en-venta-potencial-de-comodidad!-150631602.html,10290000,"MN 10,290,000",MXN,venta,Apartamento,Hacienda de las Palmas,Huixquilucan,Edo. de México,,,Publicado hace 19 días,2026-07-26T01:04:37Z,2026-08-13T23:28:27.685923+00:00,https://www.inmuebles24.com/casas-o-casa-en-condominio-o-departamentos-en-venta-en-edo.-de-mexico-ordenado-por-fechaonline-descendente.html-pagina-87.html
https://www.inmuebles24.com/propiedades/clasificado/veclapin-departamentos-en-renta-en-fuente-de-las-lomas-150631216.html,1350000,"USD 1,350,000",USD,venta,Apartamento,Interlomas,Huixquilucan,Edo. de México,450,450,Publicado hace 19 días,2026-07-26T01:04:02Z,2026-08-13T23:28:27.685923+00:00,https://www.inmuebles24.com/casas-o-casa-en-condominio-o-departamentos-en-venta-en-edo.-de-mexico-ordenado-por-fechaonline-descendente.html-pagina-87.html
https://www.inmuebles24.com/propiedades/clasificado/veclapin-vendo-departamento-160-m-sup2--enfrente-de-isla-de-150623168.html,5200000,"MN 5,200,000",MXN,venta,Apartamento,Jesús del Monte,Huixquilucan,Edo. de México,160,160,Publicado hace 20 días,2026-07-24T19:49:19Z,2026-08-13T23:28:27.685923+00:00,https://www.inmuebles24.com/casas-o-casa-en-condominio-o-departamentos-en-venta-en-edo.-de-mexico-ordenado-por-fechaonline-descendente.html-pagina-87.html
https://www.inmuebles24.com/propiedades/clasificado/veclapin-venta-departamento-en-be-grand-con-gran-descuento!-150622634.html,17490000,"MN 17,490,000",MXN,venta,Apartamento,Conjunto Urbano El Bosque,Huixquilucan,Edo. de México,327,327,Publicado hace 20 días,2026-07-24T19:04:30Z,2026-08-13T23:28:27.685923+00:00,https://www.inmuebles24.com/casas-o-casa-en-condominio-o-departamentos-en-venta-en-edo.-de-mexico-ordenado-por-fechaonline-descendente.html-pagina-87.html
https://www.inmuebles24.com/propiedades/clasificado/veclcain-casa-en-venta-4-150627404.html,16200000,"MN 16,200,000",MXN,venta,Casa,Cuadrilla de Dolores,Valle de Bravo,Edo. de México,390,2087,Publicado hace 20 días,2026-07-25T03:11:15Z,2026-08-13T23:28:27.685923+00:00,https://www.inmuebles24.com/casas-o-casa-en-condominio-o-departamentos-en-venta-en-edo.-de-mexico-ordenado-por-fechaonline-descendente.html-pagina-87.html
https://www.inmuebles24.com/propiedades/clasificado/veclcain-casa-en-venta-en-lomas-de-tecamachalco-150623306.html,18000000,"MN 18,000,000",MXN,venta,Casa,Lomas de Tecamachalco,Naucalpan de Juárez,Edo. de México,722,641,Publicado hace 20 días,2026-07-24T20:02:17Z,2026-08-13T23:28:27.685923+00:00,https://www.inmuebles24.com/casas-o-casa-en-condominio-o-departamentos-en-venta-en-edo.-de-mexico-ordenado-por-fechaonline-descendente.html-pagina-87.html
https://www.inmuebles24.com/propiedades/clasificado/veclcain-casa-en-venta-en-los-heroes-tecamac-4-150627380.html,1050000,"MN 1,050,000",MXN,venta,Casa,Los Héroes Tecámac,Tecámac,Edo. de México,62,52,Publicado hace 20 días,2026-07-25T03:10:01Z,2026-08-13T23:28:27.685923+00:00,https://www.inmuebles24.com/casas-o-casa-en-condominio-o-departamentos-en-venta-en-edo.-de-mexico-ordenado-por-fechaonline-descendente.html-pagina-87.html
https://www.inmuebles24.com/propiedades/clasificado/veclcain-casa-en-venta-renta-en-cerro-gordo-valle-de-bravo-150625842.html,8900000,"MN 8,900,000",MXN,venta,Casa,Cerro Gordo,Valle de Bravo,Edo. de México,300,900,Publicado hace 20 días,2026-07-24T23:23:34Z,2026-08-13T23:28:27.685923+00:00,https://www.inmuebles24.com/casas-o-casa-en-condominio-o-departamentos-en-venta-en-edo.-de-mexico-ordenado-por-fechaonline-descendente.html-pagina-87.html
