url,price,price_text,currency,operation,property_type,neighborhood,city,state,built_m2,land_m2,publication_age,published_date,scraped_at,source_page
https://www.inmuebles24.com/propiedades/clasificado/veclcain-casa-en-venta-en-lomas-de-cocoyoc-150041937.html,10750000,"MN 10,750,000",MXN,venta,Casa,Pueblo Atlatlahucan,Atlatlahucan,Morelos,420.0,564.0,Publicado hace 75 días,2026-05-29T22:39:49Z,2026-08-12T15:23:39.539991+00:00,https://www.inmuebles24.com/casas-o-casa-en-condominio-o-departamentos-en-venta-en-morelos-provincia-ordenado-por-fechaonline-descendente.html-pagina-112.html
https://www.inmuebles24.com/propiedades/clasificado/veclcain-casa-en-venta-en-lomas-de-cocoyoc-150042187.html,7950000,"MN 7,950,000",MXN,venta,Casa,Fraccionamiento Lomas de Cocoyoc,Atlatlahucan,Morelos,305.0,471.0,Publicado hace 75 días,2026-05-29T23:04:22Z,2026-08-12T15:23:39.539991+00:00,https://www.inmuebles24.com/casas-o-casa-en-condominio-o-departamentos-en-venta-en-morelos-provincia-ordenado-por-fechaonline-descendente.html-pagina-112.html
https://www.inmuebles24.com/propiedades/clasificado/veclcain-casa-en-venta-en-lomas-de-cocoyoc-150042207.html,17000000,"MN 17,000,000",MXN,venta,Casa,Fraccionamiento Lomas de Cocoyoc,Atlatlahucan,Morelos,680.0,932.0,Publicado hace 75 días,2026-05-29T23:06:25Z,2026-08-12T15:23:39.539991+00:00,https://www.inmuebles24.com/casas-o-casa-en-condominio-o-departamentos-en-venta-en-morelos-provincia-ordenado-por-fechaonline-descendente.html-pagina-112.html
https://www.inmuebles24.com/propiedades/clasificado/veclcain-casa-en-venta-en-lomas-de-cocoyoc-150042213.html,7800000,"MN 7,800,000",MXN,venta,Casa,Fraccionamiento Lomas de Cocoyoc,Atlatlahucan,Morelos,257.0,350.0,Publicado hace 75 días,2026-05-29T23:06:49Z,2026-08-12T15:23:39.539991+00:00,https://www.inmuebles24.com/casas-o-casa-en-condominio-o-departamentos-en-venta-en-morelos-provincia-ordenado-por-fechaonline-descendente.html-pagina-112.html
https://www.inmuebles24.com/propiedades/clasificado/veclcain-casa-en-venta-en-lomas-de-cocoyoc-150042258.html,6850000,"MN 6,850,000",MXN,venta,Casa,Fraccionamiento Lomas de Cocoyoc,Atlatlahucan,Morelos,389.0,310.0,Publicado hace 75 días,2026-05-29T23:11:29Z,2026-08-12T15:23:39.539991+00:00,https://www.inmuebles24.com/casas-o-casa-en-condominio-o-departamentos-en-venta-en-morelos-provincia-ordenado-por-fechaonline-descendente.html-pagina-112.html
https://www.inmuebles24.com/propiedades/clasificado/veclcain-casa-en-venta-en-lomas-de-cocoyoc-150042259.html,10800001,"MN 10,800,001",MXN,venta,Casa,Fraccionamiento Lomas de Cocoyoc,Atlatlahucan,Morelos,385000.0,528.0,Publicado hace 75 días,2026-05-29T23:11:50Z,2026-08-12T15:23:39.539991+00:00,https://www.inmuebles24.com/casas-o-casa-en-condominio-o-departamentos-en-venta-en-morelos-provincia-ordenado-por-fechaonline-descendente.html-pagina-112.html
https://www.inmuebles24.com/propiedades/clasificado/veclcain-casa-en-venta-en-lomas-de-cocoyoc-150042261.html,10800000,"MN 10,800,000",MXN,venta,Casa,Fraccionamiento Lomas de Cocoyoc,Atlatlahucan,Morelos,338.0,485.0,Publicado hace 75 días,2026-05-29T23:12:19Z,2026-08-12T15:23:39.539991+00:00,https://www.inmuebles24.com/casas-o-casa-en-condominio-o-departamentos-en-venta-en-morelos-provincia-ordenado-por-fechaonline-descendente.html-pagina-112.html
https://www.inmuebles24.com/propiedades/clasificado/veclcain-casa-en-venta-en-lomas-de-cocoyoc-150042286.html,8800000,"MN 8,800,000",MXN,venta,Casa,Fraccionamiento Lomas de Cocoyoc,Atlatlahucan,Morelos,360.0,600.0,Publicado hace 75 días,2026-05-29T23:13:44Z,2026-08-12T15:23:39.539991+00:00,https://www.inmuebles24.com/casas-o-casa-en-condominio-o-departamentos-en-venta-en-morelos-provincia-ordenado-por-fechaonline-descendente.html-pagina-112.html
https://www.inmuebles24.com/propiedades/clasificado/veclcain-casa-en-venta-en-lomas-de-cocoyoc-150042296.html,5400000,"MN 5,400,000",MXN,venta,Casa,Fraccionamiento Lomas de Cocoyoc,Atlatlahucan,Morelos,212.0,388.0,Publicado hace 75 días,2026-05-29T23:14:30Z,2026-08-12T15:23:39.539991+00:00,https://www.inmuebles24.com/casas-o-casa-en-condominio-o-departamentos-en-venta-en-morelos-provincia-ordenado-por-fechaonline-descendente.html-pagina-112.html
https://www.inmuebles24.com/propiedades/clasificado/veclcain-casa-en-venta-en-lomas-de-cocoyoc-150042372.html,21800000,"MN 21,800,000",MXN,venta,Casa,Fraccionamiento Lomas de Cocoyoc,Atlatlahucan,Morelos,600.0,902.0,Publicado hace 75 días,2026-05-29T23:23:46Z,2026-08-12T15:23:39.539991+00:00,https://www.inmuebles24.com/casas-o-casa-en-condominio-o-departamentos-en-venta-en-morelos-provincia-ordenado-por-fechaonline-descendente.html-pagina-112.html
https://www.inmuebles24.com/propiedades/clasificado/veclcain-casa-en-venta-en-lomas-de-cocoyoc-150042587.html,9500000,"MN 9,500,000",MXN,venta,Casa,Fraccionamiento Lomas de Cocoyoc,Atlatlahucan,Morelos,328.0,450.0,Publicado hace 75 días,2026-05-29T23:42:43Z,2026-08-12T15:24:46.620062+00:00,https://www.inmuebles24.com/casas-o-casa-en-condominio-o-departamentos-en-venta-en-morelos-provincia-ordenado-por-fechaonline-descendente.html-pagina-112.html
https://www.inmuebles24.com/propiedades/clasificado/veclcain-casa-en-venta-en-lomas-de-cocoyoc-150042700.html,5300000,"MN 5,300,000",MXN,venta,Casa,Fraccionamiento Lomas de Cocoyoc,Atlatlahucan,Morelos,187.0,450.0,Publicado hace 75 días,2026-05-29T23:49:08Z,2026-08-12T15:24:46.620062+00:00,https://www.inmuebles24.com/casas-o-casa-en-condominio-o-departamentos-en-venta-en-morelos-provincia-ordenado-por-fechaonline-descendente.html-pagina-112.html
https://www.inmuebles24.com/propiedades/clasificado/veclcain-casa-en-venta-en-lomas-de-cocoyoc-150042758.html,16300000,"MN 16,300,000",MXN,venta,Casa,Fraccionamiento Lomas de Cocoyoc,Atlatlahucan,Morelos,519.0,627.0,Publicado hace 75 días,2026-05-29T23:53:47Z,2026-08-12T15:24:46.620062+00:00,https://www.inmuebles24.com/casas-o-casa-en-condominio-o-departamentos-en-venta-en-morelos-provincia-ordenado-por-fechaonline-descendente.html-pagina-112.html
https://www.inmuebles24.com/propiedades/clasificado/veclcain-casa-en-venta-en-oacalco-cesion-de-derechos-150042623.html,4800000,"MN 4,800,000",MXN,venta,Casa,Pueblo Oacalco,Yautepec,Morelos,256.0,862.0,Publicado hace 75 días,2026-05-29T23:45:20Z,2026-08-12T15:24:46.620062+00:00,https://www.inmuebles24.com/casas-o-casa-en-condominio-o-departamentos-en-venta-en-morelos-provincia-ordenado-por-fechaonline-descendente.html-pagina-112.html
https://www.inmuebles24.com/propiedades/clasificado/veclcain-casa-en-venta-en-oaxtepec-150042780.html,6760000,"MN 6,760,000",MXN,venta,Casa,Santa Rosa,Yautepec,Morelos,320.0,500.0,Publicado hace 75 días,2026-05-29T23:55:36Z,2026-08-12T15:24:46.620062+00:00,https://www.inmuebles24.com/casas-o-casa-en-condominio-o-departamentos-en-venta-en-morelos-provincia-ordenado-por-fechaonline-descendente.html-pagina-112.html
https://www.inmuebles24.com/propiedades/clasificado/veclcain-casa-en-venta-en-tlayacapan-150042887.html,5500000,"MN 5,500,000",MXN,venta,Casa,Pueblo Tlayacapan,Tlayacapan,Morelos,242.0,305.0,Publicado hace 75 días,2026-05-30T00:02:12Z,2026-08-12T15:24:46.620062+00:00,https://www.inmuebles24.com/casas-o-casa-en-condominio-o-departamentos-en-venta-en-morelos-provincia-ordenado-por-fechaonline-descendente.html-pagina-112.html
https://www.inmuebles24.com/propiedades/clasificado/veclcain-casa-en-venta-en-tlayacapan-150042896.html,5200000,"MN 5,200,000",MXN,venta,Casa,Pueblo Tlayacapan,Tlayacapan,Morelos,220.0,252.0,Publicado hace 75 días,2026-05-30T00:02:48Z,2026-08-12T15:24:46.620062+00:00,https://www.inmuebles24.com/casas-o-casa-en-condominio-o-departamentos-en-venta-en-morelos-provincia-ordenado-por-fechaonline-descendente.html-pagina-112.html
https://www.inmuebles24.com/propiedades/clasificado/veclcain-casa-en-venta-en-tlayacapan-morelos-150042086.html,4800000,"MN 4,800,000",MXN,venta,Casa,Pueblo Tlayacapan,Tlayacapan,Morelos,195.0,243.0,Publicado hace 75 días,2026-05-29T22:55:30Z,2026-08-12T15:24:46.620062+00:00,https://www.inmuebles24.com/casas-o-casa-en-condominio-o-departamentos-en-venta-en-morelos-provincia-ordenado-por-fechaonline-descendente.html-pagina-112.html
https://www.inmuebles24.com/propiedades/clasificado/veclcain-casa-en-venta-en-tlayacapan-morelos-150042900.html,5200000,"MN 5,200,000",MXN,venta,Casa,Pueblo Tlayacapan,Tlayacapan,Morelos,190.0,367.0,Publicado hace 75 días,2026-05-30T00:03:29Z,2026-08-12T15:24:46.620062+00:00,https://www.inmuebles24.com/casas-o-casa-en-condominio-o-departamentos-en-venta-en-morelos-provincia-ordenado-por-fechaonline-descendente.html-pagina-112.html
https://www.inmuebles24.com/propiedades/clasificado/veclcain-casa-en-venta-en-yautepec-150042194.html,3950000,"MN 3,950,000",MXN,venta,Casa,Barrio Ixtlahuacan,Yautepec,Morelos,180.0,176.0,Publicado hace 75 días,2026-05-29T23:05:21Z,2026-08-12T15:24:46.620062+00:00,https://www.inmuebles24.com/casas-o-casa-en-condominio-o-departamentos-en-venta-en-morelos-provincia-ordenado-por-fechaonline-descendente.html-pagina-112.html
https://www.inmuebles24.com/propiedades/clasificado/veclcain-casa-en-venta-ojo-de-agua-cerca-de-plaza-solaz-esquina-150043701.html,1600000,"MN 1,600,000",MXN,venta,Casa,Emiliano Zapata,Emiliano Zapata,Morelos,69.0,80.0,Publicado hace 75 días,2026-05-30T02:35:42Z,2026-08-12T15:26:03.599505+00:00,https://www.inmuebles24.com/casas-o-casa-en-condominio-o-departamentos-en-venta-en-morelos-provincia-ordenado-por-fechaonline-descendente.html-pagina-112.html
https://www.inmuebles24.com/propiedades/clasificado/veclcain-casa-nueva-en-venta-en-oaxtepec-150042975.html,5150000,"MN 5,150,000",MXN,venta,Casa,Oaxtepec Centro,Yautepec,Morelos,386.0,206.0,Publicado hace 75 días,2026-05-30T00:10:41Z,2026-08-12T15:26:03.599505+00:00,https://www.inmuebles24.com/casas-o-casa-en-condominio-o-departamentos-en-venta-en-morelos-provincia-ordenado-por-fechaonline-descendente.html-pagina-112.html
https://www.inmuebles24.com/propiedades/clasificado/veclcain-hermosa-casa-cerca-lago-de-tequesquitengo-150037236.html,2950000,"MN 2,950,000",MXN,venta,Casa,Tequesquitengo,Jojutla,Morelos,350.0,440.0,Publicado hace 75 días,2026-05-29T16:13:17Z,2026-08-12T15:26:03.599505+00:00,https://www.inmuebles24.com/casas-o-casa-en-condominio-o-departamentos-en-venta-en-morelos-provincia-ordenado-por-fechaonline-descendente.html-pagina-112.html
https://www.inmuebles24.com/propiedades/clasificado/veclcain-venta-casa-con-balcon-y-alberca-lomas-de-tzompantle-150038448.html,2250000,"MN 2,250,000",MXN,venta,Casa,Lomas del Tzompantle,Cuernavaca,Morelos,106.0,118.0,Publicado hace 75 días,2026-05-29T17:57:55Z,2026-08-12T15:26:03.599505+00:00,https://www.inmuebles24.com/casas-o-casa-en-condominio-o-departamentos-en-venta-en-morelos-provincia-ordenado-por-fechaonline-descendente.html-pagina-112.html
https://www.inmuebles24.com/propiedades/clasificado/veclccin-casa-en-venta-en-oaxtepec-150042625.html,3800000,"MN 3,800,000",MXN,venta,Casa en condominio,Oaxtepec Centro,Yautepec,Morelos,140.0,90.0,Publicado hace 75 días,2026-05-29T23:45:49Z,2026-08-12T15:26:03.599505+00:00,https://www.inmuebles24.com/casas-o-casa-en-condominio-o-departamentos-en-venta-en-morelos-provincia-ordenado-por-fechaonline-descendente.html-pagina-112.html
https://www.inmuebles24.com/propiedades/clasificado/veclapin-ultima-oportunidad-departamento-en-venta-con-alberca-150024723.html,2990000,"MN 2,990,000",MXN,venta,Apartamento,Fraccionamiento Lomas de Cortes,Cuernavaca,Morelos,100.0,224.0,Publicado hace 76 días,2026-05-28T09:23:43Z,2026-08-12T15:26:03.599505+00:00,https://www.inmuebles24.com/casas-o-casa-en-condominio-o-departamentos-en-venta-en-morelos-provincia-ordenado-por-fechaonline-descendente.html-pagina-113.html
https://www.inmuebles24.com/propiedades/clasificado/veclcain-casa-con-alberca-y-amplio-jardin-en-venta-en-acatlipa-150033566.html,3000000,"MN 3,000,000",MXN,venta,Casa,Acatlipa Centro,Temixco,Morelos,148.0,379.0,Publicado hace 76 días,2026-05-29T01:51:18Z,2026-08-12T15:26:03.599505+00:00,https://www.inmuebles24.com/casas-o-casa-en-condominio-o-departamentos-en-venta-en-morelos-provincia-ordenado-por-fechaonline-descendente.html-pagina-113.html
https://www.inmuebles24.com/propiedades/clasificado/veclcain-casa-de-un-nivel-en-venta-150036490.html,10850000,"MN 10,850,000",MXN,venta,Casa,Fraccionamiento Paraíso Country Club,Emiliano Zapata,Morelos,288.0,480.0,Publicado hace 75 días,2026-05-29T14:25:19Z,2026-08-12T15:26:03.599505+00:00,https://www.inmuebles24.com/casas-o-casa-en-condominio-o-departamentos-en-venta-en-morelos-provincia-ordenado-por-fechaonline-descendente.html-pagina-113.html
https://www.inmuebles24.com/propiedades/clasificado/veclcain-casa-en-privada-en-centro-jiutepec-jiutepec-morelos-150027605.html,4400000,"MN 4,400,000",MXN,venta,Casa,Centro Jiutepec,Jiutepec,Morelos,237.0,225.0,Publicado hace 76 días,2026-05-28T18:35:28Z,2026-08-12T15:26:03.599505+00:00,https://www.inmuebles24.com/casas-o-casa-en-condominio-o-departamentos-en-venta-en-morelos-provincia-ordenado-por-fechaonline-descendente.html-pagina-113.html
https://www.inmuebles24.com/propiedades/clasificado/veclcain-casa-en-privada-panoramica-espectacular-vista-150031349.html,1000000,"USD 1,000,000",USD,venta,Casa,Del Bosque,Cuernavaca,Morelos,350.0,13004.0,Publicado hace 76 días,2026-05-28T22:57:19Z,2026-08-12T15:26:03.599505+00:00,https://www.inmuebles24.com/casas-o-casa-en-condominio-o-departamentos-en-venta-en-morelos-provincia-ordenado-por-fechaonline-descendente.html-pagina-113.html
https://www.inmuebles24.com/propiedades/clasificado/veclcain-casa-en-venta-con-vigilancia-vista-hermosa-150029793.html,13000000,"MN 13,000,000",MXN,venta,Casa,Vista Hermosa,Cuernavaca,Morelos,440.0,600.0,Publicado hace 76 días,2026-05-28T20:58Z,2026-08-12T15:27:07.013427+00:00,https://www.inmuebles24.com/casas-o-casa-en-condominio-o-departamentos-en-venta-en-morelos-provincia-ordenado-por-fechaonline-descendente.html-pagina-113.html
https://www.inmuebles24.com/propiedades/clasificado/veclcain-casa-en-venta-en-altos-de-oaxtepec-150036845.html,7000000,"MN 7,000,000",MXN,venta,Casa,Fraccionamiento Altos de Oaxtepec,Yautepec,Morelos,330.0,570.0,Publicado hace 75 días,2026-05-29T15:24:54Z,2026-08-12T15:27:07.013427+00:00,https://www.inmuebles24.com/casas-o-casa-en-condominio-o-departamentos-en-venta-en-morelos-provincia-ordenado-por-fechaonline-descendente.html-pagina-113.html
https://www.inmuebles24.com/propiedades/clasificado/veclcain-casa-en-venta-en-la-canada-en-cuernavaca-150025095.html,7489000,"MN 7,489,000",MXN,venta,Casa,La Cañada,Cuernavaca,Morelos,311.0,235.0,Publicado hace 76 días,2026-05-28T13:39:57Z,2026-08-12T15:27:07.013427+00:00,https://www.inmuebles24.com/casas-o-casa-en-condominio-o-departamentos-en-venta-en-morelos-provincia-ordenado-por-fechaonline-descendente.html-pagina-113.html
https://www.inmuebles24.com/propiedades/clasificado/veclcain-casa-en-venta-en-pueblo-atlatlahucan-150036846.html,1850000,"MN 1,850,000",MXN,venta,Casa,Pueblo Atlatlahucan,Atlatlahucan,Morelos,210.0,240.0,Publicado hace 75 días,2026-05-29T15:24:54Z,2026-08-12T15:27:07.013427+00:00,https://www.inmuebles24.com/casas-o-casa-en-condominio-o-departamentos-en-venta-en-morelos-provincia-ordenado-por-fechaonline-descendente.html-pagina-113.html
https://www.inmuebles24.com/propiedades/clasificado/veclcain-casa-en-venta-en-santamaria-ahuacatitlan-150027497.html,14000000,"MN 14,000,000",MXN,venta,Casa,Pueblo Santa María Ahuacatitlán,Cuernavaca,Morelos,794.0,2131.0,Publicado hace 76 días,2026-05-28T18:30:05Z,2026-08-12T15:27:07.013427+00:00,https://www.inmuebles24.com/casas-o-casa-en-condominio-o-departamentos-en-venta-en-morelos-provincia-ordenado-por-fechaonline-descendente.html-pagina-113.html
https://www.inmuebles24.com/propiedades/clasificado/veclcain-casa-en-venta-residencial-paraiso-country-club-150024806.html,12200000,"MN 12,200,000",MXN,venta,Casa,Guadalupe de las Arenas,Emiliano Zapata,Morelos,632.0,480.0,Publicado hace 76 días,2026-05-28T11:24:16Z,2026-08-12T15:27:07.013427+00:00,https://www.inmuebles24.com/casas-o-casa-en-condominio-o-departamentos-en-venta-en-morelos-provincia-ordenado-por-fechaonline-descendente.html-pagina-113.html
https://www.inmuebles24.com/propiedades/clasificado/veclcain-casa-en-venta-santiago-tepetlapa-tepoztlan-morelos.-150030995.html,5400000,"MN 5,400,000",MXN,venta,Casa,,Tepoztlán,Morelos,120.0,288.0,Publicado hace 76 días,2026-05-28T22:30:26Z,2026-08-12T15:27:07.013427+00:00,https://www.inmuebles24.com/casas-o-casa-en-condominio-o-departamentos-en-venta-en-morelos-provincia-ordenado-por-fechaonline-descendente.html-pagina-113.html
https://www.inmuebles24.com/propiedades/clasificado/veclcain-en-venta-casa-en-jardines-de-reforma-150012361.html,13800000,"MN 13,800,000",MXN,venta,Casa,Fraccionamiento Jardines de Reforma,Cuernavaca,Morelos,600.0,450.0,Publicado hace 76 días,2026-05-27T15:07:58Z,2026-08-12T15:27:07.013427+00:00,https://www.inmuebles24.com/casas-o-casa-en-condominio-o-departamentos-en-venta-en-morelos-provincia-ordenado-por-fechaonline-descendente.html-pagina-113.html
https://www.inmuebles24.com/propiedades/clasificado/veclcain-espectacular-y-moderna-casa-al-norte-de-cuernavaca-150027070.html,9500000,"MN 9,500,000",MXN,venta,Casa,Rancho Cortes,Cuernavaca,Morelos,320.0,360.0,Publicado hace 76 días,2026-05-28T17:53:57Z,2026-08-12T15:27:07.013427+00:00,https://www.inmuebles24.com/casas-o-casa-en-condominio-o-departamentos-en-venta-en-morelos-provincia-ordenado-por-fechaonline-descendente.html-pagina-113.html
https://www.inmuebles24.com/propiedades/clasificado/veclcain-exclusiva-casa-moderna-en-fraccionamiento-en-burgos-150027329.html,8200000,"MN 8,200,000",MXN,venta,Casa,,Temixco,Morelos,315.0,403.0,Publicado hace 76 días,2026-05-28T18:14:40Z,2026-08-12T15:27:07.013427+00:00,https://www.inmuebles24.com/casas-o-casa-en-condominio-o-departamentos-en-venta-en-morelos-provincia-ordenado-por-fechaonline-descendente.html-pagina-113.html
https://www.inmuebles24.com/propiedades/clasificado/veclcain-exclusivo-residencial-de-10-casas-con-alberca-ultima-150029353.html,2850000,"MN 2,850,000",MXN,venta,Casa,,Xochitepec,Morelos,96.0,72.0,Publicado hace 76 días,2026-05-28T20:15:50Z,2026-08-12T15:28:12.569192+00:00,https://www.inmuebles24.com/casas-o-casa-en-condominio-o-departamentos-en-venta-en-morelos-provincia-ordenado-por-fechaonline-descendente.html-pagina-113.html
https://www.inmuebles24.com/propiedades/clasificado/veclcain-gran-oportunidad-acogedor-edificio-con-departamentos-150030122.html,5500000,"MN 5,500,000",MXN,venta,Casa,Oaxtepec Centro,Yautepec,Morelos,354.0,476.0,Publicado hace 76 días,2026-05-28T21:13:06Z,2026-08-12T15:28:12.569192+00:00,https://www.inmuebles24.com/casas-o-casa-en-condominio-o-departamentos-en-venta-en-morelos-provincia-ordenado-por-fechaonline-descendente.html-pagina-113.html
https://www.inmuebles24.com/propiedades/clasificado/veclcain-hermosa-casa-con-alberca-y-amplio-jardin-dentro-de-150030709.html,6950000,"MN 6,950,000",MXN,venta,Casa,,Jiutepec,Morelos,321.0,700.0,Publicado hace 76 días,2026-05-28T22:05:16Z,2026-08-12T15:28:12.569192+00:00,https://www.inmuebles24.com/casas-o-casa-en-condominio-o-departamentos-en-venta-en-morelos-provincia-ordenado-por-fechaonline-descendente.html-pagina-113.html
https://www.inmuebles24.com/propiedades/clasificado/veclcain-increible-propiedad-en-venta-paraiso-country-club-150024805.html,12200000,"MN 12,200,000",MXN,venta,Casa,Palo Escrito,Emiliano Zapata,Morelos,632.0,480.0,Publicado hace 76 días,2026-05-28T11:24:15Z,2026-08-12T15:28:12.569192+00:00,https://www.inmuebles24.com/casas-o-casa-en-condominio-o-departamentos-en-venta-en-morelos-provincia-ordenado-por-fechaonline-descendente.html-pagina-113.html
https://www.inmuebles24.com/propiedades/clasificado/veclcain-pre-venta-de-casa-en-cuautla-morelos-150033735.html,2450000,"MN 2,450,000",MXN,venta,Casa,Otilio Montaño,Cuautla,Morelos,140.0,250.0,Publicado hace 76 días,2026-05-29T02:25:22Z,2026-08-12T15:28:12.569192+00:00,https://www.inmuebles24.com/casas-o-casa-en-condominio-o-departamentos-en-venta-en-morelos-provincia-ordenado-por-fechaonline-descendente.html-pagina-113.html
https://www.inmuebles24.com/propiedades/clasificado/veclcain-venta-casa-emiliano-zapata-morelos-150030460.html,2450000,"MN 2,450,000",MXN,venta,Casa,Jardines de Tezoyuca,Emiliano Zapata,Morelos,140.0,80.0,Publicado hace 76 días,2026-05-28T21:42:54Z,2026-08-12T15:28:12.569192+00:00,https://www.inmuebles24.com/casas-o-casa-en-condominio-o-departamentos-en-venta-en-morelos-provincia-ordenado-por-fechaonline-descendente.html-pagina-113.html
https://www.inmuebles24.com/propiedades/clasificado/veclcain-venta-casa-sesion-de-derechos-jiutepecsolo-recursos-150029507.html,1650000,"MN 1,650,000",MXN,venta,Casa,El Naranjo,Jiutepec,Morelos,130.0,200.0,Publicado hace 76 días,2026-05-28T20:31:18Z,2026-08-12T15:28:12.569192+00:00,https://www.inmuebles24.com/casas-o-casa-en-condominio-o-departamentos-en-venta-en-morelos-provincia-ordenado-por-fechaonline-descendente.html-pagina-113.html
https://www.inmuebles24.com/propiedades/clasificado/veclcain-venta-de-casa-en-cuautla-morelos-150006680.html,2200000,"MN 2,200,000",MXN,venta,Casa,Tetelcingo,Cuautla,Morelos,140.0,200.0,Publicado hace 77 días,2026-05-26T23:20:55Z,2026-08-12T15:28:12.569192+00:00,https://www.inmuebles24.com/casas-o-casa-en-condominio-o-departamentos-en-venta-en-morelos-provincia-ordenado-por-fechaonline-descendente.html-pagina-113.html
https://www.inmuebles24.com/propiedades/clasificado/veclcain-venta-de-casa-en-oaxtepec-150007428.html,3285000,"MN 3,285,000",MXN,venta,Casa,Oaxtepec Centro,Yautepec,Morelos,185.0,200.0,Publicado hace 77 días,2026-05-27T00:09:37Z,2026-08-12T15:28:12.569192+00:00,https://www.inmuebles24.com/casas-o-casa-en-condominio-o-departamentos-en-venta-en-morelos-provincia-ordenado-por-fechaonline-descendente.html-pagina-113.html
https://www.inmuebles24.com/propiedades/clasificado/veclcain-venta-de-casa-las-fincas-jiutepec-150033949.html,4290000,"MN 4,290,000",MXN,venta,Casa,,Jiutepec,Morelos,267.0,377.0,Publicado hace 76 días,2026-05-29T03:06:57Z,2026-08-12T15:28:12.569192+00:00,https://www.inmuebles24.com/casas-o-casa-en-condominio-o-departamentos-en-venta-en-morelos-provincia-ordenado-por-fechaonline-descendente.html-pagina-113.html
https://www.inmuebles24.com/propiedades/clasificado/veclcain-venta-de-residencia-con-acceso-al-lago-de-150030540.html,9900000,"MN 9,900,000",MXN,venta,Casa,Tequesquitengo,Jojutla,Morelos,425.0,473.0,Publicado hace 76 días,2026-05-28T21:49:26Z,2026-08-12T15:29:21.037116+00:00,https://www.inmuebles24.com/casas-o-casa-en-condominio-o-departamentos-en-venta-en-morelos-provincia-ordenado-por-fechaonline-descendente.html-pagina-113.html
https://www.inmuebles24.com/propiedades/clasificado/veclccin-casa-en-condominio-zona-dorada-150031438.html,6700000,"MN 6,700,000",MXN,venta,Casa en condominio,Delicias,Cuernavaca,Morelos,201.0,240.0,Publicado hace 76 días,2026-05-28T23:05:38Z,2026-08-12T15:29:21.037116+00:00,https://www.inmuebles24.com/casas-o-casa-en-condominio-o-departamentos-en-venta-en-morelos-provincia-ordenado-por-fechaonline-descendente.html-pagina-113.html
https://www.inmuebles24.com/propiedades/clasificado/veclccin-casa-en-venta-en-condominio-con-seguridad-ubicada-en-150026167.html,1250000,"MN 1,250,000",MXN,venta,Casa en condominio,,Xochitepec,Morelos,80.0,93.0,Publicado hace 76 días,2026-05-28T16:48:13Z,2026-08-12T15:29:21.037116+00:00,https://www.inmuebles24.com/casas-o-casa-en-condominio-o-departamentos-en-venta-en-morelos-provincia-ordenado-por-fechaonline-descendente.html-pagina-113.html
https://www.inmuebles24.com/propiedades/clasificado/veclccin-casa-en-venta-en-residencial-bosques-de-jiutepec-150019376.html,4950000,"MN 4,950,000",MXN,venta,Casa en condominio,Fraccionamiento Los Bosques,Jiutepec,Morelos,220.0,443.0,Publicado hace 77 días,2026-05-27T20:52:32Z,2026-08-12T15:29:21.037116+00:00,https://www.inmuebles24.com/casas-o-casa-en-condominio-o-departamentos-en-venta-en-morelos-provincia-ordenado-por-fechaonline-descendente.html-pagina-113.html
https://www.inmuebles24.com/propiedades/clasificado/veclccin-casa-en-xochitepec-150032548.html,1400000,"MN 1,400,000",MXN,venta,Casa en condominio,Real Santa Fe,Xochitepec,Morelos,118.0,118.0,Publicado hace 76 días,2026-05-29T00:10:33Z,2026-08-12T15:29:21.037116+00:00,https://www.inmuebles24.com/casas-o-casa-en-condominio-o-departamentos-en-venta-en-morelos-provincia-ordenado-por-fechaonline-descendente.html-pagina-113.html
https://www.inmuebles24.com/propiedades/clasificado/veclapin-departamento-con-alberca-al-norte-de-cuernavaca-150002556.html,2000000,"MN 2,000,000",MXN,venta,Apartamento,Lomas del Tzompantle,Cuernavaca,Morelos,85.0,85.0,Publicado hace 78 días,2026-05-26T19:24:42Z,2026-08-12T15:29:21.037116+00:00,https://www.inmuebles24.com/casas-o-casa-en-condominio-o-departamentos-en-venta-en-morelos-provincia-ordenado-por-fechaonline-descendente.html-pagina-114.html
https://www.inmuebles24.com/propiedades/clasificado/veclapin-departamento-en-renta-venta-delicias-cuernavaca-150022047.html,3980000,"MN 3,980,000",MXN,venta,Apartamento,Delicias,Cuernavaca,Morelos,160.0,160.0,Publicado hace 77 días,2026-05-28T00:04:06Z,2026-08-12T15:29:21.037116+00:00,https://www.inmuebles24.com/casas-o-casa-en-condominio-o-departamentos-en-venta-en-morelos-provincia-ordenado-por-fechaonline-descendente.html-pagina-114.html
https://www.inmuebles24.com/propiedades/clasificado/veclapin-departamento-en-venta-zona-chapultepec-150002023.html,2150000,"MN 2,150,000",MXN,venta,Apartamento,Ciudad Chapultepec,Cuernavaca,Morelos,62.0,63.0,Publicado hace 78 días,2026-05-26T18:54:31Z,2026-08-12T15:29:21.037116+00:00,https://www.inmuebles24.com/casas-o-casa-en-condominio-o-departamentos-en-venta-en-morelos-provincia-ordenado-por-fechaonline-descendente.html-pagina-114.html
https://www.inmuebles24.com/propiedades/clasificado/veclcain-bellisima-casa-en-parques-sumiya-jiutepec-morelos-150005522.html,8800000,"MN 8,800,000",MXN,venta,Casa,,Jiutepec,Morelos,360.0,729.0,Publicado hace 78 días,2026-05-26T22:26:05Z,2026-08-12T15:29:21.037116+00:00,https://www.inmuebles24.com/casas-o-casa-en-condominio-o-departamentos-en-venta-en-morelos-provincia-ordenado-por-fechaonline-descendente.html-pagina-114.html
https://www.inmuebles24.com/propiedades/clasificado/veclcain-casa-con-2-recamaras-en-venta-en-ayala-morelos-150020636.html,1750000,"MN 1,750,000",MXN,venta,Casa,,Ayala,Morelos,117.0,170.0,Publicado hace 77 días,2026-05-27T22:26:59Z,2026-08-12T15:29:21.037116+00:00,https://www.inmuebles24.com/casas-o-casa-en-condominio-o-departamentos-en-venta-en-morelos-provincia-ordenado-por-fechaonline-descendente.html-pagina-114.html
https://www.inmuebles24.com/propiedades/clasificado/veclcain-casa-en-fraccionamiento-la-herradura-cuernavaca-150011919.html,38900000,"MN 38,900,000",MXN,venta,Casa,,Cuernavaca,Morelos,1700.0,3800.0,Publicado hace 77 días,2026-05-27T13:51:09Z,2026-08-12T15:30:35.936113+00:00,https://www.inmuebles24.com/casas-o-casa-en-condominio-o-departamentos-en-venta-en-morelos-provincia-ordenado-por-fechaonline-descendente.html-pagina-114.html
https://www.inmuebles24.com/propiedades/clasificado/veclcain-casa-en-las-garzas-tezoyuca-morelos-junto-a-la-150023198.html,850000,"MN 850,000",MXN,venta,Casa,Tezoyuca,Emiliano Zapata,Morelos,42.0,42.0,Publicado hace 77 días,2026-05-28T03:01:16Z,2026-08-12T15:30:35.936113+00:00,https://www.inmuebles24.com/casas-o-casa-en-condominio-o-departamentos-en-venta-en-morelos-provincia-ordenado-por-fechaonline-descendente.html-pagina-114.html
https://www.inmuebles24.com/propiedades/clasificado/veclcain-casa-en-venta-club-de-golf-san-gaspar-jiutepec-150001020.html,8900000,"MN 8,900,000",MXN,venta,Casa,,Jiutepec,Morelos,315.0,740.0,Publicado hace 78 días,2026-05-26T17:55:25Z,2026-08-12T15:30:35.936113+00:00,https://www.inmuebles24.com/casas-o-casa-en-condominio-o-departamentos-en-venta-en-morelos-provincia-ordenado-por-fechaonline-descendente.html-pagina-114.html
https://www.inmuebles24.com/propiedades/clasificado/veclcain-casa-en-venta-con-alberca-en-chiconcuac-xochitepec-150009957.html,2700000,"MN 2,700,000",MXN,venta,Casa,,Xochitepec,Morelos,165.0,258.0,Publicado hace 77 días,2026-05-27T05:05:10Z,2026-08-12T15:30:35.936113+00:00,https://www.inmuebles24.com/casas-o-casa-en-condominio-o-departamentos-en-venta-en-morelos-provincia-ordenado-por-fechaonline-descendente.html-pagina-114.html
https://www.inmuebles24.com/propiedades/clasificado/veclcain-casa-en-venta-las-fuentes-jiutepec-morelos!-150003463.html,7200000,"MN 7,200,000",MXN,venta,Casa,Fraccionamiento Pedregal de las Fuentes,Jiutepec,Morelos,500.0,830.0,Publicado hace 78 días,2026-05-26T20:20:55Z,2026-08-12T15:30:35.936113+00:00,https://www.inmuebles24.com/casas-o-casa-en-condominio-o-departamentos-en-venta-en-morelos-provincia-ordenado-por-fechaonline-descendente.html-pagina-114.html
https://www.inmuebles24.com/propiedades/clasificado/veclcain-casa-en-venta-o-renta-col.-vista-hermosa-150011820.html,7490000,"MN 7,490,000",MXN,venta,Casa,Vista Hermosa,Cuernavaca,Morelos,300.0,400.0,Publicado hace 77 días,2026-05-27T13:04:29Z,2026-08-12T15:30:35.936113+00:00,https://www.inmuebles24.com/casas-o-casa-en-condominio-o-departamentos-en-venta-en-morelos-provincia-ordenado-por-fechaonline-descendente.html-pagina-114.html
https://www.inmuebles24.com/propiedades/clasificado/veclcain-casa-en-venta-zona-rancho-cortes-150003922.html,6950000,"MN 6,950,000",MXN,venta,Casa,Rancho Cortes,Cuernavaca,Morelos,270.0,270.0,Publicado hace 78 días,2026-05-26T20:46:27Z,2026-08-12T15:30:35.936113+00:00,https://www.inmuebles24.com/casas-o-casa-en-condominio-o-departamentos-en-venta-en-morelos-provincia-ordenado-por-fechaonline-descendente.html-pagina-114.html
https://www.inmuebles24.com/propiedades/clasificado/veclcain-casona-en-santa-maria-ahuacatitlan-privacidad-150000345.html,12000000,"MN 12,000,000",MXN,venta,Casa,Pueblo Santa María Ahuacatitlán,Cuernavaca,Morelos,696.0,8789.0,Publicado hace 78 días,2026-05-26T16:58:25Z,2026-08-12T15:30:35.936113+00:00,https://www.inmuebles24.com/casas-o-casa-en-condominio-o-departamentos-en-venta-en-morelos-provincia-ordenado-por-fechaonline-descendente.html-pagina-114.html
https://www.inmuebles24.com/propiedades/clasificado/veclcain-estrene-hermosa-casa-un-nivel-mas-sotano-con-cuarto-150017342.html,11500000,"MN 11,500,000",MXN,venta,Casa,Fraccionamiento Lomas de Cocoyoc,Atlatlahucan,Morelos,300.0,520.0,Publicado hace 77 días,2026-05-27T19:05:56Z,2026-08-12T15:30:35.936113+00:00,https://www.inmuebles24.com/casas-o-casa-en-condominio-o-departamentos-en-venta-en-morelos-provincia-ordenado-por-fechaonline-descendente.html-pagina-114.html
https://www.inmuebles24.com/propiedades/clasificado/veclcain-hermosa-casa-estilo-hacienda-mexicana-en-venta-150019482.html,12800000,"MN 12,800,000",MXN,venta,Casa,Fraccionamiento Amates de Oaxtepec,Yautepec,Morelos,800.0,4577.0,Publicado hace 77 días,2026-05-27T20:59:22Z,2026-08-12T15:30:35.936113+00:00,https://www.inmuebles24.com/casas-o-casa-en-condominio-o-departamentos-en-venta-en-morelos-provincia-ordenado-por-fechaonline-descendente.html-pagina-114.html
https://www.inmuebles24.com/propiedades/clasificado/veclcain-lujosa-casa-en-venta-jiutepec-morelos-150011662.html,25000000,"MN 25,000,000",MXN,venta,Casa,Progreso,Jiutepec,Morelos,905.0,4089.0,Publicado hace 77 días,2026-05-27T11:24:06Z,2026-08-12T15:31:56.172192+00:00,https://www.inmuebles24.com/casas-o-casa-en-condominio-o-departamentos-en-venta-en-morelos-provincia-ordenado-por-fechaonline-descendente.html-pagina-114.html
https://www.inmuebles24.com/propiedades/clasificado/veclcain-moderna-casa-en-fracc.-burgos-bugamilias-temixco-150015603.html,5150000,"MN 5,150,000",MXN,venta,Casa,,Temixco,Morelos,250.0,275.0,Publicado hace 77 días,2026-05-27T17:56:22Z,2026-08-12T15:31:56.172192+00:00,https://www.inmuebles24.com/casas-o-casa-en-condominio-o-departamentos-en-venta-en-morelos-provincia-ordenado-por-fechaonline-descendente.html-pagina-114.html
https://www.inmuebles24.com/propiedades/clasificado/veclcain-moderna-casa-sola-en-atlacomulco-jiutepec-150020340.html,1550000,"MN 1,550,000",MXN,venta,Casa,,Jiutepec,Morelos,80.0,100.0,Publicado hace 77 días,2026-05-27T22:04:28Z,2026-08-12T15:31:56.172192+00:00,https://www.inmuebles24.com/casas-o-casa-en-condominio-o-departamentos-en-venta-en-morelos-provincia-ordenado-por-fechaonline-descendente.html-pagina-114.html
https://www.inmuebles24.com/propiedades/clasificado/veclcain-se-vende-casa-comercial-en-civac-150015552.html,2500000,"MN 2,500,000",MXN,venta,Casa,Tejalpa,Jiutepec,Morelos,239.0,90.0,Publicado hace 77 días,2026-05-27T17:53Z,2026-08-12T15:31:56.172192+00:00,https://www.inmuebles24.com/casas-o-casa-en-condominio-o-departamentos-en-venta-en-morelos-provincia-ordenado-por-fechaonline-descendente.html-pagina-114.html
https://www.inmuebles24.com/propiedades/clasificado/veclcain-se-vende-casa-en-paseos-del-rio-150013201.html,2250000,"MN 2,250,000",MXN,venta,Casa,Fraccionamiento Paseos del Río,Emiliano Zapata,Morelos,126.0,90.0,Publicado hace 77 días,2026-05-27T16:16:39Z,2026-08-12T15:31:56.172192+00:00,https://www.inmuebles24.com/casas-o-casa-en-condominio-o-departamentos-en-venta-en-morelos-provincia-ordenado-por-fechaonline-descendente.html-pagina-114.html
https://www.inmuebles24.com/propiedades/clasificado/veclcain-venta-de-casa-con-alberca-y-mas-de-500-m-de-terreno-en-150019635.html,3500000,"MN 3,500,000",MXN,venta,Casa,,Cuautla,Morelos,150.0,546.0,Publicado hace 77 días,2026-05-27T21:09:59Z,2026-08-12T15:31:56.172192+00:00,https://www.inmuebles24.com/casas-o-casa-en-condominio-o-departamentos-en-venta-en-morelos-provincia-ordenado-por-fechaonline-descendente.html-pagina-114.html
https://www.inmuebles24.com/propiedades/clasificado/veclcain-venta-de-casa-en-vergeles-de-oaxtepec-150014711.html,3990000,"MN 3,990,000",MXN,venta,Casa,,Yautepec,Morelos,200.0,660.0,Publicado hace 77 días,2026-05-27T17:18:01Z,2026-08-12T15:31:56.172192+00:00,https://www.inmuebles24.com/casas-o-casa-en-condominio-o-departamentos-en-venta-en-morelos-provincia-ordenado-por-fechaonline-descendente.html-pagina-114.html
https://www.inmuebles24.com/propiedades/clasificado/veclcain-venta-de-hermosa-casa-en-cuautla-morelos-150007783.html,2580000,"MN 2,580,000",MXN,venta,Casa,Otilio Montaño,Cuautla,Morelos,140.0,150.0,Publicado hace 77 días,2026-05-27T00:55:30Z,2026-08-12T15:31:56.172192+00:00,https://www.inmuebles24.com/casas-o-casa-en-condominio-o-departamentos-en-venta-en-morelos-provincia-ordenado-por-fechaonline-descendente.html-pagina-114.html
https://www.inmuebles24.com/propiedades/clasificado/veclcain-venta-de-hermosa-casa-en-cuautla-morelos-150008684.html,3550000,"MN 3,550,000",MXN,venta,Casa,Otilio Montaño,Cuautla,Morelos,180.0,220.0,Publicado hace 77 días,2026-05-27T02:55:32Z,2026-08-12T15:31:56.172192+00:00,https://www.inmuebles24.com/casas-o-casa-en-condominio-o-departamentos-en-venta-en-morelos-provincia-ordenado-por-fechaonline-descendente.html-pagina-114.html
https://www.inmuebles24.com/propiedades/clasificado/veclcain-venta-de-increible-casa-en-cuautla-morelos.-150007600.html,3550000,"MN 3,550,000",MXN,venta,Casa,Otilio Montaño,Cuautla,Morelos,180.0,200.0,Publicado hace 77 días,2026-05-27T00:32:48Z,2026-08-12T15:31:56.172192+00:00,https://www.inmuebles24.com/casas-o-casa-en-condominio-o-departamentos-en-venta-en-morelos-provincia-ordenado-por-fechaonline-descendente.html-pagina-114.html
https://www.inmuebles24.com/propiedades/clasificado/veclccin-casa-con-alberca-en-venta-en-emiliano-zapata-morelos-150021934.html,1950000,"MN 1,950,000",MXN,venta,Casa en condominio,Rancho Tezoyuca,Emiliano Zapata,Morelos,97.0,81.0,Publicado hace 77 días,2026-05-27T23:56:59Z,2026-08-12T15:33:04.931666+00:00,https://www.inmuebles24.com/casas-o-casa-en-condominio-o-departamentos-en-venta-en-morelos-provincia-ordenado-por-fechaonline-descendente.html-pagina-114.html
https://www.inmuebles24.com/propiedades/clasificado/veclccin-casa-en-renta-y-venta-en-burgos-bugambilias-temixco-150007567.html,3200000,"MN 3,200,000",MXN,venta,Casa en condominio,Tres de Mayo,Emiliano Zapata,Morelos,130.0,130.0,Publicado hace 78 días,2026-05-27T00:27:59Z,2026-08-12T15:33:04.931666+00:00,https://www.inmuebles24.com/casas-o-casa-en-condominio-o-departamentos-en-venta-en-morelos-provincia-ordenado-por-fechaonline-descendente.html-pagina-114.html
https://www.inmuebles24.com/propiedades/clasificado/veclccin-casa-en-venta-con-roof-garden-privado-y-alberca-real-150007475.html,3000000,"MN 3,000,000",MXN,venta,Casa en condominio,Real Santa Fe,Xochitepec,Morelos,123.0,182.0,Publicado hace 78 días,2026-05-27T00:14:42Z,2026-08-12T15:33:04.931666+00:00,https://www.inmuebles24.com/casas-o-casa-en-condominio-o-departamentos-en-venta-en-morelos-provincia-ordenado-por-fechaonline-descendente.html-pagina-114.html
https://www.inmuebles24.com/propiedades/clasificado/veclccin-impecable-y-amplio-condominio-con-jardin-privado-en-150008068.html,4900000,"MN 4,900,000",MXN,venta,Casa en condominio,Acapatzingo,Cuernavaca,Morelos,213.0,357.0,Publicado hace 78 días,2026-05-27T01:46:46Z,2026-08-12T15:33:04.931666+00:00,https://www.inmuebles24.com/casas-o-casa-en-condominio-o-departamentos-en-venta-en-morelos-provincia-ordenado-por-fechaonline-descendente.html-pagina-114.html
https://www.inmuebles24.com/propiedades/clasificado/veclccin-privada-con-seguridad--3habitaciones--4.5banos-150003475.html,9500000,"MN 9,500,000",MXN,venta,Casa en condominio,Buenavista,Cuernavaca,Morelos,400.0,565.0,Publicado hace 78 días,2026-05-26T20:22:48Z,2026-08-12T15:33:04.931666+00:00,https://www.inmuebles24.com/casas-o-casa-en-condominio-o-departamentos-en-venta-en-morelos-provincia-ordenado-por-fechaonline-descendente.html-pagina-114.html
https://www.inmuebles24.com/propiedades/clasificado/veclapin-departamento-palmira-tinguindin-149979388.html,2400000,"MN 2,400,000",MXN,venta,Apartamento,Palmira Tingüindín,Cuernavaca,Morelos,80.0,80.0,Publicado hace 80 días,2026-05-24T14:11:37Z,2026-08-12T15:33:04.931666+00:00,https://www.inmuebles24.com/casas-o-casa-en-condominio-o-departamentos-en-venta-en-morelos-provincia-ordenado-por-fechaonline-descendente.html-pagina-115.html
https://www.inmuebles24.com/propiedades/clasificado/veclapin-precioso-departamento-en-venta-amublado-149983715.html,3950000,"MN 3,950,000",MXN,venta,Apartamento,Miraval,Cuernavaca,Morelos,142.0,142.0,Publicado hace 79 días,2026-05-25T15:20:51Z,2026-08-12T15:33:04.931666+00:00,https://www.inmuebles24.com/casas-o-casa-en-condominio-o-departamentos-en-venta-en-morelos-provincia-ordenado-por-fechaonline-descendente.html-pagina-115.html
https://www.inmuebles24.com/propiedades/clasificado/veclapin-venta-departamento-en-unidad-habitacional-el-aguaje-149985136.html,850000,"MN 850,000",MXN,venta,Apartamento,Unidad habitacional El Aguaje,Emiliano Zapata,Morelos,68.0,68.0,Publicado hace 79 días,2026-05-25T16:51:09Z,2026-08-12T15:33:04.931666+00:00,https://www.inmuebles24.com/casas-o-casa-en-condominio-o-departamentos-en-venta-en-morelos-provincia-ordenado-por-fechaonline-descendente.html-pagina-115.html
https://www.inmuebles24.com/propiedades/clasificado/veclcain-casa-club-de-golf-tabachines-149983735.html,36000000,"MN 36,000,000",MXN,venta,Casa,Club de Golf Los Tabachines,Cuernavaca,Morelos,850.0,1266.0,Publicado hace 79 días,2026-05-25T15:23:28Z,2026-08-12T15:33:04.931666+00:00,https://www.inmuebles24.com/casas-o-casa-en-condominio-o-departamentos-en-venta-en-morelos-provincia-ordenado-por-fechaonline-descendente.html-pagina-115.html
https://www.inmuebles24.com/propiedades/clasificado/veclcain-casa-con-1000-m-sup2--superficie-de-terreno-4-149981103.html,7300000,"MN 7,300,000",MXN,venta,Casa,Lomas de Cortes,Cuernavaca,Morelos,426.0,1000.0,Publicado hace 80 días,2026-05-25T02:25:50Z,2026-08-12T15:33:04.931666+00:00,https://www.inmuebles24.com/casas-o-casa-en-condominio-o-departamentos-en-venta-en-morelos-provincia-ordenado-por-fechaonline-descendente.html-pagina-115.html
https://www.inmuebles24.com/propiedades/clasificado/veclcain-casa-con-92-m-sup2--superficie-de-terreno-y-2-150006604.html,1650000,"MN 1,650,000",MXN,venta,Casa,San Juan Texcalpan,Atlatlahucan,Morelos,87.0,92.0,Publicado hace 78 días,2026-05-26T23:16:06Z,2026-08-12T15:34:15.672142+00:00,https://www.inmuebles24.com/casas-o-casa-en-condominio-o-departamentos-en-venta-en-morelos-provincia-ordenado-por-fechaonline-descendente.html-pagina-115.html
https://www.inmuebles24.com/propiedades/clasificado/veclcain-casa-cuernavaca-en-venta-con-recamara-en-planta-baja-149976476.html,2800000,"MN 2,800,000",MXN,venta,Casa,Vicente Estrada Cajigal,Cuernavaca,Morelos,248.0,149.0,Publicado hace 80 días,2026-05-24T04:45:50Z,2026-08-12T15:34:15.672142+00:00,https://www.inmuebles24.com/casas-o-casa-en-condominio-o-departamentos-en-venta-en-morelos-provincia-ordenado-por-fechaonline-descendente.html-pagina-115.html
https://www.inmuebles24.com/propiedades/clasificado/veclcain-casa-de-un-nivel-en-ahuatepec-en-cuernavaca-149981908.html,2300000,"MN 2,300,000",MXN,venta,Casa,Fraccionamiento San Jerónimo Ahuatepec,Cuernavaca,Morelos,195.0,500.0,Publicado hace 79 días,2026-05-25T04:44:12Z,2026-08-12T15:34:15.672142+00:00,https://www.inmuebles24.com/casas-o-casa-en-condominio-o-departamentos-en-venta-en-morelos-provincia-ordenado-por-fechaonline-descendente.html-pagina-115.html
https://www.inmuebles24.com/propiedades/clasificado/veclcain-casa-en-fraccionamiento-rancho-tetela-en-venta-150002744.html,28000000,"MN 28,000,000",MXN,venta,Casa,Fraccionamiento Rancho Tetela,Cuernavaca,Morelos,907.0,1518.0,Publicado hace 78 días,2026-05-26T19:37:12Z,2026-08-12T15:34:15.672142+00:00,https://www.inmuebles24.com/casas-o-casa-en-condominio-o-departamentos-en-venta-en-morelos-provincia-ordenado-por-fechaonline-descendente.html-pagina-115.html
https://www.inmuebles24.com/propiedades/clasificado/veclcain-casa-en-prados-de-cuernavaca-a-una-cuadra-de-av-150007864.html,3400000,"MN 3,400,000",MXN,venta,Casa,Prados de Cuernavaca,Cuernavaca,Morelos,139.0,240.0,Publicado hace 78 días,2026-05-27T01:07:01Z,2026-08-12T15:34:15.672142+00:00,https://www.inmuebles24.com/casas-o-casa-en-condominio-o-departamentos-en-venta-en-morelos-provincia-ordenado-por-fechaonline-descendente.html-pagina-115.html
https://www.inmuebles24.com/propiedades/clasificado/veclcain-casa-en-venta-en-club-de-golf-tabachines-150002122.html,50000000,"MN 50,000,000",MXN,venta,Casa,Club de Golf Los Tabachines,Cuernavaca,Morelos,800.0,1100.0,Publicado hace 78 días,2026-05-26T19:04:03Z,2026-08-12T15:34:15.672142+00:00,https://www.inmuebles24.com/casas-o-casa-en-condominio-o-departamentos-en-venta-en-morelos-provincia-ordenado-por-fechaonline-descendente.html-pagina-115.html
https://www.inmuebles24.com/propiedades/clasificado/veclcain-casa-en-venta-en-col.-vicente-guerrero-tejalpa-150005221.html,1450000,"MN 1,450,000",MXN,venta,Casa,,Jiutepec,Morelos,187.0,124.0,Publicado hace 78 días,2026-05-26T21:52:29Z,2026-08-12T15:34:15.672142+00:00,https://www.inmuebles24.com/casas-o-casa-en-condominio-o-departamentos-en-venta-en-morelos-provincia-ordenado-por-fechaonline-descendente.html-pagina-115.html
https://www.inmuebles24.com/propiedades/clasificado/veclcain-casa-en-venta-en-fraccionamiento-burgos-cuernavaca-150007328.html,6500000,"MN 6,500,000",MXN,venta,Casa,Fraccionamiento Burgos,Emiliano Zapata,Morelos,160.0,423.0,Publicado hace 78 días,2026-05-26T23:58:37Z,2026-08-12T15:34:15.672142+00:00,https://www.inmuebles24.com/casas-o-casa-en-condominio-o-departamentos-en-venta-en-morelos-provincia-ordenado-por-fechaonline-descendente.html-pagina-115.html
https://www.inmuebles24.com/propiedades/clasificado/veclcain-casa-en-venta-en-fraccionamiento-residencial-sumiya-149984651.html,9950000,"MN 9,950,000",MXN,venta,Casa,Fraccionamiento Residencial Sumiya,Jiutepec,Morelos,485.0,736.0,Publicado hace 79 días,2026-05-25T16:10:53Z,2026-08-12T15:34:15.672142+00:00,https://www.inmuebles24.com/casas-o-casa-en-condominio-o-departamentos-en-venta-en-morelos-provincia-ordenado-por-fechaonline-descendente.html-pagina-115.html
https://www.inmuebles24.com/propiedades/clasificado/veclcain-casa-en-venta-en-lomas-de-cocoyoc-olc-4451-149987007.html,5300000,"MN 5,300,000",MXN,venta,Casa,Fraccionamiento Lomas de Cocoyoc,Atlatlahucan,Morelos,310.0,474.0,Publicado hace 79 días,2026-05-25T18:46:09Z,2026-08-12T15:34:15.672142+00:00,https://www.inmuebles24.com/casas-o-casa-en-condominio-o-departamentos-en-venta-en-morelos-provincia-ordenado-por-fechaonline-descendente.html-pagina-115.html
https://www.inmuebles24.com/propiedades/clasificado/veclcain-casa-en-venta-en-residencial-burgos-de-cuernavaca-con-149991246.html,8500000,"MN 8,500,000",MXN,venta,Casa,Fraccionamiento Burgos Bugambilias,Temixco,Morelos,300.0,500.0,Publicado hace 79 días,2026-05-25T22:13:15Z,2026-08-12T15:35:30.137000+00:00,https://www.inmuebles24.com/casas-o-casa-en-condominio-o-departamentos-en-venta-en-morelos-provincia-ordenado-por-fechaonline-descendente.html-pagina-115.html
https://www.inmuebles24.com/propiedades/clasificado/veclcain-casa-en-venta-en-tequesquitengo-con-roof-garden-vista-150008428.html,2700000,"MN 2,700,000",MXN,venta,Casa,Tequesquitengo,Jojutla,Morelos,140.0,180.0,Publicado hace 78 días,2026-05-27T02:47:56Z,2026-08-12T15:35:30.137000+00:00,https://www.inmuebles24.com/casas-o-casa-en-condominio-o-departamentos-en-venta-en-morelos-provincia-ordenado-por-fechaonline-descendente.html-pagina-115.html
https://www.inmuebles24.com/propiedades/clasificado/veclcain-casa-en-venta-fraccionamiento-las-fincas-jiutepec-150001123.html,5800000,"MN 5,800,000",MXN,venta,Casa,Fraccionamiento Las Fincas,Jiutepec,Morelos,242.0,283.0,Publicado hace 78 días,2026-05-26T18:03:16Z,2026-08-12T15:35:30.137000+00:00,https://www.inmuebles24.com/casas-o-casa-en-condominio-o-departamentos-en-venta-en-morelos-provincia-ordenado-por-fechaonline-descendente.html-pagina-115.html
https://www.inmuebles24.com/propiedades/clasificado/veclcain-casa-en-venta-lomas-de-palmira-150007440.html,2000000,"MN 2,000,000",MXN,venta,Casa,Unidad habitacional Lomas de Palmira,Jiutepec,Morelos,218.0,150.0,Publicado hace 78 días,2026-05-27T00:10:34Z,2026-08-12T15:35:30.137000+00:00,https://www.inmuebles24.com/casas-o-casa-en-condominio-o-departamentos-en-venta-en-morelos-provincia-ordenado-por-fechaonline-descendente.html-pagina-115.html
https://www.inmuebles24.com/propiedades/clasificado/veclcain-casa-en-venta-temixco-colinas-de-altar-constructora-150009374.html,1100000,"MN 1,100,000",MXN,venta,Casa,,Temixco,Morelos,75.0,75.0,Publicado hace 78 días,2026-05-27T03:08:06Z,2026-08-12T15:35:30.137000+00:00,https://www.inmuebles24.com/casas-o-casa-en-condominio-o-departamentos-en-venta-en-morelos-provincia-ordenado-por-fechaonline-descendente.html-pagina-115.html
https://www.inmuebles24.com/propiedades/clasificado/veclcain-casa-en-venta-tepoztlan-morelos-tepozteco-estilo-149980501.html,38500000,"MN 38,500,000",MXN,venta,Casa,Tepoztlán Centro,Tepoztlán,Morelos,954.0,4500.0,Publicado hace 80 días,2026-05-24T22:06:18Z,2026-08-12T15:35:30.137000+00:00,https://www.inmuebles24.com/casas-o-casa-en-condominio-o-departamentos-en-venta-en-morelos-provincia-ordenado-por-fechaonline-descendente.html-pagina-115.html
https://www.inmuebles24.com/propiedades/clasificado/veclcain-casa-fraccionamiento-burgos-149987124.html,4500000,"MN 4,500,000",MXN,venta,Casa,Fraccionamiento Burgos,Emiliano Zapata,Morelos,223.0,616.0,Publicado hace 79 días,2026-05-25T18:55:56Z,2026-08-12T15:35:30.137000+00:00,https://www.inmuebles24.com/casas-o-casa-en-condominio-o-departamentos-en-venta-en-morelos-provincia-ordenado-por-fechaonline-descendente.html-pagina-115.html
https://www.inmuebles24.com/propiedades/clasificado/veclcain-casa-nueva-en-condominio-con-alberca-ultimas-2-149992910.html,2970000,"MN 2,970,000",MXN,venta,Casa,Fraccionamiento Burgos,Emiliano Zapata,Morelos,160.0,130.0,Publicado hace 79 días,2026-05-26T00:33:44Z,2026-08-12T15:35:30.137000+00:00,https://www.inmuebles24.com/casas-o-casa-en-condominio-o-departamentos-en-venta-en-morelos-provincia-ordenado-por-fechaonline-descendente.html-pagina-115.html
https://www.inmuebles24.com/propiedades/clasificado/veclcain-casa-sola-en-fraccionamiento-san-jeronimo-de-150002531.html,5600000,"MN 5,600,000",MXN,venta,Casa,Delicias,Cuernavaca,Morelos,160.0,185.0,Publicado hace 78 días,2026-05-26T19:22:30Z,2026-08-12T15:35:30.137000+00:00,https://www.inmuebles24.com/casas-o-casa-en-condominio-o-departamentos-en-venta-en-morelos-provincia-ordenado-por-fechaonline-descendente.html-pagina-115.html
https://www.inmuebles24.com/propiedades/clasificado/veclcain-moderna-casa-en-fracc-ahuatepec-cuernavaca-morelos-149987359.html,4490000,"MN 4,490,000",MXN,venta,Casa,,Cuernavaca,Morelos,167.0,180.0,Publicado hace 79 días,2026-05-25T19:09:57Z,2026-08-12T15:35:30.137000+00:00,https://www.inmuebles24.com/casas-o-casa-en-condominio-o-departamentos-en-venta-en-morelos-provincia-ordenado-por-fechaonline-descendente.html-pagina-115.html
https://www.inmuebles24.com/propiedades/clasificado/veclcain-se-vende-propiedad-comercial-frente-a-plaza-cuernavaca-150004533.html,6500000,"MN 6,500,000",MXN,venta,Casa,Lomas de la Selva,Cuernavaca,Morelos,435.0,306.0,Publicado hace 78 días,2026-05-26T21:06:35Z,2026-08-12T15:36:34.806809+00:00,https://www.inmuebles24.com/casas-o-casa-en-condominio-o-departamentos-en-venta-en-morelos-provincia-ordenado-por-fechaonline-descendente.html-pagina-115.html
https://www.inmuebles24.com/propiedades/clasificado/veclcain-venta-de-casa-con-alberca-en-oaxtepec-con-300-m-de-150006074.html,4000000,"MN 4,000,000",MXN,venta,Casa,,Yautepec,Morelos,200.0,300.0,Publicado hace 78 días,2026-05-26T22:51:24Z,2026-08-12T15:36:34.806809+00:00,https://www.inmuebles24.com/casas-o-casa-en-condominio-o-departamentos-en-venta-en-morelos-provincia-ordenado-por-fechaonline-descendente.html-pagina-115.html
https://www.inmuebles24.com/propiedades/clasificado/veclcain-venta-de-casa-en-cuernavaca-con-alberca-privada-en-149992090.html,3600000,"MN 3,600,000",MXN,venta,Casa,De Acapantzingo,Cuernavaca,Morelos,305.0,220.0,Publicado hace 79 días,2026-05-25T23:06:51Z,2026-08-12T15:36:34.806809+00:00,https://www.inmuebles24.com/casas-o-casa-en-condominio-o-departamentos-en-venta-en-morelos-provincia-ordenado-por-fechaonline-descendente.html-pagina-115.html
https://www.inmuebles24.com/propiedades/clasificado/veclcain-venta-de-casa-en-cuernavaca-con-alberca-y-jardin-149992193.html,6500000,"MN 6,500,000",MXN,venta,Casa,,Cuernavaca,Morelos,343.0,180.0,Publicado hace 79 días,2026-05-25T23:16:17Z,2026-08-12T15:36:34.806809+00:00,https://www.inmuebles24.com/casas-o-casa-en-condominio-o-departamentos-en-venta-en-morelos-provincia-ordenado-por-fechaonline-descendente.html-pagina-115.html
https://www.inmuebles24.com/propiedades/clasificado/veclcain-venta-de-casa-en-cuernavaca-delicias-149993231.html,6800000,"MN 6,800,000",MXN,venta,Casa,Delicias,Cuernavaca,Morelos,284.0,236.0,Publicado hace 79 días,2026-05-26T01:06:33Z,2026-08-12T15:36:34.806809+00:00,https://www.inmuebles24.com/casas-o-casa-en-condominio-o-departamentos-en-venta-en-morelos-provincia-ordenado-por-fechaonline-descendente.html-pagina-115.html
https://www.inmuebles24.com/propiedades/clasificado/veclapin-departamento-con-alberca-aquazona-palapa-para-149957810.html,1389500,"MN 1,389,500",MXN,venta,Apartamento,Tequesquitengo,Jojutla,Morelos,66.0,66.0,Publicado hace 82 días,2026-05-22T05:03:18Z,2026-08-12T15:36:34.806809+00:00,https://www.inmuebles24.com/casas-o-casa-en-condominio-o-departamentos-en-venta-en-morelos-provincia-ordenado-por-fechaonline-descendente.html-pagina-116.html
https://www.inmuebles24.com/propiedades/clasificado/veclapin-residencial-con-aqua-park-2-recamaras-2-banos-roof-149964142.html,1422820,"MN 1,422,820",MXN,venta,Apartamento,,Jojutla,Morelos,66.0,66.0,Publicado hace 82 días,2026-05-22T19:10:24Z,2026-08-12T15:36:34.806809+00:00,https://www.inmuebles24.com/casas-o-casa-en-condominio-o-departamentos-en-venta-en-morelos-provincia-ordenado-por-fechaonline-descendente.html-pagina-116.html
https://www.inmuebles24.com/propiedades/clasificado/veclapin-venta-departamento-con-seguridad-y-alberca-acapatzingo-149965740.html,2850000,"MN 2,850,000",MXN,venta,Apartamento,Cantarranas,Cuernavaca,Morelos,113.0,113.0,Publicado hace 82 días,2026-05-22T21:07:57Z,2026-08-12T15:36:34.806809+00:00,https://www.inmuebles24.com/casas-o-casa-en-condominio-o-departamentos-en-venta-en-morelos-provincia-ordenado-por-fechaonline-descendente.html-pagina-116.html
https://www.inmuebles24.com/propiedades/clasificado/veclcain-casa-con-alberca-privada-de-280-m-sup2--de-terreno-y-149957627.html,6480000,"MN 6,480,000",MXN,venta,Casa,,Jiutepec,Morelos,230.0,280.0,Publicado hace 82 días,2026-05-22T04:09:33Z,2026-08-12T15:36:34.806809+00:00,https://www.inmuebles24.com/casas-o-casa-en-condominio-o-departamentos-en-venta-en-morelos-provincia-ordenado-por-fechaonline-descendente.html-pagina-116.html
https://www.inmuebles24.com/propiedades/clasificado/veclcain-casa-con-alberca-privada-excelentes-acabados-149957766.html,6390000,"MN 6,390,000",MXN,venta,Casa,,Xochitepec,Morelos,220.0,300.0,Publicado hace 82 días,2026-05-22T04:48:05Z,2026-08-12T15:36:34.806809+00:00,https://www.inmuebles24.com/casas-o-casa-en-condominio-o-departamentos-en-venta-en-morelos-provincia-ordenado-por-fechaonline-descendente.html-pagina-116.html
https://www.inmuebles24.com/propiedades/clasificado/veclcain-casa-con-vista-al-lago-de-tequesquitengo-morelos-149980075.html,7500000,"MN 7,500,000",MXN,venta,Casa,Tequesquitengo,Jojutla,Morelos,196.0,410.0,Publicado hace 80 días,2026-05-24T19:30:29Z,2026-08-12T15:37:52.238655+00:00,https://www.inmuebles24.com/casas-o-casa-en-condominio-o-departamentos-en-venta-en-morelos-provincia-ordenado-por-fechaonline-descendente.html-pagina-116.html
https://www.inmuebles24.com/propiedades/clasificado/veclcain-casa-de-estilo-moderno-con-sala-de-cine-y-jacuzzi-en-149963320.html,9500000,"MN 9,500,000",MXN,venta,Casa,Palmira,Cuernavaca,Morelos,554.0,447.0,Publicado hace 82 días,2026-05-22T18:18:05Z,2026-08-12T15:37:52.238655+00:00,https://www.inmuebles24.com/casas-o-casa-en-condominio-o-departamentos-en-venta-en-morelos-provincia-ordenado-por-fechaonline-descendente.html-pagina-116.html
https://www.inmuebles24.com/propiedades/clasificado/veclcain-casa-en-fraccionamiento-lomas-de-ahuatlan-149976095.html,1900000,"MN 1,900,000",MXN,venta,Casa,Lomas de Ahuatlán,Cuernavaca,Morelos,83.0,125.0,Publicado hace 81 días,2026-05-24T02:02:07Z,2026-08-12T15:37:52.238655+00:00,https://www.inmuebles24.com/casas-o-casa-en-condominio-o-departamentos-en-venta-en-morelos-provincia-ordenado-por-fechaonline-descendente.html-pagina-116.html
https://www.inmuebles24.com/propiedades/clasificado/veclcain-casa-en-lomas-de-cuernavaca-con-jardin-y-recamara-pb-149701598.html,4900000,"MN 4,900,000",MXN,venta,Casa,Fraccionamiento Lomas de Cuernavaca,Temixco,Morelos,296.0,296.0,Publicado hace 82 días,2026-04-29T21:02:03Z,2026-08-12T15:37:52.238655+00:00,https://www.inmuebles24.com/casas-o-casa-en-condominio-o-departamentos-en-venta-en-morelos-provincia-ordenado-por-fechaonline-descendente.html-pagina-116.html
https://www.inmuebles24.com/propiedades/clasificado/veclcain-casa-en-venta-colinas-del-bosque-yautepec.-morelos-149740671.html,1600000,"MN 1,600,000",MXN,venta,Casa,Centro,Yautepec,Morelos,106.0,169.0,Publicado hace 81 días,2026-05-04T23:21:08Z,2026-08-12T15:37:52.238655+00:00,https://www.inmuebles24.com/casas-o-casa-en-condominio-o-departamentos-en-venta-en-morelos-provincia-ordenado-por-fechaonline-descendente.html-pagina-116.html
https://www.inmuebles24.com/propiedades/clasificado/veclcain-casa-en-venta-en-el-centro-de-cuernavaca-149976180.html,7500000,"MN 7,500,000",MXN,venta,Casa,Benito Juárez (Centro),Cuernavaca,Morelos,750.0,1051.0,Publicado hace 81 días,2026-05-24T02:32:32Z,2026-08-12T15:37:52.238655+00:00,https://www.inmuebles24.com/casas-o-casa-en-condominio-o-departamentos-en-venta-en-morelos-provincia-ordenado-por-fechaonline-descendente.html-pagina-116.html
https://www.inmuebles24.com/propiedades/clasificado/veclcain-casa-en-venta-en-fracc.-burgos-149976520.html,7500000,"MN 7,500,000",MXN,venta,Casa,Fraccionamiento Burgos Bugambilias,Temixco,Morelos,280.0,400.0,Publicado hace 80 días,2026-05-24T05:37:24Z,2026-08-12T15:37:52.238655+00:00,https://www.inmuebles24.com/casas-o-casa-en-condominio-o-departamentos-en-venta-en-morelos-provincia-ordenado-por-fechaonline-descendente.html-pagina-116.html
https://www.inmuebles24.com/propiedades/clasificado/veclcain-casa-en-venta-en-lomas-de-san-anton-encinos-149974245.html,4700000,"MN 4,700,000",MXN,venta,Casa,Fraccionamiento Lomas de San Antón,Cuernavaca,Morelos,274.0,225.0,Publicado hace 81 días,2026-05-23T16:57:48Z,2026-08-12T15:37:52.238655+00:00,https://www.inmuebles24.com/casas-o-casa-en-condominio-o-departamentos-en-venta-en-morelos-provincia-ordenado-por-fechaonline-descendente.html-pagina-116.html
https://www.inmuebles24.com/propiedades/clasificado/veclcain-casa-en-venta-en-tlaltenango-cuernavaca-149960194.html,7500000,"MN 7,500,000",MXN,venta,Casa,Tlaltenango,Cuernavaca,Morelos,353.0,955.0,Publicado hace 82 días,2026-05-22T15:45:08Z,2026-08-12T15:37:52.238655+00:00,https://www.inmuebles24.com/casas-o-casa-en-condominio-o-departamentos-en-venta-en-morelos-provincia-ordenado-por-fechaonline-descendente.html-pagina-116.html
https://www.inmuebles24.com/propiedades/clasificado/veclcain-casa-en-venta-en-yautepec-149965593.html,10000000,"MN 10,000,000",MXN,venta,Casa,Barrio Ixtlahuacan,Yautepec,Morelos,500.0,2000.0,Publicado hace 82 días,2026-05-22T20:54:14Z,2026-08-12T15:37:52.238655+00:00,https://www.inmuebles24.com/casas-o-casa-en-condominio-o-departamentos-en-venta-en-morelos-provincia-ordenado-por-fechaonline-descendente.html-pagina-116.html
https://www.inmuebles24.com/propiedades/clasificado/veclcain-casa-fraccionamiento-lomas-del-sol-149976307.html,3500000,"MN 3,500,000",MXN,venta,Casa,Fraccionamiento Lomas del Sol,Cuernavaca,Morelos,131.0,300.0,Publicado hace 81 días,2026-05-24T03:13:09Z,2026-08-12T15:39:03.848431+00:00,https://www.inmuebles24.com/casas-o-casa-en-condominio-o-departamentos-en-venta-en-morelos-provincia-ordenado-por-fechaonline-descendente.html-pagina-116.html
https://www.inmuebles24.com/propiedades/clasificado/veclcain-casa-nueva-en-emiliano-zapata-morelos.-149979980.html,2850000,"MN 2,850,000",MXN,venta,Casa,Emiliano Zapata,Atlatlahucan,Morelos,232.0,200.0,Publicado hace 80 días,2026-05-24T18:58:31Z,2026-08-12T15:39:03.848431+00:00,https://www.inmuebles24.com/casas-o-casa-en-condominio-o-departamentos-en-venta-en-morelos-provincia-ordenado-por-fechaonline-descendente.html-pagina-116.html
https://www.inmuebles24.com/propiedades/clasificado/veclcain-casas-con-alberca-privada-excelentes-acabados-149965071.html,4800000,"MN 4,800,000",MXN,venta,Casa,,Xochitepec,Morelos,165.0,160.0,Publicado hace 82 días,2026-05-22T20:03:52Z,2026-08-12T15:39:03.848431+00:00,https://www.inmuebles24.com/casas-o-casa-en-condominio-o-departamentos-en-venta-en-morelos-provincia-ordenado-por-fechaonline-descendente.html-pagina-116.html
https://www.inmuebles24.com/propiedades/clasificado/veclcain-casas-con-alberca-roof-garden-con-jacuzzi-pet-park-149957692.html,3968000,"MN 3,968,000",MXN,venta,Casa,Club de Golf Santa Fe,Xochitepec,Morelos,257.0,130.0,Publicado hace 82 días,2026-05-22T04:23:13Z,2026-08-12T15:39:03.848431+00:00,https://www.inmuebles24.com/casas-o-casa-en-condominio-o-departamentos-en-venta-en-morelos-provincia-ordenado-por-fechaonline-descendente.html-pagina-116.html
https://www.inmuebles24.com/propiedades/clasificado/veclcain-casas-con-alberca-y-rooff-garden-con-jacuzzi-35-149964819.html,4200000,"MN 4,200,000",MXN,venta,Casa,,Cuernavaca,Morelos,220.0,105.0,Publicado hace 82 días,2026-05-22T19:48:06Z,2026-08-12T15:39:03.848431+00:00,https://www.inmuebles24.com/casas-o-casa-en-condominio-o-departamentos-en-venta-en-morelos-provincia-ordenado-por-fechaonline-descendente.html-pagina-116.html
https://www.inmuebles24.com/propiedades/clasificado/veclcain-casas-en-cuernavaca-con-alberca-roof-garden-con-149969481.html,5200000,"MN 5,200,000",MXN,venta,Casa,,Cuernavaca,Morelos,220.0,110.0,Publicado hace 82 días,2026-05-23T02:57:03Z,2026-08-12T15:39:03.848431+00:00,https://www.inmuebles24.com/casas-o-casa-en-condominio-o-departamentos-en-venta-en-morelos-provincia-ordenado-por-fechaonline-descendente.html-pagina-116.html
https://www.inmuebles24.com/propiedades/clasificado/veclcain-en-venta-residencia-de-lujo-con-finos-acabados-en-149975334.html,21000000,"MN 21,000,000",MXN,venta,Casa,Fraccionamiento Lomas de Cocoyoc,Atlatlahucan,Morelos,715.0,627.0,Publicado hace 81 días,2026-05-23T21:20:06Z,2026-08-12T15:39:03.848431+00:00,https://www.inmuebles24.com/casas-o-casa-en-condominio-o-departamentos-en-venta-en-morelos-provincia-ordenado-por-fechaonline-descendente.html-pagina-116.html
https://www.inmuebles24.com/propiedades/clasificado/veclcain-fraccionamiento-viveros-de-cocoyoc-149974197.html,9600000,"MN 9,600,000",MXN,venta,Casa,Fraccionamiento Viveros de Cocoyoc,Yautepec,Morelos,403.0,512.0,Publicado hace 81 días,2026-05-23T16:47:52Z,2026-08-12T15:39:03.848431+00:00,https://www.inmuebles24.com/casas-o-casa-en-condominio-o-departamentos-en-venta-en-morelos-provincia-ordenado-por-fechaonline-descendente.html-pagina-116.html
https://www.inmuebles24.com/propiedades/clasificado/veclcain-linda-casa-de-campo-con-alberca-y-extensas-areas-149965517.html,22800000,"MN 22,800,000",MXN,venta,Casa,Chulavista,Cuernavaca,Morelos,1000.0,8000.0,Publicado hace 82 días,2026-05-22T20:50:06Z,2026-08-12T15:39:03.848431+00:00,https://www.inmuebles24.com/casas-o-casa-en-condominio-o-departamentos-en-venta-en-morelos-provincia-ordenado-por-fechaonline-descendente.html-pagina-116.html
https://www.inmuebles24.com/propiedades/clasificado/veclcain-preventa-en-morelos-promocion-para-contados-$1-850-000-149591459.html,1850000,"MN 1,850,000",MXN,venta,Casa,Fraccionamiento Lomas del Manantial,Xochitepec,Morelos,97.0,67.0,Publicado hace 82 días,2026-04-20T21:20:31Z,2026-08-12T15:39:03.848431+00:00,https://www.inmuebles24.com/casas-o-casa-en-condominio-o-departamentos-en-venta-en-morelos-provincia-ordenado-por-fechaonline-descendente.html-pagina-116.html
https://www.inmuebles24.com/propiedades/clasificado/veclcain-residencia-con-alberca-privada-excelentes-acabados-149965550.html,6390000,"MN 6,390,000",MXN,venta,Casa,,Xochitepec,Morelos,220.0,300.0,Publicado hace 82 días,2026-05-22T20:51:54Z,2026-08-12T15:40:14.451108+00:00,https://www.inmuebles24.com/casas-o-casa-en-condominio-o-departamentos-en-venta-en-morelos-provincia-ordenado-por-fechaonline-descendente.html-pagina-116.html
https://www.inmuebles24.com/propiedades/clasificado/veclcain-unico-residencial-con-alberca-gym-salon-de-eventos-149974373.html,3450000,"MN 3,450,000",MXN,venta,Casa,,Xochitepec,Morelos,117.0,144.0,Publicado hace 81 días,2026-05-23T17:31:58Z,2026-08-12T15:40:14.451108+00:00,https://www.inmuebles24.com/casas-o-casa-en-condominio-o-departamentos-en-venta-en-morelos-provincia-ordenado-por-fechaonline-descendente.html-pagina-116.html
https://www.inmuebles24.com/propiedades/clasificado/veclcapa--venta-casa-nueva-$3-500-000-149980956.html,3500000,"MN 3,500,000",MXN,venta,Casa,Ocotepec,Cuernavaca,Morelos,127.0,140.0,Publicado hace 80 días,2026-05-25T01:09:07Z,2026-08-12T15:40:14.451108+00:00,https://www.inmuebles24.com/casas-o-casa-en-condominio-o-departamentos-en-venta-en-morelos-provincia-ordenado-por-fechaonline-descendente.html-pagina-116.html
https://www.inmuebles24.com/propiedades/clasificado/veclccin-casa-con-160-m-sup2--de-terreno-3-recamaras-en-venta-149960168.html,1980000,"MN 1,980,000",MXN,venta,Casa en condominio,Ampliación Lázaro Cárdenas del Río,Temixco,Morelos,85.0,160.0,Publicado hace 82 días,2026-05-22T15:44:13Z,2026-08-12T15:40:14.451108+00:00,https://www.inmuebles24.com/casas-o-casa-en-condominio-o-departamentos-en-venta-en-morelos-provincia-ordenado-por-fechaonline-descendente.html-pagina-116.html
https://www.inmuebles24.com/propiedades/clasificado/veclccin-casa-con-alberca-condominio-cerca-de-burgos-149981391.html,3600000,"MN 3,600,000",MXN,venta,Casa en condominio,Lomas de Trujillo,Emiliano Zapata,Morelos,113.0,102.0,Publicado hace 80 días,2026-05-25T03:10:15Z,2026-08-12T15:40:14.451108+00:00,https://www.inmuebles24.com/casas-o-casa-en-condominio-o-departamentos-en-venta-en-morelos-provincia-ordenado-por-fechaonline-descendente.html-pagina-116.html
https://www.inmuebles24.com/propiedades/clasificado/veclapin-departamento-en-venta-country-club-paraiso-149849834.html,4750000,"MN 4,750,000",MXN,venta,Apartamento,Fraccionamiento Paraíso Country Club,Emiliano Zapata,Morelos,135.0,135.0,Publicado hace 83 días,2026-05-14T01:31:50Z,2026-08-12T15:40:14.451108+00:00,https://www.inmuebles24.com/casas-o-casa-en-condominio-o-departamentos-en-venta-en-morelos-provincia-ordenado-por-fechaonline-descendente.html-pagina-117.html
https://www.inmuebles24.com/propiedades/clasificado/veclapin-departamento-en-venta-en-cuernavaca-nuevo-tzompantle-149959215.html,1900000,"MN 1,900,000",MXN,venta,Apartamento,,Cuernavaca,Morelos,84.0,120.0,Publicado hace 82 días,2026-05-22T11:24:51Z,2026-08-12T15:40:14.451108+00:00,https://www.inmuebles24.com/casas-o-casa-en-condominio-o-departamentos-en-venta-en-morelos-provincia-ordenado-por-fechaonline-descendente.html-pagina-117.html
https://www.inmuebles24.com/propiedades/clasificado/veclcain-casa-con-5-habitaciones-1-103-m-sup2--terreno-plan-de-149953100.html,8500000,"MN 8,500,000",MXN,venta,Casa,,Cuautla,Morelos,457.0,1103.0,Publicado hace 83 días,2026-05-21T20:19:52Z,2026-08-12T15:40:14.451108+00:00,https://www.inmuebles24.com/casas-o-casa-en-condominio-o-departamentos-en-venta-en-morelos-provincia-ordenado-por-fechaonline-descendente.html-pagina-117.html
https://www.inmuebles24.com/propiedades/clasificado/veclcain-casa-con-510-m-sup2--superficie-de-terreno-en-venta-en-149967640.html,5290000,"MN 5,290,000",MXN,venta,Casa,Fraccionamiento Jardines de Tlayacapan,Tlayacapan,Morelos,181.0,510.0,Publicado hace 82 días,2026-05-22T22:38:30Z,2026-08-12T15:40:14.451108+00:00,https://www.inmuebles24.com/casas-o-casa-en-condominio-o-departamentos-en-venta-en-morelos-provincia-ordenado-por-fechaonline-descendente.html-pagina-117.html
https://www.inmuebles24.com/propiedades/clasificado/veclcain-casa-con-alberca-privada-y-jacuzzi-excelentes-acabados-149950181.html,6600000,"MN 6,600,000",MXN,venta,Casa,,Jiutepec,Morelos,230.0,280.0,Publicado hace 83 días,2026-05-21T17:48:26Z,2026-08-12T15:40:14.451108+00:00,https://www.inmuebles24.com/casas-o-casa-en-condominio-o-departamentos-en-venta-en-morelos-provincia-ordenado-por-fechaonline-descendente.html-pagina-117.html
https://www.inmuebles24.com/propiedades/clasificado/veclcain-casa-en-condominio-jiutepec-149957488.html,2950000,"MN 2,950,000",MXN,venta,Casa,Centro Jiutepec,Jiutepec,Morelos,169.0,169.0,Publicado hace 83 días,2026-05-22T03:43:14Z,2026-08-12T15:41:31.106778+00:00,https://www.inmuebles24.com/casas-o-casa-en-condominio-o-departamentos-en-venta-en-morelos-provincia-ordenado-por-fechaonline-descendente.html-pagina-117.html
https://www.inmuebles24.com/propiedades/clasificado/veclcain-casa-en-santa-fe-149959224.html,20000000,"MN 20,000,000",MXN,venta,Casa,Real del Puente,Xochitepec,Morelos,920.0,1610.0,Publicado hace 82 días,2026-05-22T11:24:59Z,2026-08-12T15:41:31.106778+00:00,https://www.inmuebles24.com/casas-o-casa-en-condominio-o-departamentos-en-venta-en-morelos-provincia-ordenado-por-fechaonline-descendente.html-pagina-117.html
https://www.inmuebles24.com/propiedades/clasificado/veclcain-casa-en-venta-ahuatepec-149948784.html,4490000,"MN 4,490,000",MXN,venta,Casa,,Cuernavaca,Morelos,445.0,283.0,Publicado hace 83 días,2026-05-21T17:00:05Z,2026-08-12T15:41:31.106778+00:00,https://www.inmuebles24.com/casas-o-casa-en-condominio-o-departamentos-en-venta-en-morelos-provincia-ordenado-por-fechaonline-descendente.html-pagina-117.html
https://www.inmuebles24.com/propiedades/clasificado/veclcain-casa-en-venta-en-chapultepec-cuernavaca-149963337.html,4270000,"MN 4,270,000",MXN,venta,Casa,Chapultepec,Cuernavaca,Morelos,107.0,246.0,Publicado hace 82 días,2026-05-22T18:19:09Z,2026-08-12T15:41:31.106778+00:00,https://www.inmuebles24.com/casas-o-casa-en-condominio-o-departamentos-en-venta-en-morelos-provincia-ordenado-por-fechaonline-descendente.html-pagina-117.html
https://www.inmuebles24.com/propiedades/clasificado/veclcain-casa-en-venta-en-cuernavaca-en-2da-privada-de-diana-a-149947986.html,9500000,"MN 9,500,000",MXN,venta,Casa,,Cuernavaca,Morelos,430.0,380.0,Publicado hace 83 días,2026-05-21T16:45:42Z,2026-08-12T15:41:31.106778+00:00,https://www.inmuebles24.com/casas-o-casa-en-condominio-o-departamentos-en-venta-en-morelos-provincia-ordenado-por-fechaonline-descendente.html-pagina-117.html
https://www.inmuebles24.com/propiedades/clasificado/veclcain-casa-en-venta-jardines-de-ahuatlan-149949958.html,5500000,"MN 5,500,000",MXN,venta,Casa,Lomas de Ahuatlán,Cuernavaca,Morelos,564.0,439.0,Publicado hace 83 días,2026-05-21T17:45:04Z,2026-08-12T15:41:31.106778+00:00,https://www.inmuebles24.com/casas-o-casa-en-condominio-o-departamentos-en-venta-en-morelos-provincia-ordenado-por-fechaonline-descendente.html-pagina-117.html
https://www.inmuebles24.com/propiedades/clasificado/veclcain-casa-en-venta-nueva-en-fracc.-altos-de-oaxtepec-149953465.html,5200000,"MN 5,200,000",MXN,venta,Casa,Fraccionamiento Altos de Oaxtepec,Yautepec,Morelos,300.0,214.0,Publicado hace 83 días,2026-05-21T20:51:02Z,2026-08-12T15:41:31.106778+00:00,https://www.inmuebles24.com/casas-o-casa-en-condominio-o-departamentos-en-venta-en-morelos-provincia-ordenado-por-fechaonline-descendente.html-pagina-117.html
https://www.inmuebles24.com/propiedades/clasificado/veclcain-casa-en-venta-reforma-$9-500-000-149953800.html,9500000,"MN 9,500,000",MXN,venta,Casa,Reforma,Cuernavaca,Morelos,265.0,544.0,Publicado hace 83 días,2026-05-21T21:20:49Z,2026-08-12T15:41:31.106778+00:00,https://www.inmuebles24.com/casas-o-casa-en-condominio-o-departamentos-en-venta-en-morelos-provincia-ordenado-por-fechaonline-descendente.html-pagina-117.html
https://www.inmuebles24.com/propiedades/clasificado/veclcain-casa-en-venta-xochitepec-morelos-149965214.html,5500000,"MN 5,500,000",MXN,venta,Casa,,Xochitepec,Morelos,335.0,1000.0,Publicado hace 82 días,2026-05-22T20:17:28Z,2026-08-12T15:41:31.106778+00:00,https://www.inmuebles24.com/casas-o-casa-en-condominio-o-departamentos-en-venta-en-morelos-provincia-ordenado-por-fechaonline-descendente.html-pagina-117.html
https://www.inmuebles24.com/propiedades/clasificado/veclcain-casa-fraccionamiento-burgos-bugambilias-149964753.html,6750000,"MN 6,750,000",MXN,venta,Casa,Fraccionamiento Burgos Bugambilias,Temixco,Morelos,295.0,295.0,Publicado hace 82 días,2026-05-22T19:44:03Z,2026-08-12T15:41:31.106778+00:00,https://www.inmuebles24.com/casas-o-casa-en-condominio-o-departamentos-en-venta-en-morelos-provincia-ordenado-por-fechaonline-descendente.html-pagina-117.html
https://www.inmuebles24.com/propiedades/clasificado/veclcain-casa-sola-en-papayos-cuernavaca-morelos-149949151.html,2850000,"MN 2,850,000",MXN,venta,Casa,Papayos,Cuernavaca,Morelos,165.0,122.0,Publicado hace 83 días,2026-05-21T17:25:30Z,2026-08-12T15:42:47.618172+00:00,https://www.inmuebles24.com/casas-o-casa-en-condominio-o-departamentos-en-venta-en-morelos-provincia-ordenado-por-fechaonline-descendente.html-pagina-117.html
https://www.inmuebles24.com/propiedades/clasificado/veclcain-casa-tipo-loft-preventa-149950581.html,3950000,"MN 3,950,000",MXN,venta,Casa,Lomas de Cortes,Cuernavaca,Morelos,140.0,206.0,Publicado hace 83 días,2026-05-21T17:54:30Z,2026-08-12T15:42:47.618172+00:00,https://www.inmuebles24.com/casas-o-casa-en-condominio-o-departamentos-en-venta-en-morelos-provincia-ordenado-por-fechaonline-descendente.html-pagina-117.html
https://www.inmuebles24.com/propiedades/clasificado/veclcain-casas-de-3-recamaras-roof-garden-con-jacuzzi-149947755.html,4000000,"MN 4,000,000",MXN,venta,Casa,Club de Golf Santa Fe,Xochitepec,Morelos,257.0,130.0,Publicado hace 83 días,2026-05-21T16:25:40Z,2026-08-12T15:42:47.618172+00:00,https://www.inmuebles24.com/casas-o-casa-en-condominio-o-departamentos-en-venta-en-morelos-provincia-ordenado-por-fechaonline-descendente.html-pagina-117.html
https://www.inmuebles24.com/propiedades/clasificado/veclcain-casas-en-tequesquitengo-con-alberca-roof-garden-con-149957257.html,2446100,"MN 2,446,100",MXN,venta,Casa,Tequesquitengo,Jojutla,Morelos,143.0,72.0,Publicado hace 83 días,2026-05-22T02:43:18Z,2026-08-12T15:42:47.618172+00:00,https://www.inmuebles24.com/casas-o-casa-en-condominio-o-departamentos-en-venta-en-morelos-provincia-ordenado-por-fechaonline-descendente.html-pagina-117.html
https://www.inmuebles24.com/propiedades/clasificado/veclcain-en-venta-casa-en-obra-negra-oaxtepec-morelos-149952998.html,2600000,"MN 2,600,000",MXN,venta,Casa,Fraccionamiento Altos de Oaxtepec,Yautepec,Morelos,284.0,455.0,Publicado hace 83 días,2026-05-21T20:14:19Z,2026-08-12T15:42:47.618172+00:00,https://www.inmuebles24.com/casas-o-casa-en-condominio-o-departamentos-en-venta-en-morelos-provincia-ordenado-por-fechaonline-descendente.html-pagina-117.html
https://www.inmuebles24.com/propiedades/clasificado/veclcain-jardines-de-ahuatlan-espacios-para-disfrutar-todos-los-149957458.html,4380000,"MN 4,380,000",MXN,venta,Casa,Lomas de Ahuatlán,Cuernavaca,Morelos,197.0,250.0,Publicado hace 83 días,2026-05-22T03:31:40Z,2026-08-12T15:42:47.618172+00:00,https://www.inmuebles24.com/casas-o-casa-en-condominio-o-departamentos-en-venta-en-morelos-provincia-ordenado-por-fechaonline-descendente.html-pagina-117.html
https://www.inmuebles24.com/propiedades/clasificado/veclcain-moderna-casa-en-jiutepec-centro-149956923.html,4400000,"MN 4,400,000",MXN,venta,Casa,Centro Jiutepec,Jiutepec,Morelos,237.0,226.0,Publicado hace 83 días,2026-05-22T01:54:47Z,2026-08-12T15:42:47.618172+00:00,https://www.inmuebles24.com/casas-o-casa-en-condominio-o-departamentos-en-venta-en-morelos-provincia-ordenado-por-fechaonline-descendente.html-pagina-117.html
https://www.inmuebles24.com/propiedades/clasificado/veclcain-residencia-contemporanea-en-rancho-cortes-149951791.html,10700000,"MN 10,700,000",MXN,venta,Casa,Rancho Cortes,Cuernavaca,Morelos,285.0,414.0,Publicado hace 83 días,2026-05-21T18:52:59Z,2026-08-12T15:42:47.618172+00:00,https://www.inmuebles24.com/casas-o-casa-en-condominio-o-departamentos-en-venta-en-morelos-provincia-ordenado-por-fechaonline-descendente.html-pagina-117.html
https://www.inmuebles24.com/propiedades/clasificado/veclcain-residencia-en-venta-fraccionamiento-real-las-quintas-149960719.html,24900000,"MN 24,900,000",MXN,venta,Casa,Las Quintas,Cuernavaca,Morelos,650.0,1036.0,Publicado hace 82 días,2026-05-22T16:26:50Z,2026-08-12T15:42:47.618172+00:00,https://www.inmuebles24.com/casas-o-casa-en-condominio-o-departamentos-en-venta-en-morelos-provincia-ordenado-por-fechaonline-descendente.html-pagina-117.html
https://www.inmuebles24.com/propiedades/clasificado/veclcain-se-vende-casa-en-jardines-de-la-hacienda-149960326.html,2200000,"MN 2,200,000",MXN,venta,Casa,Fraccionamiento Jardines de La Hacienda,Jiutepec,Morelos,138.0,71.0,Publicado hace 82 días,2026-05-22T15:52:08Z,2026-08-12T15:42:47.618172+00:00,https://www.inmuebles24.com/casas-o-casa-en-condominio-o-departamentos-en-venta-en-morelos-provincia-ordenado-por-fechaonline-descendente.html-pagina-117.html
https://www.inmuebles24.com/propiedades/clasificado/veclcain-se-vende-residencia-en-lomas-de-cocoyoc-morelos-149959226.html,12500000,"MN 12,500,000",MXN,venta,Casa,Fraccionamiento Lomas de Cocoyoc,Atlatlahucan,Morelos,546.0,427.0,Publicado hace 82 días,2026-05-22T11:24:59Z,2026-08-12T15:43:58.017499+00:00,https://www.inmuebles24.com/casas-o-casa-en-condominio-o-departamentos-en-venta-en-morelos-provincia-ordenado-por-fechaonline-descendente.html-pagina-117.html
https://www.inmuebles24.com/propiedades/clasificado/veclcain-venta-casa-remodelada-en-fracc-los-cizos-149956066.html,3850000,"MN 3,850,000",MXN,venta,Casa,Fraccionamiento Los Cizos,Cuernavaca,Morelos,109.0,151.0,Publicado hace 83 días,2026-05-21T23:56:28Z,2026-08-12T15:43:58.017499+00:00,https://www.inmuebles24.com/casas-o-casa-en-condominio-o-departamentos-en-venta-en-morelos-provincia-ordenado-por-fechaonline-descendente.html-pagina-117.html
https://www.inmuebles24.com/propiedades/clasificado/veclcain-venta-de-casa-sola-col.-maravillas-cuernavaca-149965514.html,29000000,"MN 29,000,000",MXN,venta,Casa,,Cuernavaca,Morelos,854.0,2500.0,Publicado hace 82 días,2026-05-22T20:49:47Z,2026-08-12T15:43:58.017499+00:00,https://www.inmuebles24.com/casas-o-casa-en-condominio-o-departamentos-en-venta-en-morelos-provincia-ordenado-por-fechaonline-descendente.html-pagina-117.html
https://www.inmuebles24.com/propiedades/clasificado/veclccin-casa-en-rancho-cortes-al-norte-de-cuernavaca-149952921.html,3950000,"MN 3,950,000",MXN,venta,Casa en condominio,Rancho Cortes,Cuernavaca,Morelos,199.0,145.0,Publicado hace 83 días,2026-05-21T20:07:56Z,2026-08-12T15:43:58.017499+00:00,https://www.inmuebles24.com/casas-o-casa-en-condominio-o-departamentos-en-venta-en-morelos-provincia-ordenado-por-fechaonline-descendente.html-pagina-117.html
https://www.inmuebles24.com/propiedades/clasificado/veclapin-departamento-fraccionamiento-paraiso-country-club-149949143.html,6100000,"MN 6,100,000",MXN,venta,Apartamento,Fraccionamiento Paraíso Country Club,Emiliano Zapata,Morelos,151.0,151.0,Publicado hace 83 días,2026-05-21T17:24:48Z,2026-08-12T15:43:58.017499+00:00,https://www.inmuebles24.com/casas-o-casa-en-condominio-o-departamentos-en-venta-en-morelos-provincia-ordenado-por-fechaonline-descendente.html-pagina-118.html
https://www.inmuebles24.com/propiedades/clasificado/veclapin-modernos-departamentos-portenta-149941235.html,3250000,"MN 3,250,000",MXN,venta,Apartamento,Lomas de la Selva,Cuernavaca,Morelos,100.0,100.0,Publicado hace 84 días,2026-05-21T01:50:21Z,2026-08-12T15:43:58.017499+00:00,https://www.inmuebles24.com/casas-o-casa-en-condominio-o-departamentos-en-venta-en-morelos-provincia-ordenado-por-fechaonline-descendente.html-pagina-118.html
https://www.inmuebles24.com/propiedades/clasificado/veclappa-departamento-cuernavaca-149934611.html,3690000,"MN 3,690,000",MXN,venta,Apartamento,Tlaltenango,Cuernavaca,Morelos,127.0,23.0,Publicado hace 84 días,2026-05-20T16:58:58Z,2026-08-12T15:43:58.017499+00:00,https://www.inmuebles24.com/casas-o-casa-en-condominio-o-departamentos-en-venta-en-morelos-provincia-ordenado-por-fechaonline-descendente.html-pagina-118.html
https://www.inmuebles24.com/propiedades/clasificado/veclcain-casa-con-3-recamaras-en-venta-en-chapultepec-149955915.html,3550000,"MN 3,550,000",MXN,venta,Casa,Chapultepec,Cuernavaca,Morelos,121.0,192.0,Publicado hace 83 días,2026-05-21T23:36:26Z,2026-08-12T15:43:58.017499+00:00,https://www.inmuebles24.com/casas-o-casa-en-condominio-o-departamentos-en-venta-en-morelos-provincia-ordenado-por-fechaonline-descendente.html-pagina-118.html
https://www.inmuebles24.com/propiedades/clasificado/veclcain-casa-con-473-m-sup2--superficie-de-terreno-y-3-149953701.html,5600000,"MN 5,600,000",MXN,venta,Casa,Fraccionamiento Amates de Oaxtepec,Yautepec,Morelos,260.0,473.0,Publicado hace 83 días,2026-05-21T21:13:46Z,2026-08-12T15:43:58.017499+00:00,https://www.inmuebles24.com/casas-o-casa-en-condominio-o-departamentos-en-venta-en-morelos-provincia-ordenado-por-fechaonline-descendente.html-pagina-118.html
https://www.inmuebles24.com/propiedades/clasificado/veclcain-casa-con-600-m-sup2--de-terreno-y-3-recamaras-en-149953991.html,5150000,"MN 5,150,000",MXN,venta,Casa,Fraccionamiento Real de Oaxtepec,Yautepec,Morelos,300.0,600.0,Publicado hace 83 días,2026-05-21T21:36Z,2026-08-12T15:43:58.017499+00:00,https://www.inmuebles24.com/casas-o-casa-en-condominio-o-departamentos-en-venta-en-morelos-provincia-ordenado-por-fechaonline-descendente.html-pagina-118.html
https://www.inmuebles24.com/propiedades/clasificado/veclcain-casa-con-616-m-sup2--de-superficie-de-terreno-y-2-149953013.html,5000000,"MN 5,000,000",MXN,venta,Casa,El Vergel,Cuernavaca,Morelos,263.0,616.0,Publicado hace 83 días,2026-05-21T20:14:34Z,2026-08-12T15:45:05.361776+00:00,https://www.inmuebles24.com/casas-o-casa-en-condominio-o-departamentos-en-venta-en-morelos-provincia-ordenado-por-fechaonline-descendente.html-pagina-118.html
https://www.inmuebles24.com/propiedades/clasificado/veclcain-casa-con-alberca-y-jardin-propio-en-col.-reforma-zona-149933831.html,12760000,"MN 12,760,000",MXN,venta,Casa,Reforma,Cuernavaca,Morelos,358.0,675.0,Publicado hace 84 días,2026-05-20T16:00:47Z,2026-08-12T15:45:05.361776+00:00,https://www.inmuebles24.com/casas-o-casa-en-condominio-o-departamentos-en-venta-en-morelos-provincia-ordenado-por-fechaonline-descendente.html-pagina-118.html
https://www.inmuebles24.com/propiedades/clasificado/veclcain-casa-de-un-nivel-en-fracc-con-seguridad-en-reforma-149940143.html,8900000,"MN 8,900,000",MXN,venta,Casa,Reforma,Cuernavaca,Morelos,400.0,600.0,Publicado hace 84 días,2026-05-20T23:40:43Z,2026-08-12T15:45:05.361776+00:00,https://www.inmuebles24.com/casas-o-casa-en-condominio-o-departamentos-en-venta-en-morelos-provincia-ordenado-por-fechaonline-descendente.html-pagina-118.html
https://www.inmuebles24.com/propiedades/clasificado/veclcain-casa-en-privada-col-quintas-martha-149957470.html,4000000,"MN 4,000,000",MXN,venta,Casa,,Cuautla,Morelos,186.0,186.0,Publicado hace 83 días,2026-05-22T03:37:17Z,2026-08-12T15:45:05.361776+00:00,https://www.inmuebles24.com/casas-o-casa-en-condominio-o-departamentos-en-venta-en-morelos-provincia-ordenado-por-fechaonline-descendente.html-pagina-118.html
https://www.inmuebles24.com/propiedades/clasificado/veclcain-casa-en-venta-a-unas-cuadras-de-avila-camacho-149947619.html,4390000,"MN 4,390,000",MXN,venta,Casa,La Carolina,Cuernavaca,Morelos,380.0,827.0,Publicado hace 83 días,2026-05-21T16:13:39Z,2026-08-12T15:45:05.361776+00:00,https://www.inmuebles24.com/casas-o-casa-en-condominio-o-departamentos-en-venta-en-morelos-provincia-ordenado-por-fechaonline-descendente.html-pagina-118.html
https://www.inmuebles24.com/propiedades/clasificado/veclcain-casa-en-venta-ahuatepec-149949194.html,4750000,"MN 4,750,000",MXN,venta,Casa,,Cuernavaca,Morelos,350.0,660.0,Publicado hace 83 días,2026-05-21T17:28:50Z,2026-08-12T15:45:05.361776+00:00,https://www.inmuebles24.com/casas-o-casa-en-condominio-o-departamentos-en-venta-en-morelos-provincia-ordenado-por-fechaonline-descendente.html-pagina-118.html
https://www.inmuebles24.com/propiedades/clasificado/veclcain-casa-en-venta-en-paraiso-country-club-cuernavaca-149941197.html,33000000,"MN 33,000,000",MXN,venta,Casa,Fraccionamiento Paraíso Country Club,Emiliano Zapata,Morelos,800.0,975.0,Publicado hace 84 días,2026-05-21T01:42:33Z,2026-08-12T15:45:05.361776+00:00,https://www.inmuebles24.com/casas-o-casa-en-condominio-o-departamentos-en-venta-en-morelos-provincia-ordenado-por-fechaonline-descendente.html-pagina-118.html
https://www.inmuebles24.com/propiedades/clasificado/veclcain-casa-en-venta-en-rancho-cortes-149933436.html,6200000,"MN 6,200,000",MXN,venta,Casa,Rancho Cortes,Cuernavaca,Morelos,325.0,340.0,Publicado hace 84 días,2026-05-20T15:50:40Z,2026-08-12T15:45:05.361776+00:00,https://www.inmuebles24.com/casas-o-casa-en-condominio-o-departamentos-en-venta-en-morelos-provincia-ordenado-por-fechaonline-descendente.html-pagina-118.html
https://www.inmuebles24.com/propiedades/clasificado/veclcain-casa-en-venta-en-yautepec-149936794.html,7890000,"MN 7,890,000",MXN,venta,Casa,,Tlaltizapán de Zapata,Morelos,943.0,1800.0,Publicado hace 84 días,2026-05-20T19:33:06Z,2026-08-12T15:45:05.361776+00:00,https://www.inmuebles24.com/casas-o-casa-en-condominio-o-departamentos-en-venta-en-morelos-provincia-ordenado-por-fechaonline-descendente.html-pagina-118.html
https://www.inmuebles24.com/propiedades/clasificado/veclcain-casa-en-venta-vista-hermosa-$12-500-000-149954070.html,12500000,"MN 12,500,000",MXN,venta,Casa,Vista Hermosa,Cuernavaca,Morelos,520.0,670.0,Publicado hace 83 días,2026-05-21T21:44:33Z,2026-08-12T15:45:05.361776+00:00,https://www.inmuebles24.com/casas-o-casa-en-condominio-o-departamentos-en-venta-en-morelos-provincia-ordenado-por-fechaonline-descendente.html-pagina-118.html
https://www.inmuebles24.com/propiedades/clasificado/veclcain-casa-ideal-para-descanso-con-alberca-en-yautepec-149945159.html,2350000,"MN 2,350,000",MXN,venta,Casa,Pueblo San Isidro,Yautepec,Morelos,110.0,200.0,Publicado hace 83 días,2026-05-21T15:17:41Z,2026-08-12T15:46:04.847637+00:00,https://www.inmuebles24.com/casas-o-casa-en-condominio-o-departamentos-en-venta-en-morelos-provincia-ordenado-por-fechaonline-descendente.html-pagina-118.html
https://www.inmuebles24.com/propiedades/clasificado/veclcain-casa-un-nivel-3-habitaciones-con-bano-con-extenso-149697933.html,5700000,"MN 5,700,000",MXN,venta,Casa,Pueblo Tetecalita,Emiliano Zapata,Morelos,346.0,1400.0,Publicado hace 84 días,2026-04-29T16:08:53Z,2026-08-12T15:46:04.847637+00:00,https://www.inmuebles24.com/casas-o-casa-en-condominio-o-departamentos-en-venta-en-morelos-provincia-ordenado-por-fechaonline-descendente.html-pagina-118.html
https://www.inmuebles24.com/propiedades/clasificado/veclcain-casa-y-terreno-en-venta-con-patio-recreativo-y-pista-149929250.html,3800000,"MN 3,800,000",MXN,venta,Casa,Pueblo El Vigía,Tlalnepantla,Morelos,200.0,3000.0,Publicado hace 84 días,2026-05-20T03:52:41Z,2026-08-12T15:46:04.847637+00:00,https://www.inmuebles24.com/casas-o-casa-en-condominio-o-departamentos-en-venta-en-morelos-provincia-ordenado-por-fechaonline-descendente.html-pagina-118.html
https://www.inmuebles24.com/propiedades/clasificado/veclcain-de-ensueno-con-alberca-y-acabados-en-marmol-lista-149951109.html,7800000,"MN 7,800,000",MXN,venta,Casa,Fraccionamiento Rancho Tetela,Cuernavaca,Morelos,381.0,549.0,Publicado hace 83 días,2026-05-21T18:29:44Z,2026-08-12T15:46:04.847637+00:00,https://www.inmuebles24.com/casas-o-casa-en-condominio-o-departamentos-en-venta-en-morelos-provincia-ordenado-por-fechaonline-descendente.html-pagina-118.html
https://www.inmuebles24.com/propiedades/clasificado/veclcain-moderna-casa-en-burgos-temixco-149947547.html,5690000,"MN 5,690,000",MXN,venta,Casa,Tres de Mayo,Emiliano Zapata,Morelos,200.0,380.0,Publicado hace 83 días,2026-05-21T16:06:10Z,2026-08-12T15:46:04.847637+00:00,https://www.inmuebles24.com/casas-o-casa-en-condominio-o-departamentos-en-venta-en-morelos-provincia-ordenado-por-fechaonline-descendente.html-pagina-118.html
https://www.inmuebles24.com/propiedades/clasificado/veclcain-propiedad-con-dos-casas-alberca-y-jardin-burgos-149953578.html,5000000,"MN 5,000,000",MXN,venta,Casa,Fraccionamiento Burgos,Emiliano Zapata,Morelos,649.0,610.0,Publicado hace 83 días,2026-05-21T21:03:18Z,2026-08-12T15:46:04.847637+00:00,https://www.inmuebles24.com/casas-o-casa-en-condominio-o-departamentos-en-venta-en-morelos-provincia-ordenado-por-fechaonline-descendente.html-pagina-118.html
https://www.inmuebles24.com/propiedades/clasificado/veclcain-se-vende-casa-en-ejidos-de-acapatzingo-149948845.html,2950000,"MN 2,950,000",MXN,venta,Casa,Ejido Acapatzingo,Cuernavaca,Morelos,200.0,213.0,Publicado hace 83 días,2026-05-21T17:06:44Z,2026-08-12T15:46:04.847637+00:00,https://www.inmuebles24.com/casas-o-casa-en-condominio-o-departamentos-en-venta-en-morelos-provincia-ordenado-por-fechaonline-descendente.html-pagina-118.html
https://www.inmuebles24.com/propiedades/clasificado/veclcain-vendo-casa-yautepec-morelos-149933054.html,1800000,"MN 1,800,000",MXN,venta,Casa,Pueblo Oacalco,Yautepec,Morelos,130.0,160.0,Publicado hace 84 días,2026-05-20T14:56:28Z,2026-08-12T15:46:04.847637+00:00,https://www.inmuebles24.com/casas-o-casa-en-condominio-o-departamentos-en-venta-en-morelos-provincia-ordenado-por-fechaonline-descendente.html-pagina-118.html
https://www.inmuebles24.com/propiedades/clasificado/veclcain-venta-casa-cesion-de-derechos-paseo-del-conquistador-149944646.html,2820000,"MN 2,820,000",MXN,venta,Casa,Lomas de Cortes,Cuernavaca,Morelos,148.0,167.0,Publicado hace 83 días,2026-05-21T13:07:54Z,2026-08-12T15:46:04.847637+00:00,https://www.inmuebles24.com/casas-o-casa-en-condominio-o-departamentos-en-venta-en-morelos-provincia-ordenado-por-fechaonline-descendente.html-pagina-118.html
https://www.inmuebles24.com/propiedades/clasificado/veclcain-venta-casa-en-camino-real-ahuatepec-cesion-de-149944641.html,3000000,"MN 3,000,000",MXN,venta,Casa,Pueblo Ahuatepec,Cuernavaca,Morelos,250.0,300.0,Publicado hace 83 días,2026-05-21T13:03:02Z,2026-08-12T15:46:04.847637+00:00,https://www.inmuebles24.com/casas-o-casa-en-condominio-o-departamentos-en-venta-en-morelos-provincia-ordenado-por-fechaonline-descendente.html-pagina-118.html
https://www.inmuebles24.com/propiedades/clasificado/veclcain-venta-de-casa-en-chapultepec-cuernavaca-149957274.html,5300000,"MN 5,300,000",MXN,venta,Casa,Chapultepec,Cuernavaca,Morelos,215.0,241.0,Publicado hace 83 días,2026-05-22T02:46:31Z,2026-08-12T15:47:29.363530+00:00,https://www.inmuebles24.com/casas-o-casa-en-condominio-o-departamentos-en-venta-en-morelos-provincia-ordenado-por-fechaonline-descendente.html-pagina-118.html
https://www.inmuebles24.com/propiedades/clasificado/veclcain-venta-de-casa-en-lomas-trujillo-al-sur-de-cuernavaca-149576418.html,4700000,"MN 4,700,000",MXN,venta,Casa,Lomas de Trujillo,Emiliano Zapata,Morelos,252.0,331.0,Publicado hace 84 días,2026-04-18T15:07:10Z,2026-08-12T15:47:29.363530+00:00,https://www.inmuebles24.com/casas-o-casa-en-condominio-o-departamentos-en-venta-en-morelos-provincia-ordenado-por-fechaonline-descendente.html-pagina-118.html
https://www.inmuebles24.com/propiedades/clasificado/veclcapa-casa-en-lomas-de-cocoyoc-vista-panoramica-al-campo-y-149942349.html,11950000,"MN 11,950,000",MXN,venta,Casa,Fraccionamiento Lomas de Cocoyoc,Atlatlahucan,Morelos,500.0,900.0,Publicado hace 83 días,2026-05-21T04:39:39Z,2026-08-12T15:47:29.363530+00:00,https://www.inmuebles24.com/casas-o-casa-en-condominio-o-departamentos-en-venta-en-morelos-provincia-ordenado-por-fechaonline-descendente.html-pagina-118.html
https://www.inmuebles24.com/propiedades/clasificado/veclccin-casa-en-condominio-en-rancho-cortes-cuernavaca-149952733.html,3400000,"MN 3,400,000",MXN,venta,Casa en condominio,Rancho Cortes,Cuernavaca,Morelos,199.0,145.0,Publicado hace 83 días,2026-05-21T19:52:20Z,2026-08-12T15:47:29.363530+00:00,https://www.inmuebles24.com/casas-o-casa-en-condominio-o-departamentos-en-venta-en-morelos-provincia-ordenado-por-fechaonline-descendente.html-pagina-118.html
https://www.inmuebles24.com/propiedades/clasificado/veclapin-departamento-en-copa-de-oro-en-venta-con-seguridad-149925314.html,4260000,"MN 4,260,000",MXN,venta,Apartamento,Jacarandas,Cuernavaca,Morelos,90.0,90.0,Publicado hace 85 días,2026-05-19T20:37:32Z,2026-08-12T15:47:29.363530+00:00,https://www.inmuebles24.com/casas-o-casa-en-condominio-o-departamentos-en-venta-en-morelos-provincia-ordenado-por-fechaonline-descendente.html-pagina-119.html
https://www.inmuebles24.com/propiedades/clasificado/veclapin-departamento-en-venta-en-miraval-cuernavaca-planta-149923605.html,4100000,"MN 4,100,000",MXN,venta,Apartamento,Miraval,Cuernavaca,Morelos,170.0,100.0,Publicado hace 85 días,2026-05-19T18:41:41Z,2026-08-12T15:47:29.363530+00:00,https://www.inmuebles24.com/casas-o-casa-en-condominio-o-departamentos-en-venta-en-morelos-provincia-ordenado-por-fechaonline-descendente.html-pagina-119.html
https://www.inmuebles24.com/propiedades/clasificado/veclapin-se-vende-departamento-en-valle-verde-149938801.html,980000,"MN 980,000",MXN,venta,Apartamento,Unidad habitacional Valle Verde,Temixco,Morelos,64.0,64.0,Publicado hace 84 días,2026-05-20T22:28:28Z,2026-08-12T15:47:29.363530+00:00,https://www.inmuebles24.com/casas-o-casa-en-condominio-o-departamentos-en-venta-en-morelos-provincia-ordenado-por-fechaonline-descendente.html-pagina-119.html
https://www.inmuebles24.com/propiedades/clasificado/veclcain-casa-con-3-habitaciones-en-venta-con-300-m-sup2-149937988.html,4000000,"MN 4,000,000",MXN,venta,Casa,Oaxtepec Centro,Yautepec,Morelos,200.0,300.0,Publicado hace 84 días,2026-05-20T21:29:18Z,2026-08-12T15:47:29.363530+00:00,https://www.inmuebles24.com/casas-o-casa-en-condominio-o-departamentos-en-venta-en-morelos-provincia-ordenado-por-fechaonline-descendente.html-pagina-119.html
https://www.inmuebles24.com/propiedades/clasificado/veclcain-casa-en-cuautla-morelos.-enorme-terreno-con-alberca-149912304.html,4000000,"MN 4,000,000",MXN,venta,Casa,Casasano 2da Ampliación,Cuautla,Morelos,400.0,1860.0,Publicado hace 85 días,2026-05-19T03:36:01Z,2026-08-12T15:47:29.363530+00:00,https://www.inmuebles24.com/casas-o-casa-en-condominio-o-departamentos-en-venta-en-morelos-provincia-ordenado-por-fechaonline-descendente.html-pagina-119.html
https://www.inmuebles24.com/propiedades/clasificado/veclcain-casa-en-cuernavaca-en-venta-149920039.html,8000000,"MN 8,000,000",MXN,venta,Casa,Delicias,Cuernavaca,Morelos,380.0,982.0,Publicado hace 85 días,2026-05-19T15:33:34Z,2026-08-12T15:47:29.363530+00:00,https://www.inmuebles24.com/casas-o-casa-en-condominio-o-departamentos-en-venta-en-morelos-provincia-ordenado-por-fechaonline-descendente.html-pagina-119.html
https://www.inmuebles24.com/propiedades/clasificado/veclcain-casa-en-venta-en-club-de-golf-los-tabachines-en-149929177.html,14250000,"MN 14,250,000",MXN,venta,Casa,Club de Golf Los Tabachines,Cuernavaca,Morelos,392.0,441.0,Publicado hace 85 días,2026-05-20T03:44:46Z,2026-08-12T15:48:35.624006+00:00,https://www.inmuebles24.com/casas-o-casa-en-condominio-o-departamentos-en-venta-en-morelos-provincia-ordenado-por-fechaonline-descendente.html-pagina-119.html
https://www.inmuebles24.com/propiedades/clasificado/veclcain-casa-en-venta-en-fraccionamiento-fuentes-del-ebro-149936724.html,2980000,"MN 2,980,000",MXN,venta,Casa,,Jiutepec,Morelos,162.0,92.0,Publicado hace 84 días,2026-05-20T19:27:53Z,2026-08-12T15:48:35.624006+00:00,https://www.inmuebles24.com/casas-o-casa-en-condominio-o-departamentos-en-venta-en-morelos-provincia-ordenado-por-fechaonline-descendente.html-pagina-119.html
https://www.inmuebles24.com/propiedades/clasificado/veclcain-casa-en-venta-en-lomas-de-cocoyoc-lujo-y-confort-para-149941836.html,29500000,"MN 29,500,000",MXN,venta,Casa,Fraccionamiento Lomas de Cocoyoc,Atlatlahucan,Morelos,1575.0,985.0,Publicado hace 84 días,2026-05-21T03:27:12Z,2026-08-12T15:48:35.624006+00:00,https://www.inmuebles24.com/casas-o-casa-en-condominio-o-departamentos-en-venta-en-morelos-provincia-ordenado-por-fechaonline-descendente.html-pagina-119.html
https://www.inmuebles24.com/propiedades/clasificado/veclcain-casa-en-venta-en-lomas-de-cocoyoc-lujo-y-confort-para-149941838.html,29500000,"MN 29,500,000",MXN,venta,Casa,Fraccionamiento Lomas de Cocoyoc,Atlatlahucan,Morelos,1575.0,985.0,Publicado hace 84 días,2026-05-21T03:27:30Z,2026-08-12T15:48:35.624006+00:00,https://www.inmuebles24.com/casas-o-casa-en-condominio-o-departamentos-en-venta-en-morelos-provincia-ordenado-por-fechaonline-descendente.html-pagina-119.html
https://www.inmuebles24.com/propiedades/clasificado/veclcain-casa-en-venta-en-reforma-cuernavaca-con-ubicacion-149937632.html,8400000,"MN 8,400,000",MXN,venta,Casa,Fraccionamiento Jardines de Reforma,Cuernavaca,Morelos,320.0,390.0,Publicado hace 84 días,2026-05-20T20:50:47Z,2026-08-12T15:48:35.624006+00:00,https://www.inmuebles24.com/casas-o-casa-en-condominio-o-departamentos-en-venta-en-morelos-provincia-ordenado-por-fechaonline-descendente.html-pagina-119.html
https://www.inmuebles24.com/propiedades/clasificado/veclcain-casa-en-venta-en-zona-dorada-de-cuernavaca-149941034.html,5200000,"MN 5,200,000",MXN,venta,Casa,Delicias,Cuernavaca,Morelos,260.0,250.0,Publicado hace 84 días,2026-05-21T01:13:33Z,2026-08-12T15:48:35.624006+00:00,https://www.inmuebles24.com/casas-o-casa-en-condominio-o-departamentos-en-venta-en-morelos-provincia-ordenado-por-fechaonline-descendente.html-pagina-119.html
https://www.inmuebles24.com/propiedades/clasificado/veclcain-casa-en-venta-palmira-149914559.html,5500000,"MN 5,500,000",MXN,venta,Casa,,Cuernavaca,Morelos,220.0,168.0,Publicado hace 85 días,2026-05-19T07:08:01Z,2026-08-12T15:48:35.624006+00:00,https://www.inmuebles24.com/casas-o-casa-en-condominio-o-departamentos-en-venta-en-morelos-provincia-ordenado-por-fechaonline-descendente.html-pagina-119.html
https://www.inmuebles24.com/propiedades/clasificado/veclcain-casa-en-venta-paraiso-country-club-149933286.html,11300000,"MN 11,300,000",MXN,venta,Casa,Fraccionamiento Paraíso Country Club,Emiliano Zapata,Morelos,360.0,580.0,Publicado hace 84 días,2026-05-20T15:26:56Z,2026-08-12T15:48:35.624006+00:00,https://www.inmuebles24.com/casas-o-casa-en-condominio-o-departamentos-en-venta-en-morelos-provincia-ordenado-por-fechaonline-descendente.html-pagina-119.html
https://www.inmuebles24.com/propiedades/clasificado/veclcain-casa-nicolas-bravo-149937492.html,8500000,"MN 8,500,000",MXN,venta,Casa,Nicolás Bravo,Jojutla,Morelos,600.0,3950.0,Publicado hace 84 días,2026-05-20T20:36:27Z,2026-08-12T15:48:35.624006+00:00,https://www.inmuebles24.com/casas-o-casa-en-condominio-o-departamentos-en-venta-en-morelos-provincia-ordenado-por-fechaonline-descendente.html-pagina-119.html
https://www.inmuebles24.com/propiedades/clasificado/veclcain-casas-con-alberca-y-roof-garden-con-jacuzzi-149867968.html,3970000,"MN 3,970,000",MXN,venta,Casa,Club de Golf Santa Fe,Xochitepec,Morelos,257.0,130.0,Publicado hace 85 días,2026-05-15T17:36:45Z,2026-08-12T15:48:35.624006+00:00,https://www.inmuebles24.com/casas-o-casa-en-condominio-o-departamentos-en-venta-en-morelos-provincia-ordenado-por-fechaonline-descendente.html-pagina-119.html
https://www.inmuebles24.com/propiedades/clasificado/veclcain-casas-en-venta-en-el-fracc.-burgos-bugambilias-149928099.html,7600000,"MN 7,600,000",MXN,venta,Casa,Fraccionamiento Burgos Bugambilias,Temixco,Morelos,400.0,480.0,Publicado hace 85 días,2026-05-20T01:01:39Z,2026-08-12T15:49:49.224808+00:00,https://www.inmuebles24.com/casas-o-casa-en-condominio-o-departamentos-en-venta-en-morelos-provincia-ordenado-por-fechaonline-descendente.html-pagina-119.html
https://www.inmuebles24.com/propiedades/clasificado/veclcain-estrena-casa-con-alberca-en-club-de-golf-cuernavaca-149927346.html,5500000,"MN 5,500,000",MXN,venta,Casa,Club de Golf,Cuernavaca,Morelos,340.0,850.0,Publicado hace 85 días,2026-05-19T23:31:08Z,2026-08-12T15:49:49.224808+00:00,https://www.inmuebles24.com/casas-o-casa-en-condominio-o-departamentos-en-venta-en-morelos-provincia-ordenado-por-fechaonline-descendente.html-pagina-119.html
https://www.inmuebles24.com/propiedades/clasificado/veclcain-estrena-hermosa-casa-en-acapatzingo-149923062.html,5550000,"MN 5,550,000",MXN,venta,Casa,San Miguel Acapantzingo,Cuernavaca,Morelos,190.0,251.0,Publicado hace 85 días,2026-05-19T18:28:05Z,2026-08-12T15:49:49.224808+00:00,https://www.inmuebles24.com/casas-o-casa-en-condominio-o-departamentos-en-venta-en-morelos-provincia-ordenado-por-fechaonline-descendente.html-pagina-119.html
https://www.inmuebles24.com/propiedades/clasificado/veclcain-hemoso-loft-amueblado-y-equipado-como-nuevo-149920750.html,2430000,"MN 2,430,000",MXN,venta,Casa,Fraccionamiento Pedregal de Oaxtepec,Yautepec,Morelos,82.0,82.0,Publicado hace 85 días,2026-05-19T16:24:02Z,2026-08-12T15:49:49.224808+00:00,https://www.inmuebles24.com/casas-o-casa-en-condominio-o-departamentos-en-venta-en-morelos-provincia-ordenado-por-fechaonline-descendente.html-pagina-119.html
https://www.inmuebles24.com/propiedades/clasificado/veclcain-hermosa-casa-en-fraccionamiento-horizontal-149940493.html,1400000,"MN 1,400,000",MXN,venta,Casa,Ampliación 3 de Mayo,Emiliano Zapata,Morelos,180.0,90.0,Publicado hace 84 días,2026-05-21T00:04:54Z,2026-08-12T15:49:49.224808+00:00,https://www.inmuebles24.com/casas-o-casa-en-condominio-o-departamentos-en-venta-en-morelos-provincia-ordenado-por-fechaonline-descendente.html-pagina-119.html
https://www.inmuebles24.com/propiedades/clasificado/veclcain-hermosa-casa-en-venta-en-palmira-cuernavaca-149921879.html,5490000,"MN 5,490,000",MXN,venta,Casa,Palmira,Cuernavaca,Morelos,159.0,273.0,Publicado hace 85 días,2026-05-19T17:35Z,2026-08-12T15:49:49.224808+00:00,https://www.inmuebles24.com/casas-o-casa-en-condominio-o-departamentos-en-venta-en-morelos-provincia-ordenado-por-fechaonline-descendente.html-pagina-119.html
https://www.inmuebles24.com/propiedades/clasificado/veclcain-linda-casa-de-descanso-en-paraiso-country-club-149920032.html,13900000,"MN 13,900,000",MXN,venta,Casa,Emiliano Zapata,Emiliano Zapata,Morelos,462.0,540.0,Publicado hace 85 días,2026-05-19T15:32:39Z,2026-08-12T15:49:49.224808+00:00,https://www.inmuebles24.com/casas-o-casa-en-condominio-o-departamentos-en-venta-en-morelos-provincia-ordenado-por-fechaonline-descendente.html-pagina-119.html
https://www.inmuebles24.com/propiedades/clasificado/veclcain-residencia-exclusiva-en-las-brisas-cuernavaca-149922494.html,9500000,"MN 9,500,000",MXN,venta,Casa,Temixco Centro,Temixco,Morelos,695.0,1050.0,Publicado hace 85 días,2026-05-19T17:56:35Z,2026-08-12T15:49:49.224808+00:00,https://www.inmuebles24.com/casas-o-casa-en-condominio-o-departamentos-en-venta-en-morelos-provincia-ordenado-por-fechaonline-descendente.html-pagina-119.html
https://www.inmuebles24.com/propiedades/clasificado/veclcain-residencia-seminueva-en-venta-en-lomas-de-cocoyoc-149921092.html,10600000,"MN 10,600,000",MXN,venta,Casa,Fraccionamiento Lomas de Cocoyoc,Atlatlahucan,Morelos,459.0,467.0,Publicado hace 85 días,2026-05-19T16:51:17Z,2026-08-12T15:49:49.224808+00:00,https://www.inmuebles24.com/casas-o-casa-en-condominio-o-departamentos-en-venta-en-morelos-provincia-ordenado-por-fechaonline-descendente.html-pagina-119.html
https://www.inmuebles24.com/propiedades/clasificado/veclcain-venta-casa-con-bungalow-independiente-lomas-de-cortes-149921024.html,6700000,"MN 6,700,000",MXN,venta,Casa,Lomas de Cortes,Cuernavaca,Morelos,363.0,254.0,Publicado hace 85 días,2026-05-19T16:46:41Z,2026-08-12T15:49:49.224808+00:00,https://www.inmuebles24.com/casas-o-casa-en-condominio-o-departamentos-en-venta-en-morelos-provincia-ordenado-por-fechaonline-descendente.html-pagina-119.html
https://www.inmuebles24.com/propiedades/clasificado/veclcain-venta-de-casa-en-lomas-de-cocoyoc-149921885.html,4300000,"MN 4,300,000",MXN,venta,Casa,Fraccionamiento Lomas de Cocoyoc,Atlatlahucan,Morelos,170.0,450.0,Publicado hace 85 días,2026-05-19T17:35:20Z,2026-08-12T15:50:52.647189+00:00,https://www.inmuebles24.com/casas-o-casa-en-condominio-o-departamentos-en-venta-en-morelos-provincia-ordenado-por-fechaonline-descendente.html-pagina-119.html
https://www.inmuebles24.com/propiedades/clasificado/veclccin-casa-en-condominio-con-alberca-comun-en-renta-149919599.html,4500000,"MN 4,500,000",MXN,venta,Casa en condominio,Tlaltenango,Cuernavaca,Morelos,200.0,310.0,Publicado hace 85 días,2026-05-19T14:37:50Z,2026-08-12T15:50:52.647189+00:00,https://www.inmuebles24.com/casas-o-casa-en-condominio-o-departamentos-en-venta-en-morelos-provincia-ordenado-por-fechaonline-descendente.html-pagina-119.html
https://www.inmuebles24.com/propiedades/clasificado/veclccin-casa-en-condominio-venta-tulipanes-xochitepec-morelos-149939126.html,2600000,"MN 2,600,000",MXN,venta,Casa en condominio,Pueblo Tezoyuca,Emiliano Zapata,Morelos,210.0,107.0,Publicado hace 84 días,2026-05-20T22:56:51Z,2026-08-12T15:50:52.647189+00:00,https://www.inmuebles24.com/casas-o-casa-en-condominio-o-departamentos-en-venta-en-morelos-provincia-ordenado-por-fechaonline-descendente.html-pagina-119.html
https://www.inmuebles24.com/propiedades/clasificado/veclccin-casa-nueva-en-venta-en-ahuatepec-mor-149938860.html,3950000,"MN 3,950,000",MXN,venta,Casa en condominio,,Cuernavaca,Morelos,220.0,180.0,Publicado hace 84 días,2026-05-20T22:31:48Z,2026-08-12T15:50:52.647189+00:00,https://www.inmuebles24.com/casas-o-casa-en-condominio-o-departamentos-en-venta-en-morelos-provincia-ordenado-por-fechaonline-descendente.html-pagina-119.html
https://www.inmuebles24.com/propiedades/clasificado/veclapin-departamento-con-seguridad-en-domingo-diez-149904773.html,2600000,"MN 2,600,000",MXN,venta,Apartamento,Del Empleado,Cuernavaca,Morelos,100.0,100.0,Publicado hace 86 días,2026-05-18T18:14:05Z,2026-08-12T15:50:52.647189+00:00,https://www.inmuebles24.com/casas-o-casa-en-condominio-o-departamentos-en-venta-en-morelos-provincia-ordenado-por-fechaonline-descendente.html-pagina-120.html
https://www.inmuebles24.com/propiedades/clasificado/veclapin-departamento-venta-en-temixco-149908008.html,800000,"MN 800,000",MXN,venta,Apartamento,,Temixco,Morelos,43.0,43.0,Publicado hace 86 días,2026-05-18T21:04:26Z,2026-08-12T15:50:52.647189+00:00,https://www.inmuebles24.com/casas-o-casa-en-condominio-o-departamentos-en-venta-en-morelos-provincia-ordenado-por-fechaonline-descendente.html-pagina-120.html
https://www.inmuebles24.com/propiedades/clasificado/veclcain-casa-a-precio-de-terreno-149905342.html,18000000,"MN 18,000,000",MXN,venta,Casa,Vista Hermosa,Cuernavaca,Morelos,600.0,914.0,Publicado hace 86 días,2026-05-18T18:41:30Z,2026-08-12T15:50:52.647189+00:00,https://www.inmuebles24.com/casas-o-casa-en-condominio-o-departamentos-en-venta-en-morelos-provincia-ordenado-por-fechaonline-descendente.html-pagina-120.html
https://www.inmuebles24.com/propiedades/clasificado/veclcain-casa-con-1000-m-sup2--de-superficie-de-terreno-y-5-149904864.html,4900000,"MN 4,900,000",MXN,venta,Casa,,Emiliano Zapata,Morelos,450.0,1000.0,Publicado hace 86 días,2026-05-18T18:19:15Z,2026-08-12T15:50:52.647189+00:00,https://www.inmuebles24.com/casas-o-casa-en-condominio-o-departamentos-en-venta-en-morelos-provincia-ordenado-por-fechaonline-descendente.html-pagina-120.html
https://www.inmuebles24.com/propiedades/clasificado/veclcain-casa-con-5-recamaras-en-venta-323-m-sup2--terreno-149904444.html,5250000,"MN 5,250,000",MXN,venta,Casa,Fraccionamiento Pedregal de Oaxtepec,Yautepec,Morelos,324.0,323.0,Publicado hace 86 días,2026-05-18T17:50:53Z,2026-08-12T15:50:52.647189+00:00,https://www.inmuebles24.com/casas-o-casa-en-condominio-o-departamentos-en-venta-en-morelos-provincia-ordenado-por-fechaonline-descendente.html-pagina-120.html
https://www.inmuebles24.com/propiedades/clasificado/veclcain-casa-en-fracc.-pedregal-de-las-fuentes-jiutepec-149908693.html,5100000,"MN 5,100,000",MXN,venta,Casa,San Gaspar,Jiutepec,Morelos,195.0,446.0,Publicado hace 86 días,2026-05-18T22:06:05Z,2026-08-12T15:50:52.647189+00:00,https://www.inmuebles24.com/casas-o-casa-en-condominio-o-departamentos-en-venta-en-morelos-provincia-ordenado-por-fechaonline-descendente.html-pagina-120.html
https://www.inmuebles24.com/propiedades/clasificado/veclcain-casa-en-fraccionamiento-en-jiutepec-149904965.html,4800000,"MN 4,800,000",MXN,venta,Casa,Centro Jiutepec,Jiutepec,Morelos,355.0,533.0,Publicado hace 86 días,2026-05-18T18:27:32Z,2026-08-12T15:51:56.956616+00:00,https://www.inmuebles24.com/casas-o-casa-en-condominio-o-departamentos-en-venta-en-morelos-provincia-ordenado-por-fechaonline-descendente.html-pagina-120.html
https://www.inmuebles24.com/propiedades/clasificado/veclcain-casa-en-un-nivel-en-vista-hermosa-149905487.html,7500000,"MN 7,500,000",MXN,venta,Casa,Vista Hermosa,Cuernavaca,Morelos,240.0,400.0,Publicado hace 86 días,2026-05-18T18:51Z,2026-08-12T15:51:56.956616+00:00,https://www.inmuebles24.com/casas-o-casa-en-condominio-o-departamentos-en-venta-en-morelos-provincia-ordenado-por-fechaonline-descendente.html-pagina-120.html
https://www.inmuebles24.com/propiedades/clasificado/veclcain-casa-en-un-nivel-para-terminar-a-su-gusto-149898667.html,1100000,"MN 1,100,000",MXN,venta,Casa,Milpillas,Cuernavaca,Morelos,74.0,200.0,Publicado hace 86 días,2026-05-18T03:33:57Z,2026-08-12T15:51:56.956616+00:00,https://www.inmuebles24.com/casas-o-casa-en-condominio-o-departamentos-en-venta-en-morelos-provincia-ordenado-por-fechaonline-descendente.html-pagina-120.html
https://www.inmuebles24.com/propiedades/clasificado/veclcain-casa-en-venta-campo-de-golf-paraiso-country-club-149899003.html,18000000,"MN 18,000,000",MXN,venta,Casa,Fraccionamiento Paraíso Country Club,Emiliano Zapata,Morelos,500.0,600.0,Publicado hace 86 días,2026-05-18T05:08:28Z,2026-08-12T15:51:56.956616+00:00,https://www.inmuebles24.com/casas-o-casa-en-condominio-o-departamentos-en-venta-en-morelos-provincia-ordenado-por-fechaonline-descendente.html-pagina-120.html
https://www.inmuebles24.com/propiedades/clasificado/veclcain-casa-en-venta-con-alberca-en-cuautla-morelos-149901766.html,3600000,"MN 3,600,000",MXN,venta,Casa,Narciso Mendoza,Cuautla,Morelos,251.0,561.0,Publicado hace 86 días,2026-05-18T11:22:46Z,2026-08-12T15:51:56.956616+00:00,https://www.inmuebles24.com/casas-o-casa-en-condominio-o-departamentos-en-venta-en-morelos-provincia-ordenado-por-fechaonline-descendente.html-pagina-120.html
https://www.inmuebles24.com/propiedades/clasificado/veclcain-casa-en-venta-en-col.-emiliano-zapata-estado-de-149908816.html,1200000,"MN 1,200,000",MXN,venta,Casa,Benito Juárez,Emiliano Zapata,Morelos,66.0,68.0,Publicado hace 86 días,2026-05-18T22:15:42Z,2026-08-12T15:51:56.956616+00:00,https://www.inmuebles24.com/casas-o-casa-en-condominio-o-departamentos-en-venta-en-morelos-provincia-ordenado-por-fechaonline-descendente.html-pagina-120.html
https://www.inmuebles24.com/propiedades/clasificado/veclcain-casa-en-venta-en-residencial-mascareno-vista-hermosa-149902773.html,18000000,"MN 18,000,000",MXN,venta,Casa,El Mascareño,Cuernavaca,Morelos,517.0,600.0,Publicado hace 86 días,2026-05-18T15:49:08Z,2026-08-12T15:51:56.956616+00:00,https://www.inmuebles24.com/casas-o-casa-en-condominio-o-departamentos-en-venta-en-morelos-provincia-ordenado-por-fechaonline-descendente.html-pagina-120.html
https://www.inmuebles24.com/propiedades/clasificado/veclcain-casa-en-venta-espacios-amplios-y-diseno-moderno-149902963.html,7600000,"MN 7,600,000",MXN,venta,Casa,Fraccionamiento Burgos Bugambilias,Temixco,Morelos,400.0,480.0,Publicado hace 86 días,2026-05-18T16:12:38Z,2026-08-12T15:51:56.956616+00:00,https://www.inmuebles24.com/casas-o-casa-en-condominio-o-departamentos-en-venta-en-morelos-provincia-ordenado-por-fechaonline-descendente.html-pagina-120.html
https://www.inmuebles24.com/propiedades/clasificado/veclcain-casa-estilo-hacienda-en-palmira-venta-149908820.html,17000000,"MN 17,000,000",MXN,venta,Casa,Palmira,Cuernavaca,Morelos,1000.0,1500.0,Publicado hace 86 días,2026-05-18T22:16:12Z,2026-08-12T15:51:56.956616+00:00,https://www.inmuebles24.com/casas-o-casa-en-condominio-o-departamentos-en-venta-en-morelos-provincia-ordenado-por-fechaonline-descendente.html-pagina-120.html
https://www.inmuebles24.com/propiedades/clasificado/veclcain-casa-sola-con-alberca-en-san-isidro-yautepec-149901764.html,2100000,"MN 2,100,000",MXN,venta,Casa,,Yautepec,Morelos,150.0,604.0,Publicado hace 86 días,2026-05-18T11:22:44Z,2026-08-12T15:51:56.956616+00:00,https://www.inmuebles24.com/casas-o-casa-en-condominio-o-departamentos-en-venta-en-morelos-provincia-ordenado-por-fechaonline-descendente.html-pagina-120.html
https://www.inmuebles24.com/propiedades/clasificado/veclcain-casa-sola-minimalista-149906498.html,6750000,"MN 6,750,000",MXN,venta,Casa,,Cuernavaca,Morelos,240.0,310.0,Publicado hace 86 días,2026-05-18T19:35:21Z,2026-08-12T15:53:10.238476+00:00,https://www.inmuebles24.com/casas-o-casa-en-condominio-o-departamentos-en-venta-en-morelos-provincia-ordenado-por-fechaonline-descendente.html-pagina-120.html
https://www.inmuebles24.com/propiedades/clasificado/veclcain-en-venta-casa-en-cuernavaca-al-norte-en-rancho-cortes-149909105.html,8500000,"MN 8,500,000",MXN,venta,Casa,Rancho Cortes,Cuernavaca,Morelos,468.0,907.0,Publicado hace 86 días,2026-05-18T22:29:07Z,2026-08-12T15:53:10.238476+00:00,https://www.inmuebles24.com/casas-o-casa-en-condominio-o-departamentos-en-venta-en-morelos-provincia-ordenado-por-fechaonline-descendente.html-pagina-120.html
https://www.inmuebles24.com/propiedades/clasificado/veclcain-excelente-casa-con-terreno-grande-149901190.html,5950000,"MN 5,950,000",MXN,venta,Casa,Oaxtepec Centro,Yautepec,Morelos,200.0,763.0,Publicado hace 86 días,2026-05-18T10:19:51Z,2026-08-12T15:53:10.238476+00:00,https://www.inmuebles24.com/casas-o-casa-en-condominio-o-departamentos-en-venta-en-morelos-provincia-ordenado-por-fechaonline-descendente.html-pagina-120.html
https://www.inmuebles24.com/propiedades/clasificado/veclcain-gran-oportunidad-de-casa-en-campo-verde-temixco-149905620.html,810000,"MN 810,000",MXN,venta,Casa,Temixco Centro,Temixco,Morelos,80.0,80.0,Publicado hace 86 días,2026-05-18T18:59:54Z,2026-08-12T15:53:10.238476+00:00,https://www.inmuebles24.com/casas-o-casa-en-condominio-o-departamentos-en-venta-en-morelos-provincia-ordenado-por-fechaonline-descendente.html-pagina-120.html
https://www.inmuebles24.com/propiedades/clasificado/veclcain-gran-propiedad-a-un-excelente-costo-149905433.html,560000,"MN 560,000",MXN,venta,Casa,Real de Tetela,Cuernavaca,Morelos,731.0,731.0,Publicado hace 86 días,2026-05-18T18:47:57Z,2026-08-12T15:53:10.238476+00:00,https://www.inmuebles24.com/casas-o-casa-en-condominio-o-departamentos-en-venta-en-morelos-provincia-ordenado-por-fechaonline-descendente.html-pagina-120.html
https://www.inmuebles24.com/propiedades/clasificado/veclcain-hermosa-casa-dentro-de-exclusivo-fraccionamiento-149905490.html,21000000,"MN 21,000,000",MXN,venta,Casa,Vista Hermosa,Cuernavaca,Morelos,500.0,1120.0,Publicado hace 86 días,2026-05-18T18:51:06Z,2026-08-12T15:53:10.238476+00:00,https://www.inmuebles24.com/casas-o-casa-en-condominio-o-departamentos-en-venta-en-morelos-provincia-ordenado-por-fechaonline-descendente.html-pagina-120.html
https://www.inmuebles24.com/propiedades/clasificado/veclcain-hermosa-casa-dentro-de-privada-en-zona-dorada-149906430.html,9500000,"MN 9,500,000",MXN,venta,Casa,Delicias,Cuernavaca,Morelos,345.0,260.0,Publicado hace 86 días,2026-05-18T19:31:21Z,2026-08-12T15:53:10.238476+00:00,https://www.inmuebles24.com/casas-o-casa-en-condominio-o-departamentos-en-venta-en-morelos-provincia-ordenado-por-fechaonline-descendente.html-pagina-120.html
https://www.inmuebles24.com/propiedades/clasificado/veclcain-hermosa-residencia-de-un-nivel-149905175.html,40000,"MN 40,000",MXN,venta,Casa,Del Empleado,Cuernavaca,Morelos,300.0,400.0,Publicado hace 86 días,2026-05-18T18:37:52Z,2026-08-12T15:53:10.238476+00:00,https://www.inmuebles24.com/casas-o-casa-en-condominio-o-departamentos-en-venta-en-morelos-provincia-ordenado-por-fechaonline-descendente.html-pagina-120.html
https://www.inmuebles24.com/propiedades/clasificado/veclcain-residencia-de-lujo-en-lomas-de-cocoyoc-con-vista-149871505.html,14600000,"MN 14,600,000",MXN,venta,Casa,Fraccionamiento Lomas de Cocoyoc,Atlatlahucan,Morelos,450.0,595.0,Publicado hace 86 días,2026-05-15T22:43:47Z,2026-08-12T15:53:10.238476+00:00,https://www.inmuebles24.com/casas-o-casa-en-condominio-o-departamentos-en-venta-en-morelos-provincia-ordenado-por-fechaonline-descendente.html-pagina-120.html
https://www.inmuebles24.com/propiedades/clasificado/veclcain-venta-casa-en-delicias-estricta-vigilanca-149906068.html,4450000,"MN 4,450,000",MXN,venta,Casa,Delicias,Cuernavaca,Morelos,180.0,200.0,Publicado hace 86 días,2026-05-18T19:18:50Z,2026-08-12T15:53:10.238476+00:00,https://www.inmuebles24.com/casas-o-casa-en-condominio-o-departamentos-en-venta-en-morelos-provincia-ordenado-por-fechaonline-descendente.html-pagina-120.html
https://www.inmuebles24.com/propiedades/clasificado/veclcain-villa-en-venta-paraiso-country-club-emiliano-zapata-149904086.html,9900000,"MN 9,900,000",MXN,venta,Casa,Fraccionamiento Paraíso Country Club,Emiliano Zapata,Morelos,251.0,431.0,Publicado hace 86 días,2026-05-18T17:32:12Z,2026-08-12T15:54:15.087320+00:00,https://www.inmuebles24.com/casas-o-casa-en-condominio-o-departamentos-en-venta-en-morelos-provincia-ordenado-por-fechaonline-descendente.html-pagina-120.html
https://www.inmuebles24.com/propiedades/clasificado/veclccin-casa-con-alberca-se-aceptan-creditos-a-solo-149910530.html,1150000,"MN 1,150,000",MXN,venta,Casa en condominio,,Emiliano Zapata,Morelos,65.0,50.0,Publicado hace 86 días,2026-05-19T00:10:10Z,2026-08-12T15:54:15.087320+00:00,https://www.inmuebles24.com/casas-o-casa-en-condominio-o-departamentos-en-venta-en-morelos-provincia-ordenado-por-fechaonline-descendente.html-pagina-120.html
https://www.inmuebles24.com/propiedades/clasificado/veclccin-casa-en-condominio-en-venta-yautepec-morelos-149911586.html,2180000,"MN 2,180,000",MXN,venta,Casa en condominio,Barrio San Juan,Yautepec,Morelos,122.0,148.0,Publicado hace 86 días,2026-05-19T01:54:27Z,2026-08-12T15:54:15.087320+00:00,https://www.inmuebles24.com/casas-o-casa-en-condominio-o-departamentos-en-venta-en-morelos-provincia-ordenado-por-fechaonline-descendente.html-pagina-120.html
https://www.inmuebles24.com/propiedades/clasificado/veclccin-casa-en-condominio-en-xochitepec-centro-149907481.html,1300000,"MN 1,300,000",MXN,venta,Casa en condominio,Xochitepec Centro,Xochitepec,Morelos,85.0,66.0,Publicado hace 86 días,2026-05-18T20:28:30Z,2026-08-12T15:54:15.087320+00:00,https://www.inmuebles24.com/casas-o-casa-en-condominio-o-departamentos-en-venta-en-morelos-provincia-ordenado-por-fechaonline-descendente.html-pagina-120.html
https://www.inmuebles24.com/propiedades/clasificado/veclapin-departamento-en-libramiento-cuernavaca-cuautla-149887936.html,1300000,"MN 1,300,000",MXN,venta,Apartamento,Centro,Yautepec,Morelos,80.0,80.0,Publicado hace 88 días,2026-05-16T16:38:33Z,2026-08-12T15:54:15.087320+00:00,https://www.inmuebles24.com/casas-o-casa-en-condominio-o-departamentos-en-venta-en-morelos-provincia-ordenado-por-fechaonline-descendente.html-pagina-121.html
https://www.inmuebles24.com/propiedades/clasificado/veclapin-departamento-en-venta-en-calzada-de-los-reyes-149890938.html,3950000,"MN 3,950,000",MXN,venta,Apartamento,Pueblo Tetela del Monte,Cuernavaca,Morelos,125.0,125.0,Publicado hace 87 días,2026-05-17T04:49:35Z,2026-08-12T15:54:15.087320+00:00,https://www.inmuebles24.com/casas-o-casa-en-condominio-o-departamentos-en-venta-en-morelos-provincia-ordenado-por-fechaonline-descendente.html-pagina-121.html
https://www.inmuebles24.com/propiedades/clasificado/veclcain-casa-colonial-1-nivel-con-gran-terreno-en-subida-149852130.html,4400000,"MN 4,400,000",MXN,venta,Casa,Del Bosque,Cuernavaca,Morelos,965.0,278.0,Publicado hace 90 días,2026-05-14T05:14:40Z,2026-08-12T15:54:15.087320+00:00,https://www.inmuebles24.com/casas-o-casa-en-condominio-o-departamentos-en-venta-en-morelos-provincia-ordenado-por-fechaonline-descendente.html-pagina-121.html
https://www.inmuebles24.com/propiedades/clasificado/veclcain-casa-con-3-recamaras-en-venta-322-m-sup2--superficie-149890024.html,5300000,"MN 5,300,000",MXN,venta,Casa,Pueblo Tlayacapan,Tlayacapan,Morelos,324.0,322.0,Publicado hace 88 días,2026-05-16T22:38:55Z,2026-08-12T15:54:15.087320+00:00,https://www.inmuebles24.com/casas-o-casa-en-condominio-o-departamentos-en-venta-en-morelos-provincia-ordenado-por-fechaonline-descendente.html-pagina-121.html
https://www.inmuebles24.com/propiedades/clasificado/veclcain-casa-de-1-nivel-con-amplio-terreno-jardin-y-alberca-149871224.html,4450000,"MN 4,450,000",MXN,venta,Casa,Lomas de Tetela,Cuernavaca,Morelos,206.0,600.0,Publicado hace 89 días,2026-05-15T22:07:20Z,2026-08-12T15:54:15.087320+00:00,https://www.inmuebles24.com/casas-o-casa-en-condominio-o-departamentos-en-venta-en-morelos-provincia-ordenado-por-fechaonline-descendente.html-pagina-121.html
https://www.inmuebles24.com/propiedades/clasificado/veclcain-casa-en-buenavista-149870307.html,9500000,"MN 9,500,000",MXN,venta,Casa,Buenavista,Cuernavaca,Morelos,471.0,585.0,Publicado hace 89 días,2026-05-15T20:22:08Z,2026-08-12T15:54:15.087320+00:00,https://www.inmuebles24.com/casas-o-casa-en-condominio-o-departamentos-en-venta-en-morelos-provincia-ordenado-por-fechaonline-descendente.html-pagina-121.html
https://www.inmuebles24.com/propiedades/clasificado/veclcain-casa-en-del-empleado-149860184.html,3900000,"MN 3,900,000",MXN,venta,Casa,Del Empleado,Cuernavaca,Morelos,140.0,102.0,Publicado hace 90 días,2026-05-14T19:25:40Z,2026-08-12T15:55:32.731194+00:00,https://www.inmuebles24.com/casas-o-casa-en-condominio-o-departamentos-en-venta-en-morelos-provincia-ordenado-por-fechaonline-descendente.html-pagina-121.html
https://www.inmuebles24.com/propiedades/clasificado/veclcain-casa-en-el-centro-de-cuernavaca-morelos-$12-000-000-149868481.html,12000000,"MN 12,000,000",MXN,venta,Casa,Club de Golf,Cuernavaca,Morelos,512.0,520.0,Publicado hace 89 días,2026-05-15T18:08:18Z,2026-08-12T15:55:32.731194+00:00,https://www.inmuebles24.com/casas-o-casa-en-condominio-o-departamentos-en-venta-en-morelos-provincia-ordenado-por-fechaonline-descendente.html-pagina-121.html
https://www.inmuebles24.com/propiedades/clasificado/veclcain-casa-en-fraccionamiento-lomas-de-ahuatlan-149870327.html,2850000,"MN 2,850,000",MXN,venta,Casa,Lomas de Ahuatlán,Cuernavaca,Morelos,111.0,111.0,Publicado hace 89 días,2026-05-15T20:22:56Z,2026-08-12T15:55:32.731194+00:00,https://www.inmuebles24.com/casas-o-casa-en-condominio-o-departamentos-en-venta-en-morelos-provincia-ordenado-por-fechaonline-descendente.html-pagina-121.html
https://www.inmuebles24.com/propiedades/clasificado/veclcain-casa-en-venta-col-las-granjas-cuernavaca-149890172.html,5500000,"MN 5,500,000",MXN,venta,Casa,,Cuernavaca,Morelos,400.0,582.0,Publicado hace 88 días,2026-05-16T23:43:04Z,2026-08-12T15:55:32.731194+00:00,https://www.inmuebles24.com/casas-o-casa-en-condominio-o-departamentos-en-venta-en-morelos-provincia-ordenado-por-fechaonline-descendente.html-pagina-121.html
https://www.inmuebles24.com/propiedades/clasificado/veclcain-casa-en-venta-con-alberca-en-cuernavaca-morelos-149871640.html,4800000,"MN 4,800,000",MXN,venta,Casa,Lomas del Tzompantle,Cuernavaca,Morelos,225.0,198.0,Publicado hace 89 días,2026-05-15T23:04:28Z,2026-08-12T15:55:32.731194+00:00,https://www.inmuebles24.com/casas-o-casa-en-condominio-o-departamentos-en-venta-en-morelos-provincia-ordenado-por-fechaonline-descendente.html-pagina-121.html
https://www.inmuebles24.com/propiedades/clasificado/veclcain-casa-en-venta-en-vistahermosa-con-vigilancia-149662016.html,13200000,"MN 13,200,000",MXN,venta,Casa,Vista Hermosa,Cuernavaca,Morelos,660.0,750.0,Publicado hace 89 días,2026-04-27T16:01:06Z,2026-08-12T15:55:32.731194+00:00,https://www.inmuebles24.com/casas-o-casa-en-condominio-o-departamentos-en-venta-en-morelos-provincia-ordenado-por-fechaonline-descendente.html-pagina-121.html
https://www.inmuebles24.com/propiedades/clasificado/veclcain-casa-en-venta-morelos-atlatlahucan-149326377.html,5000000,"MN 5,000,000",MXN,venta,Casa,Pueblo Atlatlahucan,Atlatlahucan,Morelos,200.0,450.0,Publicado hace 89 días,2026-03-21T21:56:46Z,2026-08-12T15:55:32.731194+00:00,https://www.inmuebles24.com/casas-o-casa-en-condominio-o-departamentos-en-venta-en-morelos-provincia-ordenado-por-fechaonline-descendente.html-pagina-121.html
https://www.inmuebles24.com/propiedades/clasificado/veclcain-casa-lomas-de-tetela-149904189.html,4800000,"MN 4,800,000",MXN,venta,Casa,Lomas de Tetela,Cuernavaca,Morelos,220.0,300.0,Publicado hace 86 días,2026-05-18T17:40:31Z,2026-08-12T15:55:32.731194+00:00,https://www.inmuebles24.com/casas-o-casa-en-condominio-o-departamentos-en-venta-en-morelos-provincia-ordenado-por-fechaonline-descendente.html-pagina-121.html
https://www.inmuebles24.com/propiedades/clasificado/veclcain-casa-moderna-con-alberca-y-vigilancia-junto-a-averanda-149871275.html,17950000,"MN 17,950,000",MXN,venta,Casa,Vista Hermosa,Cuernavaca,Morelos,619.0,744.0,Publicado hace 89 días,2026-05-15T22:15:32Z,2026-08-12T15:55:32.731194+00:00,https://www.inmuebles24.com/casas-o-casa-en-condominio-o-departamentos-en-venta-en-morelos-provincia-ordenado-por-fechaonline-descendente.html-pagina-121.html
https://www.inmuebles24.com/propiedades/clasificado/veclcain-casa-nueva-con-vista-al-lago-en-tequesquitengo-alberca-149898588.html,5450000,"MN 5,450,000",MXN,venta,Casa,Tequesquitengo,Jojutla,Morelos,172.0,303.0,Publicado hace 87 días,2026-05-18T03:09:25Z,2026-08-12T15:55:32.731194+00:00,https://www.inmuebles24.com/casas-o-casa-en-condominio-o-departamentos-en-venta-en-morelos-provincia-ordenado-por-fechaonline-descendente.html-pagina-121.html
https://www.inmuebles24.com/propiedades/clasificado/veclcain-casa-vista-hermosa-149890318.html,28000000,"MN 28,000,000",MXN,venta,Casa,Vista Hermosa,Cuernavaca,Morelos,820.0,820.0,Publicado hace 88 días,2026-05-17T00:37:27Z,2026-08-12T15:56:36.436303+00:00,https://www.inmuebles24.com/casas-o-casa-en-condominio-o-departamentos-en-venta-en-morelos-provincia-ordenado-por-fechaonline-descendente.html-pagina-121.html
https://www.inmuebles24.com/propiedades/clasificado/veclcain-en-venta-casa-nueva-con-moderno-diseno-en-lomas-de-149890033.html,8900000,"MN 8,900,000",MXN,venta,Casa,Fraccionamiento Lomas de Cocoyoc,Atlatlahucan,Morelos,360.0,441.0,Publicado hace 88 días,2026-05-16T22:43:25Z,2026-08-12T15:56:36.436303+00:00,https://www.inmuebles24.com/casas-o-casa-en-condominio-o-departamentos-en-venta-en-morelos-provincia-ordenado-por-fechaonline-descendente.html-pagina-121.html
https://www.inmuebles24.com/propiedades/clasificado/veclcain-increible-propiedad-en-venta-jiutepec-morelos-149866092.html,25000000,"MN 25,000,000",MXN,venta,Casa,Fraccionamiento Tamoanchan,Jiutepec,Morelos,905.0,4089.0,Publicado hace 89 días,2026-05-15T11:22:58Z,2026-08-12T15:56:36.436303+00:00,https://www.inmuebles24.com/casas-o-casa-en-condominio-o-departamentos-en-venta-en-morelos-provincia-ordenado-por-fechaonline-descendente.html-pagina-121.html
https://www.inmuebles24.com/propiedades/clasificado/veclcain-se-vende-casa-dentro-del-fraccionamiento-lomas-de-149869152.html,4500000,"MN 4,500,000",MXN,venta,Casa,Lomas de Ahuatlán,Cuernavaca,Morelos,180.0,260.0,Publicado hace 89 días,2026-05-15T18:59:51Z,2026-08-12T15:56:36.436303+00:00,https://www.inmuebles24.com/casas-o-casa-en-condominio-o-departamentos-en-venta-en-morelos-provincia-ordenado-por-fechaonline-descendente.html-pagina-121.html
https://www.inmuebles24.com/propiedades/clasificado/veclcain-venta-casa-en-tabachines-en-cuernavaca-149865921.html,29000000,"MN 29,000,000",MXN,venta,Casa,Club de Golf Los Tabachines,Cuernavaca,Morelos,665.0,742.0,Publicado hace 89 días,2026-05-15T07:12:05Z,2026-08-12T15:56:36.436303+00:00,https://www.inmuebles24.com/casas-o-casa-en-condominio-o-departamentos-en-venta-en-morelos-provincia-ordenado-por-fechaonline-descendente.html-pagina-121.html
https://www.inmuebles24.com/propiedades/clasificado/veclcain-venta-de-casa-c-bungalow-c-terreno-de-2-000-m-sup2-149863975.html,1600000,"MN 1,600,000",MXN,venta,Casa,Fraccionamiento Huertas de San Pedro,Huitzilac,Morelos,340.0,2000.0,Publicado hace 90 días,2026-05-15T00:20:37Z,2026-08-12T15:56:36.436303+00:00,https://www.inmuebles24.com/casas-o-casa-en-condominio-o-departamentos-en-venta-en-morelos-provincia-ordenado-por-fechaonline-descendente.html-pagina-121.html
https://www.inmuebles24.com/propiedades/clasificado/veclcain-venta-de-casa-con-alberca-y-seguridad-en-totolapan-149891407.html,1750000,"MN 1,750,000",MXN,venta,Casa,Fraccionamiento Colinas del Paraíso,Totolapan,Morelos,160.0,105.0,Publicado hace 87 días,2026-05-17T07:31:39Z,2026-08-12T15:56:36.436303+00:00,https://www.inmuebles24.com/casas-o-casa-en-condominio-o-departamentos-en-venta-en-morelos-provincia-ordenado-por-fechaonline-descendente.html-pagina-121.html
https://www.inmuebles24.com/propiedades/clasificado/veclcain-venta-de-casa-en-real-montecasino-v403-149867410.html,2500000,"MN 2,500,000",MXN,venta,Casa,Real Monte Casino,Huitzilac,Morelos,277.0,1245.0,Publicado hace 89 días,2026-05-15T16:57:52Z,2026-08-12T15:56:36.436303+00:00,https://www.inmuebles24.com/casas-o-casa-en-condominio-o-departamentos-en-venta-en-morelos-provincia-ordenado-por-fechaonline-descendente.html-pagina-121.html
https://www.inmuebles24.com/propiedades/clasificado/veclcain-venta-de-casa-en-real-montecasino-v403-149867424.html,2500000,"MN 2,500,000",MXN,venta,Casa,Real Monte Casino,Huitzilac,Morelos,277.0,1245.0,Publicado hace 89 días,2026-05-15T16:58:29Z,2026-08-12T15:56:36.436303+00:00,https://www.inmuebles24.com/casas-o-casa-en-condominio-o-departamentos-en-venta-en-morelos-provincia-ordenado-por-fechaonline-descendente.html-pagina-121.html
https://www.inmuebles24.com/propiedades/clasificado/veclcapa-venta-$2-100-000-149898090.html,2100000,"MN 2,100,000",MXN,venta,Casa,,Cuernavaca,Morelos,130.0,60.0,Publicado hace 87 días,2026-05-18T00:19:29Z,2026-08-12T15:56:36.436303+00:00,https://www.inmuebles24.com/casas-o-casa-en-condominio-o-departamentos-en-venta-en-morelos-provincia-ordenado-por-fechaonline-descendente.html-pagina-121.html
https://www.inmuebles24.com/propiedades/clasificado/veclcapa-venta-hermosa-residencia-en-club-de-golf-los-149889022.html,18000000,"MN 18,000,000",MXN,venta,Casa,Club de Golf Los Tabachines,Cuernavaca,Morelos,772.0,1482.0,Publicado hace 88 días,2026-05-16T20:31:50Z,2026-08-12T15:57:41.477591+00:00,https://www.inmuebles24.com/casas-o-casa-en-condominio-o-departamentos-en-venta-en-morelos-provincia-ordenado-por-fechaonline-descendente.html-pagina-121.html
https://www.inmuebles24.com/propiedades/clasificado/veclccin-casa-geo-en-condominio-en-tezoyuca-149878906.html,1500000,"MN 1,500,000",MXN,venta,Casa en condominio,,Emiliano Zapata,Morelos,72.0,72.0,Publicado hace 89 días,2026-05-16T03:07:27Z,2026-08-12T15:57:41.477591+00:00,https://www.inmuebles24.com/casas-o-casa-en-condominio-o-departamentos-en-venta-en-morelos-provincia-ordenado-por-fechaonline-descendente.html-pagina-121.html
https://www.inmuebles24.com/propiedades/clasificado/veclccin-vendo-en-cuernavaca-amplia-casa-en-fracc.-con-149860872.html,4500000,"MN 4,500,000",MXN,venta,Casa en condominio,Lomas de Atzingo,Cuernavaca,Morelos,255.0,378.0,Publicado hace 90 días,2026-05-14T20:22:37Z,2026-08-12T15:57:41.477591+00:00,https://www.inmuebles24.com/casas-o-casa-en-condominio-o-departamentos-en-venta-en-morelos-provincia-ordenado-por-fechaonline-descendente.html-pagina-121.html
https://www.inmuebles24.com/propiedades/clasificado/veclccin-vendo-en-cuernavaca-hermosa-casa-en-rinconada-real-149861926.html,5950000,"MN 5,950,000",MXN,venta,Casa en condominio,Tres de Mayo,Emiliano Zapata,Morelos,250.0,230.0,Publicado hace 90 días,2026-05-14T22:03:15Z,2026-08-12T15:57:41.477591+00:00,https://www.inmuebles24.com/casas-o-casa-en-condominio-o-departamentos-en-venta-en-morelos-provincia-ordenado-por-fechaonline-descendente.html-pagina-121.html
https://www.inmuebles24.com/propiedades/clasificado/veclapin-departamento-den-venta-acapantzingo-cuernavaca-149847066.html,4200000,"MN 4,200,000",MXN,venta,Apartamento,San Miguel Acapantzingo,Cuernavaca,Morelos,144.0,144.0,Publicado hace 91 días,2026-05-13T21:16:18Z,2026-08-12T15:57:41.477591+00:00,https://www.inmuebles24.com/casas-o-casa-en-condominio-o-departamentos-en-venta-en-morelos-provincia-ordenado-por-fechaonline-descendente.html-pagina-122.html
https://www.inmuebles24.com/propiedades/clasificado/veclapin-estrena-departamento-en-habitat-148516824.html,3221720,"MN 3,221,720",MXN,venta,Apartamento,Lomas de la Selva,Cuernavaca,Morelos,100.0,100.0,Publicado hace 91 días,2025-12-24T03:07:09Z,2026-08-12T15:57:41.477591+00:00,https://www.inmuebles24.com/casas-o-casa-en-condominio-o-departamentos-en-venta-en-morelos-provincia-ordenado-por-fechaonline-descendente.html-pagina-122.html
https://www.inmuebles24.com/propiedades/clasificado/veclapin-ph-en-venta-palmira-humboldt-marmol-elevador-y-149846671.html,4500000,"MN 4,500,000",MXN,venta,Apartamento,Palmira,Cuernavaca,Morelos,170.0,140.0,Publicado hace 91 días,2026-05-13T20:45:23Z,2026-08-12T15:57:41.477591+00:00,https://www.inmuebles24.com/casas-o-casa-en-condominio-o-departamentos-en-venta-en-morelos-provincia-ordenado-por-fechaonline-descendente.html-pagina-122.html
https://www.inmuebles24.com/propiedades/clasificado/veclcain-casa-de-un-nivel-con-amplio-jardin-sobre-av-paseo-de-149860968.html,5560000,"MN 5,560,000",MXN,venta,Casa,Fraccionamiento Pedregal de las Fuentes,Jiutepec,Morelos,274.0,834.0,Publicado hace 90 días,2026-05-14T20:33:04Z,2026-08-12T15:57:41.477591+00:00,https://www.inmuebles24.com/casas-o-casa-en-condominio-o-departamentos-en-venta-en-morelos-provincia-ordenado-por-fechaonline-descendente.html-pagina-122.html
https://www.inmuebles24.com/propiedades/clasificado/veclcain-casa-en-fraccionamiento-kloster-sumiya-149864626.html,19500000,"MN 19,500,000",MXN,venta,Casa,Fraccionamiento Kloster Sumiya,Jiutepec,Morelos,756.0,1000.0,Publicado hace 90 días,2026-05-15T01:38:55Z,2026-08-12T15:57:41.477591+00:00,https://www.inmuebles24.com/casas-o-casa-en-condominio-o-departamentos-en-venta-en-morelos-provincia-ordenado-por-fechaonline-descendente.html-pagina-122.html
https://www.inmuebles24.com/propiedades/clasificado/veclcain-casa-en-jiquilpan-149851989.html,4490000,"MN 4,490,000",MXN,venta,Casa,Jiquilpan,Cuernavaca,Morelos,220.0,158.0,Publicado hace 90 días,2026-05-14T04:35:38Z,2026-08-12T15:57:41.477591+00:00,https://www.inmuebles24.com/casas-o-casa-en-condominio-o-departamentos-en-venta-en-morelos-provincia-ordenado-por-fechaonline-descendente.html-pagina-122.html
https://www.inmuebles24.com/propiedades/clasificado/veclcain-casa-en-venta-cerca-de-six-flags-oaxtepec-av-santa-149711114.html,2890000,"MN 2,890,000",MXN,venta,Casa,Santa Rosa,Yautepec,Morelos,170.0,425.0,Publicado hace 91 días,2026-04-30T18:05:46Z,2026-08-12T15:58:52.324412+00:00,https://www.inmuebles24.com/casas-o-casa-en-condominio-o-departamentos-en-venta-en-morelos-provincia-ordenado-por-fechaonline-descendente.html-pagina-122.html
https://www.inmuebles24.com/propiedades/clasificado/veclcain-casa-en-venta-cuernavaca-149849737.html,13500000,"MN 13,500,000",MXN,venta,Casa,Jardines de Ahuatepec,Cuernavaca,Morelos,872.0,1018.0,Publicado hace 91 días,2026-05-14T01:14:10Z,2026-08-12T15:58:52.324412+00:00,https://www.inmuebles24.com/casas-o-casa-en-condominio-o-departamentos-en-venta-en-morelos-provincia-ordenado-por-fechaonline-descendente.html-pagina-122.html
https://www.inmuebles24.com/propiedades/clasificado/veclcain-casa-en-venta-en-ahuatlan-tzompantle-cuernavaca-149864953.html,7240000,"MN 7,240,000",MXN,venta,Casa,Fraccionamiento Ahuatlán Tzompantle,Cuernavaca,Morelos,330.0,450.0,Publicado hace 90 días,2026-05-15T02:45:38Z,2026-08-12T15:58:52.324412+00:00,https://www.inmuebles24.com/casas-o-casa-en-condominio-o-departamentos-en-venta-en-morelos-provincia-ordenado-por-fechaonline-descendente.html-pagina-122.html
https://www.inmuebles24.com/propiedades/clasificado/veclcain-casa-en-venta-en-cuernavaca-morelos-149848499.html,9490000,"MN 9,490,000",MXN,venta,Casa,Reforma,Cuernavaca,Morelos,265.0,544.0,Publicado hace 91 días,2026-05-13T23:28:51Z,2026-08-12T15:58:52.324412+00:00,https://www.inmuebles24.com/casas-o-casa-en-condominio-o-departamentos-en-venta-en-morelos-provincia-ordenado-por-fechaonline-descendente.html-pagina-122.html
https://www.inmuebles24.com/propiedades/clasificado/veclcain-casa-en-venta-en-jiutepec-morelos-149848390.html,22000000,"MN 22,000,000",MXN,venta,Casa,Pueblo José G Parres,Jiutepec,Morelos,612.0,5250.0,Publicado hace 91 días,2026-05-13T23:18:06Z,2026-08-12T15:58:52.324412+00:00,https://www.inmuebles24.com/casas-o-casa-en-condominio-o-departamentos-en-venta-en-morelos-provincia-ordenado-por-fechaonline-descendente.html-pagina-122.html
https://www.inmuebles24.com/propiedades/clasificado/veclcain-casa-en-venta-las-garzas-al-sur-de-cuernavaca-con-149850714.html,1200000,"MN 1,200,000",MXN,venta,Casa,"Fraccionamiento Las Garzas I, II, III Y IV",Emiliano Zapata,Morelos,65.0,65.0,Publicado hace 91 días,2026-05-14T03:18:38Z,2026-08-12T15:58:52.324412+00:00,https://www.inmuebles24.com/casas-o-casa-en-condominio-o-departamentos-en-venta-en-morelos-provincia-ordenado-por-fechaonline-descendente.html-pagina-122.html
https://www.inmuebles24.com/propiedades/clasificado/veclcain-casa-en-venta-real-santa-fe-con-alberca-y-vigilancia-149850617.html,1200000,"MN 1,200,000",MXN,venta,Casa,Real Santa Fe,Xochitepec,Morelos,68.0,65.0,Publicado hace 91 días,2026-05-14T03:10:16Z,2026-08-12T15:58:52.324412+00:00,https://www.inmuebles24.com/casas-o-casa-en-condominio-o-departamentos-en-venta-en-morelos-provincia-ordenado-por-fechaonline-descendente.html-pagina-122.html
https://www.inmuebles24.com/propiedades/clasificado/veclcain-casa-en-venta-residencial-cruz-encantada-yautepec-149848817.html,1790000,"MN 1,790,000",MXN,venta,Casa,,Yautepec,Morelos,85.0,140.0,Publicado hace 91 días,2026-05-13T23:59:41Z,2026-08-12T15:58:52.324412+00:00,https://www.inmuebles24.com/casas-o-casa-en-condominio-o-departamentos-en-venta-en-morelos-provincia-ordenado-por-fechaonline-descendente.html-pagina-122.html
https://www.inmuebles24.com/propiedades/clasificado/veclcain-casa-estilo-mexicano-con-gran-jardin-y-alberca-149850078.html,10000000,"MN 10,000,000",MXN,venta,Casa,Centro Jiutepec,Jiutepec,Morelos,220.0,1525.0,Publicado hace 91 días,2026-05-14T02:12:30Z,2026-08-12T15:58:52.324412+00:00,https://www.inmuebles24.com/casas-o-casa-en-condominio-o-departamentos-en-venta-en-morelos-provincia-ordenado-por-fechaonline-descendente.html-pagina-122.html
https://www.inmuebles24.com/propiedades/clasificado/veclcain-casa-fraccionamiento-burgos-bugambilias-149855550.html,7600000,"MN 7,600,000",MXN,venta,Casa,Fraccionamiento Burgos Bugambilias,Temixco,Morelos,400.0,480.0,Publicado hace 90 días,2026-05-14T16:31:09Z,2026-08-12T15:58:52.324412+00:00,https://www.inmuebles24.com/casas-o-casa-en-condominio-o-departamentos-en-venta-en-morelos-provincia-ordenado-por-fechaonline-descendente.html-pagina-122.html
https://www.inmuebles24.com/propiedades/clasificado/veclcain-casa-nueva-en-venta-en-fraccionamiento-lomas-del-sol-149864023.html,5500000,"MN 5,500,000",MXN,venta,Casa,Fraccionamiento Loma Sol,Cuernavaca,Morelos,198.0,240.0,Publicado hace 90 días,2026-05-15T00:25:35Z,2026-08-12T15:59:58.584920+00:00,https://www.inmuebles24.com/casas-o-casa-en-condominio-o-departamentos-en-venta-en-morelos-provincia-ordenado-por-fechaonline-descendente.html-pagina-122.html
https://www.inmuebles24.com/propiedades/clasificado/veclcain-venta-casa-jardin-con-bosque-v402-149860249.html,4500000,"MN 4,500,000",MXN,venta,Casa,Real Monte Casino,Huitzilac,Morelos,207.0,1320.0,Publicado hace 90 días,2026-05-14T19:28:27Z,2026-08-12T15:59:58.584920+00:00,https://www.inmuebles24.com/casas-o-casa-en-condominio-o-departamentos-en-venta-en-morelos-provincia-ordenado-por-fechaonline-descendente.html-pagina-122.html
https://www.inmuebles24.com/propiedades/clasificado/veclcain-venta-casa-sola-ahuatepec-cuernavaca-149862268.html,3500000,"MN 3,500,000",MXN,venta,Casa,Pueblo Ahuatepec,Cuernavaca,Morelos,220.0,550.0,Publicado hace 90 días,2026-05-14T22:28:25Z,2026-08-12T15:59:58.584920+00:00,https://www.inmuebles24.com/casas-o-casa-en-condominio-o-departamentos-en-venta-en-morelos-provincia-ordenado-por-fechaonline-descendente.html-pagina-122.html
https://www.inmuebles24.com/propiedades/clasificado/veclcapa-bonita-casa-149861782.html,680000,"MN 680,000",MXN,venta,Casa,Fraccionamiento Rinconada Florida,Cuernavaca,Morelos,1.0,1.0,Publicado hace 90 días,2026-05-14T21:48:51Z,2026-08-12T15:59:58.584920+00:00,https://www.inmuebles24.com/casas-o-casa-en-condominio-o-departamentos-en-venta-en-morelos-provincia-ordenado-por-fechaonline-descendente.html-pagina-122.html
https://www.inmuebles24.com/propiedades/clasificado/veclccin-casa-en-condominio-en-rinconada-de-xochitepec-i-149862557.html,1380000,"MN 1,380,000",MXN,venta,Casa en condominio,San Pedro de los Pinos,Xochitepec,Morelos,83.0,77.0,Publicado hace 90 días,2026-05-14T22:52:30Z,2026-08-12T15:59:58.584920+00:00,https://www.inmuebles24.com/casas-o-casa-en-condominio-o-departamentos-en-venta-en-morelos-provincia-ordenado-por-fechaonline-descendente.html-pagina-122.html
https://www.inmuebles24.com/propiedades/clasificado/veclccin-casa-en-condominio-en-venta-cuernavaca-149849843.html,14900000,"MN 14,900,000",MXN,venta,Casa en condominio,,Cuernavaca,Morelos,432.0,782.0,Publicado hace 91 días,2026-05-14T01:33:14Z,2026-08-12T15:59:58.584920+00:00,https://www.inmuebles24.com/casas-o-casa-en-condominio-o-departamentos-en-venta-en-morelos-provincia-ordenado-por-fechaonline-descendente.html-pagina-122.html
https://www.inmuebles24.com/propiedades/clasificado/veclccin-casa-en-venta-en-residencial-alto-acoxal-col.-del-149863989.html,11500000,"MN 11,500,000",MXN,venta,Casa en condominio,Del Bosque,Cuernavaca,Morelos,468.0,500.0,Publicado hace 90 días,2026-05-15T00:22:08Z,2026-08-12T15:59:58.584920+00:00,https://www.inmuebles24.com/casas-o-casa-en-condominio-o-departamentos-en-venta-en-morelos-provincia-ordenado-por-fechaonline-descendente.html-pagina-122.html
https://www.inmuebles24.com/propiedades/clasificado/veclccin-residencia-en-venta-a-estrenar-residencial-alto-149864096.html,15300000,"MN 15,300,000",MXN,venta,Casa en condominio,Del Bosque,Cuernavaca,Morelos,644.0,600.0,Publicado hace 90 días,2026-05-15T00:33Z,2026-08-12T15:59:58.584920+00:00,https://www.inmuebles24.com/casas-o-casa-en-condominio-o-departamentos-en-venta-en-morelos-provincia-ordenado-por-fechaonline-descendente.html-pagina-122.html
https://www.inmuebles24.com/propiedades/clasificado/veclccin-se-vende-casa-en-yautepec-morelos-residencial-149849287.html,1550000,"MN 1,550,000",MXN,venta,Casa en condominio,,Yautepec,Morelos,94.0,74.0,Publicado hace 91 días,2026-05-14T00:46:07Z,2026-08-12T15:59:58.584920+00:00,https://www.inmuebles24.com/casas-o-casa-en-condominio-o-departamentos-en-venta-en-morelos-provincia-ordenado-por-fechaonline-descendente.html-pagina-122.html
https://www.inmuebles24.com/propiedades/clasificado/veclccin-vendo-casa-en-cuernavaca-con-600-m-sup2--de-terreno-y-149861581.html,8500000,"MN 8,500,000",MXN,venta,Casa en condominio,,Cuernavaca,Morelos,492.0,600.0,Publicado hace 90 días,2026-05-14T21:28:19Z,2026-08-12T15:59:58.584920+00:00,https://www.inmuebles24.com/casas-o-casa-en-condominio-o-departamentos-en-venta-en-morelos-provincia-ordenado-por-fechaonline-descendente.html-pagina-122.html
https://www.inmuebles24.com/propiedades/clasificado/veclccin-vendo-casa-en-cuernavaca-estilo-moderno-exclusivo-149862460.html,9500000,"MN 9,500,000",MXN,venta,Casa en condominio,,Cuernavaca,Morelos,299.0,500.0,Publicado hace 90 días,2026-05-14T22:45:37Z,2026-08-12T16:01:13.724410+00:00,https://www.inmuebles24.com/casas-o-casa-en-condominio-o-departamentos-en-venta-en-morelos-provincia-ordenado-por-fechaonline-descendente.html-pagina-122.html
https://www.inmuebles24.com/propiedades/clasificado/veclccin-vendo-casa-en-cuernavaca-exclusivo-fracc.-sumiya-4-149862277.html,12500000,"MN 12,500,000",MXN,venta,Casa en condominio,Sumiya,Cuernavaca,Morelos,650.0,1750.0,Publicado hace 90 días,2026-05-14T22:29:25Z,2026-08-12T16:01:13.724410+00:00,https://www.inmuebles24.com/casas-o-casa-en-condominio-o-departamentos-en-venta-en-morelos-provincia-ordenado-por-fechaonline-descendente.html-pagina-122.html
https://www.inmuebles24.com/propiedades/clasificado/veclccin-venta-de-casa-en-xochitepec-morelos-fraccionamiento-149849745.html,3150000,"MN 3,150,000",MXN,venta,Casa en condominio,,Xochitepec,Morelos,100.0,70.0,Publicado hace 91 días,2026-05-14T01:15:01Z,2026-08-12T16:01:13.724410+00:00,https://www.inmuebles24.com/casas-o-casa-en-condominio-o-departamentos-en-venta-en-morelos-provincia-ordenado-por-fechaonline-descendente.html-pagina-122.html
https://www.inmuebles24.com/propiedades/clasificado/veclccpa--casa-1-nivel-con-3-recamaras-y-estudio!-149848628.html,4990000,"MN 4,990,000",MXN,venta,Casa en condominio,Fraccionamiento El Paraíso,Jiutepec,Morelos,190.0,250.0,Publicado hace 91 días,2026-05-13T23:40:23Z,2026-08-12T16:01:13.724410+00:00,https://www.inmuebles24.com/casas-o-casa-en-condominio-o-departamentos-en-venta-en-morelos-provincia-ordenado-por-fechaonline-descendente.html-pagina-122.html
https://www.inmuebles24.com/propiedades/clasificado/veclapin-departamento-con-escrituras-149850702.html,770000,"MN 770,000",MXN,venta,Apartamento,Unidad habitacional Las Fuentes,Emiliano Zapata,Morelos,65.0,65.0,Publicado hace 91 días,2026-05-14T03:16:08Z,2026-08-12T16:01:13.724410+00:00,https://www.inmuebles24.com/casas-o-casa-en-condominio-o-departamentos-en-venta-en-morelos-provincia-ordenado-por-fechaonline-descendente.html-pagina-123.html
https://www.inmuebles24.com/propiedades/clasificado/veclapin-departamento-en-venta-en-cuernavaca-nuevo-tzompantle-149850912.html,1900000,"MN 1,900,000",MXN,venta,Apartamento,,Cuernavaca,Morelos,84.0,120.0,Publicado hace 91 días,2026-05-14T03:45Z,2026-08-12T16:01:13.724410+00:00,https://www.inmuebles24.com/casas-o-casa-en-condominio-o-departamentos-en-venta-en-morelos-provincia-ordenado-por-fechaonline-descendente.html-pagina-123.html
https://www.inmuebles24.com/propiedades/clasificado/veclapin-departamento-en-venta-en-cuernavaca-nuevo-tzompantle-149850916.html,1900000,"MN 1,900,000",MXN,venta,Apartamento,Rincón del Valle,Cuernavaca,Morelos,84.0,120.0,Publicado hace 91 días,2026-05-14T03:45:01Z,2026-08-12T16:01:13.724410+00:00,https://www.inmuebles24.com/casas-o-casa-en-condominio-o-departamentos-en-venta-en-morelos-provincia-ordenado-por-fechaonline-descendente.html-pagina-123.html
https://www.inmuebles24.com/propiedades/clasificado/veclapin-departamento-en-venta-en-fraccionamiento-campo-verde-149849392.html,898000,"MN 898,000",MXN,venta,Apartamento,Campo Sotelo,Temixco,Morelos,46.0,46.0,Publicado hace 91 días,2026-05-14T00:48:29Z,2026-08-12T16:01:13.724410+00:00,https://www.inmuebles24.com/casas-o-casa-en-condominio-o-departamentos-en-venta-en-morelos-provincia-ordenado-por-fechaonline-descendente.html-pagina-123.html
https://www.inmuebles24.com/propiedades/clasificado/veclapin-departamento-en-venta-xochitepec-con-alberca-y-149850698.html,1200000,"MN 1,200,000",MXN,venta,Apartamento,Pueblo Atlacholoaya,Xochitepec,Morelos,68.0,65.0,Publicado hace 91 días,2026-05-14T03:14:30Z,2026-08-12T16:01:13.724410+00:00,https://www.inmuebles24.com/casas-o-casa-en-condominio-o-departamentos-en-venta-en-morelos-provincia-ordenado-por-fechaonline-descendente.html-pagina-123.html
https://www.inmuebles24.com/propiedades/clasificado/veclapin-se-vende-departamento.-en-cuernavaca-morelos.-149850975.html,8120570,"MN 8,120,570",MXN,venta,Apartamento,Ricardo Flores Magón,Cuernavaca,Morelos,1652.0,162.0,Publicado hace 91 días,2026-05-14T03:45:20Z,2026-08-12T16:01:13.724410+00:00,https://www.inmuebles24.com/casas-o-casa-en-condominio-o-departamentos-en-venta-en-morelos-provincia-ordenado-por-fechaonline-descendente.html-pagina-123.html
https://www.inmuebles24.com/propiedades/clasificado/veclcain-casa-en-venta-cuernavaca-jiutepec-tamoanchan-cancha-149850983.html,21900000,"MN 21,900,000",MXN,venta,Casa,Fraccionamiento Tamoanchan,Jiutepec,Morelos,769.0,4999.0,Publicado hace 91 días,2026-05-14T03:45:24Z,2026-08-12T16:02:25.508199+00:00,https://www.inmuebles24.com/casas-o-casa-en-condominio-o-departamentos-en-venta-en-morelos-provincia-ordenado-por-fechaonline-descendente.html-pagina-123.html
https://www.inmuebles24.com/propiedades/clasificado/veclcain-casa-en-venta-de-3-recamaras-en-club-de-golf-santa-fe-149833595.html,2399000,"MN 2,399,000",MXN,venta,Casa,Club de Golf Santa Fe,Xochitepec,Morelos,123.0,70.0,Publicado hace 92 días,2026-05-13T00:45:28Z,2026-08-12T16:02:25.508199+00:00,https://www.inmuebles24.com/casas-o-casa-en-condominio-o-departamentos-en-venta-en-morelos-provincia-ordenado-por-fechaonline-descendente.html-pagina-123.html
https://www.inmuebles24.com/propiedades/clasificado/veclcain-casa-en-venta-en-av-palmira-con-seguridad-24-horas-149850991.html,12500000,"MN 12,500,000",MXN,venta,Casa,Palmira,Cuernavaca,Morelos,565.0,1625.0,Publicado hace 91 días,2026-05-14T03:45:27Z,2026-08-12T16:02:25.508199+00:00,https://www.inmuebles24.com/casas-o-casa-en-condominio-o-departamentos-en-venta-en-morelos-provincia-ordenado-por-fechaonline-descendente.html-pagina-123.html
https://www.inmuebles24.com/propiedades/clasificado/veclcain-casa-en-venta-en-calzada-de-los-estrada-vistahermosa-149850977.html,7200000,"MN 7,200,000",MXN,venta,Casa,Vista Hermosa,Cuernavaca,Morelos,315.0,245.0,Publicado hace 91 días,2026-05-14T03:45:21Z,2026-08-12T16:02:25.508199+00:00,https://www.inmuebles24.com/casas-o-casa-en-condominio-o-departamentos-en-venta-en-morelos-provincia-ordenado-por-fechaonline-descendente.html-pagina-123.html
https://www.inmuebles24.com/propiedades/clasificado/veclcain-casa-en-venta-en-cond.-real-las-quintas-cuernavaca-149850963.html,29900000,"MN 29,900,000",MXN,venta,Casa,Chapultepec,Cuernavaca,Morelos,860.0,1114.0,Publicado hace 91 días,2026-05-14T03:45:20Z,2026-08-12T16:02:25.508199+00:00,https://www.inmuebles24.com/casas-o-casa-en-condominio-o-departamentos-en-venta-en-morelos-provincia-ordenado-por-fechaonline-descendente.html-pagina-123.html
https://www.inmuebles24.com/propiedades/clasificado/veclcain-casa-en-venta-en-fraccionamiento-149850930.html,7990000,"MN 7,990,000",MXN,venta,Casa,Fraccionamiento Los Sabinos,Temixco,Morelos,800.0,828.0,Publicado hace 91 días,2026-05-14T03:45:07Z,2026-08-12T16:02:25.508199+00:00,https://www.inmuebles24.com/casas-o-casa-en-condominio-o-departamentos-en-venta-en-morelos-provincia-ordenado-por-fechaonline-descendente.html-pagina-123.html
https://www.inmuebles24.com/propiedades/clasificado/veclcain-casa-en-venta-fraccionamiento-burgos-con-alberca-149826558.html,5650000,"MN 5,650,000",MXN,venta,Casa,Fraccionamiento Burgos,Emiliano Zapata,Morelos,465.0,270.0,Publicado hace 92 días,2026-05-12T16:31:32Z,2026-08-12T16:02:25.508199+00:00,https://www.inmuebles24.com/casas-o-casa-en-condominio-o-departamentos-en-venta-en-morelos-provincia-ordenado-por-fechaonline-descendente.html-pagina-123.html
https://www.inmuebles24.com/propiedades/clasificado/veclcain-casa-en-venta-garza-azul-tezoyuca-esquina-con-alberca-149850765.html,1150000,"MN 1,150,000",MXN,venta,Casa,Garza Azul,Emiliano Zapata,Morelos,65.0,55.0,Publicado hace 91 días,2026-05-14T03:24:31Z,2026-08-12T16:02:25.508199+00:00,https://www.inmuebles24.com/casas-o-casa-en-condominio-o-departamentos-en-venta-en-morelos-provincia-ordenado-por-fechaonline-descendente.html-pagina-123.html
https://www.inmuebles24.com/propiedades/clasificado/veclcain-casa-en-venta-y-renta-en-condominio-vigilancia.-vista-149831695.html,6500000,"MN 6,500,000",MXN,venta,Casa,Vista Hermosa,Cuernavaca,Morelos,160.0,580.0,Publicado hace 92 días,2026-05-12T22:15:39Z,2026-08-12T16:02:25.508199+00:00,https://www.inmuebles24.com/casas-o-casa-en-condominio-o-departamentos-en-venta-en-morelos-provincia-ordenado-por-fechaonline-descendente.html-pagina-123.html
https://www.inmuebles24.com/propiedades/clasificado/veclcain-casa-estilo-moderno-mexicano-con-amplios-espacios-para-149830220.html,20000000,"MN 20,000,000",MXN,venta,Casa,Fraccionamiento Los Limoneros,Cuernavaca,Morelos,950.0,1350.0,Publicado hace 92 días,2026-05-12T20:08:42Z,2026-08-12T16:02:25.508199+00:00,https://www.inmuebles24.com/casas-o-casa-en-condominio-o-departamentos-en-venta-en-morelos-provincia-ordenado-por-fechaonline-descendente.html-pagina-123.html
https://www.inmuebles24.com/propiedades/clasificado/veclcain-casa-fraccionamiento-lomas-de-cocoyoc-149851840.html,14900000,"MN 14,900,000",MXN,venta,Casa,Fraccionamiento Lomas de Cocoyoc,Atlatlahucan,Morelos,470.0,688.0,Publicado hace 91 días,2026-05-14T03:54:57Z,2026-08-12T16:03:32.660640+00:00,https://www.inmuebles24.com/casas-o-casa-en-condominio-o-departamentos-en-venta-en-morelos-provincia-ordenado-por-fechaonline-descendente.html-pagina-123.html
https://www.inmuebles24.com/propiedades/clasificado/veclcain-casa-fraccionamiento-lomas-de-cocoyoc-149851841.html,14300000,"MN 14,300,000",MXN,venta,Casa,Fraccionamiento Lomas de Cocoyoc,Atlatlahucan,Morelos,482.0,520.0,Publicado hace 91 días,2026-05-14T03:54:57Z,2026-08-12T16:03:32.660640+00:00,https://www.inmuebles24.com/casas-o-casa-en-condominio-o-departamentos-en-venta-en-morelos-provincia-ordenado-por-fechaonline-descendente.html-pagina-123.html
https://www.inmuebles24.com/propiedades/clasificado/veclcain-casa-fraccionamiento-real-de-oaxtepec-149851838.html,4750000,"MN 4,750,000",MXN,venta,Casa,Fraccionamiento Real de Oaxtepec,Yautepec,Morelos,200.0,300.0,Publicado hace 91 días,2026-05-14T03:54:57Z,2026-08-12T16:03:32.660640+00:00,https://www.inmuebles24.com/casas-o-casa-en-condominio-o-departamentos-en-venta-en-morelos-provincia-ordenado-por-fechaonline-descendente.html-pagina-123.html
https://www.inmuebles24.com/propiedades/clasificado/veclcain-casa-para-compartir-con-la-familia-en-venta-con-149846747.html,7200000,"MN 7,200,000",MXN,venta,Casa,Fraccionamiento Vergeles de Oaxtepec,Yautepec,Morelos,657.0,1986.0,Publicado hace 91 días,2026-05-13T20:53:29Z,2026-08-12T16:03:32.660640+00:00,https://www.inmuebles24.com/casas-o-casa-en-condominio-o-departamentos-en-venta-en-morelos-provincia-ordenado-por-fechaonline-descendente.html-pagina-123.html
https://www.inmuebles24.com/propiedades/clasificado/veclcain-casa-xochitepec-149851842.html,6850000,"MN 6,850,000",MXN,venta,Casa,,Xochitepec,Morelos,250.0,310.0,Publicado hace 91 días,2026-05-14T03:54:57Z,2026-08-12T16:03:32.660640+00:00,https://www.inmuebles24.com/casas-o-casa-en-condominio-o-departamentos-en-venta-en-morelos-provincia-ordenado-por-fechaonline-descendente.html-pagina-123.html
https://www.inmuebles24.com/propiedades/clasificado/veclcain-oportunidad-exclusiva:-adquiere-tu-consultorio-en-el-149850966.html,3590952,"MN 3,590,952",MXN,venta,Casa,Teopanzolco,Cuernavaca,Morelos,,,Publicado hace 91 días,2026-05-14T03:45:20Z,2026-08-12T16:03:32.660640+00:00,https://www.inmuebles24.com/casas-o-casa-en-condominio-o-departamentos-en-venta-en-morelos-provincia-ordenado-por-fechaonline-descendente.html-pagina-123.html
https://www.inmuebles24.com/propiedades/clasificado/veclcain-oportunidad-unica-de-inversion-en-san-anton-149850971.html,6500000,"MN 6,500,000",MXN,venta,Casa,San Antón,Cuernavaca,Morelos,830.0,312.0,Publicado hace 91 días,2026-05-14T03:45:20Z,2026-08-12T16:03:32.660640+00:00,https://www.inmuebles24.com/casas-o-casa-en-condominio-o-departamentos-en-venta-en-morelos-provincia-ordenado-por-fechaonline-descendente.html-pagina-123.html
https://www.inmuebles24.com/propiedades/clasificado/veclcain-oportunidad-unica:-casa-en-obra-negra-con-diseno-149850972.html,4500000,"MN 4,500,000",MXN,venta,Casa,,Cuernavaca,Morelos,240.0,683.0,Publicado hace 91 días,2026-05-14T03:45:20Z,2026-08-12T16:03:32.660640+00:00,https://www.inmuebles24.com/casas-o-casa-en-condominio-o-departamentos-en-venta-en-morelos-provincia-ordenado-por-fechaonline-descendente.html-pagina-123.html
https://www.inmuebles24.com/propiedades/clasificado/veclcain-oportunidad-unica:-preventa-de-consultorios-en-el-149850965.html,4335372,"MN 4,335,372",MXN,venta,Casa,Teopanzolco,Cuernavaca,Morelos,,,Publicado hace 91 días,2026-05-14T03:45:20Z,2026-08-12T16:03:32.660640+00:00,https://www.inmuebles24.com/casas-o-casa-en-condominio-o-departamentos-en-venta-en-morelos-provincia-ordenado-por-fechaonline-descendente.html-pagina-123.html
https://www.inmuebles24.com/propiedades/clasificado/veclcain-residencia-rancho-cortes-en-venta.-cuernavaca-morelos-149850969.html,50000000,"MN 50,000,000",MXN,venta,Casa,,Cuernavaca,Morelos,1450.0,5000.0,Publicado hace 91 días,2026-05-14T03:45:20Z,2026-08-12T16:03:32.660640+00:00,https://www.inmuebles24.com/casas-o-casa-en-condominio-o-departamentos-en-venta-en-morelos-provincia-ordenado-por-fechaonline-descendente.html-pagina-123.html
https://www.inmuebles24.com/propiedades/clasificado/veclcain-se-vende-casa-de-campo-al-norte-de-cuernavaca-149850989.html,7500000,"MN 7,500,000",MXN,venta,Casa,,Huitzilac,Morelos,900.0,900.0,Publicado hace 91 días,2026-05-14T03:45:26Z,2026-08-12T16:05:19.940803+00:00,https://www.inmuebles24.com/casas-o-casa-en-condominio-o-departamentos-en-venta-en-morelos-provincia-ordenado-por-fechaonline-descendente.html-pagina-123.html
https://www.inmuebles24.com/propiedades/clasificado/veclcain-se-vende-casa-en-cuernavaca-morelos.-149850974.html,21800000,"MN 21,800,000",MXN,venta,Casa,Vista Hermosa,Cuernavaca,Morelos,978.0,800.0,Publicado hace 91 días,2026-05-14T03:45:20Z,2026-08-12T16:05:19.940803+00:00,https://www.inmuebles24.com/casas-o-casa-en-condominio-o-departamentos-en-venta-en-morelos-provincia-ordenado-por-fechaonline-descendente.html-pagina-123.html
https://www.inmuebles24.com/propiedades/clasificado/veclcain-se-vende-increible-casa-con-jardin-amplio-149849955.html,6200000,"MN 6,200,000",MXN,venta,Casa,Fraccionamiento Pedregal de las Fuentes,Jiutepec,Morelos,256.0,834.0,Publicado hace 91 días,2026-05-14T01:51:06Z,2026-08-12T16:05:19.940803+00:00,https://www.inmuebles24.com/casas-o-casa-en-condominio-o-departamentos-en-venta-en-morelos-provincia-ordenado-por-fechaonline-descendente.html-pagina-123.html
https://www.inmuebles24.com/propiedades/clasificado/veclcain-venta-de-casa-en-fracc-el-calvario-ideal-para-149847712.html,2000000,"MN 2,000,000",MXN,venta,Casa,,Cuautla,Morelos,91.0,104.0,Publicado hace 91 días,2026-05-13T22:25:28Z,2026-08-12T16:05:19.940803+00:00,https://www.inmuebles24.com/casas-o-casa-en-condominio-o-departamentos-en-venta-en-morelos-provincia-ordenado-por-fechaonline-descendente.html-pagina-123.html
https://www.inmuebles24.com/propiedades/clasificado/veclapin-departamento-de-170-m-sup2--con-3-recamaras-en-venta-149833700.html,4100000,"MN 4,100,000",MXN,venta,Apartamento,Miraval,Cuernavaca,Morelos,170.0,170.0,Publicado hace 92 días,2026-05-13T00:57:16Z,2026-08-12T16:05:19.940803+00:00,https://www.inmuebles24.com/casas-o-casa-en-condominio-o-departamentos-en-venta-en-morelos-provincia-ordenado-por-fechaonline-descendente.html-pagina-124.html
https://www.inmuebles24.com/propiedades/clasificado/veclcain-$8-600.000-mxn-venta-de-casa-sola-y-$100-000-mxn-149822450.html,8600000,"MN 8,600,000",MXN,venta,Casa,Fraccionamiento Lomas de Cortes,Cuernavaca,Morelos,665.0,1540.0,Publicado hace 92 días,2026-05-12T04:43:49Z,2026-08-12T16:05:19.940803+00:00,https://www.inmuebles24.com/casas-o-casa-en-condominio-o-departamentos-en-venta-en-morelos-provincia-ordenado-por-fechaonline-descendente.html-pagina-124.html
https://www.inmuebles24.com/propiedades/clasificado/veclcain--en-venta-hermosa-residencia-en-lomas-de-cocoyoc-149827324.html,6500000,"MN 6,500,000",MXN,venta,Casa,Fraccionamiento Lomas de Cocoyoc,Atlatlahucan,Morelos,156.0,574.0,Publicado hace 92 días,2026-05-12T17:27:15Z,2026-08-12T16:05:19.940803+00:00,https://www.inmuebles24.com/casas-o-casa-en-condominio-o-departamentos-en-venta-en-morelos-provincia-ordenado-por-fechaonline-descendente.html-pagina-124.html
https://www.inmuebles24.com/propiedades/clasificado/veclcain-acogedora-casa-en-venta-con-alberca-cerca-al-campo-del-149831537.html,9800000,"MN 9,800,000",MXN,venta,Casa,Fraccionamiento Lomas de Cocoyoc,Atlatlahucan,Morelos,359.0,680.0,Publicado hace 92 días,2026-05-12T21:56:32Z,2026-08-12T16:05:19.940803+00:00,https://www.inmuebles24.com/casas-o-casa-en-condominio-o-departamentos-en-venta-en-morelos-provincia-ordenado-por-fechaonline-descendente.html-pagina-124.html
https://www.inmuebles24.com/propiedades/clasificado/veclcain-casa-amueblada-en-jojutla-149825582.html,1800000,"MN 1,800,000",MXN,venta,Casa,Pueblo Tlatenchi,Jojutla,Morelos,96.0,96.0,Publicado hace 92 días,2026-05-12T14:52:40Z,2026-08-12T16:05:19.940803+00:00,https://www.inmuebles24.com/casas-o-casa-en-condominio-o-departamentos-en-venta-en-morelos-provincia-ordenado-por-fechaonline-descendente.html-pagina-124.html
https://www.inmuebles24.com/propiedades/clasificado/veclcain-casa-con-824-m-sup2--de-superficie-de-terreno-y-3-149830592.html,4650000,"MN 4,650,000",MXN,venta,Casa,,Tepoztlán,Morelos,135.0,824.0,Publicado hace 92 días,2026-05-12T20:48:05Z,2026-08-12T16:05:19.940803+00:00,https://www.inmuebles24.com/casas-o-casa-en-condominio-o-departamentos-en-venta-en-morelos-provincia-ordenado-por-fechaonline-descendente.html-pagina-124.html
https://www.inmuebles24.com/propiedades/clasificado/veclcain-casa-en-venta-con-alberca-en-lomas-de-cocoyoc-olc-149831382.html,7200000,"MN 7,200,000",MXN,venta,Casa,Fraccionamiento Lomas de Cocoyoc,Atlatlahucan,Morelos,208.0,375.0,Publicado hace 92 días,2026-05-12T21:40:20Z,2026-08-12T16:06:31.396804+00:00,https://www.inmuebles24.com/casas-o-casa-en-condominio-o-departamentos-en-venta-en-morelos-provincia-ordenado-por-fechaonline-descendente.html-pagina-124.html
https://www.inmuebles24.com/propiedades/clasificado/veclcain-casa-en-venta-con-alberca-en-lomas-de-cocoyoc-olc-149831618.html,8800000,"MN 8,800,000",MXN,venta,Casa,Fraccionamiento Lomas de Cocoyoc,Atlatlahucan,Morelos,375.0,759.0,Publicado hace 92 días,2026-05-12T22:05:41Z,2026-08-12T16:06:31.396804+00:00,https://www.inmuebles24.com/casas-o-casa-en-condominio-o-departamentos-en-venta-en-morelos-provincia-ordenado-por-fechaonline-descendente.html-pagina-124.html
https://www.inmuebles24.com/propiedades/clasificado/veclcain-casa-en-venta-en-cuernavaca-morelos-149834271.html,5950000,"MN 5,950,000",MXN,venta,Casa,Lomas del Tzompantle,Cuernavaca,Morelos,217.0,231.0,Publicado hace 92 días,2026-05-13T01:58:39Z,2026-08-12T16:06:31.396804+00:00,https://www.inmuebles24.com/casas-o-casa-en-condominio-o-departamentos-en-venta-en-morelos-provincia-ordenado-por-fechaonline-descendente.html-pagina-124.html
https://www.inmuebles24.com/propiedades/clasificado/veclcain-casa-en-venta-en-providencias-de-canada-cuernavaca-149827242.html,18750000,"MN 18,750,000",MXN,venta,Casa,Fraccionamiento Provincias del Canadá,Cuernavaca,Morelos,734.0,836.0,Publicado hace 92 días,2026-05-12T17:23:06Z,2026-08-12T16:06:31.396804+00:00,https://www.inmuebles24.com/casas-o-casa-en-condominio-o-departamentos-en-venta-en-morelos-provincia-ordenado-por-fechaonline-descendente.html-pagina-124.html
https://www.inmuebles24.com/propiedades/clasificado/veclcain-casa-en-venta-en-rancho-cortes-zona-norte-cuernavaca-149831947.html,6950000,"MN 6,950,000",MXN,venta,Casa,Rancho Cortes,Cuernavaca,Morelos,270.0,270.0,Publicado hace 92 días,2026-05-12T22:38:46Z,2026-08-12T16:06:31.396804+00:00,https://www.inmuebles24.com/casas-o-casa-en-condominio-o-departamentos-en-venta-en-morelos-provincia-ordenado-por-fechaonline-descendente.html-pagina-124.html
https://www.inmuebles24.com/propiedades/clasificado/veclcain-casa-en-venta-en-residencial-palmira-cuernavaca-149827246.html,7500000,"MN 7,500,000",MXN,venta,Casa,Palmira Tingüindín,Cuernavaca,Morelos,375.0,390.0,Publicado hace 92 días,2026-05-12T17:23:10Z,2026-08-12T16:06:31.396804+00:00,https://www.inmuebles24.com/casas-o-casa-en-condominio-o-departamentos-en-venta-en-morelos-provincia-ordenado-por-fechaonline-descendente.html-pagina-124.html
https://www.inmuebles24.com/propiedades/clasificado/veclcain-casa-en-venta-en-yautepec-morelos-149828882.html,1490000,"MN 1,490,000",MXN,venta,Casa,,Yautepec,Morelos,200.0,105.0,Publicado hace 92 días,2026-05-12T18:42:21Z,2026-08-12T16:06:31.396804+00:00,https://www.inmuebles24.com/casas-o-casa-en-condominio-o-departamentos-en-venta-en-morelos-provincia-ordenado-por-fechaonline-descendente.html-pagina-124.html
https://www.inmuebles24.com/propiedades/clasificado/veclcain-casa-en-venta-en-zompantle-ahuatlan-cerca-de-real-de-149831621.html,2950000,"MN 2,950,000",MXN,venta,Casa,Fraccionamiento Ahuatlán Tzompantle,Cuernavaca,Morelos,129.0,152.0,Publicado hace 92 días,2026-05-12T22:06:09Z,2026-08-12T16:06:31.396804+00:00,https://www.inmuebles24.com/casas-o-casa-en-condominio-o-departamentos-en-venta-en-morelos-provincia-ordenado-por-fechaonline-descendente.html-pagina-124.html
https://www.inmuebles24.com/propiedades/clasificado/veclcain-casa-en-venta-o-renta-de-un-nivel-av-domingo-diez-149830847.html,7500000,"MN 7,500,000",MXN,venta,Casa,Del Empleado,Cuernavaca,Morelos,330.0,500.0,Publicado hace 92 días,2026-05-12T21:08:49Z,2026-08-12T16:06:31.396804+00:00,https://www.inmuebles24.com/casas-o-casa-en-condominio-o-departamentos-en-venta-en-morelos-provincia-ordenado-por-fechaonline-descendente.html-pagina-124.html
https://www.inmuebles24.com/propiedades/clasificado/veclcain-casa-fraccionamiento-lomas-de-cocoyoc-149829751.html,21000000,"MN 21,000,000",MXN,venta,Casa,Fraccionamiento Lomas de Cocoyoc,Atlatlahucan,Morelos,715.0,626.0,Publicado hace 92 días,2026-05-12T19:31:31Z,2026-08-12T16:06:31.396804+00:00,https://www.inmuebles24.com/casas-o-casa-en-condominio-o-departamentos-en-venta-en-morelos-provincia-ordenado-por-fechaonline-descendente.html-pagina-124.html
https://www.inmuebles24.com/propiedades/clasificado/veclcain-espectacular-casa-de-una-planta-en-venta-con-alberca-149829789.html,12690000,"MN 12,690,000",MXN,venta,Casa,Fraccionamiento Lomas de Cocoyoc,Atlatlahucan,Morelos,250.0,545.0,Publicado hace 92 días,2026-05-12T19:32:52Z,2026-08-12T16:07:54.394112+00:00,https://www.inmuebles24.com/casas-o-casa-en-condominio-o-departamentos-en-venta-en-morelos-provincia-ordenado-por-fechaonline-descendente.html-pagina-124.html
https://www.inmuebles24.com/propiedades/clasificado/veclcain-espectacular-casa-en-venta-con-alberca-en-lomas-de-149831938.html,14200000,"MN 14,200,000",MXN,venta,Casa,Fraccionamiento Lomas de Cocoyoc,Atlatlahucan,Morelos,520.0,482.0,Publicado hace 92 días,2026-05-12T22:38:25Z,2026-08-12T16:07:54.394112+00:00,https://www.inmuebles24.com/casas-o-casa-en-condominio-o-departamentos-en-venta-en-morelos-provincia-ordenado-por-fechaonline-descendente.html-pagina-124.html
https://www.inmuebles24.com/propiedades/clasificado/veclcain-espectacular-residencia-en-venta-zona-dorada-149832023.html,24650000,"MN 24,650,000",MXN,venta,Casa,Delicias,Cuernavaca,Morelos,1000.0,700.0,Publicado hace 92 días,2026-05-12T22:47:12Z,2026-08-12T16:07:54.394112+00:00,https://www.inmuebles24.com/casas-o-casa-en-condominio-o-departamentos-en-venta-en-morelos-provincia-ordenado-por-fechaonline-descendente.html-pagina-124.html
https://www.inmuebles24.com/propiedades/clasificado/veclcain-gran-oportunidad-de-casa-en-jiutepec-149829660.html,8500000,"MN 8,500,000",MXN,venta,Casa,,Jiutepec,Morelos,490.0,906.0,Publicado hace 92 días,2026-05-12T19:26:45Z,2026-08-12T16:07:54.394112+00:00,https://www.inmuebles24.com/casas-o-casa-en-condominio-o-departamentos-en-venta-en-morelos-provincia-ordenado-por-fechaonline-descendente.html-pagina-124.html
https://www.inmuebles24.com/propiedades/clasificado/veclcain-se-vende-casa-en-maravillas-149826606.html,11300000,"MN 11,300,000",MXN,venta,Casa,Maravillas,Cuernavaca,Morelos,417.0,1218.0,Publicado hace 92 días,2026-05-12T16:35:14Z,2026-08-12T16:07:54.394112+00:00,https://www.inmuebles24.com/casas-o-casa-en-condominio-o-departamentos-en-venta-en-morelos-provincia-ordenado-por-fechaonline-descendente.html-pagina-124.html
https://www.inmuebles24.com/propiedades/clasificado/veclcain-se-venden-casa-en-jiutepec-las-fincas-149826757.html,3600000,"MN 3,600,000",MXN,venta,Casa,Fraccionamiento Las Fincas,Jiutepec,Morelos,280.0,280.0,Publicado hace 92 días,2026-05-12T16:45:15Z,2026-08-12T16:07:54.394112+00:00,https://www.inmuebles24.com/casas-o-casa-en-condominio-o-departamentos-en-venta-en-morelos-provincia-ordenado-por-fechaonline-descendente.html-pagina-124.html
https://www.inmuebles24.com/propiedades/clasificado/veclcain-venta-casa-en-condominio-en-acapantzingo-cuernavaca-149827252.html,8900000,"MN 8,900,000",MXN,venta,Casa,Acapatzingo,Cuernavaca,Morelos,337.0,526.0,Publicado hace 92 días,2026-05-12T17:23:34Z,2026-08-12T16:07:54.394112+00:00,https://www.inmuebles24.com/casas-o-casa-en-condominio-o-departamentos-en-venta-en-morelos-provincia-ordenado-por-fechaonline-descendente.html-pagina-124.html
https://www.inmuebles24.com/propiedades/clasificado/veclcain-venta-de-casa-con-alberca-en-oaxtepec-149828973.html,5250000,"MN 5,250,000",MXN,venta,Casa,,Yautepec,Morelos,324.0,323.0,Publicado hace 92 días,2026-05-12T18:50:49Z,2026-08-12T16:07:54.394112+00:00,https://www.inmuebles24.com/casas-o-casa-en-condominio-o-departamentos-en-venta-en-morelos-provincia-ordenado-por-fechaonline-descendente.html-pagina-124.html
https://www.inmuebles24.com/propiedades/clasificado/veclcain-venta-de-casa-con-alberca-en-tlayacapan-149829295.html,4700000,"MN 4,700,000",MXN,venta,Casa,,Tlayacapan,Morelos,200.0,300.0,Publicado hace 92 días,2026-05-12T19:00:52Z,2026-08-12T16:07:54.394112+00:00,https://www.inmuebles24.com/casas-o-casa-en-condominio-o-departamentos-en-venta-en-morelos-provincia-ordenado-por-fechaonline-descendente.html-pagina-124.html
https://www.inmuebles24.com/propiedades/clasificado/veclcain-venta-de-casa-en-yecapixtla-con-todos-los-servicios-149829467.html,2800000,"MN 2,800,000",MXN,venta,Casa,,Yecapixtla,Morelos,160.0,229.0,Publicado hace 92 días,2026-05-12T19:14:24Z,2026-08-12T16:07:54.394112+00:00,https://www.inmuebles24.com/casas-o-casa-en-condominio-o-departamentos-en-venta-en-morelos-provincia-ordenado-por-fechaonline-descendente.html-pagina-124.html
https://www.inmuebles24.com/propiedades/clasificado/veclcain-venta-de-casa-sola-en-cuernavaca-rancho-cortes-149833898.html,8950000,"MN 8,950,000",MXN,venta,Casa,Rancho Cortes,Cuernavaca,Morelos,467.0,1029.0,Publicado hace 92 días,2026-05-13T01:17:57Z,2026-08-12T16:08:54.397180+00:00,https://www.inmuebles24.com/casas-o-casa-en-condominio-o-departamentos-en-venta-en-morelos-provincia-ordenado-por-fechaonline-descendente.html-pagina-124.html
https://www.inmuebles24.com/propiedades/clasificado/veclccin-casa-en-venta-en-cuernavaca-de-dos-recamaras-149831496.html,1990000,"MN 1,990,000",MXN,venta,Casa en condominio,Fraccionamiento Villas de Tezoyuca,Emiliano Zapata,Morelos,67.0,72.0,Publicado hace 92 días,2026-05-12T21:53:09Z,2026-08-12T16:08:54.397180+00:00,https://www.inmuebles24.com/casas-o-casa-en-condominio-o-departamentos-en-venta-en-morelos-provincia-ordenado-por-fechaonline-descendente.html-pagina-124.html
https://www.inmuebles24.com/propiedades/clasificado/veclccin-casa-en-venta-residencial-oacalco-2-carr-yautepec-149830532.html,2690000,"MN 2,690,000",MXN,venta,Casa en condominio,Pueblo Oacalco,Yautepec,Morelos,124.0,180.0,Publicado hace 92 días,2026-05-12T20:40:51Z,2026-08-12T16:08:54.397180+00:00,https://www.inmuebles24.com/casas-o-casa-en-condominio-o-departamentos-en-venta-en-morelos-provincia-ordenado-por-fechaonline-descendente.html-pagina-124.html
https://www.inmuebles24.com/propiedades/clasificado/veclccin-venta-casa-de-campo-en-fraccionamiento-tres-marias-149831375.html,2600000,"MN 2,600,000",MXN,venta,Casa en condominio,,Huitzilac,Morelos,90.0,840.0,Publicado hace 92 días,2026-05-12T21:39:58Z,2026-08-12T16:08:54.397180+00:00,https://www.inmuebles24.com/casas-o-casa-en-condominio-o-departamentos-en-venta-en-morelos-provincia-ordenado-por-fechaonline-descendente.html-pagina-124.html
https://www.inmuebles24.com/propiedades/clasificado/veclapin-departamento-en-venta-en-fraccionamiento-la-provincia!-149819283.html,730000,"MN 730,000",MXN,venta,Apartamento,Santa Rosa 30 Centro,Tlaltizapán de Zapata,Morelos,62.0,62.0,Publicado hace 93 días,2026-05-11T23:35:51Z,2026-08-12T16:08:54.397180+00:00,https://www.inmuebles24.com/casas-o-casa-en-condominio-o-departamentos-en-venta-en-morelos-provincia-ordenado-por-fechaonline-descendente.html-pagina-125.html
https://www.inmuebles24.com/propiedades/clasificado/veclapin-depto-en-planta-baja-en-condominio-las-rosas-con-149815059.html,1250000,"MN 1,250,000",MXN,venta,Apartamento,Las Rosas,Temixco,Morelos,48.0,48.0,Publicado hace 93 días,2026-05-11T19:56:29Z,2026-08-12T16:08:54.397180+00:00,https://www.inmuebles24.com/casas-o-casa-en-condominio-o-departamentos-en-venta-en-morelos-provincia-ordenado-por-fechaonline-descendente.html-pagina-125.html
https://www.inmuebles24.com/propiedades/clasificado/veclcain-2-casas-en-venta-en-colonia-flores-magon-frente-a-149801444.html,3480000,"MN 3,480,000",MXN,venta,Casa,Ricardo Flores Magón,Cuernavaca,Morelos,271.0,299.0,Publicado hace 95 días,2026-05-09T17:25:27Z,2026-08-12T16:08:54.397180+00:00,https://www.inmuebles24.com/casas-o-casa-en-condominio-o-departamentos-en-venta-en-morelos-provincia-ordenado-por-fechaonline-descendente.html-pagina-125.html
https://www.inmuebles24.com/propiedades/clasificado/veclcain-casa-1-nivel-en-venta-con-alberca-cancha-de-tenis-y-149801393.html,21800000,"MN 21,800,000",MXN,venta,Casa,Palmira Tingüindín,Cuernavaca,Morelos,822.0,3037.0,Publicado hace 95 días,2026-05-09T17:19:40Z,2026-08-12T16:08:54.397180+00:00,https://www.inmuebles24.com/casas-o-casa-en-condominio-o-departamentos-en-venta-en-morelos-provincia-ordenado-por-fechaonline-descendente.html-pagina-125.html
https://www.inmuebles24.com/propiedades/clasificado/veclcain-casa-1-nivel-en-venta-en-palmira-cuernavaca-149801405.html,15300000,"MN 15,300,000",MXN,venta,Casa,Palmira Tingüindín,Cuernavaca,Morelos,676.0,1827.0,Publicado hace 95 días,2026-05-09T17:21:12Z,2026-08-12T16:08:54.397180+00:00,https://www.inmuebles24.com/casas-o-casa-en-condominio-o-departamentos-en-venta-en-morelos-provincia-ordenado-por-fechaonline-descendente.html-pagina-125.html
https://www.inmuebles24.com/propiedades/clasificado/veclcain-casa-centro-jiutepec-149829753.html,4600000,"MN 4,600,000",MXN,venta,Casa,Centro Jiutepec,Jiutepec,Morelos,230.0,220.0,Publicado hace 92 días,2026-05-12T19:31:33Z,2026-08-12T16:08:54.397180+00:00,https://www.inmuebles24.com/casas-o-casa-en-condominio-o-departamentos-en-venta-en-morelos-provincia-ordenado-por-fechaonline-descendente.html-pagina-125.html
https://www.inmuebles24.com/propiedades/clasificado/veclcain-casa-con-4706-m-sup2--de-terreno-y-5-recamaras-en-149815215.html,27000000,"MN 27,000,000",MXN,venta,Casa,,Cuernavaca,Morelos,747.0,4706.0,Publicado hace 93 días,2026-05-11T20:08Z,2026-08-12T16:09:57.793713+00:00,https://www.inmuebles24.com/casas-o-casa-en-condominio-o-departamentos-en-venta-en-morelos-provincia-ordenado-por-fechaonline-descendente.html-pagina-125.html
https://www.inmuebles24.com/propiedades/clasificado/veclcain-casa-con-alberca-y-amplio-jardin-en-lomas-de-cocoyoc-149802125.html,6500000,"MN 6,500,000",MXN,venta,Casa,Fraccionamiento Lomas de Cocoyoc,Atlatlahucan,Morelos,196.0,573.0,Publicado hace 95 días,2026-05-09T19:15:20Z,2026-08-12T16:09:57.793713+00:00,https://www.inmuebles24.com/casas-o-casa-en-condominio-o-departamentos-en-venta-en-morelos-provincia-ordenado-por-fechaonline-descendente.html-pagina-125.html
https://www.inmuebles24.com/propiedades/clasificado/veclcain-casa-con-alberca-y-espectacular-vista-en-lomas-de-149801171.html,11990000,"MN 11,990,000",MXN,venta,Casa,Fraccionamiento Lomas de Cocoyoc,Atlatlahucan,Morelos,517.0,526.0,Publicado hace 95 días,2026-05-09T16:32:20Z,2026-08-12T16:09:57.793713+00:00,https://www.inmuebles24.com/casas-o-casa-en-condominio-o-departamentos-en-venta-en-morelos-provincia-ordenado-por-fechaonline-descendente.html-pagina-125.html
https://www.inmuebles24.com/propiedades/clasificado/veclcain-casa-en-lomas-del-mirador-149806974.html,6950000,"MN 6,950,000",MXN,venta,Casa,Lomas del Mirador,Cuernavaca,Morelos,214.0,193.0,Publicado hace 94 días,2026-05-10T22:33:14Z,2026-08-12T16:09:57.793713+00:00,https://www.inmuebles24.com/casas-o-casa-en-condominio-o-departamentos-en-venta-en-morelos-provincia-ordenado-por-fechaonline-descendente.html-pagina-125.html
https://www.inmuebles24.com/propiedades/clasificado/veclcain-casa-en-lomas-del-mirador-149821495.html,6950000,"MN 6,950,000",MXN,venta,Casa,Lomas del Mirador,Cuernavaca,Morelos,214.0,193.0,Publicado hace 93 días,2026-05-12T02:07:51Z,2026-08-12T16:09:57.793713+00:00,https://www.inmuebles24.com/casas-o-casa-en-condominio-o-departamentos-en-venta-en-morelos-provincia-ordenado-por-fechaonline-descendente.html-pagina-125.html
https://www.inmuebles24.com/propiedades/clasificado/veclcain-casa-en-venta-de-1-nivel-en-tepoztlan-morelos-149801465.html,2899900,"MN 2,899,900",MXN,venta,Casa,Pueblo Santiago Tepetlapa,Tepoztlán,Morelos,153.0,840.0,Publicado hace 95 días,2026-05-09T17:29:43Z,2026-08-12T16:09:57.793713+00:00,https://www.inmuebles24.com/casas-o-casa-en-condominio-o-departamentos-en-venta-en-morelos-provincia-ordenado-por-fechaonline-descendente.html-pagina-125.html
https://www.inmuebles24.com/propiedades/clasificado/veclcain-casa-en-venta-en-cuernavaca-ideal-para-inversion-149801426.html,11100000,"MN 11,100,000",MXN,venta,Casa,San Antón,Cuernavaca,Morelos,640.0,1986.0,Publicado hace 95 días,2026-05-09T17:22:31Z,2026-08-12T16:09:57.793713+00:00,https://www.inmuebles24.com/casas-o-casa-en-condominio-o-departamentos-en-venta-en-morelos-provincia-ordenado-por-fechaonline-descendente.html-pagina-125.html
https://www.inmuebles24.com/propiedades/clasificado/veclcain-casa-en-venta-y-renta-en-1-nivel.-san-cristobal-149750746.html,7500000,"MN 7,500,000",MXN,venta,Casa,San Cristóbal,Cuernavaca,Morelos,390.0,538.0,Publicado hace 93 días,2026-05-05T20:21:42Z,2026-08-12T16:09:57.793713+00:00,https://www.inmuebles24.com/casas-o-casa-en-condominio-o-departamentos-en-venta-en-morelos-provincia-ordenado-por-fechaonline-descendente.html-pagina-125.html
https://www.inmuebles24.com/propiedades/clasificado/veclcain-casa-moderna-de-un-nivel-con-alberca-y-jardin-149820384.html,6500000,"MN 6,500,000",MXN,venta,Casa,,Tepoztlán,Morelos,220.0,500.0,Publicado hace 93 días,2026-05-12T01:11:53Z,2026-08-12T16:09:57.793713+00:00,https://www.inmuebles24.com/casas-o-casa-en-condominio-o-departamentos-en-venta-en-morelos-provincia-ordenado-por-fechaonline-descendente.html-pagina-125.html
https://www.inmuebles24.com/propiedades/clasificado/veclcain-casa-sola-en-venta-habitacional-o-comercial-cuernavaca-149802150.html,17950000,"MN 17,950,000",MXN,venta,Casa,Las Palmas,Cuernavaca,Morelos,994.0,2171.0,Publicado hace 95 días,2026-05-09T19:19:15Z,2026-08-12T16:09:57.793713+00:00,https://www.inmuebles24.com/casas-o-casa-en-condominio-o-departamentos-en-venta-en-morelos-provincia-ordenado-por-fechaonline-descendente.html-pagina-125.html
https://www.inmuebles24.com/propiedades/clasificado/veclcain-casas-con-alberca-y-roof-garden-con-jacuzzi.-wellness-149806582.html,3967000,"MN 3,967,000",MXN,venta,Casa,Club de Golf Santa Fe,Xochitepec,Morelos,257.0,130.0,Publicado hace 94 días,2026-05-10T17:06:25Z,2026-08-12T16:11:16.786341+00:00,https://www.inmuebles24.com/casas-o-casa-en-condominio-o-departamentos-en-venta-en-morelos-provincia-ordenado-por-fechaonline-descendente.html-pagina-125.html
https://www.inmuebles24.com/propiedades/clasificado/veclcain-club-de-golf-tabachines-149814448.html,14000000,"MN 14,000,000",MXN,venta,Casa,Club de Golf Los Tabachines,Cuernavaca,Morelos,400.0,500.0,Publicado hace 93 días,2026-05-11T19:18:57Z,2026-08-12T16:11:16.786341+00:00,https://www.inmuebles24.com/casas-o-casa-en-condominio-o-departamentos-en-venta-en-morelos-provincia-ordenado-por-fechaonline-descendente.html-pagina-125.html
https://www.inmuebles24.com/propiedades/clasificado/veclcain-increible-casa-en-cuernavaca-con-5-habitaciones-dos-149814692.html,18500000,"MN 18,500,000",MXN,venta,Casa,Vista Hermosa,Cuernavaca,Morelos,800.0,1180.0,Publicado hace 93 días,2026-05-11T19:33:20Z,2026-08-12T16:11:16.786341+00:00,https://www.inmuebles24.com/casas-o-casa-en-condominio-o-departamentos-en-venta-en-morelos-provincia-ordenado-por-fechaonline-descendente.html-pagina-125.html
https://www.inmuebles24.com/propiedades/clasificado/veclcain-residencia-con-vistas-al-campo-de-golf-alberca-y-149821447.html,36000000,"MN 36,000,000",MXN,venta,Casa,Club de Golf Los Tabachines,Cuernavaca,Morelos,1100.0,1500.0,Publicado hace 93 días,2026-05-12T01:59:26Z,2026-08-12T16:11:16.786341+00:00,https://www.inmuebles24.com/casas-o-casa-en-condominio-o-departamentos-en-venta-en-morelos-provincia-ordenado-por-fechaonline-descendente.html-pagina-125.html
https://www.inmuebles24.com/propiedades/clasificado/veclcain-residencia-de-dos-niveles-con-alberca-jardin-y-4-149821906.html,15000000,"MN 15,000,000",MXN,venta,Casa,,Cuernavaca,Morelos,484.0,742.0,Publicado hace 93 días,2026-05-12T02:45:25Z,2026-08-12T16:11:16.786341+00:00,https://www.inmuebles24.com/casas-o-casa-en-condominio-o-departamentos-en-venta-en-morelos-provincia-ordenado-por-fechaonline-descendente.html-pagina-125.html
https://www.inmuebles24.com/propiedades/clasificado/veclcain-venta-casa-en-fraccionamiento-burgos-cuernavaca.-149810186.html,8700000,"MN 8,700,000",MXN,venta,Casa,Temixco Centro,Temixco,Morelos,655.0,1317.0,Publicado hace 93 días,2026-05-11T15:57:41Z,2026-08-12T16:11:16.786341+00:00,https://www.inmuebles24.com/casas-o-casa-en-condominio-o-departamentos-en-venta-en-morelos-provincia-ordenado-por-fechaonline-descendente.html-pagina-125.html
https://www.inmuebles24.com/propiedades/clasificado/veclcain-venta-casa-estilo-hacienda-1-986-m-sup2--de-149806909.html,10800000,"MN 10,800,000",MXN,venta,Casa,La Carolina,Cuernavaca,Morelos,640.0,1986.0,Publicado hace 94 días,2026-05-10T21:33:16Z,2026-08-12T16:11:16.786341+00:00,https://www.inmuebles24.com/casas-o-casa-en-condominio-o-departamentos-en-venta-en-morelos-provincia-ordenado-por-fechaonline-descendente.html-pagina-125.html
https://www.inmuebles24.com/propiedades/clasificado/veclcain-venta-de-casa-con-alberca-en-jiutepec-morelos-149829752.html,4600000,"MN 4,600,000",MXN,venta,Casa,Centro Jiutepec,Jiutepec,Morelos,230.0,220.0,Publicado hace 92 días,2026-05-12T19:31:31Z,2026-08-12T16:11:16.786341+00:00,https://www.inmuebles24.com/casas-o-casa-en-condominio-o-departamentos-en-venta-en-morelos-provincia-ordenado-por-fechaonline-descendente.html-pagina-125.html
https://www.inmuebles24.com/propiedades/clasificado/veclcain-venta-de-casa-en-paraiso-country-club-morelos-149812248.html,13900000,"MN 13,900,000",MXN,venta,Casa,,Emiliano Zapata,Morelos,485.0,465.0,Publicado hace 93 días,2026-05-11T17:51:14Z,2026-08-12T16:11:16.786341+00:00,https://www.inmuebles24.com/casas-o-casa-en-condominio-o-departamentos-en-venta-en-morelos-provincia-ordenado-por-fechaonline-descendente.html-pagina-125.html
https://www.inmuebles24.com/propiedades/clasificado/veclcain-venta-de-casa-en-vista-hermosa-cuernavaca-morelos-149812419.html,22000000,"MN 22,000,000",MXN,venta,Casa,Vista Hermosa,Cuernavaca,Morelos,883.0,1494.0,Publicado hace 93 días,2026-05-11T17:58:06Z,2026-08-12T16:11:16.786341+00:00,https://www.inmuebles24.com/casas-o-casa-en-condominio-o-departamentos-en-venta-en-morelos-provincia-ordenado-por-fechaonline-descendente.html-pagina-125.html
https://www.inmuebles24.com/propiedades/clasificado/veclcapa-casa-en-fraccionamiento-burgos-bugambilias-149825703.html,4500000,"MN 4,500,000",MXN,venta,Casa,Tres de Mayo,Emiliano Zapata,Morelos,182.0,385.0,Publicado hace 92 días,2026-05-12T15:09:32Z,2026-08-12T16:12:38.127968+00:00,https://www.inmuebles24.com/casas-o-casa-en-condominio-o-departamentos-en-venta-en-morelos-provincia-ordenado-por-fechaonline-descendente.html-pagina-125.html
https://www.inmuebles24.com/propiedades/clasificado/veclccin-casa-con-3-recamaras-en-venta-117-m-sup2--superficie-149819020.html,1650000,"MN 1,650,000",MXN,venta,Casa en condominio,Real Santa Fe,Xochitepec,Morelos,73.0,117.0,Publicado hace 93 días,2026-05-11T23:11:20Z,2026-08-12T16:12:38.127968+00:00,https://www.inmuebles24.com/casas-o-casa-en-condominio-o-departamentos-en-venta-en-morelos-provincia-ordenado-por-fechaonline-descendente.html-pagina-125.html
https://www.inmuebles24.com/propiedades/clasificado/veclccin-moderna-casa-en-venta-dentro-de-condomio-con-seguridad-149815043.html,5200000,"MN 5,200,000",MXN,venta,Casa en condominio,Cantarranas,Cuernavaca,Morelos,260.0,288.0,Publicado hace 93 días,2026-05-11T19:56:03Z,2026-08-12T16:12:38.127968+00:00,https://www.inmuebles24.com/casas-o-casa-en-condominio-o-departamentos-en-venta-en-morelos-provincia-ordenado-por-fechaonline-descendente.html-pagina-125.html
https://www.inmuebles24.com/propiedades/clasificado/veclccin-preciosa-casa-en-condominio-en-cuernavaca-la-149812200.html,14000000,"MN 14,000,000",MXN,venta,Casa en condominio,Pueblo Ahuatepec,Cuernavaca,Morelos,341.0,1215.0,Publicado hace 93 días,2026-05-11T17:48:19Z,2026-08-12T16:12:38.127968+00:00,https://www.inmuebles24.com/casas-o-casa-en-condominio-o-departamentos-en-venta-en-morelos-provincia-ordenado-por-fechaonline-descendente.html-pagina-125.html
https://www.inmuebles24.com/propiedades/clasificado/veclappa-seguridad-hermosos-espacios-tranquilodad-149797083.html,3350000,"MN 3,350,000",MXN,venta,Apartamento,Delicias,Cuernavaca,Morelos,98.0,98.0,Publicado hace 96 días,2026-05-09T01:18:01Z,2026-08-12T16:12:38.127968+00:00,https://www.inmuebles24.com/casas-o-casa-en-condominio-o-departamentos-en-venta-en-morelos-provincia-ordenado-por-fechaonline-descendente.html-pagina-126.html
https://www.inmuebles24.com/propiedades/clasificado/veclcain-bonita-casa-en-condominio-149785667.html,1430000,"MN 1,430,000",MXN,venta,Casa,,Emiliano Zapata,Morelos,85.0,129.0,Publicado hace 96 días,2026-05-08T04:56:36Z,2026-08-12T16:12:38.127968+00:00,https://www.inmuebles24.com/casas-o-casa-en-condominio-o-departamentos-en-venta-en-morelos-provincia-ordenado-por-fechaonline-descendente.html-pagina-126.html
https://www.inmuebles24.com/propiedades/clasificado/veclcain-casa-con-4-habitaciones-y-jardin-privado-en-149797208.html,3500000,"MN 3,500,000",MXN,venta,Casa,Fraccionamiento Valle de Oaxtepec,Tlayacapan,Morelos,131.0,344.0,Publicado hace 96 días,2026-05-09T01:43:02Z,2026-08-12T16:12:38.127968+00:00,https://www.inmuebles24.com/casas-o-casa-en-condominio-o-departamentos-en-venta-en-morelos-provincia-ordenado-por-fechaonline-descendente.html-pagina-126.html
https://www.inmuebles24.com/propiedades/clasificado/veclcain-casa-con-alberca-gran-jardin-y-asador-149791558.html,9500000,"MN 9,500,000",MXN,venta,Casa,Fraccionamiento Lomas de Cocoyoc,Atlatlahucan,Morelos,365.0,420.0,Publicado hace 96 días,2026-05-08T18:32:05Z,2026-08-12T16:12:38.127968+00:00,https://www.inmuebles24.com/casas-o-casa-en-condominio-o-departamentos-en-venta-en-morelos-provincia-ordenado-por-fechaonline-descendente.html-pagina-126.html
https://www.inmuebles24.com/propiedades/clasificado/veclcain-casa-con-vista-a-campo-de-golf-alberca-y-cerca-del-149791489.html,5900000,"MN 5,900,000",MXN,venta,Casa,Fraccionamiento Lomas de Cocoyoc,Atlatlahucan,Morelos,227.0,778.0,Publicado hace 96 días,2026-05-08T18:24:12Z,2026-08-12T16:12:38.127968+00:00,https://www.inmuebles24.com/casas-o-casa-en-condominio-o-departamentos-en-venta-en-morelos-provincia-ordenado-por-fechaonline-descendente.html-pagina-126.html
https://www.inmuebles24.com/propiedades/clasificado/veclcain-casa-de-lujo-con-vigilancia-jardines-y-amenidades-149789518.html,14900000,"MN 14,900,000",MXN,venta,Casa,Lomas de la Selva,Cuernavaca,Morelos,432.0,782.0,Publicado hace 96 días,2026-05-08T15:25:34Z,2026-08-12T16:12:38.127968+00:00,https://www.inmuebles24.com/casas-o-casa-en-condominio-o-departamentos-en-venta-en-morelos-provincia-ordenado-por-fechaonline-descendente.html-pagina-126.html
https://www.inmuebles24.com/propiedades/clasificado/veclcain-casa-en-fracc.-con-vigilancia.-rancho-tetela-149791194.html,6700000,"MN 6,700,000",MXN,venta,Casa,Fraccionamiento Rancho Tetela,Cuernavaca,Morelos,205.0,901.0,Publicado hace 96 días,2026-05-08T18:03:37Z,2026-08-12T16:14:40.271761+00:00,https://www.inmuebles24.com/casas-o-casa-en-condominio-o-departamentos-en-venta-en-morelos-provincia-ordenado-por-fechaonline-descendente.html-pagina-126.html
https://www.inmuebles24.com/propiedades/clasificado/veclcain-casa-en-tabachines-con-recamaras-en-planta-baja-149790096.html,12000000,"MN 12,000,000",MXN,venta,Casa,Club de Golf Los Tabachines,Cuernavaca,Morelos,210.0,439.0,Publicado hace 96 días,2026-05-08T16:36:48Z,2026-08-12T16:14:40.271761+00:00,https://www.inmuebles24.com/casas-o-casa-en-condominio-o-departamentos-en-venta-en-morelos-provincia-ordenado-por-fechaonline-descendente.html-pagina-126.html
https://www.inmuebles24.com/propiedades/clasificado/veclcain-casa-en-venta-burgos-cuernavaca-temixco-morelos-149797107.html,6200000,"MN 6,200,000",MXN,venta,Casa,Fraccionamiento Burgos Bugambilias,Temixco,Morelos,230.0,296.0,Publicado hace 96 días,2026-05-09T01:21:44Z,2026-08-12T16:14:40.271761+00:00,https://www.inmuebles24.com/casas-o-casa-en-condominio-o-departamentos-en-venta-en-morelos-provincia-ordenado-por-fechaonline-descendente.html-pagina-126.html
https://www.inmuebles24.com/propiedades/clasificado/veclcain-casa-en-venta-con-alberca-en-el-exclusivo-149801730.html,13500000,"MN 13,500,000",MXN,venta,Casa,Fraccionamiento Viveros de Cocoyoc,Yautepec,Morelos,420.0,983.0,Publicado hace 95 días,2026-05-09T17:53:11Z,2026-08-12T16:14:40.271761+00:00,https://www.inmuebles24.com/casas-o-casa-en-condominio-o-departamentos-en-venta-en-morelos-provincia-ordenado-por-fechaonline-descendente.html-pagina-126.html
https://www.inmuebles24.com/propiedades/clasificado/veclcain-casa-en-venta-en-burgos-corinto-temixco-morelos-149797196.html,8700000,"MN 8,700,000",MXN,venta,Casa,Fraccionamiento Burgos Bugambilias,Temixco,Morelos,390.0,481.0,Publicado hace 96 días,2026-05-09T01:40:58Z,2026-08-12T16:14:40.271761+00:00,https://www.inmuebles24.com/casas-o-casa-en-condominio-o-departamentos-en-venta-en-morelos-provincia-ordenado-por-fechaonline-descendente.html-pagina-126.html
https://www.inmuebles24.com/propiedades/clasificado/veclcain-casa-en-venta-en-lomas-de-cocoyoc-4-149797573.html,4900000,"MN 4,900,000",MXN,venta,Casa,,Atlatlahucan,Morelos,158.0,350.0,Publicado hace 96 días,2026-05-09T03:12:48Z,2026-08-12T16:14:40.271761+00:00,https://www.inmuebles24.com/casas-o-casa-en-condominio-o-departamentos-en-venta-en-morelos-provincia-ordenado-por-fechaonline-descendente.html-pagina-126.html
https://www.inmuebles24.com/propiedades/clasificado/veclcain-casa-en-venta-en-real-monte-casino-149794280.html,4100000,"MN 4,100,000",MXN,venta,Casa,Real Monte Casino,Huitzilac,Morelos,556.0,1071.0,Publicado hace 96 días,2026-05-08T20:49:10Z,2026-08-12T16:14:40.271761+00:00,https://www.inmuebles24.com/casas-o-casa-en-condominio-o-departamentos-en-venta-en-morelos-provincia-ordenado-por-fechaonline-descendente.html-pagina-126.html
https://www.inmuebles24.com/propiedades/clasificado/veclcain-casa-en-venta-en-real-monte-casino-149794337.html,3500000,"MN 3,500,000",MXN,venta,Casa,Real Monte Casino,Huitzilac,Morelos,200.0,1000.0,Publicado hace 96 días,2026-05-08T20:54:36Z,2026-08-12T16:14:40.271761+00:00,https://www.inmuebles24.com/casas-o-casa-en-condominio-o-departamentos-en-venta-en-morelos-provincia-ordenado-por-fechaonline-descendente.html-pagina-126.html
https://www.inmuebles24.com/propiedades/clasificado/veclcain-casa-en-venta-frac.-jardines-de-ahuatlan-con-recamara-149802542.html,4400000,"MN 4,400,000",MXN,venta,Casa,Jardines de Ahuatepec,Cuernavaca,Morelos,180.0,260.0,Publicado hace 95 días,2026-05-09T20:46:09Z,2026-08-12T16:14:40.271761+00:00,https://www.inmuebles24.com/casas-o-casa-en-condominio-o-departamentos-en-venta-en-morelos-provincia-ordenado-por-fechaonline-descendente.html-pagina-126.html
https://www.inmuebles24.com/propiedades/clasificado/veclcain-casa-en-venta-la-casa-del-volcan-tlayacapan-149800916.html,5700000,"MN 5,700,000",MXN,venta,Casa,Joyas del Astillero,Tlayacapan,Morelos,543.0,560.0,Publicado hace 95 días,2026-05-09T15:29:53Z,2026-08-12T16:14:40.271761+00:00,https://www.inmuebles24.com/casas-o-casa-en-condominio-o-departamentos-en-venta-en-morelos-provincia-ordenado-por-fechaonline-descendente.html-pagina-126.html
https://www.inmuebles24.com/propiedades/clasificado/veclcain-casa-en-venta-miraval-cuernavaca-morelos-149796410.html,9500000,"MN 9,500,000",MXN,venta,Casa,Bosques del Miraval,Cuernavaca,Morelos,369.0,802.0,Publicado hace 96 días,2026-05-08T23:24:42Z,2026-08-12T16:15:48.182821+00:00,https://www.inmuebles24.com/casas-o-casa-en-condominio-o-departamentos-en-venta-en-morelos-provincia-ordenado-por-fechaonline-descendente.html-pagina-126.html
https://www.inmuebles24.com/propiedades/clasificado/veclcain-casa-mediterranea-con-alberca-y-paneles-solares-club-149797273.html,12000000,"MN 12,000,000",MXN,venta,Casa,Club de Golf Los Tabachines,Cuernavaca,Morelos,210.0,439.0,Publicado hace 96 días,2026-05-09T01:59:07Z,2026-08-12T16:15:48.182821+00:00,https://www.inmuebles24.com/casas-o-casa-en-condominio-o-departamentos-en-venta-en-morelos-provincia-ordenado-por-fechaonline-descendente.html-pagina-126.html
https://www.inmuebles24.com/propiedades/clasificado/veclcain-casa-sola-con-alberca-dentro-de-fraccionamiento-149785803.html,4550000,"MN 4,550,000",MXN,venta,Casa,Lomas de Cortes,Cuernavaca,Morelos,156.0,177.0,Publicado hace 96 días,2026-05-08T05:23:17Z,2026-08-12T16:15:48.182821+00:00,https://www.inmuebles24.com/casas-o-casa-en-condominio-o-departamentos-en-venta-en-morelos-provincia-ordenado-por-fechaonline-descendente.html-pagina-126.html
https://www.inmuebles24.com/propiedades/clasificado/veclcain-estrena-casa-sola-en-pequena-privada-149785765.html,3900000,"MN 3,900,000",MXN,venta,Casa,,Cuernavaca,Morelos,140.0,140.0,Publicado hace 96 días,2026-05-08T05:15:24Z,2026-08-12T16:15:48.182821+00:00,https://www.inmuebles24.com/casas-o-casa-en-condominio-o-departamentos-en-venta-en-morelos-provincia-ordenado-por-fechaonline-descendente.html-pagina-126.html
https://www.inmuebles24.com/propiedades/clasificado/veclcain-venta-casa-jardin-con-bosque-v402-149801546.html,4500000,"MN 4,500,000",MXN,venta,Casa,Real Monte Casino,Huitzilac,Morelos,207.0,1320.0,Publicado hace 95 días,2026-05-09T17:46:31Z,2026-08-12T16:15:48.182821+00:00,https://www.inmuebles24.com/casas-o-casa-en-condominio-o-departamentos-en-venta-en-morelos-provincia-ordenado-por-fechaonline-descendente.html-pagina-126.html
https://www.inmuebles24.com/propiedades/clasificado/veclcain-venta-de-casa-en-lomas-de-cocoyoc-149773896.html,8800000,"MN 8,800,000",MXN,venta,Casa,Fraccionamiento Lomas de Cocoyoc,Atlatlahucan,Morelos,274.0,350.0,Publicado hace 97 días,2026-05-07T17:12:59Z,2026-08-12T16:15:48.182821+00:00,https://www.inmuebles24.com/casas-o-casa-en-condominio-o-departamentos-en-venta-en-morelos-provincia-ordenado-por-fechaonline-descendente.html-pagina-126.html
https://www.inmuebles24.com/propiedades/clasificado/veclcain-venta-de-casa-las-limas-yautepec-morelos-$3-000-000-149793546.html,3000000,"MN 3,000,000",MXN,venta,Casa,,Yautepec,Morelos,998.0,998.0,Publicado hace 96 días,2026-05-08T19:50:50Z,2026-08-12T16:15:48.182821+00:00,https://www.inmuebles24.com/casas-o-casa-en-condominio-o-departamentos-en-venta-en-morelos-provincia-ordenado-por-fechaonline-descendente.html-pagina-126.html
https://www.inmuebles24.com/propiedades/clasificado/veclccin-casa-en-condominio-con-alberca-a-10-min.-de-149783682.html,2600000,"MN 2,600,000",MXN,venta,Casa en condominio,Pueblo 3 de Mayo,Emiliano Zapata,Morelos,117.0,138.0,Publicado hace 97 días,2026-05-08T00:34:51Z,2026-08-12T16:15:48.182821+00:00,https://www.inmuebles24.com/casas-o-casa-en-condominio-o-departamentos-en-venta-en-morelos-provincia-ordenado-por-fechaonline-descendente.html-pagina-126.html
https://www.inmuebles24.com/propiedades/clasificado/veclccin-casa-en-venta-en-club-paraiso-country-club-cuernavaca-149794157.html,18500000,"MN 18,500,000",MXN,venta,Casa en condominio,Fraccionamiento Paraíso Country Club,Emiliano Zapata,Morelos,633.0,952.0,Publicado hace 96 días,2026-05-08T20:39:25Z,2026-08-12T16:15:48.182821+00:00,https://www.inmuebles24.com/casas-o-casa-en-condominio-o-departamentos-en-venta-en-morelos-provincia-ordenado-por-fechaonline-descendente.html-pagina-126.html
https://www.inmuebles24.com/propiedades/clasificado/veclccin-casa-en-venta-en-condominio.-en-preciosa-ex-hacienda-a-148801721.html,9700000,"MN 9,700,000",MXN,venta,Casa en condominio,Atlihuayan,Yautepec,Morelos,2075.0,2075.0,Publicado hace 96 días,2026-01-29T17:57:15Z,2026-08-12T16:15:48.182821+00:00,https://www.inmuebles24.com/casas-o-casa-en-condominio-o-departamentos-en-venta-en-morelos-provincia-ordenado-por-fechaonline-descendente.html-pagina-126.html
https://www.inmuebles24.com/propiedades/clasificado/veclccin-casa-en-venta-en-jiutepec-morelos-149794116.html,4500000,"MN 4,500,000",MXN,venta,Casa en condominio,,Jiutepec,Morelos,222.0,144.0,Publicado hace 96 días,2026-05-08T20:34:21Z,2026-08-12T16:17:01.519759+00:00,https://www.inmuebles24.com/casas-o-casa-en-condominio-o-departamentos-en-venta-en-morelos-provincia-ordenado-por-fechaonline-descendente.html-pagina-126.html
https://www.inmuebles24.com/propiedades/clasificado/veclccin-casa-en-venta-en-jiutepec-morelos-149794137.html,3990000,"MN 3,990,000",MXN,venta,Casa en condominio,,Jiutepec,Morelos,175.0,120.0,Publicado hace 96 días,2026-05-08T20:37:26Z,2026-08-12T16:17:01.519759+00:00,https://www.inmuebles24.com/casas-o-casa-en-condominio-o-departamentos-en-venta-en-morelos-provincia-ordenado-por-fechaonline-descendente.html-pagina-126.html
https://www.inmuebles24.com/propiedades/clasificado/veclccin-casa-en-venta-en-la-canoa-cuernavaca-149794195.html,25500000,"MN 25,500,000",MXN,venta,Casa en condominio,Rancho Cortes,Cuernavaca,Morelos,550.0,1127.0,Publicado hace 96 días,2026-05-08T20:42:11Z,2026-08-12T16:17:01.519759+00:00,https://www.inmuebles24.com/casas-o-casa-en-condominio-o-departamentos-en-venta-en-morelos-provincia-ordenado-por-fechaonline-descendente.html-pagina-126.html
https://www.inmuebles24.com/propiedades/clasificado/veclccin-en-venta-casa-en-seguro-condominio-en-cluster-149801932.html,2200000,"MN 2,200,000",MXN,venta,Casa en condominio,Tabachines,Yautepec,Morelos,101.0,77.0,Publicado hace 95 días,2026-05-09T18:28:40Z,2026-08-12T16:17:01.519759+00:00,https://www.inmuebles24.com/casas-o-casa-en-condominio-o-departamentos-en-venta-en-morelos-provincia-ordenado-por-fechaonline-descendente.html-pagina-126.html
https://www.inmuebles24.com/propiedades/clasificado/veclapin-autepec-departamento-3er-nivel-con-cocina-integral-149775290.html,650000,"MN 650,000",MXN,venta,Apartamento,Unidad habitacional San Carlos,Yautepec,Morelos,56.0,65.0,Publicado hace 97 días,2026-05-07T18:12:48Z,2026-08-12T16:17:01.519759+00:00,https://www.inmuebles24.com/casas-o-casa-en-condominio-o-departamentos-en-venta-en-morelos-provincia-ordenado-por-fechaonline-descendente.html-pagina-127.html
https://www.inmuebles24.com/propiedades/clasificado/veclapin-departamento-en-venta-en-el-exclusivo-fraccionamiento-149772351.html,2350000,"MN 2,350,000",MXN,venta,Apartamento,Vista Hermosa,Cuernavaca,Morelos,55.0,55.0,Publicado hace 97 días,2026-05-07T13:56:49Z,2026-08-12T16:17:01.519759+00:00,https://www.inmuebles24.com/casas-o-casa-en-condominio-o-departamentos-en-venta-en-morelos-provincia-ordenado-por-fechaonline-descendente.html-pagina-127.html
https://www.inmuebles24.com/propiedades/clasificado/veclcain-casa-cerritos-149776013.html,10498000,"MN 10,498,000",MXN,venta,Casa,Cerritos,Cuernavaca,Morelos,260.0,370.0,Publicado hace 97 días,2026-05-07T18:50:21Z,2026-08-12T16:17:01.519759+00:00,https://www.inmuebles24.com/casas-o-casa-en-condominio-o-departamentos-en-venta-en-morelos-provincia-ordenado-por-fechaonline-descendente.html-pagina-127.html
https://www.inmuebles24.com/propiedades/clasificado/veclcain-casa-con-70-m-sup2--de-terreno-y-3-recamaras-en-venta-149782916.html,2500000,"MN 2,500,000",MXN,venta,Casa,Club de Golf Santa Fe,Xochitepec,Morelos,123.0,70.0,Publicado hace 97 días,2026-05-07T23:24:13Z,2026-08-12T16:17:01.519759+00:00,https://www.inmuebles24.com/casas-o-casa-en-condominio-o-departamentos-en-venta-en-morelos-provincia-ordenado-por-fechaonline-descendente.html-pagina-127.html
https://www.inmuebles24.com/propiedades/clasificado/veclcain-casa-de-descanso-en-cuautla-740-m-sup2--alberca-y-149781717.html,7200000,"MN 7,200,000",MXN,venta,Casa,Fraccionamiento Brisas de Cuautla,Cuautla,Morelos,410.0,750.0,Publicado hace 97 días,2026-05-07T22:45:01Z,2026-08-12T16:17:01.519759+00:00,https://www.inmuebles24.com/casas-o-casa-en-condominio-o-departamentos-en-venta-en-morelos-provincia-ordenado-por-fechaonline-descendente.html-pagina-127.html
https://www.inmuebles24.com/propiedades/clasificado/veclcain-casa-de-un-nivel-en-venta-para-remodelar-en-zona-149779444.html,2600000,"MN 2,600,000",MXN,venta,Casa,Fraccionamiento Base Tranquilidad,Cuernavaca,Morelos,114.0,160.0,Publicado hace 97 días,2026-05-07T21:25:04Z,2026-08-12T16:17:01.519759+00:00,https://www.inmuebles24.com/casas-o-casa-en-condominio-o-departamentos-en-venta-en-morelos-provincia-ordenado-por-fechaonline-descendente.html-pagina-127.html
https://www.inmuebles24.com/propiedades/clasificado/veclcain-casa-en-lomas-de-cortes-149784663.html,4550000,"MN 4,550,000",MXN,venta,Casa,Lomas de Cortes,Cuernavaca,Morelos,150.0,177.0,Publicado hace 97 días,2026-05-08T03:46:10Z,2026-08-12T16:18:25.948117+00:00,https://www.inmuebles24.com/casas-o-casa-en-condominio-o-departamentos-en-venta-en-morelos-provincia-ordenado-por-fechaonline-descendente.html-pagina-127.html
https://www.inmuebles24.com/propiedades/clasificado/veclcain-casa-en-pena-flores-con-mas-de-200-m-de-terreno-149779280.html,2500000,"MN 2,500,000",MXN,venta,Casa,,Cuautla,Morelos,150.0,230.0,Publicado hace 97 días,2026-05-07T21:07:41Z,2026-08-12T16:18:25.948117+00:00,https://www.inmuebles24.com/casas-o-casa-en-condominio-o-departamentos-en-venta-en-morelos-provincia-ordenado-por-fechaonline-descendente.html-pagina-127.html
https://www.inmuebles24.com/propiedades/clasificado/veclcain-casa-en-preventa-en-fracc.-los-viveros-en-jiutepec-149777319.html,5300000,"MN 5,300,000",MXN,venta,Casa,Fraccionamiento Los Viveros,Jiutepec,Morelos,240.0,240.0,Publicado hace 97 días,2026-05-07T19:52:59Z,2026-08-12T16:18:25.948117+00:00,https://www.inmuebles24.com/casas-o-casa-en-condominio-o-departamentos-en-venta-en-morelos-provincia-ordenado-por-fechaonline-descendente.html-pagina-127.html
https://www.inmuebles24.com/propiedades/clasificado/veclcain-casa-en-pueblo-ahuatepec-149784416.html,2500000,"MN 2,500,000",MXN,venta,Casa,Pueblo Ahuatepec,Cuernavaca,Morelos,220.0,200.0,Publicado hace 97 días,2026-05-08T02:57:41Z,2026-08-12T16:18:25.948117+00:00,https://www.inmuebles24.com/casas-o-casa-en-condominio-o-departamentos-en-venta-en-morelos-provincia-ordenado-por-fechaonline-descendente.html-pagina-127.html
https://www.inmuebles24.com/propiedades/clasificado/veclcain-casa-en-pueblo-ahuatepec-149784417.html,3500000,"MN 3,500,000",MXN,venta,Casa,Pueblo Ahuatepec,Cuernavaca,Morelos,235.0,217.0,Publicado hace 97 días,2026-05-08T02:57:55Z,2026-08-12T16:18:25.948117+00:00,https://www.inmuebles24.com/casas-o-casa-en-condominio-o-departamentos-en-venta-en-morelos-provincia-ordenado-por-fechaonline-descendente.html-pagina-127.html
https://www.inmuebles24.com/propiedades/clasificado/veclcain-casa-en-venta-en-cuernavaca-morelos-149775921.html,5900000,"MN 5,900,000",MXN,venta,Casa,,Cuernavaca,Morelos,200.0,200.0,Publicado hace 97 días,2026-05-07T18:45:06Z,2026-08-12T16:18:25.948117+00:00,https://www.inmuebles24.com/casas-o-casa-en-condominio-o-departamentos-en-venta-en-morelos-provincia-ordenado-por-fechaonline-descendente.html-pagina-127.html
https://www.inmuebles24.com/propiedades/clasificado/veclcain-casa-en-venta-en-cuernavaca-morelos-149776693.html,2850000,"MN 2,850,000",MXN,venta,Casa,,Cuernavaca,Morelos,162.0,150.0,Publicado hace 97 días,2026-05-07T19:19:44Z,2026-08-12T16:18:25.948117+00:00,https://www.inmuebles24.com/casas-o-casa-en-condominio-o-departamentos-en-venta-en-morelos-provincia-ordenado-por-fechaonline-descendente.html-pagina-127.html
https://www.inmuebles24.com/propiedades/clasificado/veclcain-casa-en-venta-en-palmira-cuernavaca-149772737.html,6400000,"MN 6,400,000",MXN,venta,Casa,Palmira Tingüindín,Cuernavaca,Morelos,332.0,579.0,Publicado hace 97 días,2026-05-07T15:28:42Z,2026-08-12T16:18:25.948117+00:00,https://www.inmuebles24.com/casas-o-casa-en-condominio-o-departamentos-en-venta-en-morelos-provincia-ordenado-por-fechaonline-descendente.html-pagina-127.html
https://www.inmuebles24.com/propiedades/clasificado/veclcain-casa-en-venta-en-tamoanchan-jiutepec-morelos-149784236.html,5885000,"MN 5,885,000",MXN,venta,Casa,,Jiutepec,Morelos,358.0,375.0,Publicado hace 97 días,2026-05-08T02:25:22Z,2026-08-12T16:18:25.948117+00:00,https://www.inmuebles24.com/casas-o-casa-en-condominio-o-departamentos-en-venta-en-morelos-provincia-ordenado-por-fechaonline-descendente.html-pagina-127.html
https://www.inmuebles24.com/propiedades/clasificado/veclcain-casa-en-venta-fraccionamiento-base-tranquilidad-149775011.html,4600000,"MN 4,600,000",MXN,venta,Casa,,Cuernavaca,Morelos,230.0,160.0,Publicado hace 97 días,2026-05-07T17:50:14Z,2026-08-12T16:18:25.948117+00:00,https://www.inmuebles24.com/casas-o-casa-en-condominio-o-departamentos-en-venta-en-morelos-provincia-ordenado-por-fechaonline-descendente.html-pagina-127.html
https://www.inmuebles24.com/propiedades/clasificado/veclcain-casa-estilo-contemporaneo-nueva-en-lomas-de-mirador-149776619.html,6950000,"MN 6,950,000",MXN,venta,Casa,Lomas del Mirador,Cuernavaca,Morelos,214.0,193.0,Publicado hace 97 días,2026-05-07T19:16:50Z,2026-08-12T16:19:39.161838+00:00,https://www.inmuebles24.com/casas-o-casa-en-condominio-o-departamentos-en-venta-en-morelos-provincia-ordenado-por-fechaonline-descendente.html-pagina-127.html
https://www.inmuebles24.com/propiedades/clasificado/veclcain-en-venta-excelente-residencia-en-lomas-de-cocoyoc-149779297.html,12500000,"MN 12,500,000",MXN,venta,Casa,Fraccionamiento Lomas de Cocoyoc,Atlatlahucan,Morelos,502.0,870.0,Publicado hace 97 días,2026-05-07T21:09:54Z,2026-08-12T16:19:39.161838+00:00,https://www.inmuebles24.com/casas-o-casa-en-condominio-o-departamentos-en-venta-en-morelos-provincia-ordenado-por-fechaonline-descendente.html-pagina-127.html
https://www.inmuebles24.com/propiedades/clasificado/veclcain-espectacular-casa-nueva-en-paraiso-country-club-149772307.html,11500000,"MN 11,500,000",MXN,venta,Casa,,Emiliano Zapata,Morelos,350.0,500.0,Publicado hace 97 días,2026-05-07T13:42:12Z,2026-08-12T16:19:39.161838+00:00,https://www.inmuebles24.com/casas-o-casa-en-condominio-o-departamentos-en-venta-en-morelos-provincia-ordenado-por-fechaonline-descendente.html-pagina-127.html
https://www.inmuebles24.com/propiedades/clasificado/veclcain-fantastica-residencia-en-venta-cuernavaca-morelos-149774126.html,1390000,"USD 1,390,000",USD,venta,Casa,Lomas de Atzingo,Cuernavaca,Morelos,757.0,1127.0,Publicado hace 97 días,2026-05-07T17:35:30Z,2026-08-12T16:19:39.161838+00:00,https://www.inmuebles24.com/casas-o-casa-en-condominio-o-departamentos-en-venta-en-morelos-provincia-ordenado-por-fechaonline-descendente.html-pagina-127.html
https://www.inmuebles24.com/propiedades/clasificado/veclcain-jojutla-casa-de-2-plantas-3-recamaras-solo-$948-mil-149775334.html,948000,"MN 948,000",MXN,venta,Casa,,Jojutla,Morelos,41.0,80.0,Publicado hace 97 días,2026-05-07T18:16:24Z,2026-08-12T16:19:39.161838+00:00,https://www.inmuebles24.com/casas-o-casa-en-condominio-o-departamentos-en-venta-en-morelos-provincia-ordenado-por-fechaonline-descendente.html-pagina-127.html
https://www.inmuebles24.com/propiedades/clasificado/veclcain-lomas-del-sol-segura-muy-buen-estado-149772132.html,3599000,"MN 3,599,000",MXN,venta,Casa,Fraccionamiento Lomas del Sol,Cuernavaca,Morelos,200.0,300.0,Publicado hace 97 días,2026-05-07T11:08:17Z,2026-08-12T16:19:39.161838+00:00,https://www.inmuebles24.com/casas-o-casa-en-condominio-o-departamentos-en-venta-en-morelos-provincia-ordenado-por-fechaonline-descendente.html-pagina-127.html
https://www.inmuebles24.com/propiedades/clasificado/veclcain-vendo-o-rento-casa-en-fracc-tulipanes-cuautla-149779109.html,2300000,"MN 2,300,000",MXN,venta,Casa,,Cuautla,Morelos,122.0,90.0,Publicado hace 97 días,2026-05-07T20:51:45Z,2026-08-12T16:19:39.161838+00:00,https://www.inmuebles24.com/casas-o-casa-en-condominio-o-departamentos-en-venta-en-morelos-provincia-ordenado-por-fechaonline-descendente.html-pagina-127.html
https://www.inmuebles24.com/propiedades/clasificado/veclcain-venta-casa-club-privado-hacienda-ticuman-149776427.html,2650000,"MN 2,650,000",MXN,venta,Casa,Fraccionamiento Club Haciendas de Ticuman,Tlaltizapán,Morelos,180.0,120.0,Publicado hace 97 días,2026-05-07T19:08:17Z,2026-08-12T16:19:39.161838+00:00,https://www.inmuebles24.com/casas-o-casa-en-condominio-o-departamentos-en-venta-en-morelos-provincia-ordenado-por-fechaonline-descendente.html-pagina-127.html
https://www.inmuebles24.com/propiedades/clasificado/veclccin-casa-en-condominio-en-poblado-acapatzingo-cuernavaca-149772127.html,4980000,"MN 4,980,000",MXN,venta,Casa en condominio,Acapatzingo,Cuernavaca,Morelos,215.0,341.0,Publicado hace 97 días,2026-05-07T11:08:17Z,2026-08-12T16:19:39.161838+00:00,https://www.inmuebles24.com/casas-o-casa-en-condominio-o-departamentos-en-venta-en-morelos-provincia-ordenado-por-fechaonline-descendente.html-pagina-127.html
https://www.inmuebles24.com/propiedades/clasificado/veclccin-casa-en-condominio-en-venta-en-palmira-149772995.html,6000000,"MN 6,000,000",MXN,venta,Casa en condominio,,Cuernavaca,Morelos,160.0,260.0,Publicado hace 97 días,2026-05-07T16:06:48Z,2026-08-12T16:19:39.161838+00:00,https://www.inmuebles24.com/casas-o-casa-en-condominio-o-departamentos-en-venta-en-morelos-provincia-ordenado-por-fechaonline-descendente.html-pagina-127.html
https://www.inmuebles24.com/propiedades/clasificado/veclccin-casa-en-venta-en-emiliano-zapata-morelos-149783933.html,2650000,"MN 2,650,000",MXN,venta,Casa en condominio,Centro,Emiliano Zapata,Morelos,140.0,100.0,Publicado hace 97 días,2026-05-08T01:18:57Z,2026-08-12T16:21:09.847734+00:00,https://www.inmuebles24.com/casas-o-casa-en-condominio-o-departamentos-en-venta-en-morelos-provincia-ordenado-por-fechaonline-descendente.html-pagina-127.html
https://www.inmuebles24.com/propiedades/clasificado/veclccin-casa-nueva-con-193-m-sup2--de-terreno-4-recamaras-en-149773978.html,6950000,"MN 6,950,000",MXN,venta,Casa en condominio,Lomas del Mirador,Cuernavaca,Morelos,214.0,193.0,Publicado hace 97 días,2026-05-07T17:20:35Z,2026-08-12T16:21:09.847734+00:00,https://www.inmuebles24.com/casas-o-casa-en-condominio-o-departamentos-en-venta-en-morelos-provincia-ordenado-por-fechaonline-descendente.html-pagina-127.html
https://www.inmuebles24.com/propiedades/clasificado/veclccin-se-vende-casa-en-condominio-con-alberca-en-morelos-149779494.html,1050000,"MN 1,050,000",MXN,venta,Casa en condominio,,Xochitepec,Morelos,75.0,60.0,Publicado hace 97 días,2026-05-07T21:31:24Z,2026-08-12T16:21:09.847734+00:00,https://www.inmuebles24.com/casas-o-casa-en-condominio-o-departamentos-en-venta-en-morelos-provincia-ordenado-por-fechaonline-descendente.html-pagina-127.html
https://www.inmuebles24.com/propiedades/clasificado/veclccin-venta-de-casa-en-condominio-con-alberca-al-sur-de-149776411.html,1450000,"MN 1,450,000",MXN,venta,Casa en condominio,,Xochitepec,Morelos,87.0,54.0,Publicado hace 97 días,2026-05-07T19:07:08Z,2026-08-12T16:21:09.847734+00:00,https://www.inmuebles24.com/casas-o-casa-en-condominio-o-departamentos-en-venta-en-morelos-provincia-ordenado-por-fechaonline-descendente.html-pagina-127.html
https://www.inmuebles24.com/propiedades/clasificado/veclapin-adquiere-desde-$3-500.000-mxn-en-preventa-tu-149752424.html,3500000,"MN 3,500,000",MXN,venta,Apartamento,Fraccionamiento Flores Magón,Cuernavaca,Morelos,137.0,137.0,Publicado hace 99 días,2026-05-05T22:54Z,2026-08-12T16:21:09.847734+00:00,https://www.inmuebles24.com/casas-o-casa-en-condominio-o-departamentos-en-venta-en-morelos-provincia-ordenado-por-fechaonline-descendente.html-pagina-128.html
https://www.inmuebles24.com/propiedades/clasificado/veclapin-se-vende-departamento-en-junto-al-rio-149765319.html,3500000,"MN 3,500,000",MXN,venta,Apartamento,,Cuernavaca,Morelos,149.0,149.0,Publicado hace 98 días,2026-05-06T21:27:06Z,2026-08-12T16:21:09.847734+00:00,https://www.inmuebles24.com/casas-o-casa-en-condominio-o-departamentos-en-venta-en-morelos-provincia-ordenado-por-fechaonline-descendente.html-pagina-128.html
https://www.inmuebles24.com/propiedades/clasificado/veclcain-bonita-casa-en-venta-en-fracc-sito-del-sol-cuatla-149741588.html,3500000,"MN 3,500,000",MXN,venta,Casa,Tierra Larga,Cuautla,Morelos,172.0,238.0,Publicado hace 98 días,2026-05-05T01:25:52Z,2026-08-12T16:21:09.847734+00:00,https://www.inmuebles24.com/casas-o-casa-en-condominio-o-departamentos-en-venta-en-morelos-provincia-ordenado-por-fechaonline-descendente.html-pagina-128.html
https://www.inmuebles24.com/propiedades/clasificado/veclcain-casa-a-estrenar-con-amenidades-premium!desde-149752791.html,2250000,"MN 2,250,000",MXN,venta,Casa,,Yautepec,Morelos,84.0,84.0,Publicado hace 99 días,2026-05-05T23:31:36Z,2026-08-12T16:21:09.847734+00:00,https://www.inmuebles24.com/casas-o-casa-en-condominio-o-departamentos-en-venta-en-morelos-provincia-ordenado-por-fechaonline-descendente.html-pagina-128.html
https://www.inmuebles24.com/propiedades/clasificado/veclcain-casa-a-la-venta-en-praderas-de-oaxtepec-te-encantara!-149754210.html,11000000,"MN 11,000,000",MXN,venta,Casa,,Yautepec,Morelos,848.0,1772.0,Publicado hace 99 días,2026-05-06T01:50:13Z,2026-08-12T16:21:09.847734+00:00,https://www.inmuebles24.com/casas-o-casa-en-condominio-o-departamentos-en-venta-en-morelos-provincia-ordenado-por-fechaonline-descendente.html-pagina-128.html
https://www.inmuebles24.com/propiedades/clasificado/veclcain-casa-amplia-en-ocotepec-149753664.html,2750000,"MN 2,750,000",MXN,venta,Casa,Ocotepec,Cuernavaca,Morelos,190.0,173.0,Publicado hace 99 días,2026-05-06T00:32:48Z,2026-08-12T16:21:09.847734+00:00,https://www.inmuebles24.com/casas-o-casa-en-condominio-o-departamentos-en-venta-en-morelos-provincia-ordenado-por-fechaonline-descendente.html-pagina-128.html
https://www.inmuebles24.com/propiedades/clasificado/veclcain-casa-comercial-en-bugambilias-jiutepec-morelos-149761701.html,2900000,"MN 2,900,000",MXN,venta,Casa,Bugambilias,Jiutepec,Morelos,140.0,170.0,Publicado hace 98 días,2026-05-06T19:02:10Z,2026-08-12T16:22:23.422611+00:00,https://www.inmuebles24.com/casas-o-casa-en-condominio-o-departamentos-en-venta-en-morelos-provincia-ordenado-por-fechaonline-descendente.html-pagina-128.html
https://www.inmuebles24.com/propiedades/clasificado/veclcain-casa-de-un-solo-nivel-en-venta-club-de-golf-149767397.html,5500000,"MN 5,500,000",MXN,venta,Casa,Club de Golf,Cuernavaca,Morelos,348.0,846.0,Publicado hace 98 días,2026-05-07T00:43:19Z,2026-08-12T16:22:23.422611+00:00,https://www.inmuebles24.com/casas-o-casa-en-condominio-o-departamentos-en-venta-en-morelos-provincia-ordenado-por-fechaonline-descendente.html-pagina-128.html
https://www.inmuebles24.com/propiedades/clasificado/veclcain-casa-delicias-149753817.html,11000000,"MN 11,000,000",MXN,venta,Casa,Delicias,Cuernavaca,Morelos,580.0,370.0,Publicado hace 99 días,2026-05-06T00:52:43Z,2026-08-12T16:22:23.422611+00:00,https://www.inmuebles24.com/casas-o-casa-en-condominio-o-departamentos-en-venta-en-morelos-provincia-ordenado-por-fechaonline-descendente.html-pagina-128.html
https://www.inmuebles24.com/propiedades/clasificado/veclcain-casa-dentro-de-privada-a-2-cuadras-de-av-plan-de-ayala-149765108.html,6950000,"MN 6,950,000",MXN,venta,Casa,Lomas del Mirador,Cuernavaca,Morelos,214.0,193.0,Publicado hace 98 días,2026-05-06T21:11:09Z,2026-08-12T16:22:23.422611+00:00,https://www.inmuebles24.com/casas-o-casa-en-condominio-o-departamentos-en-venta-en-morelos-provincia-ordenado-por-fechaonline-descendente.html-pagina-128.html
https://www.inmuebles24.com/propiedades/clasificado/veclcain-casa-en-fraccionamiento-con-vigilancia-en-residencial-149749307.html,3850000,"MN 3,850,000",MXN,venta,Casa,Lomas de Cortes,Cuernavaca,Morelos,103.0,177.0,Publicado hace 99 días,2026-05-05T18:55:05Z,2026-08-12T16:22:23.422611+00:00,https://www.inmuebles24.com/casas-o-casa-en-condominio-o-departamentos-en-venta-en-morelos-provincia-ordenado-por-fechaonline-descendente.html-pagina-128.html
https://www.inmuebles24.com/propiedades/clasificado/veclcain-casa-en-fraccionamiento-la-estrella-149442739.html,5250000,"MN 5,250,000",MXN,venta,Casa,Fraccionamiento La Estrella,Cuernavaca,Morelos,168.0,189.0,Publicado hace 98 días,2026-04-02T20:36:19Z,2026-08-12T16:22:23.422611+00:00,https://www.inmuebles24.com/casas-o-casa-en-condominio-o-departamentos-en-venta-en-morelos-provincia-ordenado-por-fechaonline-descendente.html-pagina-128.html
https://www.inmuebles24.com/propiedades/clasificado/veclcain-casa-en-fraccionamiento-provincias-del-canada-149534467.html,3500000,"MN 3,500,000",MXN,venta,Casa,Fraccionamiento Provincias del Canadá,Cuernavaca,Morelos,130.0,231.0,Publicado hace 98 días,2026-04-14T18:41:23Z,2026-08-12T16:22:23.422611+00:00,https://www.inmuebles24.com/casas-o-casa-en-condominio-o-departamentos-en-venta-en-morelos-provincia-ordenado-por-fechaonline-descendente.html-pagina-128.html
https://www.inmuebles24.com/propiedades/clasificado/veclcain-casa-en-pre-venta-martin-del-campo-jiutepec-149748738.html,3850000,"MN 3,850,000",MXN,venta,Casa,Centro Jiutepec,Jiutepec,Morelos,170.0,225.0,Publicado hace 99 días,2026-05-05T18:15:06Z,2026-08-12T16:22:23.422611+00:00,https://www.inmuebles24.com/casas-o-casa-en-condominio-o-departamentos-en-venta-en-morelos-provincia-ordenado-por-fechaonline-descendente.html-pagina-128.html
https://www.inmuebles24.com/propiedades/clasificado/veclcain-casa-en-real-del-puente-149759161.html,1490000,"MN 1,490,000",MXN,venta,Casa,Real del Puente,Xochitepec,Morelos,103.0,224.0,Publicado hace 98 días,2026-05-06T16:52:31Z,2026-08-12T16:22:23.422611+00:00,https://www.inmuebles24.com/casas-o-casa-en-condominio-o-departamentos-en-venta-en-morelos-provincia-ordenado-por-fechaonline-descendente.html-pagina-128.html
https://www.inmuebles24.com/propiedades/clasificado/veclcain-casa-en-venta-$17-900-000-mxn-y-en-renta-en-$55-000-149753310.html,17900000,"MN 17,900,000",MXN,venta,Casa,Tres de Mayo,Emiliano Zapata,Morelos,787.0,772.0,Publicado hace 99 días,2026-05-05T23:56:53Z,2026-08-12T16:22:23.422611+00:00,https://www.inmuebles24.com/casas-o-casa-en-condominio-o-departamentos-en-venta-en-morelos-provincia-ordenado-por-fechaonline-descendente.html-pagina-128.html
https://www.inmuebles24.com/propiedades/clasificado/veclcain-casa-en-venta-con-alberca-y-amplio-jardin-en-149748947.html,20000000,"MN 20,000,000",MXN,venta,Casa,Cuernavaca Centro,Cuernavaca,Morelos,745.0,2060.0,Publicado hace 99 días,2026-05-05T18:33:20Z,2026-08-12T16:23:50.189985+00:00,https://www.inmuebles24.com/casas-o-casa-en-condominio-o-departamentos-en-venta-en-morelos-provincia-ordenado-por-fechaonline-descendente.html-pagina-128.html
https://www.inmuebles24.com/propiedades/clasificado/veclcain-casa-en-venta-en-atzingo-diamante-cuernavaca-149758661.html,5200000,"MN 5,200,000",MXN,venta,Casa,Lomas de Atzingo,Cuernavaca,Morelos,255.0,378.0,Publicado hace 98 días,2026-05-06T16:17:16Z,2026-08-12T16:23:50.189985+00:00,https://www.inmuebles24.com/casas-o-casa-en-condominio-o-departamentos-en-venta-en-morelos-provincia-ordenado-por-fechaonline-descendente.html-pagina-128.html
https://www.inmuebles24.com/propiedades/clasificado/veclcain-casa-en-venta-en-la-col.-jardines-de-cuernavaca-149765387.html,5250000,"MN 5,250,000",MXN,venta,Casa,,Cuernavaca,Morelos,168.0,189.0,Publicado hace 98 días,2026-05-06T21:32:26Z,2026-08-12T16:23:50.189985+00:00,https://www.inmuebles24.com/casas-o-casa-en-condominio-o-departamentos-en-venta-en-morelos-provincia-ordenado-por-fechaonline-descendente.html-pagina-128.html
https://www.inmuebles24.com/propiedades/clasificado/veclcain-casa-en-venta-fraccionamiento-limoneros-ahuatepec-149759098.html,12000000,"MN 12,000,000",MXN,venta,Casa,Gloria Almada de Bejarano,Cuernavaca,Morelos,950.0,1068.0,Publicado hace 98 días,2026-05-06T16:50:11Z,2026-08-12T16:23:50.189985+00:00,https://www.inmuebles24.com/casas-o-casa-en-condominio-o-departamentos-en-venta-en-morelos-provincia-ordenado-por-fechaonline-descendente.html-pagina-128.html
https://www.inmuebles24.com/propiedades/clasificado/veclcain-casa-en-venta-nueva-lomas-de-la-selva-cerca-de-costco-149767841.html,3900000,"MN 3,900,000",MXN,venta,Casa,Lomas de la Selva,Cuernavaca,Morelos,140.0,102.0,Publicado hace 98 días,2026-05-07T02:03:35Z,2026-08-12T16:23:50.189985+00:00,https://www.inmuebles24.com/casas-o-casa-en-condominio-o-departamentos-en-venta-en-morelos-provincia-ordenado-por-fechaonline-descendente.html-pagina-128.html
https://www.inmuebles24.com/propiedades/clasificado/veclcain-casa-nueva-en-col-jardines-de-cuernavaca-149754452.html,5250000,"MN 5,250,000",MXN,venta,Casa,Jardines de Cuernavaca,Cuernavaca,Morelos,168.0,189.0,Publicado hace 99 días,2026-05-06T02:37:09Z,2026-08-12T16:23:50.189985+00:00,https://www.inmuebles24.com/casas-o-casa-en-condominio-o-departamentos-en-venta-en-morelos-provincia-ordenado-por-fechaonline-descendente.html-pagina-128.html
https://www.inmuebles24.com/propiedades/clasificado/veclcain-casa-nueva-en-venta-en-acapantzingo-cuernavaca-149748414.html,2200000,"MN 2,200,000",MXN,venta,Casa,,Jiutepec,Morelos,140.0,182.0,Publicado hace 99 días,2026-05-05T17:52:15Z,2026-08-12T16:23:50.189985+00:00,https://www.inmuebles24.com/casas-o-casa-en-condominio-o-departamentos-en-venta-en-morelos-provincia-ordenado-por-fechaonline-descendente.html-pagina-128.html
https://www.inmuebles24.com/propiedades/clasificado/veclcain-cuernavaca-renta-casa-en-condominio-residencial-149758851.html,4100000,"MN 4,100,000",MXN,venta,Casa,Chapultepec,Cuernavaca,Morelos,110.0,80.0,Publicado hace 98 días,2026-05-06T16:29:54Z,2026-08-12T16:23:50.189985+00:00,https://www.inmuebles24.com/casas-o-casa-en-condominio-o-departamentos-en-venta-en-morelos-provincia-ordenado-por-fechaonline-descendente.html-pagina-128.html
https://www.inmuebles24.com/propiedades/clasificado/veclcain-oportunidad-residencia-de-lujo-en-reforma-cuernavaca-149743442.html,16000000,"MN 16,000,000",MXN,venta,Casa,Reforma,Cuernavaca,Morelos,650.0,1430.0,Publicado hace 99 días,2026-05-05T04:42:02Z,2026-08-12T16:23:50.189985+00:00,https://www.inmuebles24.com/casas-o-casa-en-condominio-o-departamentos-en-venta-en-morelos-provincia-ordenado-por-fechaonline-descendente.html-pagina-128.html
https://www.inmuebles24.com/propiedades/clasificado/veclcain-residencia-en-venta-en-zona-dorada-jardines-de-149754106.html,13800000,"MN 13,800,000",MXN,venta,Casa,Fraccionamiento Jardines de Reforma,Cuernavaca,Morelos,600.0,450.0,Publicado hace 99 días,2026-05-06T01:37:39Z,2026-08-12T16:23:50.189985+00:00,https://www.inmuebles24.com/casas-o-casa-en-condominio-o-departamentos-en-venta-en-morelos-provincia-ordenado-por-fechaonline-descendente.html-pagina-128.html
https://www.inmuebles24.com/propiedades/clasificado/veclcain-venta-de-casa-geo-en-rinconada-palmira-jiutepec.-149768158.html,1050000,"MN 1,050,000",MXN,venta,Casa,,Jiutepec,Morelos,54.0,35.0,Publicado hace 98 días,2026-05-07T03:07:05Z,2026-08-12T16:25:13.817126+00:00,https://www.inmuebles24.com/casas-o-casa-en-condominio-o-departamentos-en-venta-en-morelos-provincia-ordenado-por-fechaonline-descendente.html-pagina-128.html
https://www.inmuebles24.com/propiedades/clasificado/veclccin-casa-en-condominio-cuautla-centro-149751220.html,1900000,"MN 1,900,000",MXN,venta,Casa en condominio,,Cuautla,Morelos,172.0,208.0,Publicado hace 99 días,2026-05-05T21:06:54Z,2026-08-12T16:25:13.817126+00:00,https://www.inmuebles24.com/casas-o-casa-en-condominio-o-departamentos-en-venta-en-morelos-provincia-ordenado-por-fechaonline-descendente.html-pagina-128.html
https://www.inmuebles24.com/propiedades/clasificado/veclccin-casa-en-venta-en-exclusivo-desarrollo-santa-fe-morelos-149750929.html,3440852,"MN 3,440,852",MXN,venta,Casa en condominio,,Xochitepec,Morelos,144.0,144.0,Publicado hace 99 días,2026-05-05T20:40:10Z,2026-08-12T16:25:13.817126+00:00,https://www.inmuebles24.com/casas-o-casa-en-condominio-o-departamentos-en-venta-en-morelos-provincia-ordenado-por-fechaonline-descendente.html-pagina-128.html
https://www.inmuebles24.com/propiedades/clasificado/veclccin-casa-en-venta-en-jiutepec-con-vigilancia-3-recamaras-149762203.html,1420000,"MN 1,420,000",MXN,venta,Casa en condominio,Lomas de Jiutepec,Jiutepec,Morelos,67.0,115.0,Publicado hace 98 días,2026-05-06T19:41:10Z,2026-08-12T16:25:13.817126+00:00,https://www.inmuebles24.com/casas-o-casa-en-condominio-o-departamentos-en-venta-en-morelos-provincia-ordenado-por-fechaonline-descendente.html-pagina-128.html
https://www.inmuebles24.com/propiedades/clasificado/veclapin-departamentos-en-venta-en-cuernavaca-morelos-149725242.html,2650000,"MN 2,650,000",MXN,venta,Apartamento,,Cuernavaca,Morelos,100.0,6000.0,Publicado hace 102 días,2026-05-02T17:47:54Z,2026-08-12T16:25:13.817126+00:00,https://www.inmuebles24.com/casas-o-casa-en-condominio-o-departamentos-en-venta-en-morelos-provincia-ordenado-por-fechaonline-descendente.html-pagina-129.html
https://www.inmuebles24.com/propiedades/clasificado/veclapin-zona-norte-departamento-en-venta-con-elevador-y-149738795.html,3500000,"MN 3,500,000",MXN,venta,Apartamento,Maravillas,Cuernavaca,Morelos,158.0,158.0,Publicado hace 100 días,2026-05-04T21:16Z,2026-08-12T16:25:13.817126+00:00,https://www.inmuebles24.com/casas-o-casa-en-condominio-o-departamentos-en-venta-en-morelos-provincia-ordenado-por-fechaonline-descendente.html-pagina-129.html
https://www.inmuebles24.com/propiedades/clasificado/veclcain-c-casa-con-5-recamaras-en-venta-y-renta-564-m-sup2-149727014.html,11500000,"MN 11,500,000",MXN,venta,Casa,Fraccionamiento Junto al Río,Temixco,Morelos,379.0,564.0,Publicado hace 102 días,2026-05-03T01:59:39Z,2026-08-12T16:25:13.817126+00:00,https://www.inmuebles24.com/casas-o-casa-en-condominio-o-departamentos-en-venta-en-morelos-provincia-ordenado-por-fechaonline-descendente.html-pagina-129.html
https://www.inmuebles24.com/propiedades/clasificado/veclcain-casa-de-287-m-sup2--con-3-recamaras-en-venta-en-149720732.html,3995000,"MN 3,995,000",MXN,venta,Casa,,Yautepec,Morelos,170.0,287.0,Publicado hace 103 días,2026-05-01T19:32:58Z,2026-08-12T16:25:13.817126+00:00,https://www.inmuebles24.com/casas-o-casa-en-condominio-o-departamentos-en-venta-en-morelos-provincia-ordenado-por-fechaonline-descendente.html-pagina-129.html
https://www.inmuebles24.com/propiedades/clasificado/veclcain-casa-en-venta-de-un-solo-nivel-cuernavaca-149727425.html,6950000,"MN 6,950,000",MXN,venta,Casa,Real de Tetela,Cuernavaca,Morelos,240.0,800.0,Publicado hace 101 días,2026-05-03T06:07:49Z,2026-08-12T16:25:13.817126+00:00,https://www.inmuebles24.com/casas-o-casa-en-condominio-o-departamentos-en-venta-en-morelos-provincia-ordenado-por-fechaonline-descendente.html-pagina-129.html
https://www.inmuebles24.com/propiedades/clasificado/veclcain-casa-en-venta-en-cuernavaca-149742713.html,28000000,"MN 28,000,000",MXN,venta,Casa,Las Quintas,Cuernavaca,Morelos,1000.0,1183.0,Publicado hace 100 días,2026-05-05T03:17:46Z,2026-08-12T16:25:13.817126+00:00,https://www.inmuebles24.com/casas-o-casa-en-condominio-o-departamentos-en-venta-en-morelos-provincia-ordenado-por-fechaonline-descendente.html-pagina-129.html
https://www.inmuebles24.com/propiedades/clasificado/veclcain-casa-en-venta-en-el-vergel-centro-de-cuernavaca-cerca-149741224.html,3500000,"MN 3,500,000",MXN,venta,Casa,El Vergel,Cuernavaca,Morelos,141.0,223.0,Publicado hace 100 días,2026-05-05T00:19:22Z,2026-08-12T16:26:33.475450+00:00,https://www.inmuebles24.com/casas-o-casa-en-condominio-o-departamentos-en-venta-en-morelos-provincia-ordenado-por-fechaonline-descendente.html-pagina-129.html
https://www.inmuebles24.com/propiedades/clasificado/veclcain-casa-en-venta-en-fraccionamiento-con-vigilancia-24-7-149721286.html,4600000,"MN 4,600,000",MXN,venta,Casa,Centro Jiutepec,Jiutepec,Morelos,230.0,220.0,Publicado hace 103 días,2026-05-01T21:33Z,2026-08-12T16:26:33.475450+00:00,https://www.inmuebles24.com/casas-o-casa-en-condominio-o-departamentos-en-venta-en-morelos-provincia-ordenado-por-fechaonline-descendente.html-pagina-129.html
https://www.inmuebles24.com/propiedades/clasificado/veclcain-casa-en-venta-en-lomas-de-cocoyoc-olc-4446-149725925.html,7890000,"MN 7,890,000",MXN,venta,Casa,Fraccionamiento Lomas de Cocoyoc,Atlatlahucan,Morelos,225.0,350.0,Publicado hace 102 días,2026-05-02T20:15:55Z,2026-08-12T16:26:33.475450+00:00,https://www.inmuebles24.com/casas-o-casa-en-condominio-o-departamentos-en-venta-en-morelos-provincia-ordenado-por-fechaonline-descendente.html-pagina-129.html
https://www.inmuebles24.com/propiedades/clasificado/veclcain-casa-en-venta-fraccionamiento-las-fincas-jiutepec-149737031.html,3800000,"MN 3,800,000",MXN,venta,Casa,Fraccionamiento Las Fincas,Jiutepec,Morelos,166.0,359.0,Publicado hace 100 días,2026-05-04T19:05:12Z,2026-08-12T16:26:33.475450+00:00,https://www.inmuebles24.com/casas-o-casa-en-condominio-o-departamentos-en-venta-en-morelos-provincia-ordenado-por-fechaonline-descendente.html-pagina-129.html
https://www.inmuebles24.com/propiedades/clasificado/veclcain-casa-en-venta-paraiso-country-club-149730209.html,16800000,"MN 16,800,000",MXN,venta,Casa,Fraccionamiento Paraíso Country Club,Emiliano Zapata,Morelos,430.0,450.0,Publicado hace 100 días,2026-05-03T22:36:38Z,2026-08-12T16:26:33.475450+00:00,https://www.inmuebles24.com/casas-o-casa-en-condominio-o-departamentos-en-venta-en-morelos-provincia-ordenado-por-fechaonline-descendente.html-pagina-129.html
https://www.inmuebles24.com/propiedades/clasificado/veclcain-casa-en-venta-un-nivel-morelos.-149734814.html,4500000,"MN 4,500,000",MXN,venta,Casa,Pueblo Tlayecac,Ayala,Morelos,360.0,1200.0,Publicado hace 100 días,2026-05-04T16:07:49Z,2026-08-12T16:26:33.475450+00:00,https://www.inmuebles24.com/casas-o-casa-en-condominio-o-departamentos-en-venta-en-morelos-provincia-ordenado-por-fechaonline-descendente.html-pagina-129.html
https://www.inmuebles24.com/propiedades/clasificado/veclcain-casa-en-vista-hermosa-149725867.html,7470000,"MN 7,470,000",MXN,venta,Casa,Vista Hermosa,Cuernavaca,Morelos,359.0,302.0,Publicado hace 102 días,2026-05-02T20:00:09Z,2026-08-12T16:26:33.475450+00:00,https://www.inmuebles24.com/casas-o-casa-en-condominio-o-departamentos-en-venta-en-morelos-provincia-ordenado-por-fechaonline-descendente.html-pagina-129.html
https://www.inmuebles24.com/propiedades/clasificado/veclcain-casa-nueva-en-privada-de-solo-9-casas-con-porton-149743099.html,3900000,"MN 3,900,000",MXN,venta,Casa,Del Empleado,Cuernavaca,Morelos,140.0,140.0,Publicado hace 100 días,2026-05-05T03:33:27Z,2026-08-12T16:26:33.475450+00:00,https://www.inmuebles24.com/casas-o-casa-en-condominio-o-departamentos-en-venta-en-morelos-provincia-ordenado-por-fechaonline-descendente.html-pagina-129.html
https://www.inmuebles24.com/propiedades/clasificado/veclcain-casas-en-preventa-con-alberca-privada-fraccionamiento-149740858.html,3950000,"MN 3,950,000",MXN,venta,Casa,,Jiutepec,Morelos,237.0,225.0,Publicado hace 100 días,2026-05-04T23:38:21Z,2026-08-12T16:26:33.475450+00:00,https://www.inmuebles24.com/casas-o-casa-en-condominio-o-departamentos-en-venta-en-morelos-provincia-ordenado-por-fechaonline-descendente.html-pagina-129.html
https://www.inmuebles24.com/propiedades/clasificado/veclcain-en-venta-casa-dentro-del-fraccionamiento-altos-de-149726437.html,3100000,"MN 3,100,000",MXN,venta,Casa,Fraccionamiento Altos de Oaxtepec,Yautepec,Morelos,198.0,498.0,Publicado hace 102 días,2026-05-02T22:22:15Z,2026-08-12T16:26:33.475450+00:00,https://www.inmuebles24.com/casas-o-casa-en-condominio-o-departamentos-en-venta-en-morelos-provincia-ordenado-por-fechaonline-descendente.html-pagina-129.html
https://www.inmuebles24.com/propiedades/clasificado/veclcain-en-venta-casa-en-privada-de-7-casas-en-chamilpa.-149722889.html,5390000,"MN 5,390,000",MXN,venta,Casa,Ampliación Chamilpa,Cuernavaca,Morelos,307.0,434.0,Publicado hace 102 días,2026-05-02T06:50:06Z,2026-08-12T16:27:56.883613+00:00,https://www.inmuebles24.com/casas-o-casa-en-condominio-o-departamentos-en-venta-en-morelos-provincia-ordenado-por-fechaonline-descendente.html-pagina-129.html
https://www.inmuebles24.com/propiedades/clasificado/veclcain-tequesquitengo-venta-casa-de-descanso-149726768.html,6500000,"MN 6,500,000",MXN,venta,Casa,Tequesquitengo,Jojutla,Morelos,205.0,696.0,Publicado hace 101 días,2026-05-03T00:04:39Z,2026-08-12T16:27:56.883613+00:00,https://www.inmuebles24.com/casas-o-casa-en-condominio-o-departamentos-en-venta-en-morelos-provincia-ordenado-por-fechaonline-descendente.html-pagina-129.html
https://www.inmuebles24.com/propiedades/clasificado/veclcain-venta-casa-en-colonia-del-bosque-v391-149735266.html,7500000,"MN 7,500,000",MXN,venta,Casa,Del Bosque,Cuernavaca,Morelos,345.0,1509.0,Publicado hace 100 días,2026-05-04T16:53Z,2026-08-12T16:27:56.883613+00:00,https://www.inmuebles24.com/casas-o-casa-en-condominio-o-departamentos-en-venta-en-morelos-provincia-ordenado-por-fechaonline-descendente.html-pagina-129.html
https://www.inmuebles24.com/propiedades/clasificado/veclcain-venta-casa-en-del-bosque-v392-149735271.html,2850000,"MN 2,850,000",MXN,venta,Casa,Del Bosque,Cuernavaca,Morelos,112.0,356.0,Publicado hace 100 días,2026-05-04T16:54Z,2026-08-12T16:27:56.883613+00:00,https://www.inmuebles24.com/casas-o-casa-en-condominio-o-departamentos-en-venta-en-morelos-provincia-ordenado-por-fechaonline-descendente.html-pagina-129.html
https://www.inmuebles24.com/propiedades/clasificado/veclcain-venta-casa-en-yautepec-morelos-149739648.html,1890000,"MN 1,890,000",MXN,venta,Casa,Huizachera,Yautepec,Morelos,190.0,100.0,Publicado hace 100 días,2026-05-04T22:22:52Z,2026-08-12T16:27:56.883613+00:00,https://www.inmuebles24.com/casas-o-casa-en-condominio-o-departamentos-en-venta-en-morelos-provincia-ordenado-por-fechaonline-descendente.html-pagina-129.html
https://www.inmuebles24.com/propiedades/clasificado/veclcain-venta-casa-tetela-del-monte-cuernavaca-v390-149735250.html,2990000,"MN 2,990,000",MXN,venta,Casa,Pueblo Tetela del Monte,Cuernavaca,Morelos,140.0,165.0,Publicado hace 100 días,2026-05-04T16:52:06Z,2026-08-12T16:27:56.883613+00:00,https://www.inmuebles24.com/casas-o-casa-en-condominio-o-departamentos-en-venta-en-morelos-provincia-ordenado-por-fechaonline-descendente.html-pagina-129.html
https://www.inmuebles24.com/propiedades/clasificado/veclcain-venta-de-casa-amueblada-de-un-nivel-en-privada-con-149731223.html,2750000,"MN 2,750,000",MXN,venta,Casa,Hacienda de las Flores,Jiutepec,Morelos,89.0,196.0,Publicado hace 100 días,2026-05-04T06:09:11Z,2026-08-12T16:27:56.883613+00:00,https://www.inmuebles24.com/casas-o-casa-en-condominio-o-departamentos-en-venta-en-morelos-provincia-ordenado-por-fechaonline-descendente.html-pagina-129.html
https://www.inmuebles24.com/propiedades/clasificado/veclcain-venta-de-casa-en-amatlan-tepoztlan-morelos-149731240.html,38000000,"MN 38,000,000",MXN,venta,Casa,Rancho o rancheria Amatlán de Quetzalcoatl,Tepoztlán,Morelos,978.0,8943.0,Publicado hace 100 días,2026-05-04T06:14:30Z,2026-08-12T16:27:56.883613+00:00,https://www.inmuebles24.com/casas-o-casa-en-condominio-o-departamentos-en-venta-en-morelos-provincia-ordenado-por-fechaonline-descendente.html-pagina-129.html
https://www.inmuebles24.com/propiedades/clasificado/veclccin-casa-con-3-recamaras-en-venta-116-m-sup2--superficie-149741359.html,1650000,"MN 1,650,000",MXN,venta,Casa en condominio,Fraccionamiento Villas de Xochitepec,Xochitepec,Morelos,66.0,116.0,Publicado hace 100 días,2026-05-05T00:39:14Z,2026-08-12T16:27:56.883613+00:00,https://www.inmuebles24.com/casas-o-casa-en-condominio-o-departamentos-en-venta-en-morelos-provincia-ordenado-por-fechaonline-descendente.html-pagina-129.html
https://www.inmuebles24.com/propiedades/clasificado/veclccin-casa-en-condominio-piso1-vigilancia-24-hrs.-bello-149736583.html,3100000,"MN 3,100,000",MXN,venta,Casa en condominio,Fraccionamiento Bello Horizonte,Cuernavaca,Morelos,112.0,250.0,Publicado hace 100 días,2026-05-04T18:36:42Z,2026-08-12T16:27:56.883613+00:00,https://www.inmuebles24.com/casas-o-casa-en-condominio-o-departamentos-en-venta-en-morelos-provincia-ordenado-por-fechaonline-descendente.html-pagina-129.html
https://www.inmuebles24.com/propiedades/clasificado/veclccin-casa-en-venta-club-de-golf-santa-fe-xochitepec-149722523.html,9000000,"MN 9,000,000",MXN,venta,Casa en condominio,Club de Golf Santa Fe,Xochitepec,Morelos,320.0,1088.0,Publicado hace 103 días,2026-05-02T03:14:45Z,2026-08-12T16:29:10.856388+00:00,https://www.inmuebles24.com/casas-o-casa-en-condominio-o-departamentos-en-venta-en-morelos-provincia-ordenado-por-fechaonline-descendente.html-pagina-129.html
https://www.inmuebles24.com/propiedades/clasificado/veclccin-casa-en-venta-en-oaxtepec-morelos.-149738324.html,6140000,"MN 6,140,000",MXN,venta,Casa en condominio,Fraccionamiento Colinas de Oaxtepec,Yautepec,Morelos,389.0,700.0,Publicado hace 100 días,2026-05-04T20:33:11Z,2026-08-12T16:29:10.856388+00:00,https://www.inmuebles24.com/casas-o-casa-en-condominio-o-departamentos-en-venta-en-morelos-provincia-ordenado-por-fechaonline-descendente.html-pagina-129.html
https://www.inmuebles24.com/propiedades/clasificado/veclccin-preventa-de-casa-en-condominio-gimnasio-y-cancha-de-149736441.html,2515000,"MN 2,515,000",MXN,venta,Casa en condominio,Club de Golf Santa Fe,Xochitepec,Morelos,99.0,116.0,Publicado hace 100 días,2026-05-04T18:27:16Z,2026-08-12T16:29:10.856388+00:00,https://www.inmuebles24.com/casas-o-casa-en-condominio-o-departamentos-en-venta-en-morelos-provincia-ordenado-por-fechaonline-descendente.html-pagina-129.html
https://www.inmuebles24.com/propiedades/clasificado/veclapin-deparamento-en-venta-cuernavaca-149712845.html,6800000,"MN 6,800,000",MXN,venta,Apartamento,Real de Tetela,Cuernavaca,Morelos,169.0,1000.0,Publicado hace 104 días,2026-04-30T19:52:44Z,2026-08-12T16:29:10.856388+00:00,https://www.inmuebles24.com/casas-o-casa-en-condominio-o-departamentos-en-venta-en-morelos-provincia-ordenado-por-fechaonline-descendente.html-pagina-130.html
https://www.inmuebles24.com/propiedades/clasificado/veclapin-departamento-en-residencial-averanda-149712033.html,10600000,"MN 10,600,000",MXN,venta,Apartamento,,Cuernavaca,Morelos,184.0,184.0,Publicado hace 104 días,2026-04-30T18:50:47Z,2026-08-12T16:29:10.856388+00:00,https://www.inmuebles24.com/casas-o-casa-en-condominio-o-departamentos-en-venta-en-morelos-provincia-ordenado-por-fechaonline-descendente.html-pagina-130.html
https://www.inmuebles24.com/propiedades/clasificado/veclapin-venta-departamento-campo-verde-temixco-149697862.html,650000,"MN 650,000",MXN,venta,Apartamento,Unidad habitacional Conjunto Urbano Ayuntamiento 2000,Temixco,Morelos,60.0,60.0,Publicado hace 105 días,2026-04-29T16:01:05Z,2026-08-12T16:29:10.856388+00:00,https://www.inmuebles24.com/casas-o-casa-en-condominio-o-departamentos-en-venta-en-morelos-provincia-ordenado-por-fechaonline-descendente.html-pagina-130.html
https://www.inmuebles24.com/propiedades/clasificado/veclapin-venta-depto-en-temixco-149710934.html,780000,"MN 780,000",MXN,venta,Apartamento,Pueblo Viejo,Temixco,Morelos,45.0,45.0,Publicado hace 104 días,2026-04-30T17:52:08Z,2026-08-12T16:29:10.856388+00:00,https://www.inmuebles24.com/casas-o-casa-en-condominio-o-departamentos-en-venta-en-morelos-provincia-ordenado-por-fechaonline-descendente.html-pagina-130.html
https://www.inmuebles24.com/propiedades/clasificado/veclcain-casa-con-200-m-sup2--superficie-de-terreno-y-3-149711368.html,3700000,"MN 3,700,000",MXN,venta,Casa,Delicias,Cuernavaca,Morelos,185.0,200.0,Publicado hace 104 días,2026-04-30T18:14:01Z,2026-08-12T16:29:10.856388+00:00,https://www.inmuebles24.com/casas-o-casa-en-condominio-o-departamentos-en-venta-en-morelos-provincia-ordenado-por-fechaonline-descendente.html-pagina-130.html
https://www.inmuebles24.com/propiedades/clasificado/veclcain-casa-con-590-m-sup2--de-terreno-y-3-recamaras-en-venta-149716715.html,13800000,"MN 13,800,000",MXN,venta,Casa,Vista Hermosa,Cuernavaca,Morelos,395.0,590.0,Publicado hace 104 días,2026-05-01T00:39Z,2026-08-12T16:29:10.856388+00:00,https://www.inmuebles24.com/casas-o-casa-en-condominio-o-departamentos-en-venta-en-morelos-provincia-ordenado-por-fechaonline-descendente.html-pagina-130.html
https://www.inmuebles24.com/propiedades/clasificado/veclcain-casa-en-emiliano-zapata-149712322.html,3990000,"MN 3,990,000",MXN,venta,Casa,Benito Juárez,Emiliano Zapata,Morelos,270.0,350.0,Publicado hace 104 días,2026-04-30T19:15:44Z,2026-08-12T16:29:10.856388+00:00,https://www.inmuebles24.com/casas-o-casa-en-condominio-o-departamentos-en-venta-en-morelos-provincia-ordenado-por-fechaonline-descendente.html-pagina-130.html
https://www.inmuebles24.com/propiedades/clasificado/veclcain-casa-en-venta-3-recamaras-alberca-en-club-de-golf-149721322.html,2999980,"MN 2,999,980",MXN,venta,Casa,Club de Golf Santa Fe,Xochitepec,Morelos,121.0,90.0,Publicado hace 103 días,2026-05-01T21:41:46Z,2026-08-12T16:30:27.862800+00:00,https://www.inmuebles24.com/casas-o-casa-en-condominio-o-departamentos-en-venta-en-morelos-provincia-ordenado-por-fechaonline-descendente.html-pagina-130.html
https://www.inmuebles24.com/propiedades/clasificado/veclcain-casa-en-venta-en-jardines-de-tlayacapan-tlayacapan-149711654.html,3300000,"MN 3,300,000",MXN,venta,Casa,Fraccionamiento Jardines de Tlayacapan,Tlayacapan,Morelos,148.0,834.0,Publicado hace 104 días,2026-04-30T18:23:41Z,2026-08-12T16:30:27.862800+00:00,https://www.inmuebles24.com/casas-o-casa-en-condominio-o-departamentos-en-venta-en-morelos-provincia-ordenado-por-fechaonline-descendente.html-pagina-130.html
https://www.inmuebles24.com/propiedades/clasificado/veclcain-casa-en-venta-en-valle-del-pedregal-jaloxtoc-morelos-149712790.html,790000,"MN 790,000",MXN,venta,Casa,Parque industrial Parque Industrial Cuautla,Ayala,Morelos,53.0,53.0,Publicado hace 104 días,2026-04-30T19:50:42Z,2026-08-12T16:30:27.862800+00:00,https://www.inmuebles24.com/casas-o-casa-en-condominio-o-departamentos-en-venta-en-morelos-provincia-ordenado-por-fechaonline-descendente.html-pagina-130.html
https://www.inmuebles24.com/propiedades/clasificado/veclcain-casa-en-venta-en-xochitepec-149712846.html,1915000,"MN 1,915,000",MXN,venta,Casa,,Xochitepec,Morelos,18.0,18.0,Publicado hace 104 días,2026-04-30T19:52:45Z,2026-08-12T16:30:27.862800+00:00,https://www.inmuebles24.com/casas-o-casa-en-condominio-o-departamentos-en-venta-en-morelos-provincia-ordenado-por-fechaonline-descendente.html-pagina-130.html
https://www.inmuebles24.com/propiedades/clasificado/veclcain-casa-en-venta-xochitepec-morelos.-fraccionamiento-149697642.html,495000,"MN 495,000",MXN,venta,Casa,Pueblo Atlacholoaya,Xochitepec,Morelos,52.0,83.0,Publicado hace 104 días,2026-04-29T15:39:03Z,2026-08-12T16:30:27.862800+00:00,https://www.inmuebles24.com/casas-o-casa-en-condominio-o-departamentos-en-venta-en-morelos-provincia-ordenado-por-fechaonline-descendente.html-pagina-130.html
https://www.inmuebles24.com/propiedades/clasificado/veclcain-casa-fraccionamiento-burgos-bugambilias-149721263.html,7600000,"MN 7,600,000",MXN,venta,Casa,Fraccionamiento Burgos Bugambilias,Temixco,Morelos,400.0,480.0,Publicado hace 103 días,2026-05-01T21:29:05Z,2026-08-12T16:30:27.862800+00:00,https://www.inmuebles24.com/casas-o-casa-en-condominio-o-departamentos-en-venta-en-morelos-provincia-ordenado-por-fechaonline-descendente.html-pagina-130.html
https://www.inmuebles24.com/propiedades/clasificado/veclcain-casa-nueva-en-colonia-del-empleado-149721917.html,3900000,"MN 3,900,000",MXN,venta,Casa,Del Empleado,Cuernavaca,Morelos,140.0,140.0,Publicado hace 103 días,2026-05-02T00:16:02Z,2026-08-12T16:30:27.862800+00:00,https://www.inmuebles24.com/casas-o-casa-en-condominio-o-departamentos-en-venta-en-morelos-provincia-ordenado-por-fechaonline-descendente.html-pagina-130.html
https://www.inmuebles24.com/propiedades/clasificado/veclcain-casa-nueva-en-fraccionamiento-149712200.html,7400000,"MN 7,400,000",MXN,venta,Casa,,Cuernavaca,Morelos,300.0,252.0,Publicado hace 104 días,2026-04-30T19:06:19Z,2026-08-12T16:30:27.862800+00:00,https://www.inmuebles24.com/casas-o-casa-en-condominio-o-departamentos-en-venta-en-morelos-provincia-ordenado-por-fechaonline-descendente.html-pagina-130.html
https://www.inmuebles24.com/propiedades/clasificado/veclcain-casa-residencia-en-venta-lomas-de-cocoyoc-morelos-149716984.html,25000000,"MN 25,000,000",MXN,venta,Casa,Fraccionamiento Lomas de Cocoyoc,Atlatlahucan,Morelos,1257.0,1734.0,Publicado hace 104 días,2026-05-01T01:17:27Z,2026-08-12T16:30:27.862800+00:00,https://www.inmuebles24.com/casas-o-casa-en-condominio-o-departamentos-en-venta-en-morelos-provincia-ordenado-por-fechaonline-descendente.html-pagina-130.html
https://www.inmuebles24.com/propiedades/clasificado/veclcain-joya-arquitectonica-en-burgos:-el-equilibrio-perfecto-149712948.html,7950000,"MN 7,950,000",MXN,venta,Casa,Fraccionamiento Burgos Bugambilias,Temixco,Morelos,340.0,455.0,Publicado hace 104 días,2026-04-30T20:01:33Z,2026-08-12T16:30:27.862800+00:00,https://www.inmuebles24.com/casas-o-casa-en-condominio-o-departamentos-en-venta-en-morelos-provincia-ordenado-por-fechaonline-descendente.html-pagina-130.html
https://www.inmuebles24.com/propiedades/clasificado/veclccin-casa-en-venta-en-villas-de-jojutla-jojutla-morelos-149408329.html,1000000,"MN 1,000,000",MXN,venta,Casa en condominio,Cuauhtémoc,Jojutla,Morelos,47.0,67.0,Publicado hace 135 días,2026-03-30T21:36:18Z,2026-08-12T16:42:04.309943+00:00,https://www.inmuebles24.com/casas-o-casa-en-condominio-o-departamentos-en-venta-en-morelos-provincia-ordenado-por-fechaonline-descendente.html-pagina-148.html
https://www.inmuebles24.com/propiedades/clasificado/veclccin-en-venta-loft-estilo-industrial-en-cuernavaca-149431934.html,2600000,"MN 2,600,000",MXN,venta,Casa en condominio,Lomas de Cortes,Cuernavaca,Morelos,128.0,158.0,Publicado hace 133 días,2026-04-01T18:48:08Z,2026-08-12T16:42:04.309943+00:00,https://www.inmuebles24.com/casas-o-casa-en-condominio-o-departamentos-en-venta-en-morelos-provincia-ordenado-por-fechaonline-descendente.html-pagina-148.html
https://www.inmuebles24.com/propiedades/clasificado/veclapin-departamento-en-san-miguel-acapantzingo-149405680.html,7890000,"MN 7,890,000",MXN,venta,Apartamento,San Miguel Acapantzingo,Cuernavaca,Morelos,363.0,363.0,Publicado hace 135 días,2026-03-30T18:33:45Z,2026-08-12T16:42:04.309943+00:00,https://www.inmuebles24.com/casas-o-casa-en-condominio-o-departamentos-en-venta-en-morelos-provincia-ordenado-por-fechaonline-descendente.html-pagina-149.html
https://www.inmuebles24.com/propiedades/clasificado/veclapin-fraccionamiento-santa-fe-149399439.html,1904050,"MN 1,904,050",MXN,venta,Apartamento,,Xochitepec,Morelos,88.0,88.0,Publicado hace 136 días,2026-03-29T15:56:45Z,2026-08-12T16:42:04.309943+00:00,https://www.inmuebles24.com/casas-o-casa-en-condominio-o-departamentos-en-venta-en-morelos-provincia-ordenado-por-fechaonline-descendente.html-pagina-149.html
https://www.inmuebles24.com/propiedades/clasificado/veclcain-casa-4-recamaras-en-jiutepec-con-terraza-y-roof-garden-149408437.html,2950000,"MN 2,950,000",MXN,venta,Casa,Bugambilias,Jiutepec,Morelos,138.0,106.0,Publicado hace 135 días,2026-03-30T21:46:07Z,2026-08-12T16:42:04.309943+00:00,https://www.inmuebles24.com/casas-o-casa-en-condominio-o-departamentos-en-venta-en-morelos-provincia-ordenado-por-fechaonline-descendente.html-pagina-149.html
https://www.inmuebles24.com/propiedades/clasificado/veclcain-casa-con-alberca-en-condominio-jiutepec-desde-149408365.html,2408500,"MN 2,408,500",MXN,venta,Casa,Los Pinos Jiutepec,Jiutepec,Morelos,105.0,85.0,Publicado hace 135 días,2026-03-30T21:38:50Z,2026-08-12T16:42:04.309943+00:00,https://www.inmuebles24.com/casas-o-casa-en-condominio-o-departamentos-en-venta-en-morelos-provincia-ordenado-por-fechaonline-descendente.html-pagina-149.html
https://www.inmuebles24.com/propiedades/clasificado/veclcain-casa-en-cluster-en-venta-paraiso-country-club-149404107.html,9900000,"MN 9,900,000",MXN,venta,Casa,Amatitlán,Emiliano Zapata,Morelos,301.0,447.0,Publicado hace 135 días,2026-03-30T16:11:09Z,2026-08-12T16:42:04.309943+00:00,https://www.inmuebles24.com/casas-o-casa-en-condominio-o-departamentos-en-venta-en-morelos-provincia-ordenado-por-fechaonline-descendente.html-pagina-149.html
https://www.inmuebles24.com/propiedades/clasificado/veclcain-casa-en-fraccionamiento-en-chapultepec-cuernavaca-149404114.html,6950000,"MN 6,950,000",MXN,venta,Casa,Chapultepec,Cuernavaca,Morelos,300.0,278.0,Publicado hace 135 días,2026-03-30T16:12:25Z,2026-08-12T16:42:04.309943+00:00,https://www.inmuebles24.com/casas-o-casa-en-condominio-o-departamentos-en-venta-en-morelos-provincia-ordenado-por-fechaonline-descendente.html-pagina-149.html
https://www.inmuebles24.com/propiedades/clasificado/veclcain-casa-en-venta-con-alberca-cuautla-a-unos-pasos-de-149396634.html,2900000,"MN 2,900,000",MXN,venta,Casa,Año de Juárez,Cuautla,Morelos,278.0,374.0,Publicado hace 137 días,2026-03-28T20:26:45Z,2026-08-12T16:42:04.309943+00:00,https://www.inmuebles24.com/casas-o-casa-en-condominio-o-departamentos-en-venta-en-morelos-provincia-ordenado-por-fechaonline-descendente.html-pagina-149.html
https://www.inmuebles24.com/propiedades/clasificado/veclcain-casa-en-venta-de-3-recamaras-alberca-roof-garden-a-5-149407793.html,2500000,"MN 2,500,000",MXN,venta,Casa,Centro Jiutepec,Jiutepec,Morelos,126.0,60.0,Publicado hace 135 días,2026-03-30T20:56Z,2026-08-12T16:42:04.309943+00:00,https://www.inmuebles24.com/casas-o-casa-en-condominio-o-departamentos-en-venta-en-morelos-provincia-ordenado-por-fechaonline-descendente.html-pagina-149.html
https://www.inmuebles24.com/propiedades/clasificado/veclcain-casa-en-venta-en-burgos-bugambilias-cuernavaca-alberca-149393906.html,5700000,"MN 5,700,000",MXN,venta,Casa,Fraccionamiento Burgos Bugambilias,Temixco,Morelos,400.0,460.0,Publicado hace 137 días,2026-03-28T17:16:06Z,2026-08-12T16:43:16.054560+00:00,https://www.inmuebles24.com/casas-o-casa-en-condominio-o-departamentos-en-venta-en-morelos-provincia-ordenado-por-fechaonline-descendente.html-pagina-149.html
https://www.inmuebles24.com/propiedades/clasificado/veclcain-casa-en-venta-en-el-fraccionamiento-jardin-de-los-149399540.html,6500000,"MN 6,500,000",MXN,venta,Casa,Pueblo Tetela del Monte,Cuernavaca,Morelos,260.0,329.0,Publicado hace 136 días,2026-03-29T16:54:03Z,2026-08-12T16:43:16.054560+00:00,https://www.inmuebles24.com/casas-o-casa-en-condominio-o-departamentos-en-venta-en-morelos-provincia-ordenado-por-fechaonline-descendente.html-pagina-149.html
https://www.inmuebles24.com/propiedades/clasificado/veclcain-casa-en-venta-en-el-fraccionamiento-jardin-de-los-149399558.html,6500000,"MN 6,500,000",MXN,venta,Casa,Pueblo Tetela del Monte,Cuernavaca,Morelos,260.0,329.0,Publicado hace 136 días,2026-03-29T17:00:15Z,2026-08-12T16:43:16.054560+00:00,https://www.inmuebles24.com/casas-o-casa-en-condominio-o-departamentos-en-venta-en-morelos-provincia-ordenado-por-fechaonline-descendente.html-pagina-149.html
https://www.inmuebles24.com/propiedades/clasificado/veclcain-casa-en-venta-en-pedregal-de-oaxtepec-zona-lomas-de-149404389.html,5100000,"MN 5,100,000",MXN,venta,Casa,Pueblo Atlatlahucan,Atlatlahucan,Morelos,245.0,310.0,Publicado hace 135 días,2026-03-30T16:42:18Z,2026-08-12T16:43:16.054560+00:00,https://www.inmuebles24.com/casas-o-casa-en-condominio-o-departamentos-en-venta-en-morelos-provincia-ordenado-por-fechaonline-descendente.html-pagina-149.html
https://www.inmuebles24.com/propiedades/clasificado/veclcain-casa-en-venta-en-pueblo-viejo-149407526.html,14000000,"MN 14,000,000",MXN,venta,Casa,Fraccionamiento Burgos Bugambilias,Temixco,Morelos,753.0,909.0,Publicado hace 135 días,2026-03-30T20:37:47Z,2026-08-12T16:43:16.054560+00:00,https://www.inmuebles24.com/casas-o-casa-en-condominio-o-departamentos-en-venta-en-morelos-provincia-ordenado-por-fechaonline-descendente.html-pagina-149.html
https://www.inmuebles24.com/propiedades/clasificado/veclcain-casa-en-vista-hermosa-149405881.html,13600000,"MN 13,600,000",MXN,venta,Casa,Vista Hermosa,Cuernavaca,Morelos,440.0,600.0,Publicado hace 135 días,2026-03-30T18:43:33Z,2026-08-12T16:43:16.054560+00:00,https://www.inmuebles24.com/casas-o-casa-en-condominio-o-departamentos-en-venta-en-morelos-provincia-ordenado-por-fechaonline-descendente.html-pagina-149.html
https://www.inmuebles24.com/propiedades/clasificado/veclcain-casa-fraccionamiento-kloster-sumiya-149406660.html,13300000,"MN 13,300,000",MXN,venta,Casa,Fraccionamiento Kloster Sumiya,Jiutepec,Morelos,500.0,1100.0,Publicado hace 135 días,2026-03-30T19:32:32Z,2026-08-12T16:43:16.054560+00:00,https://www.inmuebles24.com/casas-o-casa-en-condominio-o-departamentos-en-venta-en-morelos-provincia-ordenado-por-fechaonline-descendente.html-pagina-149.html
https://www.inmuebles24.com/propiedades/clasificado/veclcain-casa-fraccionamiento-lomas-de-cocoyoc-149393981.html,5200000,"MN 5,200,000",MXN,venta,Casa,Fraccionamiento Lomas de Cocoyoc,Atlatlahucan,Morelos,220.0,320.0,Publicado hace 137 días,2026-03-28T17:28:43Z,2026-08-12T16:43:16.054560+00:00,https://www.inmuebles24.com/casas-o-casa-en-condominio-o-departamentos-en-venta-en-morelos-provincia-ordenado-por-fechaonline-descendente.html-pagina-149.html
https://www.inmuebles24.com/propiedades/clasificado/veclcain-casa-nueva-en-fraccionamiento-burgos-149409107.html,7950000,"MN 7,950,000",MXN,venta,Casa,Fraccionamiento Burgos Bugambilias,Temixco,Morelos,402.0,469.0,Publicado hace 135 días,2026-03-30T22:39:43Z,2026-08-12T16:43:16.054560+00:00,https://www.inmuebles24.com/casas-o-casa-en-condominio-o-departamentos-en-venta-en-morelos-provincia-ordenado-por-fechaonline-descendente.html-pagina-149.html
https://www.inmuebles24.com/propiedades/clasificado/veclcain-casa-para-remoledar-de-un-nivel-en-venta-en-zona-norte-149403954.html,3500000,"MN 3,500,000",MXN,venta,Casa,Lomas de Tetela,Cuernavaca,Morelos,365.0,867.0,Publicado hace 135 días,2026-03-30T15:52:30Z,2026-08-12T16:43:16.054560+00:00,https://www.inmuebles24.com/casas-o-casa-en-condominio-o-departamentos-en-venta-en-morelos-provincia-ordenado-por-fechaonline-descendente.html-pagina-149.html
https://www.inmuebles24.com/propiedades/clasificado/veclcain-casa-sola-en-venta-en-fraccionamiento-en-temixco-149409220.html,5350000,"MN 5,350,000",MXN,venta,Casa,,Temixco,Morelos,275.0,275.0,Publicado hace 135 días,2026-03-30T22:50:01Z,2026-08-12T16:44:39.373581+00:00,https://www.inmuebles24.com/casas-o-casa-en-condominio-o-departamentos-en-venta-en-morelos-provincia-ordenado-por-fechaonline-descendente.html-pagina-149.html
https://www.inmuebles24.com/propiedades/clasificado/veclcain-impecable-4-recamaras-alberca-video-vigilancia-con-149397756.html,5990000,"MN 5,990,000",MXN,venta,Casa,Fraccionamiento Burgos Sección Casa Blanca,Temixco,Morelos,300.0,450.0,Publicado hace 137 días,2026-03-29T00:23:42Z,2026-08-12T16:44:39.373581+00:00,https://www.inmuebles24.com/casas-o-casa-en-condominio-o-departamentos-en-venta-en-morelos-provincia-ordenado-por-fechaonline-descendente.html-pagina-149.html
https://www.inmuebles24.com/propiedades/clasificado/veclcain-increible-residencia-de-un-nivel-en-venta-en-la-zona-149405415.html,16000000,"MN 16,000,000",MXN,venta,Casa,,Cuernavaca,Morelos,400.0,1268.0,Publicado hace 135 días,2026-03-30T18:12:52Z,2026-08-12T16:44:39.373581+00:00,https://www.inmuebles24.com/casas-o-casa-en-condominio-o-departamentos-en-venta-en-morelos-provincia-ordenado-por-fechaonline-descendente.html-pagina-149.html
https://www.inmuebles24.com/propiedades/clasificado/veclcain-magnifica-casa-en-venta-en-yautepec-morelos-149400908.html,12000000,"MN 12,000,000",MXN,venta,Casa,Barrio Ixtlahuacan,Yautepec,Morelos,1087.0,4725.0,Publicado hace 136 días,2026-03-30T00:26:03Z,2026-08-12T16:44:39.373581+00:00,https://www.inmuebles24.com/casas-o-casa-en-condominio-o-departamentos-en-venta-en-morelos-provincia-ordenado-por-fechaonline-descendente.html-pagina-149.html
https://www.inmuebles24.com/propiedades/clasificado/veclcain-magnifico-estado-de-conseervacion-videovigilancia-aire-149397447.html,5990000,"MN 5,990,000",MXN,venta,Casa,Fraccionamiento Burgos Sección Casa Blanca,Temixco,Morelos,300.0,450.0,Publicado hace 137 días,2026-03-28T23:22:06Z,2026-08-12T16:44:39.373581+00:00,https://www.inmuebles24.com/casas-o-casa-en-condominio-o-departamentos-en-venta-en-morelos-provincia-ordenado-por-fechaonline-descendente.html-pagina-149.html
https://www.inmuebles24.com/propiedades/clasificado/veclcain-oportunidad-casa-en-venta-en-privada-palmira-149403852.html,7500000,"MN 7,500,000",MXN,venta,Casa,Palmira Tingüindín,Cuernavaca,Morelos,313.0,259.0,Publicado hace 135 días,2026-03-30T15:42:06Z,2026-08-12T16:44:39.373581+00:00,https://www.inmuebles24.com/casas-o-casa-en-condominio-o-departamentos-en-venta-en-morelos-provincia-ordenado-por-fechaonline-descendente.html-pagina-149.html
https://www.inmuebles24.com/propiedades/clasificado/veclcain-venta-de-casa-en-lomas-de-cocoyoc-149396886.html,13900000,"MN 13,900,000",MXN,venta,Casa,Fraccionamiento Lomas de Cocoyoc,Atlatlahucan,Morelos,420.0,535.0,Publicado hace 137 días,2026-03-28T21:03:05Z,2026-08-12T16:44:39.373581+00:00,https://www.inmuebles24.com/casas-o-casa-en-condominio-o-departamentos-en-venta-en-morelos-provincia-ordenado-por-fechaonline-descendente.html-pagina-149.html
https://www.inmuebles24.com/propiedades/clasificado/veclccin-casa-en-condominio-en-lomas-de-cortes-149396680.html,3600000,"MN 3,600,000",MXN,venta,Casa en condominio,Lomas de Cortes,Cuernavaca,Morelos,114.0,124.0,Publicado hace 137 días,2026-03-28T20:37:38Z,2026-08-12T16:44:39.373581+00:00,https://www.inmuebles24.com/casas-o-casa-en-condominio-o-departamentos-en-venta-en-morelos-provincia-ordenado-por-fechaonline-descendente.html-pagina-149.html
https://www.inmuebles24.com/propiedades/clasificado/veclccin-casa-en-condominio-jiutepec-149401488.html,3700000,"MN 3,700,000",MXN,venta,Casa en condominio,,Jiutepec,Morelos,125.0,174.0,Publicado hace 136 días,2026-03-30T02:58:14Z,2026-08-12T16:44:39.373581+00:00,https://www.inmuebles24.com/casas-o-casa-en-condominio-o-departamentos-en-venta-en-morelos-provincia-ordenado-por-fechaonline-descendente.html-pagina-149.html
https://www.inmuebles24.com/propiedades/clasificado/veclccin-casa-en-fraccionamiento-en-real-santa-fe-xochitepec-149404743.html,2957000,"MN 2,957,000",MXN,venta,Casa en condominio,,Xochitepec,Morelos,198.0,102.0,Publicado hace 135 días,2026-03-30T17:17:54Z,2026-08-12T16:44:39.373581+00:00,https://www.inmuebles24.com/casas-o-casa-en-condominio-o-departamentos-en-venta-en-morelos-provincia-ordenado-por-fechaonline-descendente.html-pagina-149.html
https://www.inmuebles24.com/propiedades/clasificado/veclccin-casa-en-fraccionamiento-en-real-santa-fe-xochitepec-149406521.html,3146185,"MN 3,146,185",MXN,venta,Casa en condominio,,Xochitepec,Morelos,208.0,115.0,Publicado hace 135 días,2026-03-30T19:21:26Z,2026-08-12T16:45:54.445004+00:00,https://www.inmuebles24.com/casas-o-casa-en-condominio-o-departamentos-en-venta-en-morelos-provincia-ordenado-por-fechaonline-descendente.html-pagina-149.html
https://www.inmuebles24.com/propiedades/clasificado/veclccin-casa-en-venta-en-condominio-con-amenidades-en-yautepec-149404082.html,2290000,"MN 2,290,000",MXN,venta,Casa en condominio,Yautepec Centro,Yautepec,Morelos,138.0,155.0,Publicado hace 135 días,2026-03-30T16:09:14Z,2026-08-12T16:45:54.445004+00:00,https://www.inmuebles24.com/casas-o-casa-en-condominio-o-departamentos-en-venta-en-morelos-provincia-ordenado-por-fechaonline-descendente.html-pagina-149.html
https://www.inmuebles24.com/propiedades/clasificado/veclapin-departamento-en-conjunto-las-aguilas-en-cuernavaca-149388621.html,900000,"MN 900,000",MXN,venta,Apartamento,,Cuernavaca,Morelos,55.0,68.0,Publicado hace 138 días,2026-03-27T19:49:17Z,2026-08-12T16:45:54.445004+00:00,https://www.inmuebles24.com/casas-o-casa-en-condominio-o-departamentos-en-venta-en-morelos-provincia-ordenado-por-fechaonline-descendente.html-pagina-150.html
https://www.inmuebles24.com/propiedades/clasificado/veclapin-departamento-en-las-palmas-149396658.html,6630000,"MN 6,630,000",MXN,venta,Apartamento,Las Palmas,Cuernavaca,Morelos,140.0,140.0,Publicado hace 137 días,2026-03-28T20:31:26Z,2026-08-12T16:45:54.445004+00:00,https://www.inmuebles24.com/casas-o-casa-en-condominio-o-departamentos-en-venta-en-morelos-provincia-ordenado-por-fechaonline-descendente.html-pagina-150.html
https://www.inmuebles24.com/propiedades/clasificado/veclapin-oportunidad!-se-vende-departamento-2-recamaras-149371649.html,1150000,"MN 1,150,000",MXN,venta,Apartamento,Emiliano Zapata,Emiliano Zapata,Morelos,72.0,72.0,Publicado hace 139 días,2026-03-26T19:04:41Z,2026-08-12T16:45:54.445004+00:00,https://www.inmuebles24.com/casas-o-casa-en-condominio-o-departamentos-en-venta-en-morelos-provincia-ordenado-por-fechaonline-descendente.html-pagina-150.html
https://www.inmuebles24.com/propiedades/clasificado/veclcain-a-estrenar-casa-nueva-con-vista-a-los-volcanes-con-149387621.html,7800000,"MN 7,800,000",MXN,venta,Casa,Lomas de Tetela,Cuernavaca,Morelos,381.0,549.0,Publicado hace 138 días,2026-03-27T18:59:30Z,2026-08-12T16:45:54.445004+00:00,https://www.inmuebles24.com/casas-o-casa-en-condominio-o-departamentos-en-venta-en-morelos-provincia-ordenado-por-fechaonline-descendente.html-pagina-150.html
https://www.inmuebles24.com/propiedades/clasificado/veclcain-casa-en-fracc.-burgos-con-alberca-y-jardin-4-149373975.html,6750000,"MN 6,750,000",MXN,venta,Casa,Fraccionamiento Burgos,Emiliano Zapata,Morelos,310.0,706.0,Publicado hace 139 días,2026-03-26T20:58:34Z,2026-08-12T16:45:54.445004+00:00,https://www.inmuebles24.com/casas-o-casa-en-condominio-o-departamentos-en-venta-en-morelos-provincia-ordenado-por-fechaonline-descendente.html-pagina-150.html
https://www.inmuebles24.com/propiedades/clasificado/veclcain-casa-en-fraccionamiento-ahuatlan-tzompantle-149385491.html,6500000,"MN 6,500,000",MXN,venta,Casa,Fraccionamiento Ahuatlán Tzompantle,Cuernavaca,Morelos,220.0,484.0,Publicado hace 138 días,2026-03-27T16:30:11Z,2026-08-12T16:45:54.445004+00:00,https://www.inmuebles24.com/casas-o-casa-en-condominio-o-departamentos-en-venta-en-morelos-provincia-ordenado-por-fechaonline-descendente.html-pagina-150.html
https://www.inmuebles24.com/propiedades/clasificado/veclcain-casa-en-venta-con-alberca-yautepec-morelos-149389155.html,3200000,"MN 3,200,000",MXN,venta,Casa,,Yautepec,Morelos,201.0,276.0,Publicado hace 138 días,2026-03-27T20:26:23Z,2026-08-12T16:45:54.445004+00:00,https://www.inmuebles24.com/casas-o-casa-en-condominio-o-departamentos-en-venta-en-morelos-provincia-ordenado-por-fechaonline-descendente.html-pagina-150.html
https://www.inmuebles24.com/propiedades/clasificado/veclcain-casa-en-venta-con-estilo-moderno-en-cuernavaca-149383996.html,3200000,"MN 3,200,000",MXN,venta,Casa,Gloria Almada de Bejarano,Cuernavaca,Morelos,280.0,248.0,Publicado hace 138 días,2026-03-27T15:37:31Z,2026-08-12T16:45:54.445004+00:00,https://www.inmuebles24.com/casas-o-casa-en-condominio-o-departamentos-en-venta-en-morelos-provincia-ordenado-por-fechaonline-descendente.html-pagina-150.html
https://www.inmuebles24.com/propiedades/clasificado/veclcain-casa-en-venta-en-cuautla-morelos-re-149394124.html,1590000,"MN 1,590,000",MXN,venta,Casa,,Cuautla,Morelos,82.0,62.0,Publicado hace 137 días,2026-03-28T17:47:08Z,2026-08-12T16:47:04.085895+00:00,https://www.inmuebles24.com/casas-o-casa-en-condominio-o-departamentos-en-venta-en-morelos-provincia-ordenado-por-fechaonline-descendente.html-pagina-150.html
https://www.inmuebles24.com/propiedades/clasificado/veclcain-casa-en-venta-en-la-herradura-149388617.html,18000000,"MN 18,000,000",MXN,venta,Casa,Lomas de La Herradura,Cuernavaca,Morelos,574.0,1213.0,Publicado hace 138 días,2026-03-27T19:48:35Z,2026-08-12T16:47:04.085895+00:00,https://www.inmuebles24.com/casas-o-casa-en-condominio-o-departamentos-en-venta-en-morelos-provincia-ordenado-por-fechaonline-descendente.html-pagina-150.html
https://www.inmuebles24.com/propiedades/clasificado/veclcain-casa-en-venta-en-las-aguilas-149385849.html,55657800,"MN 55,657,800",MXN,venta,Casa,Club de Golf,Cuernavaca,Morelos,800.0,1100.0,Publicado hace 138 días,2026-03-27T16:48:49Z,2026-08-12T16:47:04.085895+00:00,https://www.inmuebles24.com/casas-o-casa-en-condominio-o-departamentos-en-venta-en-morelos-provincia-ordenado-por-fechaonline-descendente.html-pagina-150.html
https://www.inmuebles24.com/propiedades/clasificado/veclcain-casa-en-venta-sobre-av-149387939.html,8950000,"MN 8,950,000",MXN,venta,Casa,Palmira,Cuernavaca,Morelos,600.0,1037.0,Publicado hace 138 días,2026-03-27T19:23:15Z,2026-08-12T16:47:04.085895+00:00,https://www.inmuebles24.com/casas-o-casa-en-condominio-o-departamentos-en-venta-en-morelos-provincia-ordenado-por-fechaonline-descendente.html-pagina-150.html
https://www.inmuebles24.com/propiedades/clasificado/veclcain-casa-en-venta-una-planta-parque-sumiya-cuernavaca-149384007.html,9200000,"MN 9,200,000",MXN,venta,Casa,Sumiya,Jiutepec,Morelos,278.0,760.0,Publicado hace 138 días,2026-03-27T15:38:27Z,2026-08-12T16:47:04.085895+00:00,https://www.inmuebles24.com/casas-o-casa-en-condominio-o-departamentos-en-venta-en-morelos-provincia-ordenado-por-fechaonline-descendente.html-pagina-150.html
https://www.inmuebles24.com/propiedades/clasificado/veclcain-casa-en-xochitepec-en-venta-149385516.html,19850000,"MN 19,850,000",MXN,venta,Casa,,Xochitepec,Morelos,510.0,1453.0,Publicado hace 138 días,2026-03-27T16:30:29Z,2026-08-12T16:47:04.085895+00:00,https://www.inmuebles24.com/casas-o-casa-en-condominio-o-departamentos-en-venta-en-morelos-provincia-ordenado-por-fechaonline-descendente.html-pagina-150.html
https://www.inmuebles24.com/propiedades/clasificado/veclcain-casa-nueva-con-alberca-cuautla-morelos-149375091.html,3390000,"MN 3,390,000",MXN,venta,Casa,,Cuautla,Morelos,213.0,280.0,Publicado hace 139 días,2026-03-26T21:45:37Z,2026-08-12T16:47:04.085895+00:00,https://www.inmuebles24.com/casas-o-casa-en-condominio-o-departamentos-en-venta-en-morelos-provincia-ordenado-por-fechaonline-descendente.html-pagina-150.html
https://www.inmuebles24.com/propiedades/clasificado/veclcain-en-venta-casa-sola-en-fraccionamiento-cerrado-149384207.html,2995000,"MN 2,995,000",MXN,venta,Casa,Texcaltepec,Cuernavaca,Morelos,226.0,151.0,Publicado hace 138 días,2026-03-27T16:01:54Z,2026-08-12T16:47:04.085895+00:00,https://www.inmuebles24.com/casas-o-casa-en-condominio-o-departamentos-en-venta-en-morelos-provincia-ordenado-por-fechaonline-descendente.html-pagina-150.html
https://www.inmuebles24.com/propiedades/clasificado/veclcain-inmueble-de-seis-departamentos-149385296.html,4100000,"MN 4,100,000",MXN,venta,Casa,Vicente Estrada Cajigal,Cuernavaca,Morelos,302.0,264.0,Publicado hace 138 días,2026-03-27T16:23:01Z,2026-08-12T16:47:04.085895+00:00,https://www.inmuebles24.com/casas-o-casa-en-condominio-o-departamentos-en-venta-en-morelos-provincia-ordenado-por-fechaonline-descendente.html-pagina-150.html
https://www.inmuebles24.com/propiedades/clasificado/veclcain-rancho-cortez-149369794.html,7500000,"MN 7,500,000",MXN,venta,Casa,Rancho Cortes,Cuernavaca,Morelos,530.0,400.0,Publicado hace 139 días,2026-03-26T17:23:59Z,2026-08-12T16:47:04.085895+00:00,https://www.inmuebles24.com/casas-o-casa-en-condominio-o-departamentos-en-venta-en-morelos-provincia-ordenado-por-fechaonline-descendente.html-pagina-150.html
https://www.inmuebles24.com/propiedades/clasificado/veclcain-residencia-de-lujo-en-venta-frente-al-lago-149387560.html,16500000,"MN 16,500,000",MXN,venta,Casa,Tequesquitengo,Jojutla,Morelos,541.0,895.0,Publicado hace 138 días,2026-03-27T18:55:06Z,2026-08-12T16:48:32.622078+00:00,https://www.inmuebles24.com/casas-o-casa-en-condominio-o-departamentos-en-venta-en-morelos-provincia-ordenado-por-fechaonline-descendente.html-pagina-150.html
https://www.inmuebles24.com/propiedades/clasificado/veclcain-se-vende-casa-cerca-del-tecnologico-de-zacatepec-149389622.html,1800000,"MN 1,800,000",MXN,venta,Casa,Plan de Ayala,Zacatepec,Morelos,150.0,200.0,Publicado hace 138 días,2026-03-27T21:06:06Z,2026-08-12T16:48:32.622078+00:00,https://www.inmuebles24.com/casas-o-casa-en-condominio-o-departamentos-en-venta-en-morelos-provincia-ordenado-por-fechaonline-descendente.html-pagina-150.html
https://www.inmuebles24.com/propiedades/clasificado/veclcain-venta-casa-paraiso-country-club-149391760.html,13413499,"MN 13,413,499",MXN,venta,Casa,Fraccionamiento Paraíso Country Club,Emiliano Zapata,Morelos,340.0,588.0,Publicado hace 138 días,2026-03-28T00:44:53Z,2026-08-12T16:48:32.622078+00:00,https://www.inmuebles24.com/casas-o-casa-en-condominio-o-departamentos-en-venta-en-morelos-provincia-ordenado-por-fechaonline-descendente.html-pagina-150.html
https://www.inmuebles24.com/propiedades/clasificado/veclccin-casa-en-condominio-en-lomas-de-cortes-149396670.html,3400000,"MN 3,400,000",MXN,venta,Casa en condominio,Lomas de Cortes,Cuernavaca,Morelos,114.0,124.0,Publicado hace 137 días,2026-03-28T20:34:13Z,2026-08-12T16:48:32.622078+00:00,https://www.inmuebles24.com/casas-o-casa-en-condominio-o-departamentos-en-venta-en-morelos-provincia-ordenado-por-fechaonline-descendente.html-pagina-150.html
https://www.inmuebles24.com/propiedades/clasificado/veclccin-casa-en-condominio-en-lomas-de-cortes-149396769.html,3600000,"MN 3,600,000",MXN,venta,Casa en condominio,Lomas de Cortes,Cuernavaca,Morelos,114.0,124.0,Publicado hace 137 días,2026-03-28T20:49:31Z,2026-08-12T16:48:32.622078+00:00,https://www.inmuebles24.com/casas-o-casa-en-condominio-o-departamentos-en-venta-en-morelos-provincia-ordenado-por-fechaonline-descendente.html-pagina-150.html
https://www.inmuebles24.com/propiedades/clasificado/veclccin-casa-en-condominio-en-rinconada-palmira-149380088.html,950000,"MN 950,000",MXN,venta,Casa en condominio,Unidad habitacional Lomas de Palmira,Jiutepec,Morelos,54.0,35.0,Publicado hace 139 días,2026-03-26T23:07:35Z,2026-08-12T16:48:32.622078+00:00,https://www.inmuebles24.com/casas-o-casa-en-condominio-o-departamentos-en-venta-en-morelos-provincia-ordenado-por-fechaonline-descendente.html-pagina-150.html
https://www.inmuebles24.com/propiedades/clasificado/veclccin-casa-en-condominio-fraccionamiento-paraiso-country-149388493.html,11300000,"MN 11,300,000",MXN,venta,Casa en condominio,Fraccionamiento Paraíso Country Club,Emiliano Zapata,Morelos,380.0,480.0,Publicado hace 138 días,2026-03-27T19:38:44Z,2026-08-12T16:48:32.622078+00:00,https://www.inmuebles24.com/casas-o-casa-en-condominio-o-departamentos-en-venta-en-morelos-provincia-ordenado-por-fechaonline-descendente.html-pagina-150.html
https://www.inmuebles24.com/propiedades/clasificado/veclccin-casa-en-fraccionamiento-en-jose-g-parres-jiutepec-149389057.html,5800000,"MN 5,800,000",MXN,venta,Casa en condominio,Pueblo José G Parres,Jiutepec,Morelos,350.0,350.0,Publicado hace 138 días,2026-03-27T20:18:39Z,2026-08-12T16:48:32.622078+00:00,https://www.inmuebles24.com/casas-o-casa-en-condominio-o-departamentos-en-venta-en-morelos-provincia-ordenado-por-fechaonline-descendente.html-pagina-150.html
https://www.inmuebles24.com/propiedades/clasificado/veclccin-casa-en-venta-en-cuernavaca-en-condominio-en-lomas-de-149367700.html,3100000,"MN 3,100,000",MXN,venta,Casa en condominio,Lomas de Atzingo,Cuernavaca,Morelos,223.0,223.0,Publicado hace 139 días,2026-03-26T12:49:02Z,2026-08-12T16:48:32.622078+00:00,https://www.inmuebles24.com/casas-o-casa-en-condominio-o-departamentos-en-venta-en-morelos-provincia-ordenado-por-fechaonline-descendente.html-pagina-150.html
https://www.inmuebles24.com/propiedades/clasificado/veclccin-vendo-casa-condo.-con-amenidades-preventa-149387480.html,2540000,"MN 2,540,000",MXN,venta,Casa en condominio,,Jiutepec,Morelos,108.0,85.0,Publicado hace 138 días,2026-03-27T18:49:37Z,2026-08-12T16:48:32.622078+00:00,https://www.inmuebles24.com/casas-o-casa-en-condominio-o-departamentos-en-venta-en-morelos-provincia-ordenado-por-fechaonline-descendente.html-pagina-150.html
https://www.inmuebles24.com/propiedades/clasificado/veclccin-venta-casa-nueva-en-fraccionamiento-col.-acapatzingo-149392455.html,5550000,"MN 5,550,000",MXN,venta,Casa en condominio,San Miguel Acapantzingo,Cuernavaca,Morelos,190.0,150.0,Publicado hace 138 días,2026-03-28T03:03:48Z,2026-08-12T16:49:43.633118+00:00,https://www.inmuebles24.com/casas-o-casa-en-condominio-o-departamentos-en-venta-en-morelos-provincia-ordenado-por-fechaonline-descendente.html-pagina-150.html
https://www.inmuebles24.com/propiedades/clasificado/veclccin-venta-de-casa-sola-con-alberca-privada-en-el-sur-de-149380397.html,8350000,"MN 8,350,000",MXN,venta,Casa en condominio,Pueblo Chiconcuac,Xochitepec,Morelos,260.0,400.0,Publicado hace 139 días,2026-03-26T23:42:38Z,2026-08-12T16:49:43.633118+00:00,https://www.inmuebles24.com/casas-o-casa-en-condominio-o-departamentos-en-venta-en-morelos-provincia-ordenado-por-fechaonline-descendente.html-pagina-150.html
https://www.inmuebles24.com/propiedades/clasificado/veclapin-casa-en-venta-en-los-pilares-jiutepec-morelos-149374430.html,1650000,"MN 1,650,000",MXN,venta,Apartamento,,Jiutepec,Morelos,82.0,72.0,Publicado hace 139 días,2026-03-26T21:21:34Z,2026-08-12T16:49:43.633118+00:00,https://www.inmuebles24.com/casas-o-casa-en-condominio-o-departamentos-en-venta-en-morelos-provincia-ordenado-por-fechaonline-descendente.html-pagina-151.html
https://www.inmuebles24.com/propiedades/clasificado/veclapin-departamento-en-planta-baja-en-fraccionamiento-junto-149372440.html,3600000,"MN 3,600,000",MXN,venta,Apartamento,Fraccionamiento Junto al Río,Temixco,Morelos,145.0,180.0,Publicado hace 139 días,2026-03-26T20:04:48Z,2026-08-12T16:49:43.633118+00:00,https://www.inmuebles24.com/casas-o-casa-en-condominio-o-departamentos-en-venta-en-morelos-provincia-ordenado-por-fechaonline-descendente.html-pagina-151.html
https://www.inmuebles24.com/propiedades/clasificado/veclapin-departamento-ricardo-flores-magon-149368816.html,10600000,"MN 10,600,000",MXN,venta,Apartamento,Ricardo Flores Magón,Cuernavaca,Morelos,184.0,184.0,Publicado hace 139 días,2026-03-26T15:57:32Z,2026-08-12T16:49:43.633118+00:00,https://www.inmuebles24.com/casas-o-casa-en-condominio-o-departamentos-en-venta-en-morelos-provincia-ordenado-por-fechaonline-descendente.html-pagina-151.html
https://www.inmuebles24.com/propiedades/clasificado/veclapin-venta-o-renta-de-departamento-en-residencial-la-vista-149366359.html,1050000,"MN 1,050,000",MXN,venta,Apartamento,,Emiliano Zapata,Morelos,62.0,62.0,Publicado hace 140 días,2026-03-26T02:51:41Z,2026-08-12T16:49:43.633118+00:00,https://www.inmuebles24.com/casas-o-casa-en-condominio-o-departamentos-en-venta-en-morelos-provincia-ordenado-por-fechaonline-descendente.html-pagina-151.html
https://www.inmuebles24.com/propiedades/clasificado/veclcain-4-recamaras-con-bano-completo-y-estudio.-en-san-149381966.html,11500000,"MN 11,500,000",MXN,venta,Casa,,Cuernavaca,Morelos,476.0,979.0,Publicado hace 139 días,2026-03-27T03:07:24Z,2026-08-12T16:49:43.633118+00:00,https://www.inmuebles24.com/casas-o-casa-en-condominio-o-departamentos-en-venta-en-morelos-provincia-ordenado-por-fechaonline-descendente.html-pagina-151.html
https://www.inmuebles24.com/propiedades/clasificado/veclcain-casa-en-burgos-temixco-morelos-149361675.html,4200000,"MN 4,200,000",MXN,venta,Casa,Fraccionamiento Burgos Bugambilias,Temixco,Morelos,200.0,250.0,Publicado hace 140 días,2026-03-25T19:45:45Z,2026-08-12T16:49:43.633118+00:00,https://www.inmuebles24.com/casas-o-casa-en-condominio-o-departamentos-en-venta-en-morelos-provincia-ordenado-por-fechaonline-descendente.html-pagina-151.html
https://www.inmuebles24.com/propiedades/clasificado/veclcain-casa-en-condominio-en-venta-tlahuapan-jiutepec-149361798.html,2850000,"MN 2,850,000",MXN,venta,Casa,Tlahuapan,Jiutepec,Morelos,150.0,239.0,Publicado hace 140 días,2026-03-25T19:49:51Z,2026-08-12T16:49:43.633118+00:00,https://www.inmuebles24.com/casas-o-casa-en-condominio-o-departamentos-en-venta-en-morelos-provincia-ordenado-por-fechaonline-descendente.html-pagina-151.html
https://www.inmuebles24.com/propiedades/clasificado/veclcain-casa-en-fraccionamiento-brisas-149372584.html,6350000,"MN 6,350,000",MXN,venta,Casa,Fraccionamiento Brisas,Temixco,Morelos,290.0,525.0,Publicado hace 139 días,2026-03-26T20:18:48Z,2026-08-12T16:49:43.633118+00:00,https://www.inmuebles24.com/casas-o-casa-en-condominio-o-departamentos-en-venta-en-morelos-provincia-ordenado-por-fechaonline-descendente.html-pagina-151.html
https://www.inmuebles24.com/propiedades/clasificado/veclcain-casa-en-fraccionamiento-en-paraiso-country-club-149370959.html,18500000,"MN 18,500,000",MXN,venta,Casa,Fraccionamiento Paraíso Country Club,Emiliano Zapata,Morelos,435.0,502.0,Publicado hace 139 días,2026-03-26T18:26:24Z,2026-08-12T16:51:09.145567+00:00,https://www.inmuebles24.com/casas-o-casa-en-condominio-o-departamentos-en-venta-en-morelos-provincia-ordenado-por-fechaonline-descendente.html-pagina-151.html
https://www.inmuebles24.com/propiedades/clasificado/veclcain-casa-en-fraccionamiento-junto-al-rio-149373940.html,6750000,"MN 6,750,000",MXN,venta,Casa,Fraccionamiento Junto al Río,Temixco,Morelos,539.0,479.0,Publicado hace 139 días,2026-03-26T20:57:26Z,2026-08-12T16:51:09.145567+00:00,https://www.inmuebles24.com/casas-o-casa-en-condominio-o-departamentos-en-venta-en-morelos-provincia-ordenado-por-fechaonline-descendente.html-pagina-151.html
https://www.inmuebles24.com/propiedades/clasificado/veclcain-casa-en-venta-con-alberca-con-3-habitaciones-en-venta-149371899.html,3000000,"MN 3,000,000",MXN,venta,Casa,San Marcos,Yecapixtla,Morelos,133.0,176.0,Publicado hace 139 días,2026-03-26T19:24:22Z,2026-08-12T16:51:09.145567+00:00,https://www.inmuebles24.com/casas-o-casa-en-condominio-o-departamentos-en-venta-en-morelos-provincia-ordenado-por-fechaonline-descendente.html-pagina-151.html
https://www.inmuebles24.com/propiedades/clasificado/veclcain-casa-en-vista-del-sol-tequesquitengo-149373981.html,5500000,"MN 5,500,000",MXN,venta,Casa,,Jojutla,Morelos,160.0,242.0,Publicado hace 139 días,2026-03-26T20:59:02Z,2026-08-12T16:51:09.145567+00:00,https://www.inmuebles24.com/casas-o-casa-en-condominio-o-departamentos-en-venta-en-morelos-provincia-ordenado-por-fechaonline-descendente.html-pagina-151.html
https://www.inmuebles24.com/propiedades/clasificado/veclcain-casa-para-remodelar-en-colonia-jacarandas-149375083.html,4500000,"MN 4,500,000",MXN,venta,Casa,Jacarandas,Cuernavaca,Morelos,311.0,364.0,Publicado hace 139 días,2026-03-26T21:44:45Z,2026-08-12T16:51:09.145567+00:00,https://www.inmuebles24.com/casas-o-casa-en-condominio-o-departamentos-en-venta-en-morelos-provincia-ordenado-por-fechaonline-descendente.html-pagina-151.html
https://www.inmuebles24.com/propiedades/clasificado/veclcain-casa-residencial-las-palmas-cuernavaca-morelos-149361643.html,5500000,"MN 5,500,000",MXN,venta,Casa,Las Palmas,Cuernavaca,Morelos,220.0,200.0,Publicado hace 140 días,2026-03-25T19:45:11Z,2026-08-12T16:51:09.145567+00:00,https://www.inmuebles24.com/casas-o-casa-en-condominio-o-departamentos-en-venta-en-morelos-provincia-ordenado-por-fechaonline-descendente.html-pagina-151.html
https://www.inmuebles24.com/propiedades/clasificado/veclcain-cuernavaca-una-delicia-de-verde-149362629.html,5500000,"MN 5,500,000",MXN,venta,Casa,Fraccionamiento Jardines de Tlaltenango,Cuernavaca,Morelos,151.0,658.0,Publicado hace 140 días,2026-03-25T20:50:02Z,2026-08-12T16:51:09.145567+00:00,https://www.inmuebles24.com/casas-o-casa-en-condominio-o-departamentos-en-venta-en-morelos-provincia-ordenado-por-fechaonline-descendente.html-pagina-151.html
https://www.inmuebles24.com/propiedades/clasificado/veclcain-invierte-en-una-casa-en-temixco-morelos-149381438.html,1100000,"MN 1,100,000",MXN,venta,Casa,Morelos,Temixco,Morelos,60.0,72.0,Publicado hace 139 días,2026-03-27T01:19:24Z,2026-08-12T16:51:09.145567+00:00,https://www.inmuebles24.com/casas-o-casa-en-condominio-o-departamentos-en-venta-en-morelos-provincia-ordenado-por-fechaonline-descendente.html-pagina-151.html
https://www.inmuebles24.com/propiedades/clasificado/veclcain-oasis-historico-en-el-corazon-de-cuernavaca-alberca-149381577.html,7800000,"MN 7,800,000",MXN,venta,Casa,San Miguel Acapantzingo,Cuernavaca,Morelos,718.0,1149.0,Publicado hace 139 días,2026-03-27T01:41:48Z,2026-08-12T16:51:09.145567+00:00,https://www.inmuebles24.com/casas-o-casa-en-condominio-o-departamentos-en-venta-en-morelos-provincia-ordenado-por-fechaonline-descendente.html-pagina-151.html
https://www.inmuebles24.com/propiedades/clasificado/veclcain-venta-casa-3-de-mayo-cuernavaca-morelos-estilo-tulum-149361678.html,4200000,"MN 4,200,000",MXN,venta,Casa,Tres de Mayo,Emiliano Zapata,Morelos,180.0,200.0,Publicado hace 140 días,2026-03-25T19:45:51Z,2026-08-12T16:51:09.145567+00:00,https://www.inmuebles24.com/casas-o-casa-en-condominio-o-departamentos-en-venta-en-morelos-provincia-ordenado-por-fechaonline-descendente.html-pagina-151.html
https://www.inmuebles24.com/propiedades/clasificado/veclcain-venta-casa-rancho-cortes-cuernavaca-morelos-149361653.html,4800000,"MN 4,800,000",MXN,venta,Casa,Ampliación Ocotepec,Cuernavaca,Morelos,190.0,250.0,Publicado hace 140 días,2026-03-25T19:45:21Z,2026-08-12T16:52:16.935686+00:00,https://www.inmuebles24.com/casas-o-casa-en-condominio-o-departamentos-en-venta-en-morelos-provincia-ordenado-por-fechaonline-descendente.html-pagina-151.html
https://www.inmuebles24.com/propiedades/clasificado/veclcain-venta-de-amplia-casa-en-palmira-3-137.60-m-sup2--y-149370337.html,16500000,"MN 16,500,000",MXN,venta,Casa,Palmira Tingüindín,Cuernavaca,Morelos,476.0,3137.0,Publicado hace 139 días,2026-03-26T17:48:30Z,2026-08-12T16:52:16.935686+00:00,https://www.inmuebles24.com/casas-o-casa-en-condominio-o-departamentos-en-venta-en-morelos-provincia-ordenado-por-fechaonline-descendente.html-pagina-151.html
https://www.inmuebles24.com/propiedades/clasificado/veclcain-venta-de-casa-de-ensueno-en-jardines-de-ahuatepec-149373979.html,13000000,"MN 13,000,000",MXN,venta,Casa,Jardines de Ahuatepec,Cuernavaca,Morelos,700.0,2200.0,Publicado hace 139 días,2026-03-26T20:58:51Z,2026-08-12T16:52:16.935686+00:00,https://www.inmuebles24.com/casas-o-casa-en-condominio-o-departamentos-en-venta-en-morelos-provincia-ordenado-por-fechaonline-descendente.html-pagina-151.html
https://www.inmuebles24.com/propiedades/clasificado/veclcain-venta-de-casa-lomas-de-trujillo-zapata-morelos-149361679.html,3400000,"MN 3,400,000",MXN,venta,Casa,Lomas de Trujillo,Emiliano Zapata,Morelos,55.0,220.0,Publicado hace 140 días,2026-03-25T19:45:55Z,2026-08-12T16:52:16.935686+00:00,https://www.inmuebles24.com/casas-o-casa-en-condominio-o-departamentos-en-venta-en-morelos-provincia-ordenado-por-fechaonline-descendente.html-pagina-151.html
https://www.inmuebles24.com/propiedades/clasificado/veclcain-venta-de-casa-moderna-lomas-de-trujillo-149361639.html,4600000,"MN 4,600,000",MXN,venta,Casa,Lomas de Trujillo,Emiliano Zapata,Morelos,175.0,352.0,Publicado hace 140 días,2026-03-25T19:45:09Z,2026-08-12T16:52:16.935686+00:00,https://www.inmuebles24.com/casas-o-casa-en-condominio-o-departamentos-en-venta-en-morelos-provincia-ordenado-por-fechaonline-descendente.html-pagina-151.html
https://www.inmuebles24.com/propiedades/clasificado/veclcain-venta-o-renta-de-casa-en-palmira-cuernavaca-149368102.html,33000000,"MN 33,000,000",MXN,venta,Casa,Palmira,Cuernavaca,Morelos,900.0,2400.0,Publicado hace 139 días,2026-03-26T15:05:15Z,2026-08-12T16:52:16.935686+00:00,https://www.inmuebles24.com/casas-o-casa-en-condominio-o-departamentos-en-venta-en-morelos-provincia-ordenado-por-fechaonline-descendente.html-pagina-151.html
https://www.inmuebles24.com/propiedades/clasificado/veclcain-venta-residencia-roof-garden-en-burgos-temixco-morelos-149361667.html,5200000,"MN 5,200,000",MXN,venta,Casa,Fraccionamiento Burgos Bugambilias,Temixco,Morelos,180.0,220.0,Publicado hace 140 días,2026-03-25T19:45:36Z,2026-08-12T16:52:16.935686+00:00,https://www.inmuebles24.com/casas-o-casa-en-condominio-o-departamentos-en-venta-en-morelos-provincia-ordenado-por-fechaonline-descendente.html-pagina-151.html
https://www.inmuebles24.com/propiedades/clasificado/veclccin-casa-en-venta-en-condominio-cuernavaca-las-gaviotas-149366333.html,1490000,"MN 1,490,000",MXN,venta,Casa en condominio,Centro,Emiliano Zapata,Morelos,67.0,89.0,Publicado hace 140 días,2026-03-26T02:45:43Z,2026-08-12T16:52:16.935686+00:00,https://www.inmuebles24.com/casas-o-casa-en-condominio-o-departamentos-en-venta-en-morelos-provincia-ordenado-por-fechaonline-descendente.html-pagina-151.html
https://www.inmuebles24.com/propiedades/clasificado/veclccin-casa-en-venta-en-condominio-loma-bonita-en-la-3-de-149366259.html,1600000,"MN 1,600,000",MXN,venta,Casa en condominio,Tres de Mayo,Emiliano Zapata,Morelos,83.0,72.0,Publicado hace 140 días,2026-03-26T02:32:17Z,2026-08-12T16:52:16.935686+00:00,https://www.inmuebles24.com/casas-o-casa-en-condominio-o-departamentos-en-venta-en-morelos-provincia-ordenado-por-fechaonline-descendente.html-pagina-151.html
https://www.inmuebles24.com/propiedades/clasificado/veclccin-casa-en-venta-en-residencial-oacalco-yautepec-en-149367401.html,2900000,"MN 2,900,000",MXN,venta,Casa en condominio,Pueblo Oacalco,Yautepec,Morelos,136.0,136.0,Publicado hace 139 días,2026-03-26T06:55:30Z,2026-08-12T16:52:16.935686+00:00,https://www.inmuebles24.com/casas-o-casa-en-condominio-o-departamentos-en-venta-en-morelos-provincia-ordenado-por-fechaonline-descendente.html-pagina-151.html
https://www.inmuebles24.com/propiedades/clasificado/veclccin-hermosa-casa-en-venta-en-condominio-loma-bonita-en-3-149366636.html,2100000,"MN 2,100,000",MXN,venta,Casa en condominio,Tres de Mayo,Emiliano Zapata,Morelos,95.0,62.0,Publicado hace 140 días,2026-03-26T03:37:41Z,2026-08-12T16:53:31.487789+00:00,https://www.inmuebles24.com/casas-o-casa-en-condominio-o-departamentos-en-venta-en-morelos-provincia-ordenado-por-fechaonline-descendente.html-pagina-151.html
https://www.inmuebles24.com/propiedades/clasificado/veclccin-pre-venta-casas-en-condominio-zona-sur-con-seguridad-149371522.html,2700000,"MN 2,700,000",MXN,venta,Casa en condominio,Los Presidentes,Temixco,Morelos,130.0,75.0,Publicado hace 139 días,2026-03-26T18:56:53Z,2026-08-12T16:53:31.487789+00:00,https://www.inmuebles24.com/casas-o-casa-en-condominio-o-departamentos-en-venta-en-morelos-provincia-ordenado-por-fechaonline-descendente.html-pagina-151.html
https://www.inmuebles24.com/propiedades/clasificado/veclcain-casa-crucero-de-la-cruz-xochi-antencion-inversionistas-149360080.html,2800000,"MN 2,800,000",MXN,venta,Casa,Xochitepec,Xochitepec,Morelos,280.0,346.0,Publicado hace 140 días,2026-03-25T18:21:33Z,2026-08-12T16:53:31.487789+00:00,https://www.inmuebles24.com/casas-o-casa-en-condominio-o-departamentos-en-venta-en-morelos-provincia-ordenado-por-fechaonline-descendente.html-pagina-152.html
https://www.inmuebles24.com/propiedades/clasificado/veclcain-casa-en-condominio-ejidos-de-acapantzingo-cuernavaca-149363918.html,2400000,"MN 2,400,000",MXN,venta,Casa,Unidad habitacional De los Casillas,Jiutepec,Morelos,140.0,181.0,Publicado hace 140 días,2026-03-25T22:25:31Z,2026-08-12T16:53:31.487789+00:00,https://www.inmuebles24.com/casas-o-casa-en-condominio-o-departamentos-en-venta-en-morelos-provincia-ordenado-por-fechaonline-descendente.html-pagina-152.html
https://www.inmuebles24.com/propiedades/clasificado/veclcain-casa-en-privada-con-alberca-y-jardin-en-lomas-de-149364289.html,8900000,"MN 8,900,000",MXN,venta,Casa,Lomas del Tzompantle,Cuernavaca,Morelos,271.0,582.0,Publicado hace 140 días,2026-03-25T22:56:49Z,2026-08-12T16:53:31.487789+00:00,https://www.inmuebles24.com/casas-o-casa-en-condominio-o-departamentos-en-venta-en-morelos-provincia-ordenado-por-fechaonline-descendente.html-pagina-152.html
https://www.inmuebles24.com/propiedades/clasificado/veclcain-casa-en-venta-en-vista-hermosa-149358900.html,10200000,"MN 10,200,000",MXN,venta,Casa,Vista Hermosa,Cuernavaca,Morelos,254.0,641.0,Publicado hace 140 días,2026-03-25T17:19:25Z,2026-08-12T16:53:31.487789+00:00,https://www.inmuebles24.com/casas-o-casa-en-condominio-o-departamentos-en-venta-en-morelos-provincia-ordenado-por-fechaonline-descendente.html-pagina-152.html
https://www.inmuebles24.com/propiedades/clasificado/veclcain-casa-en-venta-fracc.-burgos-de-cuernavaca-temixco-149360016.html,15850000,"MN 15,850,000",MXN,venta,Casa,Fraccionamiento Burgos,Emiliano Zapata,Morelos,612.0,1022.0,Publicado hace 140 días,2026-03-25T18:17:38Z,2026-08-12T16:53:31.487789+00:00,https://www.inmuebles24.com/casas-o-casa-en-condominio-o-departamentos-en-venta-en-morelos-provincia-ordenado-por-fechaonline-descendente.html-pagina-152.html
https://www.inmuebles24.com/propiedades/clasificado/veclcain-casa-para-remodelar-en-colonia-jacarandas-149359207.html,4500000,"MN 4,500,000",MXN,venta,Casa,Jacarandas,Cuernavaca,Morelos,311.0,364.0,Publicado hace 140 días,2026-03-25T17:29:09Z,2026-08-12T16:53:31.487789+00:00,https://www.inmuebles24.com/casas-o-casa-en-condominio-o-departamentos-en-venta-en-morelos-provincia-ordenado-por-fechaonline-descendente.html-pagina-152.html
https://www.inmuebles24.com/propiedades/clasificado/veclcain-residencia-de-lujo-en-preventa-en-lomas-de-cocoyoc-149362687.html,15600000,"MN 15,600,000",MXN,venta,Casa,Fraccionamiento Lomas de Cocoyoc,Atlatlahucan,Morelos,462.0,496.0,Publicado hace 140 días,2026-03-25T20:54:13Z,2026-08-12T16:53:31.487789+00:00,https://www.inmuebles24.com/casas-o-casa-en-condominio-o-departamentos-en-venta-en-morelos-provincia-ordenado-por-fechaonline-descendente.html-pagina-152.html
https://www.inmuebles24.com/propiedades/clasificado/veclcain-venta-casa-3-de-mayo-cuernavaca-morelos-estilo-tulum-149361663.html,4000000,"MN 4,000,000",MXN,venta,Casa,Pueblo 3 de Mayo,Emiliano Zapata,Morelos,180.0,200.0,Publicado hace 140 días,2026-03-25T19:45:34Z,2026-08-12T16:53:31.487789+00:00,https://www.inmuebles24.com/casas-o-casa-en-condominio-o-departamentos-en-venta-en-morelos-provincia-ordenado-por-fechaonline-descendente.html-pagina-152.html
https://www.inmuebles24.com/propiedades/clasificado/veclcain-casa-luciernaga-149343228.html,14000000,"MN 14,000,000",MXN,venta,Casa,Barrio Santo Domingo,Tepoztlán,Morelos,194.0,3113.0,Publicado hace 142 días,2026-03-24T02:45:30Z,2026-08-12T17:03:01.409767+00:00,https://www.inmuebles24.com/casas-o-casa-en-condominio-o-departamentos-en-venta-en-morelos-provincia-ordenado-por-fechaonline-descendente.html-pagina-155.html
https://www.inmuebles24.com/propiedades/clasificado/veclcain-casa-paisaje-en-fraccionamiento-lomas-de-cocoyoc-149345160.html,16300000,"MN 16,300,000",MXN,venta,Casa,Fraccionamiento Lomas de Cocoyoc,Atlatlahucan,Morelos,519.0,627.0,Publicado hace 141 días,2026-03-24T05:38:32Z,2026-08-12T17:03:01.409767+00:00,https://www.inmuebles24.com/casas-o-casa-en-condominio-o-departamentos-en-venta-en-morelos-provincia-ordenado-por-fechaonline-descendente.html-pagina-155.html
https://www.inmuebles24.com/propiedades/clasificado/veclcain-casa-pena-flores-149345467.html,3300000,"MN 3,300,000",MXN,venta,Casa,Peña Flores,Cuautla,Morelos,178.0,160.0,Publicado hace 141 días,2026-03-24T06:37:16Z,2026-08-12T17:03:01.409767+00:00,https://www.inmuebles24.com/casas-o-casa-en-condominio-o-departamentos-en-venta-en-morelos-provincia-ordenado-por-fechaonline-descendente.html-pagina-155.html
https://www.inmuebles24.com/propiedades/clasificado/veclcain-se-vende-casa-en-colonia-antonio-barona-149337593.html,2200000,"MN 2,200,000",MXN,venta,Casa,Antonio Barona,Cuernavaca,Morelos,120.0,200.0,Publicado hace 142 días,2026-03-23T18:40:18Z,2026-08-12T17:03:01.409767+00:00,https://www.inmuebles24.com/casas-o-casa-en-condominio-o-departamentos-en-venta-en-morelos-provincia-ordenado-por-fechaonline-descendente.html-pagina-155.html
https://www.inmuebles24.com/propiedades/clasificado/veclcain-se-vende-casa-en-los-sauces-149338710.html,1299000,"MN 1,299,000",MXN,venta,Casa,,Emiliano Zapata,Morelos,80.0,65.0,Publicado hace 142 días,2026-03-23T19:32:37Z,2026-08-12T17:03:01.409767+00:00,https://www.inmuebles24.com/casas-o-casa-en-condominio-o-departamentos-en-venta-en-morelos-provincia-ordenado-por-fechaonline-descendente.html-pagina-155.html
https://www.inmuebles24.com/propiedades/clasificado/veclcain-venta-de-casa-en-fraccionamiento-campo-verde-en-149354612.html,800000,"MN 800,000",MXN,venta,Casa,,Temixco,Morelos,45.0,45.0,Publicado hace 141 días,2026-03-25T00:43:55Z,2026-08-12T17:03:01.409767+00:00,https://www.inmuebles24.com/casas-o-casa-en-condominio-o-departamentos-en-venta-en-morelos-provincia-ordenado-por-fechaonline-descendente.html-pagina-155.html
https://www.inmuebles24.com/propiedades/clasificado/veclccin-casa-en-condominio-centro-149345442.html,2539000,"MN 2,539,000",MXN,venta,Casa en condominio,Centro,Cuautla,Morelos,105.0,105.0,Publicado hace 141 días,2026-03-24T06:15:35Z,2026-08-12T17:03:01.409767+00:00,https://www.inmuebles24.com/casas-o-casa-en-condominio-o-departamentos-en-venta-en-morelos-provincia-ordenado-por-fechaonline-descendente.html-pagina-155.html
https://www.inmuebles24.com/propiedades/clasificado/veclccin-casa-en-venta-en-yautepec-morelos-amenidades-149341240.html,2400000,"MN 2,400,000",MXN,venta,Casa en condominio,Yautepec Centro,Yautepec,Morelos,144.0,221.0,Publicado hace 142 días,2026-03-23T22:49:39Z,2026-08-12T17:03:01.409767+00:00,https://www.inmuebles24.com/casas-o-casa-en-condominio-o-departamentos-en-venta-en-morelos-provincia-ordenado-por-fechaonline-descendente.html-pagina-155.html
https://www.inmuebles24.com/propiedades/clasificado/veclccin-venta-casa-en-condominio-san-juan-cuernavaca-morelos-149340201.html,4000000,"MN 4,000,000",MXN,venta,Casa en condominio,Ciudad Chapultepec,Cuernavaca,Morelos,116.0,209.0,Publicado hace 142 días,2026-03-23T21:27:59Z,2026-08-12T17:03:01.409767+00:00,https://www.inmuebles24.com/casas-o-casa-en-condominio-o-departamentos-en-venta-en-morelos-provincia-ordenado-por-fechaonline-descendente.html-pagina-155.html
https://www.inmuebles24.com/propiedades/clasificado/veclapin-departamento-de-144-m-sup2--con-3-recamaras-en-venta-149318780.html,4200000,"MN 4,200,000",MXN,venta,Apartamento,San Miguel Acapantzingo,Cuernavaca,Morelos,144.0,144.0,Publicado hace 145 días,2026-03-20T19:24:16Z,2026-08-12T17:03:01.409767+00:00,https://www.inmuebles24.com/casas-o-casa-en-condominio-o-departamentos-en-venta-en-morelos-provincia-ordenado-por-fechaonline-descendente.html-pagina-156.html
https://www.inmuebles24.com/propiedades/clasificado/veclapin-departamento-en-venta-en-delicias-zona-dorada-de-149324101.html,3800000,"MN 3,800,000",MXN,venta,Apartamento,Delicias,Cuernavaca,Morelos,149.0,149.0,Publicado hace 144 días,2026-03-21T12:58:31Z,2026-08-12T17:04:16.758260+00:00,https://www.inmuebles24.com/casas-o-casa-en-condominio-o-departamentos-en-venta-en-morelos-provincia-ordenado-por-fechaonline-descendente.html-pagina-156.html
https://www.inmuebles24.com/propiedades/clasificado/veclapin-departamento-en-venta-en-delicias-zona-dorada-de-149324123.html,3800000,"MN 3,800,000",MXN,venta,Apartamento,Delicias,Cuernavaca,Morelos,149.0,149.0,Publicado hace 144 días,2026-03-21T13:14:02Z,2026-08-12T17:04:16.758260+00:00,https://www.inmuebles24.com/casas-o-casa-en-condominio-o-departamentos-en-venta-en-morelos-provincia-ordenado-por-fechaonline-descendente.html-pagina-156.html
https://www.inmuebles24.com/propiedades/clasificado/veclapin-departamento-en-venta-en-zona-centro-de-cuernavaca-149319228.html,1690000,"MN 1,690,000",MXN,venta,Apartamento,Las Palmas,Cuernavaca,Morelos,100.0,100.0,Publicado hace 145 días,2026-03-20T19:57:24Z,2026-08-12T17:04:16.758260+00:00,https://www.inmuebles24.com/casas-o-casa-en-condominio-o-departamentos-en-venta-en-morelos-provincia-ordenado-por-fechaonline-descendente.html-pagina-156.html
https://www.inmuebles24.com/propiedades/clasificado/veclapin-departamento-en-venta.-rancho-cortes-cuernavaca-149320549.html,10300000,"MN 10,300,000",MXN,venta,Apartamento,Rancho Cortes,Cuernavaca,Morelos,274.0,314.0,Publicado hace 145 días,2026-03-20T21:53:02Z,2026-08-12T17:04:16.758260+00:00,https://www.inmuebles24.com/casas-o-casa-en-condominio-o-departamentos-en-venta-en-morelos-provincia-ordenado-por-fechaonline-descendente.html-pagina-156.html
https://www.inmuebles24.com/propiedades/clasificado/veclcain-c-casa-con-2078-m-sup2--superficie-de-terreno-y-4-149327854.html,29000000,"MN 29,000,000",MXN,venta,Casa,Acapatzingo,Cuernavaca,Morelos,723.0,2078.0,Publicado hace 143 días,2026-03-22T07:06:08Z,2026-08-12T17:04:16.758260+00:00,https://www.inmuebles24.com/casas-o-casa-en-condominio-o-departamentos-en-venta-en-morelos-provincia-ordenado-por-fechaonline-descendente.html-pagina-156.html
https://www.inmuebles24.com/propiedades/clasificado/veclcain-c-casa-con-630-m-sup2--superficie-de-terreno-5-149327947.html,24500000,"MN 24,500,000",MXN,venta,Casa,Vista Hermosa,Cuernavaca,Morelos,600.0,630.0,Publicado hace 143 días,2026-03-22T08:33:20Z,2026-08-12T17:04:16.758260+00:00,https://www.inmuebles24.com/casas-o-casa-en-condominio-o-departamentos-en-venta-en-morelos-provincia-ordenado-por-fechaonline-descendente.html-pagina-156.html
https://www.inmuebles24.com/propiedades/clasificado/veclcain-c-casa-con-853-m-sup2--de-terreno-y-4-recamaras-en-149327835.html,6300000,"MN 6,300,000",MXN,venta,Casa,Tres de Mayo,Emiliano Zapata,Morelos,390.0,853.0,Publicado hace 143 días,2026-03-22T06:32:50Z,2026-08-12T17:04:16.758260+00:00,https://www.inmuebles24.com/casas-o-casa-en-condominio-o-departamentos-en-venta-en-morelos-provincia-ordenado-por-fechaonline-descendente.html-pagina-156.html
https://www.inmuebles24.com/propiedades/clasificado/veclcain-casa-con-elevador-y-5-recamaras-en-col.-miguel-149320925.html,3650000,"MN 3,650,000",MXN,venta,Casa,Miguel Hidalgo,Cuernavaca,Morelos,249.0,196.0,Publicado hace 145 días,2026-03-20T22:39:18Z,2026-08-12T17:04:16.758260+00:00,https://www.inmuebles24.com/casas-o-casa-en-condominio-o-departamentos-en-venta-en-morelos-provincia-ordenado-por-fechaonline-descendente.html-pagina-156.html
https://www.inmuebles24.com/propiedades/clasificado/veclcain-casa-en-fraccionamiento-en-burgos-bugambilias-149336097.html,7990000,"MN 7,990,000",MXN,venta,Casa,Fraccionamiento Burgos Bugambilias,Temixco,Morelos,490.0,472.0,Publicado hace 142 días,2026-03-23T17:36:13Z,2026-08-12T17:04:16.758260+00:00,https://www.inmuebles24.com/casas-o-casa-en-condominio-o-departamentos-en-venta-en-morelos-provincia-ordenado-por-fechaonline-descendente.html-pagina-156.html
https://www.inmuebles24.com/propiedades/clasificado/veclcain-casa-en-venta-en-bosques-de-miraval-a-minutos-de-149341243.html,3750000,"MN 3,750,000",MXN,venta,Casa,Lomas de Miraval,Cuernavaca,Morelos,213.0,203.0,Publicado hace 142 días,2026-03-23T22:49:42Z,2026-08-12T17:04:16.758260+00:00,https://www.inmuebles24.com/casas-o-casa-en-condominio-o-departamentos-en-venta-en-morelos-provincia-ordenado-por-fechaonline-descendente.html-pagina-156.html
https://www.inmuebles24.com/propiedades/clasificado/veclcain-casa-en-venta-en-col.-delicias-privada-con-reja-149240983.html,6800000,"MN 6,800,000",MXN,venta,Casa,Extensión Delicias,Cuernavaca,Morelos,320.0,271.0,Publicado hace 142 días,2026-03-12T00:19:53Z,2026-08-12T17:05:38.286207+00:00,https://www.inmuebles24.com/casas-o-casa-en-condominio-o-departamentos-en-venta-en-morelos-provincia-ordenado-por-fechaonline-descendente.html-pagina-156.html
https://www.inmuebles24.com/propiedades/clasificado/veclcain-casa-en-venta-en-condominio-bellavista-emiliano-149321741.html,1250000,"MN 1,250,000",MXN,venta,Casa,Tres de Mayo,Emiliano Zapata,Morelos,62.0,67.0,Publicado hace 145 días,2026-03-20T23:39:36Z,2026-08-12T17:05:38.286207+00:00,https://www.inmuebles24.com/casas-o-casa-en-condominio-o-departamentos-en-venta-en-morelos-provincia-ordenado-por-fechaonline-descendente.html-pagina-156.html
https://www.inmuebles24.com/propiedades/clasificado/veclcain-casa-en-venta-en-cuernavaca-a-tan-solo-10-minutos-de-149341244.html,4350000,"MN 4,350,000",MXN,venta,Casa,Rodolfo López de Nava,Cuernavaca,Morelos,350.0,500.0,Publicado hace 142 días,2026-03-23T22:49:42Z,2026-08-12T17:05:38.286207+00:00,https://www.inmuebles24.com/casas-o-casa-en-condominio-o-departamentos-en-venta-en-morelos-provincia-ordenado-por-fechaonline-descendente.html-pagina-156.html
https://www.inmuebles24.com/propiedades/clasificado/veclcain-casa-en-venta-en-delicias-149336187.html,9000000,"MN 9,000,000",MXN,venta,Casa,Delicias,Cuernavaca,Morelos,360.0,285.0,Publicado hace 142 días,2026-03-23T17:42:12Z,2026-08-12T17:05:38.286207+00:00,https://www.inmuebles24.com/casas-o-casa-en-condominio-o-departamentos-en-venta-en-morelos-provincia-ordenado-por-fechaonline-descendente.html-pagina-156.html
https://www.inmuebles24.com/propiedades/clasificado/veclcain-casa-en-venta-en-fraccionamiento-paraiso-country-club-149343606.html,10135000,"MN 10,135,000",MXN,venta,Casa,Fraccionamiento Paraíso Country Club,Emiliano Zapata,Morelos,314.0,465.0,Publicado hace 142 días,2026-03-24T03:34:31Z,2026-08-12T17:05:38.286207+00:00,https://www.inmuebles24.com/casas-o-casa-en-condominio-o-departamentos-en-venta-en-morelos-provincia-ordenado-por-fechaonline-descendente.html-pagina-156.html
https://www.inmuebles24.com/propiedades/clasificado/veclcain-casa-en-venta-en-lomas-de-atzingo-cuernavaca-morelos-149318297.html,7650000,"MN 7,650,000",MXN,venta,Casa,Lomas de Atzingo,Cuernavaca,Morelos,576.0,845.0,Publicado hace 145 días,2026-03-20T18:53:19Z,2026-08-12T17:05:38.286207+00:00,https://www.inmuebles24.com/casas-o-casa-en-condominio-o-departamentos-en-venta-en-morelos-provincia-ordenado-por-fechaonline-descendente.html-pagina-156.html
https://www.inmuebles24.com/propiedades/clasificado/veclcain-casa-en-venta-en-santa-maria-ahuacatitlan-para-149341249.html,1500000,"MN 1,500,000",MXN,venta,Casa,Pueblo Santa María Ahuacatitlán,Cuernavaca,Morelos,100.0,397.0,Publicado hace 142 días,2026-03-23T22:49:42Z,2026-08-12T17:05:38.286207+00:00,https://www.inmuebles24.com/casas-o-casa-en-condominio-o-departamentos-en-venta-en-morelos-provincia-ordenado-por-fechaonline-descendente.html-pagina-156.html
https://www.inmuebles24.com/propiedades/clasificado/veclcain-casa-en-venta-en-un-solo-nivel-en-colonia-reforma-149326359.html,12000000,"MN 12,000,000",MXN,venta,Casa,Reforma,Cuernavaca,Morelos,356.0,1110.0,Publicado hace 144 días,2026-03-21T21:52:48Z,2026-08-12T17:05:38.286207+00:00,https://www.inmuebles24.com/casas-o-casa-en-condominio-o-departamentos-en-venta-en-morelos-provincia-ordenado-por-fechaonline-descendente.html-pagina-156.html
https://www.inmuebles24.com/propiedades/clasificado/veclcain-casa-en-venta-en-un-solo-nivel-en-jardines-de-149322650.html,6500000,"MN 6,500,000",MXN,venta,Casa,Jardines de Cuernavaca,Cuernavaca,Morelos,281.0,476.0,Publicado hace 145 días,2026-03-21T01:07:47Z,2026-08-12T17:05:38.286207+00:00,https://www.inmuebles24.com/casas-o-casa-en-condominio-o-departamentos-en-venta-en-morelos-provincia-ordenado-por-fechaonline-descendente.html-pagina-156.html
https://www.inmuebles24.com/propiedades/clasificado/veclcain-casa-en-venta-tepoztlan-morelos-con-alberca-y-jardin-149318546.html,21500000,"MN 21,500,000",MXN,venta,Casa,Pueblo Santo Domingo Ocotitlán,Tepoztlán,Morelos,420.0,1000.0,Publicado hace 145 días,2026-03-20T19:09:58Z,2026-08-12T17:05:38.286207+00:00,https://www.inmuebles24.com/casas-o-casa-en-condominio-o-departamentos-en-venta-en-morelos-provincia-ordenado-por-fechaonline-descendente.html-pagina-156.html
https://www.inmuebles24.com/propiedades/clasificado/veclcain-casa-nueva-con-vista-al-lago-de-tequesquitengo-149324983.html,3850000,"MN 3,850,000",MXN,venta,Casa,Tequesquitengo,Jojutla,Morelos,200.0,243.0,Publicado hace 144 días,2026-03-21T16:11:12Z,2026-08-12T17:06:47.528594+00:00,https://www.inmuebles24.com/casas-o-casa-en-condominio-o-departamentos-en-venta-en-morelos-provincia-ordenado-por-fechaonline-descendente.html-pagina-156.html
https://www.inmuebles24.com/propiedades/clasificado/veclcain-casa-paraiso-country-club-149327229.html,9500000,"MN 9,500,000",MXN,venta,Casa,Fraccionamiento Paraíso Country Club,Emiliano Zapata,Morelos,182.0,348.0,Publicado hace 144 días,2026-03-22T01:57:01Z,2026-08-12T17:06:47.528594+00:00,https://www.inmuebles24.com/casas-o-casa-en-condominio-o-departamentos-en-venta-en-morelos-provincia-ordenado-por-fechaonline-descendente.html-pagina-156.html
https://www.inmuebles24.com/propiedades/clasificado/veclcain-casa-sola-en-venta-loma-bonita-pueblo-de-ahuatepec-149341248.html,2200000,"MN 2,200,000",MXN,venta,Casa,San Isidro Loma Bonita,Cuernavaca,Morelos,176.0,382.0,Publicado hace 142 días,2026-03-23T22:49:42Z,2026-08-12T17:06:47.528594+00:00,https://www.inmuebles24.com/casas-o-casa-en-condominio-o-departamentos-en-venta-en-morelos-provincia-ordenado-por-fechaonline-descendente.html-pagina-156.html
https://www.inmuebles24.com/propiedades/clasificado/veclcain-d-casa-con-400-m-sup2--superficie-de-terreno-3-149327799.html,10500000,"MN 10,500,000",MXN,venta,Casa,Del Bosque,Cuernavaca,Morelos,480.0,400.0,Publicado hace 143 días,2026-03-22T06:06:15Z,2026-08-12T17:06:47.528594+00:00,https://www.inmuebles24.com/casas-o-casa-en-condominio-o-departamentos-en-venta-en-morelos-provincia-ordenado-por-fechaonline-descendente.html-pagina-156.html
https://www.inmuebles24.com/propiedades/clasificado/veclcain-propiedad-santiago-149315768.html,22000000,"MN 22,000,000",MXN,venta,Casa,Pueblo Santiago Tepetlapa,Tepoztlán,Morelos,921.0,8348.0,Publicado hace 145 días,2026-03-20T15:51:25Z,2026-08-12T17:06:47.528594+00:00,https://www.inmuebles24.com/casas-o-casa-en-condominio-o-departamentos-en-venta-en-morelos-provincia-ordenado-por-fechaonline-descendente.html-pagina-156.html
https://www.inmuebles24.com/propiedades/clasificado/veclcain-venta-casa-fracc.-paraiso-tlahuica-ayala-morelos.-149325704.html,3500000,"MN 3,500,000",MXN,venta,Casa,Fraccionamiento Paraíso Tlahuica,Ayala,Morelos,350.0,1000.0,Publicado hace 144 días,2026-03-21T19:09:09Z,2026-08-12T17:06:47.528594+00:00,https://www.inmuebles24.com/casas-o-casa-en-condominio-o-departamentos-en-venta-en-morelos-provincia-ordenado-por-fechaonline-descendente.html-pagina-156.html
https://www.inmuebles24.com/propiedades/clasificado/veclccin-bungalow-en-condominio-en-venta-colonia-delicias-a-149341251.html,3200000,"MN 3,200,000",MXN,venta,Casa en condominio,Delicias,Cuernavaca,Morelos,117.0,159.0,Publicado hace 142 días,2026-03-23T22:49:43Z,2026-08-12T17:06:47.528594+00:00,https://www.inmuebles24.com/casas-o-casa-en-condominio-o-departamentos-en-venta-en-morelos-provincia-ordenado-por-fechaonline-descendente.html-pagina-156.html
https://www.inmuebles24.com/propiedades/clasificado/veclccin-casa-en-condominio-en-venta-en-colonia-delicias-149341252.html,3500000,"MN 3,500,000",MXN,venta,Casa en condominio,Delicias,Cuernavaca,Morelos,189.0,181.0,Publicado hace 142 días,2026-03-23T22:49:43Z,2026-08-12T17:06:47.528594+00:00,https://www.inmuebles24.com/casas-o-casa-en-condominio-o-departamentos-en-venta-en-morelos-provincia-ordenado-por-fechaonline-descendente.html-pagina-156.html
https://www.inmuebles24.com/propiedades/clasificado/veclccin-casa-en-condominio-en-venta-lomas-de-atzingo-149341253.html,4500000,"MN 4,500,000",MXN,venta,Casa en condominio,Lomas de Atzingo,Cuernavaca,Morelos,254.0,353.0,Publicado hace 142 días,2026-03-23T22:49:43Z,2026-08-12T17:06:47.528594+00:00,https://www.inmuebles24.com/casas-o-casa-en-condominio-o-departamentos-en-venta-en-morelos-provincia-ordenado-por-fechaonline-descendente.html-pagina-156.html
https://www.inmuebles24.com/propiedades/clasificado/veclapin-departamento-en-av-cuauhtemoc-3-recamaras-vestidor-149323004.html,3000000,"MN 3,000,000",MXN,venta,Apartamento,Jacarandas,Cuernavaca,Morelos,95.0,95.0,Publicado hace 145 días,2026-03-21T02:28:14Z,2026-08-12T17:06:47.528594+00:00,https://www.inmuebles24.com/casas-o-casa-en-condominio-o-departamentos-en-venta-en-morelos-provincia-ordenado-por-fechaonline-descendente.html-pagina-157.html
https://www.inmuebles24.com/propiedades/clasificado/veclapin-departamento-en-venta-en-residencial-averanda-149320551.html,9500000,"MN 9,500,000",MXN,venta,Apartamento,Fraccionamiento Villas del Lago,Cuernavaca,Morelos,187.0,187.0,Publicado hace 145 días,2026-03-20T21:53:09Z,2026-08-12T17:08:02.086775+00:00,https://www.inmuebles24.com/casas-o-casa-en-condominio-o-departamentos-en-venta-en-morelos-provincia-ordenado-por-fechaonline-descendente.html-pagina-157.html
https://www.inmuebles24.com/propiedades/clasificado/veclapin-departamentos-de-3-recamaras-y-alberca-en-xochitepec-149298485.html,1994000,"MN 1,994,000",MXN,venta,Apartamento,Club de Golf Santa Fe,Xochitepec,Morelos,85.0,85.0,Publicado hace 147 días,2026-03-18T23:10:36Z,2026-08-12T17:08:02.086775+00:00,https://www.inmuebles24.com/casas-o-casa-en-condominio-o-departamentos-en-venta-en-morelos-provincia-ordenado-por-fechaonline-descendente.html-pagina-157.html
https://www.inmuebles24.com/propiedades/clasificado/veclcain--cabana-de-ensueno:-exclusividad-y-naturaleza-frente-149312556.html,1600000,"MN 1,600,000",MXN,venta,Casa,,Atlatlahucan,Morelos,93.0,171.0,Publicado hace 146 días,2026-03-20T03:11:52Z,2026-08-12T17:08:02.086775+00:00,https://www.inmuebles24.com/casas-o-casa-en-condominio-o-departamentos-en-venta-en-morelos-provincia-ordenado-por-fechaonline-descendente.html-pagina-157.html
https://www.inmuebles24.com/propiedades/clasificado/veclcain-casa-colonial-en-venta-vista-hermosa-uso-comercial-149310144.html,13500000,"MN 13,500,000",MXN,venta,Casa,Vista Hermosa,Cuernavaca,Morelos,690.0,649.0,Publicado hace 146 días,2026-03-19T23:30:03Z,2026-08-12T17:08:02.086775+00:00,https://www.inmuebles24.com/casas-o-casa-en-condominio-o-departamentos-en-venta-en-morelos-provincia-ordenado-por-fechaonline-descendente.html-pagina-157.html
https://www.inmuebles24.com/propiedades/clasificado/veclcain-casa-con-alberca-y-cancha-de-basketball-en-jonacatepec-149321174.html,7000000,"MN 7,000,000",MXN,venta,Casa,Leandro Valle,Jonacatepec,Morelos,450.0,3000.0,Publicado hace 145 días,2026-03-20T23:09:46Z,2026-08-12T17:08:02.086775+00:00,https://www.inmuebles24.com/casas-o-casa-en-condominio-o-departamentos-en-venta-en-morelos-provincia-ordenado-por-fechaonline-descendente.html-pagina-157.html
https://www.inmuebles24.com/propiedades/clasificado/veclcain-casa-en-cocoyoc-con-terreno-adicional-y-alto-potencial-149302080.html,14950000,"MN 14,950,000",MXN,venta,Casa,Centro Cocoyoc,Yautepec,Morelos,404.0,3574.0,Publicado hace 146 días,2026-03-19T11:55:11Z,2026-08-12T17:08:02.086775+00:00,https://www.inmuebles24.com/casas-o-casa-en-condominio-o-departamentos-en-venta-en-morelos-provincia-ordenado-por-fechaonline-descendente.html-pagina-157.html
https://www.inmuebles24.com/propiedades/clasificado/veclcain-casa-en-paraiso-country-club-149310140.html,18500000,"MN 18,500,000",MXN,venta,Casa,Fraccionamiento Paraíso Country Club,Emiliano Zapata,Morelos,633.0,955.0,Publicado hace 146 días,2026-03-19T23:29:37Z,2026-08-12T17:08:02.086775+00:00,https://www.inmuebles24.com/casas-o-casa-en-condominio-o-departamentos-en-venta-en-morelos-provincia-ordenado-por-fechaonline-descendente.html-pagina-157.html
https://www.inmuebles24.com/propiedades/clasificado/veclcain-casa-en-venta-col.-centro-cuernavaca-149303417.html,5500000,"MN 5,500,000",MXN,venta,Casa,Cuernavaca Centro,Cuernavaca,Morelos,174.0,348.0,Publicado hace 146 días,2026-03-19T16:17:28Z,2026-08-12T17:08:02.086775+00:00,https://www.inmuebles24.com/casas-o-casa-en-condominio-o-departamentos-en-venta-en-morelos-provincia-ordenado-por-fechaonline-descendente.html-pagina-157.html
https://www.inmuebles24.com/propiedades/clasificado/veclcain-casa-en-venta-en-fraccionamiento-jardines-de-ahuatepec-149308207.html,13500000,"MN 13,500,000",MXN,venta,Casa,Jardines de Ahuatepec,Cuernavaca,Morelos,872.0,1018.0,Publicado hace 146 días,2026-03-19T20:57:05Z,2026-08-12T17:08:02.086775+00:00,https://www.inmuebles24.com/casas-o-casa-en-condominio-o-departamentos-en-venta-en-morelos-provincia-ordenado-por-fechaonline-descendente.html-pagina-157.html
https://www.inmuebles24.com/propiedades/clasificado/veclcain-casa-en-venta-en-lomas-de-cortes-149323140.html,3390000,"MN 3,390,000",MXN,venta,Casa,Lomas de Cortes,Cuernavaca,Morelos,138.0,231.0,Publicado hace 145 días,2026-03-21T03:07:01Z,2026-08-12T17:08:02.086775+00:00,https://www.inmuebles24.com/casas-o-casa-en-condominio-o-departamentos-en-venta-en-morelos-provincia-ordenado-por-fechaonline-descendente.html-pagina-157.html
https://www.inmuebles24.com/propiedades/clasificado/veclcain-casa-en-venta-en-tepoztlan-149317082.html,8450000,"MN 8,450,000",MXN,venta,Casa,Barrio San Pedro,Tepoztlán,Morelos,511.0,801.0,Publicado hace 145 días,2026-03-20T17:36:52Z,2026-08-12T17:09:21.534944+00:00,https://www.inmuebles24.com/casas-o-casa-en-condominio-o-departamentos-en-venta-en-morelos-provincia-ordenado-por-fechaonline-descendente.html-pagina-157.html
https://www.inmuebles24.com/propiedades/clasificado/veclcain-casa-en-venta-jiutepec-morelos-4-149312474.html,7458000,"MN 7,458,000",MXN,venta,Casa,,Jiutepec,Morelos,269.0,855.0,Publicado hace 146 días,2026-03-20T03:11:51Z,2026-08-12T17:09:21.534944+00:00,https://www.inmuebles24.com/casas-o-casa-en-condominio-o-departamentos-en-venta-en-morelos-provincia-ordenado-por-fechaonline-descendente.html-pagina-157.html
https://www.inmuebles24.com/propiedades/clasificado/veclcain-casa-en-venta-temixco-morelos.-149318407.html,1290000,"MN 1,290,000",MXN,venta,Casa,Fraccionamiento Geo Villas la Hacienda,Temixco,Morelos,91.0,46.0,Publicado hace 145 días,2026-03-20T18:59:21Z,2026-08-12T17:09:21.534944+00:00,https://www.inmuebles24.com/casas-o-casa-en-condominio-o-departamentos-en-venta-en-morelos-provincia-ordenado-por-fechaonline-descendente.html-pagina-157.html
https://www.inmuebles24.com/propiedades/clasificado/veclcain-casa-sola-con-local-ubicado-149293728.html,2100000,"MN 2,100,000",MXN,venta,Casa,Jardín Juárez,Jiutepec,Morelos,150.0,244.0,Publicado hace 147 días,2026-03-18T17:47:10Z,2026-08-12T17:09:21.534944+00:00,https://www.inmuebles24.com/casas-o-casa-en-condominio-o-departamentos-en-venta-en-morelos-provincia-ordenado-por-fechaonline-descendente.html-pagina-157.html
https://www.inmuebles24.com/propiedades/clasificado/veclcain-impecable-residencia-moderna-149312380.html,16000000,"MN 16,000,000",MXN,venta,Casa,Fraccionamiento Jardines de Reforma,Cuernavaca,Morelos,400.0,465.0,Publicado hace 146 días,2026-03-20T03:07:14Z,2026-08-12T17:09:21.534944+00:00,https://www.inmuebles24.com/casas-o-casa-en-condominio-o-departamentos-en-venta-en-morelos-provincia-ordenado-por-fechaonline-descendente.html-pagina-157.html
https://www.inmuebles24.com/propiedades/clasificado/veclcain-propiedad-en-venta-en-paraiso-country-149297819.html,12000000,"MN 12,000,000",MXN,venta,Casa,Fraccionamiento Paraíso Country Club,Emiliano Zapata,Morelos,200.0,502.0,Publicado hace 147 días,2026-03-18T22:15:05Z,2026-08-12T17:09:21.534944+00:00,https://www.inmuebles24.com/casas-o-casa-en-condominio-o-departamentos-en-venta-en-morelos-provincia-ordenado-por-fechaonline-descendente.html-pagina-157.html
https://www.inmuebles24.com/propiedades/clasificado/veclcain-residencia-de-lujo-frente-al-green-paraiso-country-149297636.html,15700000,"MN 15,700,000",MXN,venta,Casa,Fraccionamiento Paraíso Country Club,Emiliano Zapata,Morelos,506.0,506.0,Publicado hace 147 días,2026-03-18T21:59:41Z,2026-08-12T17:09:21.534944+00:00,https://www.inmuebles24.com/casas-o-casa-en-condominio-o-departamentos-en-venta-en-morelos-provincia-ordenado-por-fechaonline-descendente.html-pagina-157.html
https://www.inmuebles24.com/propiedades/clasificado/veclcain-residencia-en-venta-en-lomas-de-cocoyoc-149306177.html,8900000,"MN 8,900,000",MXN,venta,Casa,Fraccionamiento Lomas de Cocoyoc,Atlatlahucan,Morelos,385.0,435.0,Publicado hace 146 días,2026-03-19T18:32:15Z,2026-08-12T17:09:21.534944+00:00,https://www.inmuebles24.com/casas-o-casa-en-condominio-o-departamentos-en-venta-en-morelos-provincia-ordenado-por-fechaonline-descendente.html-pagina-157.html
https://www.inmuebles24.com/propiedades/clasificado/veclcain-residencia-en-venta-en-lomas-de-cortes-149293579.html,9500000,"MN 9,500,000",MXN,venta,Casa,,Cuernavaca,Morelos,340.0,900.0,Publicado hace 147 días,2026-03-18T17:38:47Z,2026-08-12T17:09:21.534944+00:00,https://www.inmuebles24.com/casas-o-casa-en-condominio-o-departamentos-en-venta-en-morelos-provincia-ordenado-por-fechaonline-descendente.html-pagina-157.html
https://www.inmuebles24.com/propiedades/clasificado/veclcain-vendo-residencia-en-club-de-golf-tabachines-149302049.html,29000000,"MN 29,000,000",MXN,venta,Casa,Club de Golf Los Tabachines,Cuernavaca,Morelos,560.0,700.0,Publicado hace 146 días,2026-03-19T11:44:44Z,2026-08-12T17:09:21.534944+00:00,https://www.inmuebles24.com/casas-o-casa-en-condominio-o-departamentos-en-venta-en-morelos-provincia-ordenado-por-fechaonline-descendente.html-pagina-157.html
https://www.inmuebles24.com/propiedades/clasificado/veclcain-venta-casa-con-alberca-en-vista-hermosa-cuernavaca-149313083.html,5300000,"MN 5,300,000",MXN,venta,Casa,Vista Hermosa,Cuernavaca,Morelos,200.0,250.0,Publicado hace 145 días,2026-03-20T04:07:47Z,2026-08-12T17:10:35.279438+00:00,https://www.inmuebles24.com/casas-o-casa-en-condominio-o-departamentos-en-venta-en-morelos-provincia-ordenado-por-fechaonline-descendente.html-pagina-157.html
https://www.inmuebles24.com/propiedades/clasificado/veclcain-venta-de-casa-sola-en-jardines-de-cuernavaca-149287870.html,6500000,"MN 6,500,000",MXN,venta,Casa,,Cuernavaca,Morelos,281.0,520.0,Publicado hace 147 días,2026-03-18T00:22:57Z,2026-08-12T17:10:35.279438+00:00,https://www.inmuebles24.com/casas-o-casa-en-condominio-o-departamentos-en-venta-en-morelos-provincia-ordenado-por-fechaonline-descendente.html-pagina-157.html
https://www.inmuebles24.com/propiedades/clasificado/veclcain-venta-de-propiedad-en-vistahermosa-cuernavaca-morelos-149310643.html,23000000,"MN 23,000,000",MXN,venta,Casa,Vista Hermosa,Cuernavaca,Morelos,500.0,2770.0,Publicado hace 146 días,2026-03-20T00:08:52Z,2026-08-12T17:10:35.279438+00:00,https://www.inmuebles24.com/casas-o-casa-en-condominio-o-departamentos-en-venta-en-morelos-provincia-ordenado-por-fechaonline-descendente.html-pagina-157.html
https://www.inmuebles24.com/propiedades/clasificado/veclcain-villa-en-venta-en-paraiso-country-club-149297448.html,8900000,"MN 8,900,000",MXN,venta,Casa,Paraíso,Cuernavaca,Morelos,330.0,463.0,Publicado hace 147 días,2026-03-18T21:44Z,2026-08-12T17:10:35.279438+00:00,https://www.inmuebles24.com/casas-o-casa-en-condominio-o-departamentos-en-venta-en-morelos-provincia-ordenado-por-fechaonline-descendente.html-pagina-157.html
https://www.inmuebles24.com/propiedades/clasificado/veclccin-casa-duplex-4-149312509.html,950000,"MN 950,000",MXN,venta,Casa en condominio,,Yautepec,Morelos,54.0,80.0,Publicado hace 146 días,2026-03-20T03:11:52Z,2026-08-12T17:10:35.279438+00:00,https://www.inmuebles24.com/casas-o-casa-en-condominio-o-departamentos-en-venta-en-morelos-provincia-ordenado-por-fechaonline-descendente.html-pagina-157.html
https://www.inmuebles24.com/propiedades/clasificado/veclccin-casa-en-condominio-de-solo-7-casas-provincias-de-149319010.html,4500000,"MN 4,500,000",MXN,venta,Casa en condominio,Fraccionamiento Provincias del Canadá,Cuernavaca,Morelos,368.0,124.0,Publicado hace 145 días,2026-03-20T19:44:46Z,2026-08-12T17:10:35.279438+00:00,https://www.inmuebles24.com/casas-o-casa-en-condominio-o-departamentos-en-venta-en-morelos-provincia-ordenado-por-fechaonline-descendente.html-pagina-157.html
https://www.inmuebles24.com/propiedades/clasificado/veclccin-casa-en-condominio-en-fracc-las-garzas-iv-emiliano-149307119.html,1390000,"MN 1,390,000",MXN,venta,Casa en condominio,"Fraccionamiento Las Garzas I, II, III Y IV",Emiliano Zapata,Morelos,71.0,44.0,Publicado hace 146 días,2026-03-19T19:41:42Z,2026-08-12T17:10:35.279438+00:00,https://www.inmuebles24.com/casas-o-casa-en-condominio-o-departamentos-en-venta-en-morelos-provincia-ordenado-por-fechaonline-descendente.html-pagina-157.html
https://www.inmuebles24.com/propiedades/clasificado/veclccin-casa-en-venta-4-149312449.html,5000000,"MN 5,000,000",MXN,venta,Casa en condominio,,Yautepec,Morelos,323.0,360.0,Publicado hace 146 días,2026-03-20T03:11:51Z,2026-08-12T17:10:35.279438+00:00,https://www.inmuebles24.com/casas-o-casa-en-condominio-o-departamentos-en-venta-en-morelos-provincia-ordenado-por-fechaonline-descendente.html-pagina-157.html
https://www.inmuebles24.com/propiedades/clasificado/veclccin-d-casa-en-condominio-con-3-recamaras-de-130-m-sup2--en-149302164.html,2500000,"MN 2,500,000",MXN,venta,Casa en condominio,Centro Jiutepec,Jiutepec,Morelos,140.0,130.0,Publicado hace 146 días,2026-03-19T13:00:43Z,2026-08-12T17:10:35.279438+00:00,https://www.inmuebles24.com/casas-o-casa-en-condominio-o-departamentos-en-venta-en-morelos-provincia-ordenado-por-fechaonline-descendente.html-pagina-157.html
https://www.inmuebles24.com/propiedades/clasificado/veclapin-departamento-con-alberca-en-punta-verde-temixco-149282659.html,720000,"MN 720,000",MXN,venta,Apartamento,Lauro Ortega,Temixco,Morelos,42.0,43.0,Publicado hace 148 días,2026-03-17T19:04:33Z,2026-08-12T17:10:35.279438+00:00,https://www.inmuebles24.com/casas-o-casa-en-condominio-o-departamentos-en-venta-en-morelos-provincia-ordenado-por-fechaonline-descendente.html-pagina-158.html
https://www.inmuebles24.com/propiedades/clasificado/veclapin-departamento-en-condominio-con-alberca-a-3-minutos-149277042.html,2200000,"MN 2,200,000",MXN,venta,Apartamento,Cuernavaca Centro,Cuernavaca,Morelos,60.0,65.0,Publicado hace 149 días,2026-03-17T00:14:46Z,2026-08-12T17:11:59.702189+00:00,https://www.inmuebles24.com/casas-o-casa-en-condominio-o-departamentos-en-venta-en-morelos-provincia-ordenado-por-fechaonline-descendente.html-pagina-158.html
https://www.inmuebles24.com/propiedades/clasificado/veclcain--casa-en-venta-o-renta-con-amplio-jardin-en-ocotepec!-149290596.html,13000,"MN 13,000",MXN,venta,Casa,Ocotepec,Cuernavaca,Morelos,251.0,657.0,Publicado hace 147 días,2026-03-18T13:42:19Z,2026-08-12T17:11:59.702189+00:00,https://www.inmuebles24.com/casas-o-casa-en-condominio-o-departamentos-en-venta-en-morelos-provincia-ordenado-por-fechaonline-descendente.html-pagina-158.html
https://www.inmuebles24.com/propiedades/clasificado/veclcain-acogedora-casa-en-venta-149297942.html,1380000,"MN 1,380,000",MXN,venta,Casa,Fraccionamiento Lomas de Cocoyoc,Atlatlahucan,Morelos,65.0,65.0,Publicado hace 147 días,2026-03-18T22:24:21Z,2026-08-12T17:11:59.702189+00:00,https://www.inmuebles24.com/casas-o-casa-en-condominio-o-departamentos-en-venta-en-morelos-provincia-ordenado-por-fechaonline-descendente.html-pagina-158.html
https://www.inmuebles24.com/propiedades/clasificado/veclcain-casa-con-260-m-sup2--de-superficie-de-terreno-y-3-149283179.html,4400000,"MN 4,400,000",MXN,venta,Casa,Jardines de Ahuatepec,Cuernavaca,Morelos,180.0,260.0,Publicado hace 148 días,2026-03-17T19:49:43Z,2026-08-12T17:11:59.702189+00:00,https://www.inmuebles24.com/casas-o-casa-en-condominio-o-departamentos-en-venta-en-morelos-provincia-ordenado-por-fechaonline-descendente.html-pagina-158.html
https://www.inmuebles24.com/propiedades/clasificado/veclcain-casa-con-alberca-privada-jacuzzi-amplio-jardin-149289095.html,6480000,"MN 6,480,000",MXN,venta,Casa,Lomas de Jiutepec,Jiutepec,Morelos,230.0,280.0,Publicado hace 148 días,2026-03-18T02:59:43Z,2026-08-12T17:11:59.702189+00:00,https://www.inmuebles24.com/casas-o-casa-en-condominio-o-departamentos-en-venta-en-morelos-provincia-ordenado-por-fechaonline-descendente.html-pagina-158.html
https://www.inmuebles24.com/propiedades/clasificado/veclcain-casa-con-alberca-y-vigilancia-24-hrs-fraccionamiento-149287803.html,7950000,"MN 7,950,000",MXN,venta,Casa,Fraccionamiento Burgos Sección Casa Blanca,Temixco,Morelos,313.0,496.0,Publicado hace 148 días,2026-03-18T00:15:36Z,2026-08-12T17:11:59.702189+00:00,https://www.inmuebles24.com/casas-o-casa-en-condominio-o-departamentos-en-venta-en-morelos-provincia-ordenado-por-fechaonline-descendente.html-pagina-158.html
https://www.inmuebles24.com/propiedades/clasificado/veclcain-casa-en-venta-col.-barrio-la-ixtlahuacan-yautepec-149280943.html,20000000,"MN 20,000,000",MXN,venta,Casa,Barrio Ixtlahuacan,Yautepec,Morelos,1000.0,5122.0,Publicado hace 148 días,2026-03-17T17:14:59Z,2026-08-12T17:11:59.702189+00:00,https://www.inmuebles24.com/casas-o-casa-en-condominio-o-departamentos-en-venta-en-morelos-provincia-ordenado-por-fechaonline-descendente.html-pagina-158.html
https://www.inmuebles24.com/propiedades/clasificado/veclcain-casa-en-venta-con-terreno-149299748.html,2000000,"MN 2,000,000",MXN,venta,Casa,Pueblo Cocoyotla,Coatlán del Río,Morelos,100.0,370.0,Publicado hace 147 días,2026-03-19T01:58:03Z,2026-08-12T17:11:59.702189+00:00,https://www.inmuebles24.com/casas-o-casa-en-condominio-o-departamentos-en-venta-en-morelos-provincia-ordenado-por-fechaonline-descendente.html-pagina-158.html
https://www.inmuebles24.com/propiedades/clasificado/veclcain-casa-en-venta-en-rinconada-xochitepec-1-morelos-149298911.html,1650000,"MN 1,650,000",MXN,venta,Casa,,Xochitepec,Morelos,63.0,83.0,Publicado hace 147 días,2026-03-18T23:54:39Z,2026-08-12T17:11:59.702189+00:00,https://www.inmuebles24.com/casas-o-casa-en-condominio-o-departamentos-en-venta-en-morelos-provincia-ordenado-por-fechaonline-descendente.html-pagina-158.html
https://www.inmuebles24.com/propiedades/clasificado/veclcain-casa-en-venta-en-yautepec-morelos-149289439.html,4250000,"MN 4,250,000",MXN,venta,Casa,Barrio Ixtlahuacan,Yautepec,Morelos,181.0,204.0,Publicado hace 148 días,2026-03-18T03:37:31Z,2026-08-12T17:11:59.702189+00:00,https://www.inmuebles24.com/casas-o-casa-en-condominio-o-departamentos-en-venta-en-morelos-provincia-ordenado-por-fechaonline-descendente.html-pagina-158.html
https://www.inmuebles24.com/propiedades/clasificado/veclcain-casa-en-venta-y-o-renta-en-privada-del-bosque-olc-149296991.html,4000000,"MN 4,000,000",MXN,venta,Casa,Oaxtepec Centro,Yautepec,Morelos,90.0,141.0,Publicado hace 147 días,2026-03-18T21:02:24Z,2026-08-12T17:13:09.837078+00:00,https://www.inmuebles24.com/casas-o-casa-en-condominio-o-departamentos-en-venta-en-morelos-provincia-ordenado-por-fechaonline-descendente.html-pagina-158.html
https://www.inmuebles24.com/propiedades/clasificado/veclcain-casa-fraccionamiento-altos-de-oaxtepec-149286060.html,6500000,"MN 6,500,000",MXN,venta,Casa,Fraccionamiento Altos de Oaxtepec,Yautepec,Morelos,303.0,500.0,Publicado hace 148 días,2026-03-17T21:43:29Z,2026-08-12T17:13:09.837078+00:00,https://www.inmuebles24.com/casas-o-casa-en-condominio-o-departamentos-en-venta-en-morelos-provincia-ordenado-por-fechaonline-descendente.html-pagina-158.html
https://www.inmuebles24.com/propiedades/clasificado/veclcain-casa-nieva-con-alberca-y-jardin-privado-149281206.html,3300000,"MN 3,300,000",MXN,venta,Casa,Lomas de Trujillo,Emiliano Zapata,Morelos,150.0,126.0,Publicado hace 148 días,2026-03-17T17:36:38Z,2026-08-12T17:13:09.837078+00:00,https://www.inmuebles24.com/casas-o-casa-en-condominio-o-departamentos-en-venta-en-morelos-provincia-ordenado-por-fechaonline-descendente.html-pagina-158.html
https://www.inmuebles24.com/propiedades/clasificado/veclcain-casa-para-remodelar-en-desnivel-con-alberca-y-jardin-149295093.html,4500000,"MN 4,500,000",MXN,venta,Casa,Club de Golf,Cuernavaca,Morelos,223.0,424.0,Publicado hace 147 días,2026-03-18T18:50:13Z,2026-08-12T17:13:09.837078+00:00,https://www.inmuebles24.com/casas-o-casa-en-condominio-o-departamentos-en-venta-en-morelos-provincia-ordenado-por-fechaonline-descendente.html-pagina-158.html
https://www.inmuebles24.com/propiedades/clasificado/veclcain-casa-vista-hermosa-149275908.html,5300000,"MN 5,300,000",MXN,venta,Casa,Vista Hermosa,Cuernavaca,Morelos,200.0,250.0,Publicado hace 149 días,2026-03-16T21:03:25Z,2026-08-12T17:13:09.837078+00:00,https://www.inmuebles24.com/casas-o-casa-en-condominio-o-departamentos-en-venta-en-morelos-provincia-ordenado-por-fechaonline-descendente.html-pagina-158.html
https://www.inmuebles24.com/propiedades/clasificado/veclcain-excelente-casa-para-estrenar-en-fraccionamiento-149299239.html,10700000,"MN 10,700,000",MXN,venta,Casa,Rancho Cortes,Cuernavaca,Morelos,285.0,412.0,Publicado hace 147 días,2026-03-19T00:33:42Z,2026-08-12T17:13:09.837078+00:00,https://www.inmuebles24.com/casas-o-casa-en-condominio-o-departamentos-en-venta-en-morelos-provincia-ordenado-por-fechaonline-descendente.html-pagina-158.html
https://www.inmuebles24.com/propiedades/clasificado/veclcain-icono-de-lujo-en-lomas-de-cocoyoc-morelos.-privacidad-149286073.html,21000000,"MN 21,000,000",MXN,venta,Casa,Fraccionamiento Lomas de Cocoyoc,Atlatlahucan,Morelos,774.0,623.0,Publicado hace 148 días,2026-03-17T21:44:28Z,2026-08-12T17:13:09.837078+00:00,https://www.inmuebles24.com/casas-o-casa-en-condominio-o-departamentos-en-venta-en-morelos-provincia-ordenado-por-fechaonline-descendente.html-pagina-158.html
https://www.inmuebles24.com/propiedades/clasificado/veclcain-preventa-de-casas-en-jiutepec-centro-149278861.html,2395000,"MN 2,395,000",MXN,venta,Casa,Centro Jiutepec,Jiutepec,Morelos,85.0,105.0,Publicado hace 148 días,2026-03-17T13:15:33Z,2026-08-12T17:13:09.837078+00:00,https://www.inmuebles24.com/casas-o-casa-en-condominio-o-departamentos-en-venta-en-morelos-provincia-ordenado-por-fechaonline-descendente.html-pagina-158.html
https://www.inmuebles24.com/propiedades/clasificado/veclcain-residencia-en-venta-en-chulavista-cuernavaca-morelos-149290550.html,10000000,"MN 10,000,000",MXN,venta,Casa,Chulavista,Cuernavaca,Morelos,692.0,2592.0,Publicado hace 147 días,2026-03-18T13:31:48Z,2026-08-12T17:13:09.837078+00:00,https://www.inmuebles24.com/casas-o-casa-en-condominio-o-departamentos-en-venta-en-morelos-provincia-ordenado-por-fechaonline-descendente.html-pagina-158.html
https://www.inmuebles24.com/propiedades/clasificado/veclcain-se-vende-casa-en-provincias-de-canada-149285721.html,13000000,"MN 13,000,000",MXN,venta,Casa,Fraccionamiento Provincias del Canadá,Cuernavaca,Morelos,352.0,729.0,Publicado hace 148 días,2026-03-17T21:22:45Z,2026-08-12T17:13:09.837078+00:00,https://www.inmuebles24.com/casas-o-casa-en-condominio-o-departamentos-en-venta-en-morelos-provincia-ordenado-por-fechaonline-descendente.html-pagina-158.html
https://www.inmuebles24.com/propiedades/clasificado/veclcain-se-vendec-casa-en-el-miraval-149284964.html,4620000,"MN 4,620,000",MXN,venta,Casa,Miraval,Cuernavaca,Morelos,206.0,442.0,Publicado hace 148 días,2026-03-17T21:03:22Z,2026-08-12T17:14:29.167745+00:00,https://www.inmuebles24.com/casas-o-casa-en-condominio-o-departamentos-en-venta-en-morelos-provincia-ordenado-por-fechaonline-descendente.html-pagina-158.html
https://www.inmuebles24.com/propiedades/clasificado/veclcain-vendo-casa-con-3-recamaras-en-lomas-de-cortes-149292077.html,3400000,"MN 3,400,000",MXN,venta,Casa,Lomas de Cortes,Cuernavaca,Morelos,114.0,124.0,Publicado hace 147 días,2026-03-18T16:56:39Z,2026-08-12T17:14:29.167745+00:00,https://www.inmuebles24.com/casas-o-casa-en-condominio-o-departamentos-en-venta-en-morelos-provincia-ordenado-por-fechaonline-descendente.html-pagina-158.html
https://www.inmuebles24.com/propiedades/clasificado/veclcain-venta-casa-de-un-solo-nivel-fraccionamiento-montebello-149297396.html,1800000,"MN 1,800,000",MXN,venta,Casa,Fraccionamiento San José de La Montaña,Huitzilac,Morelos,100.0,804.0,Publicado hace 147 días,2026-03-18T21:39:07Z,2026-08-12T17:14:29.167745+00:00,https://www.inmuebles24.com/casas-o-casa-en-condominio-o-departamentos-en-venta-en-morelos-provincia-ordenado-por-fechaonline-descendente.html-pagina-158.html
https://www.inmuebles24.com/propiedades/clasificado/veclcain-venta-casa-de-un-solo-nivel-fraccionamiento-montebello-149297637.html,1800000,"MN 1,800,000",MXN,venta,Casa,Fraccionamiento San José de La Montaña,Huitzilac,Morelos,100.0,804.0,Publicado hace 147 días,2026-03-18T21:59:42Z,2026-08-12T17:14:29.167745+00:00,https://www.inmuebles24.com/casas-o-casa-en-condominio-o-departamentos-en-venta-en-morelos-provincia-ordenado-por-fechaonline-descendente.html-pagina-158.html
https://www.inmuebles24.com/propiedades/clasificado/veclcain-venta-casa-fracc.-real-del-puente-xochitepec-morelos.-149289476.html,7500000,"MN 7,500,000",MXN,venta,Casa,Real del Puente,Xochitepec,Morelos,546.0,2020.0,Publicado hace 147 días,2026-03-18T03:45:30Z,2026-08-12T17:14:29.167745+00:00,https://www.inmuebles24.com/casas-o-casa-en-condominio-o-departamentos-en-venta-en-morelos-provincia-ordenado-por-fechaonline-descendente.html-pagina-158.html
https://www.inmuebles24.com/propiedades/clasificado/veclcain-venta-casa-fraccionamiento-tabachines-cuernavaca-149290041.html,32000000,"MN 32,000,000",MXN,venta,Casa,Club de Golf Los Tabachines,Cuernavaca,Morelos,961.0,1346.0,Publicado hace 147 días,2026-03-18T05:08:45Z,2026-08-12T17:14:29.167745+00:00,https://www.inmuebles24.com/casas-o-casa-en-condominio-o-departamentos-en-venta-en-morelos-provincia-ordenado-por-fechaonline-descendente.html-pagina-158.html
https://www.inmuebles24.com/propiedades/clasificado/veclcain-venta-de-casa-en-lomas-de-cocoyoc-149281377.html,6000000,"MN 6,000,000",MXN,venta,Casa,Fraccionamiento Lomas de Cocoyoc,Atlatlahucan,Morelos,196.0,730.0,Publicado hace 148 días,2026-03-17T17:42:37Z,2026-08-12T17:14:29.167745+00:00,https://www.inmuebles24.com/casas-o-casa-en-condominio-o-departamentos-en-venta-en-morelos-provincia-ordenado-por-fechaonline-descendente.html-pagina-158.html
https://www.inmuebles24.com/propiedades/clasificado/veclcain-venta-de-residencia-en-acapatzingo-cuernavaca.-149272390.html,13500000,"MN 13,500,000",MXN,venta,Casa,Acapatzingo,Cuernavaca,Morelos,509.0,1002.0,Publicado hace 149 días,2026-03-16T15:52:10Z,2026-08-12T17:14:29.167745+00:00,https://www.inmuebles24.com/casas-o-casa-en-condominio-o-departamentos-en-venta-en-morelos-provincia-ordenado-por-fechaonline-descendente.html-pagina-158.html
https://www.inmuebles24.com/propiedades/clasificado/veclccin-casa-en-condominio-en-venta-emiliano-zapata-mor.-con-149276839.html,1350000,"MN 1,350,000",MXN,venta,Casa en condominio,Emiliano Zapata,Emiliano Zapata,Morelos,71.0,60.0,Publicado hace 149 días,2026-03-16T23:35:42Z,2026-08-12T17:14:29.167745+00:00,https://www.inmuebles24.com/casas-o-casa-en-condominio-o-departamentos-en-venta-en-morelos-provincia-ordenado-por-fechaonline-descendente.html-pagina-158.html
https://www.inmuebles24.com/propiedades/clasificado/veclapin-fraccionamiento-alto-verde-149262434.html,3838000,"MN 3,838,000",MXN,venta,Apartamento,Ricardo Flores Magón,Cuernavaca,Morelos,137.0,48000.0,Publicado hace 151 días,2026-03-14T04:21:23Z,2026-08-12T17:14:29.167745+00:00,https://www.inmuebles24.com/casas-o-casa-en-condominio-o-departamentos-en-venta-en-morelos-provincia-ordenado-por-fechaonline-descendente.html-pagina-159.html
https://www.inmuebles24.com/propiedades/clasificado/veclcain-casa-al-norte-de-cuernavaca-con-alberca-y-jardin-149257013.html,4500000,"MN 4,500,000",MXN,venta,Casa,Lomas de Tetela,Cuernavaca,Morelos,256.0,300.0,Publicado hace 152 días,2026-03-13T19:08:11Z,2026-08-12T17:15:53.325715+00:00,https://www.inmuebles24.com/casas-o-casa-en-condominio-o-departamentos-en-venta-en-morelos-provincia-ordenado-por-fechaonline-descendente.html-pagina-159.html
https://www.inmuebles24.com/propiedades/clasificado/veclcain-casa-con-alberca-en-sumiya-cuernavaca-149253488.html,8000000,"MN 8,000,000",MXN,venta,Casa,Fraccionamiento Residencial Sumiya,Jiutepec,Morelos,670.0,670.0,Publicado hace 152 días,2026-03-13T04:08:24Z,2026-08-12T17:15:53.325715+00:00,https://www.inmuebles24.com/casas-o-casa-en-condominio-o-departamentos-en-venta-en-morelos-provincia-ordenado-por-fechaonline-descendente.html-pagina-159.html
https://www.inmuebles24.com/propiedades/clasificado/veclcain-casa-de-3-recamas-y-alberca-en-esquina-149267741.html,2500000,"MN 2,500,000",MXN,venta,Casa,Real Santa Fe,Xochitepec,Morelos,121.0,72.0,Publicado hace 150 días,2026-03-15T16:01:28Z,2026-08-12T17:15:53.325715+00:00,https://www.inmuebles24.com/casas-o-casa-en-condominio-o-departamentos-en-venta-en-morelos-provincia-ordenado-por-fechaonline-descendente.html-pagina-159.html
https://www.inmuebles24.com/propiedades/clasificado/veclcain-casa-en-acapantzingo-149256861.html,2000000,"MN 2,000,000",MXN,venta,Casa,Fraccionamiento Jardines de Acapatzingo,Cuernavaca,Morelos,176.0,176.0,Publicado hace 152 días,2026-03-13T18:53:21Z,2026-08-12T17:15:53.325715+00:00,https://www.inmuebles24.com/casas-o-casa-en-condominio-o-departamentos-en-venta-en-morelos-provincia-ordenado-por-fechaonline-descendente.html-pagina-159.html
https://www.inmuebles24.com/propiedades/clasificado/veclcain-casa-en-venta-ampliacion-bugambilias-jiutepec-mor.-149256546.html,5500000,"MN 5,500,000",MXN,venta,Casa,Ampliación Bugambilias,Jiutepec,Morelos,293.0,580.0,Publicado hace 152 días,2026-03-13T18:24:45Z,2026-08-12T17:15:53.325715+00:00,https://www.inmuebles24.com/casas-o-casa-en-condominio-o-departamentos-en-venta-en-morelos-provincia-ordenado-por-fechaonline-descendente.html-pagina-159.html
https://www.inmuebles24.com/propiedades/clasificado/veclcain-casa-en-venta-con-alberca-3-recamaras-en-club-de-golf-149244807.html,2399681,"MN 2,399,681",MXN,venta,Casa,Club de Golf Santa Fe,Xochitepec,Morelos,123.0,50.0,Publicado hace 153 días,2026-03-12T16:16:56Z,2026-08-12T17:15:53.325715+00:00,https://www.inmuebles24.com/casas-o-casa-en-condominio-o-departamentos-en-venta-en-morelos-provincia-ordenado-por-fechaonline-descendente.html-pagina-159.html
https://www.inmuebles24.com/propiedades/clasificado/veclcain-casa-en-venta-con-alberca-en-fraccionamiento-con-149258568.html,3200000,"MN 3,200,000",MXN,venta,Casa,Quintana Roo,Cuernavaca,Morelos,198.0,200.0,Publicado hace 152 días,2026-03-13T20:37:09Z,2026-08-12T17:15:53.325715+00:00,https://www.inmuebles24.com/casas-o-casa-en-condominio-o-departamentos-en-venta-en-morelos-provincia-ordenado-por-fechaonline-descendente.html-pagina-159.html
https://www.inmuebles24.com/propiedades/clasificado/veclcain-casa-en-venta-en-cuautla-149267148.html,2200000,"MN 2,200,000",MXN,venta,Casa,Hermenegildo Galeana,Cuautla,Morelos,100.0,160.0,Publicado hace 150 días,2026-03-15T04:54:30Z,2026-08-12T17:15:53.325715+00:00,https://www.inmuebles24.com/casas-o-casa-en-condominio-o-departamentos-en-venta-en-morelos-provincia-ordenado-por-fechaonline-descendente.html-pagina-159.html
https://www.inmuebles24.com/propiedades/clasificado/veclcain-casa-en-venta-en-cuernavaca.-149265904.html,4750000,"MN 4,750,000",MXN,venta,Casa,,Cuernavaca,Morelos,245.0,300.0,Publicado hace 151 días,2026-03-14T21:07:37Z,2026-08-12T17:15:53.325715+00:00,https://www.inmuebles24.com/casas-o-casa-en-condominio-o-departamentos-en-venta-en-morelos-provincia-ordenado-por-fechaonline-descendente.html-pagina-159.html
https://www.inmuebles24.com/propiedades/clasificado/veclcain-casa-en-venta-en-villas-teques-morelos-acceso-149254673.html,1840000,"MN 1,840,000",MXN,venta,Casa,,Jojutla,Morelos,112.0,68.0,Publicado hace 152 días,2026-03-13T15:43:40Z,2026-08-12T17:15:53.325715+00:00,https://www.inmuebles24.com/casas-o-casa-en-condominio-o-departamentos-en-venta-en-morelos-provincia-ordenado-por-fechaonline-descendente.html-pagina-159.html
https://www.inmuebles24.com/propiedades/clasificado/veclcain-casa-fraccionamiento-altos-de-oaxtepec-149262692.html,5220000,"MN 5,220,000",MXN,venta,Casa,Fraccionamiento Altos de Oaxtepec,Yautepec,Morelos,220.0,300.0,Publicado hace 151 días,2026-03-14T05:08:10Z,2026-08-12T17:17:14.925181+00:00,https://www.inmuebles24.com/casas-o-casa-en-condominio-o-departamentos-en-venta-en-morelos-provincia-ordenado-por-fechaonline-descendente.html-pagina-159.html
https://www.inmuebles24.com/propiedades/clasificado/veclcain-casa-las-granjas-149267590.html,2500000,"MN 2,500,000",MXN,venta,Casa,Las Granjas,Cuernavaca,Morelos,120.0,100.0,Publicado hace 150 días,2026-03-15T14:10:20Z,2026-08-12T17:17:14.925181+00:00,https://www.inmuebles24.com/casas-o-casa-en-condominio-o-departamentos-en-venta-en-morelos-provincia-ordenado-por-fechaonline-descendente.html-pagina-159.html
https://www.inmuebles24.com/propiedades/clasificado/veclcain-casa-minimalista-nueva-al-norte-de-cuernavaca-en-149249341.html,7380000,"MN 7,380,000",MXN,venta,Casa,Lomas de Tetela,Cuernavaca,Morelos,381.0,549.0,Publicado hace 153 días,2026-03-12T22:09:11Z,2026-08-12T17:17:14.925181+00:00,https://www.inmuebles24.com/casas-o-casa-en-condominio-o-departamentos-en-venta-en-morelos-provincia-ordenado-por-fechaonline-descendente.html-pagina-159.html
https://www.inmuebles24.com/propiedades/clasificado/veclcain-casa-moderna-en-venta-con-alberca-jardin-149256597.html,13490000,"MN 13,490,000",MXN,venta,Casa,Fraccionamiento Lomas de Cocoyoc,Atlatlahucan,Morelos,409.0,895.0,Publicado hace 152 días,2026-03-13T18:29:58Z,2026-08-12T17:17:14.925181+00:00,https://www.inmuebles24.com/casas-o-casa-en-condominio-o-departamentos-en-venta-en-morelos-provincia-ordenado-por-fechaonline-descendente.html-pagina-159.html
https://www.inmuebles24.com/propiedades/clasificado/veclcain-casa-nueva-con-3-recamaras-en-venta-en-lomas-de-cortes-149258414.html,3300000,"MN 3,300,000",MXN,venta,Casa,Lomas de Cortes,Cuernavaca,Morelos,150.0,150.0,Publicado hace 152 días,2026-03-13T20:23:11Z,2026-08-12T17:17:14.925181+00:00,https://www.inmuebles24.com/casas-o-casa-en-condominio-o-departamentos-en-venta-en-morelos-provincia-ordenado-por-fechaonline-descendente.html-pagina-159.html
https://www.inmuebles24.com/propiedades/clasificado/veclcain-casa-nueva-en-preventa-en-emiliano-zapata-mor.-149260445.html,3800000,"MN 3,800,000",MXN,venta,Casa,Tres de Mayo,Emiliano Zapata,Morelos,140.0,142.0,Publicado hace 152 días,2026-03-13T22:48:04Z,2026-08-12T17:17:14.925181+00:00,https://www.inmuebles24.com/casas-o-casa-en-condominio-o-departamentos-en-venta-en-morelos-provincia-ordenado-por-fechaonline-descendente.html-pagina-159.html
https://www.inmuebles24.com/propiedades/clasificado/veclcain-casa-papatzin-en-fraccionamiento-real-de-oaxtepec-149255616.html,4750000,"MN 4,750,000",MXN,venta,Casa,Fraccionamiento Real de Oaxtepec,Yautepec,Morelos,200.0,300.0,Publicado hace 152 días,2026-03-13T17:07:45Z,2026-08-12T17:17:14.925181+00:00,https://www.inmuebles24.com/casas-o-casa-en-condominio-o-departamentos-en-venta-en-morelos-provincia-ordenado-por-fechaonline-descendente.html-pagina-159.html
https://www.inmuebles24.com/propiedades/clasificado/veclcain-casa-tezontepec-149265765.html,3950000,"MN 3,950,000",MXN,venta,Casa,Tezontepec,Cuernavaca,Morelos,140.0,624.0,Publicado hace 151 días,2026-03-14T20:25:43Z,2026-08-12T17:17:14.925181+00:00,https://www.inmuebles24.com/casas-o-casa-en-condominio-o-departamentos-en-venta-en-morelos-provincia-ordenado-por-fechaonline-descendente.html-pagina-159.html
https://www.inmuebles24.com/propiedades/clasificado/veclcain-casa-tezontepec-149267573.html,3800000,"MN 3,800,000",MXN,venta,Casa,Tezontepec,Cuernavaca,Morelos,144.0,201.0,Publicado hace 150 días,2026-03-15T13:50:27Z,2026-08-12T17:17:14.925181+00:00,https://www.inmuebles24.com/casas-o-casa-en-condominio-o-departamentos-en-venta-en-morelos-provincia-ordenado-por-fechaonline-descendente.html-pagina-159.html
https://www.inmuebles24.com/propiedades/clasificado/veclcain-excelente-casa-en-venta-en-ticuman-morelos--fracc.-149259950.html,8495000,"MN 8,495,000",MXN,venta,Casa,Fraccionamiento Ticuman,Tlaltizapán,Morelos,700.0,2450.0,Publicado hace 152 días,2026-03-13T21:59:54Z,2026-08-12T17:17:14.925181+00:00,https://www.inmuebles24.com/casas-o-casa-en-condominio-o-departamentos-en-venta-en-morelos-provincia-ordenado-por-fechaonline-descendente.html-pagina-159.html
https://www.inmuebles24.com/propiedades/clasificado/veclcain-hermosa-casa-con-alberca-centrica-149267520.html,17000000,"MN 17,000,000",MXN,venta,Casa,De Acapantzingo,Cuernavaca,Morelos,650.0,1260.0,Publicado hace 150 días,2026-03-15T12:21:57Z,2026-08-12T17:18:40.262847+00:00,https://www.inmuebles24.com/casas-o-casa-en-condominio-o-departamentos-en-venta-en-morelos-provincia-ordenado-por-fechaonline-descendente.html-pagina-159.html
https://www.inmuebles24.com/propiedades/clasificado/veclcain-residencia-en-venta-con-amplio-terreno-en-lomas-de-149256764.html,21000000,"MN 21,000,000",MXN,venta,Casa,Fraccionamiento Lomas de Cocoyoc,Atlatlahucan,Morelos,400.0,2886.0,Publicado hace 152 días,2026-03-13T18:43:24Z,2026-08-12T17:18:40.262847+00:00,https://www.inmuebles24.com/casas-o-casa-en-condominio-o-departamentos-en-venta-en-morelos-provincia-ordenado-por-fechaonline-descendente.html-pagina-159.html
https://www.inmuebles24.com/propiedades/clasificado/veclcain-trato-directo-a-18-minutos-de-oaxtepec-149265220.html,3750000,"MN 3,750,000",MXN,venta,Casa,Oaxtepec Centro,Yautepec,Morelos,200.0,600.0,Publicado hace 151 días,2026-03-14T18:37:55Z,2026-08-12T17:18:40.262847+00:00,https://www.inmuebles24.com/casas-o-casa-en-condominio-o-departamentos-en-venta-en-morelos-provincia-ordenado-por-fechaonline-descendente.html-pagina-159.html
https://www.inmuebles24.com/propiedades/clasificado/veclcain-vendo-casa-en-punta-del-sol-en-temixco-morelos-149261755.html,1450000,"MN 1,450,000",MXN,venta,Casa,,Temixco,Morelos,81.0,81.0,Publicado hace 151 días,2026-03-14T01:40:49Z,2026-08-12T17:18:40.262847+00:00,https://www.inmuebles24.com/casas-o-casa-en-condominio-o-departamentos-en-venta-en-morelos-provincia-ordenado-por-fechaonline-descendente.html-pagina-159.html
https://www.inmuebles24.com/propiedades/clasificado/veclcain-venta-casas-conjuntos-de-3-villas-y-loft-jardines-de-149255019.html,14500000,"MN 14,500,000",MXN,venta,Casa,Reforma,Cuernavaca,Morelos,640.0,480.0,Publicado hace 152 días,2026-03-13T16:20:34Z,2026-08-12T17:18:40.262847+00:00,https://www.inmuebles24.com/casas-o-casa-en-condominio-o-departamentos-en-venta-en-morelos-provincia-ordenado-por-fechaonline-descendente.html-pagina-159.html
https://www.inmuebles24.com/propiedades/clasificado/veclccin-burgos-cuernavaca-morelos-149256828.html,4750000,"MN 4,750,000",MXN,venta,Casa en condominio,Burgos Bugambilias,Emiliano Zapata,Morelos,198.0,86.0,Publicado hace 152 días,2026-03-13T18:49:38Z,2026-08-12T17:18:40.262847+00:00,https://www.inmuebles24.com/casas-o-casa-en-condominio-o-departamentos-en-venta-en-morelos-provincia-ordenado-por-fechaonline-descendente.html-pagina-159.html
https://www.inmuebles24.com/propiedades/clasificado/veclccin-casas-nuevas-en-preventa-en-jiutepec-mor.-149254507.html,2540000,"MN 2,540,000",MXN,venta,Casa en condominio,Los Pinos Jiutepec,Jiutepec,Morelos,108.0,120.0,Publicado hace 152 días,2026-03-13T15:24:04Z,2026-08-12T17:18:40.262847+00:00,https://www.inmuebles24.com/casas-o-casa-en-condominio-o-departamentos-en-venta-en-morelos-provincia-ordenado-por-fechaonline-descendente.html-pagina-159.html
https://www.inmuebles24.com/propiedades/clasificado/veclccin-remate-casa-en-condo-en-cuernavaca-la-canada-149266667.html,3800000,"MN 3,800,000",MXN,venta,Casa en condominio,La Cañada,Cuernavaca,Morelos,151.0,189.0,Publicado hace 151 días,2026-03-15T01:42:36Z,2026-08-12T17:18:40.262847+00:00,https://www.inmuebles24.com/casas-o-casa-en-condominio-o-departamentos-en-venta-en-morelos-provincia-ordenado-por-fechaonline-descendente.html-pagina-159.html
https://www.inmuebles24.com/propiedades/clasificado/veclccin-venta-de-casa-en-condominio-en-temixco-morelos-149264850.html,3100000,"MN 3,100,000",MXN,venta,Casa en condominio,Las Animas,Temixco,Morelos,171.0,100.0,Publicado hace 151 días,2026-03-14T17:01:08Z,2026-08-12T17:18:40.262847+00:00,https://www.inmuebles24.com/casas-o-casa-en-condominio-o-departamentos-en-venta-en-morelos-provincia-ordenado-por-fechaonline-descendente.html-pagina-159.html
https://www.inmuebles24.com/propiedades/clasificado/veclapin-departamento-pb-en-venta-paraiso-country-club-149245851.html,4490000,"MN 4,490,000",MXN,venta,Apartamento,Fraccionamiento Paraíso Country Club,Emiliano Zapata,Morelos,143.0,143.0,Publicado hace 153 días,2026-03-12T17:39:41Z,2026-08-12T17:18:40.262847+00:00,https://www.inmuebles24.com/casas-o-casa-en-condominio-o-departamentos-en-venta-en-morelos-provincia-ordenado-por-fechaonline-descendente.html-pagina-160.html
https://www.inmuebles24.com/propiedades/clasificado/veclcain-casa-buenavista-149232618.html,3850000,"MN 3,850,000",MXN,venta,Casa,Buenavista,Cuernavaca,Morelos,100.0,177.0,Publicado hace 154 días,2026-03-11T16:19:01Z,2026-08-12T17:19:56.500289+00:00,https://www.inmuebles24.com/casas-o-casa-en-condominio-o-departamentos-en-venta-en-morelos-provincia-ordenado-por-fechaonline-descendente.html-pagina-160.html
https://www.inmuebles24.com/propiedades/clasificado/veclcain-casa-con-alberca-en-renta-y-o-venta-en-lomas-de-149249394.html,5400000,"MN 5,400,000",MXN,venta,Casa,Fraccionamiento Lomas de Cocoyoc,Atlatlahucan,Morelos,118.0,388.0,Publicado hace 153 días,2026-03-12T22:14:18Z,2026-08-12T17:19:56.500289+00:00,https://www.inmuebles24.com/casas-o-casa-en-condominio-o-departamentos-en-venta-en-morelos-provincia-ordenado-por-fechaonline-descendente.html-pagina-160.html
https://www.inmuebles24.com/propiedades/clasificado/veclcain-casa-con-amplio-jardin-y-alberca-en-venta-en-oaxtepec-149248863.html,6000000,"MN 6,000,000",MXN,venta,Casa,Oaxtepec Centro,Yautepec,Morelos,40666.0,2039.0,Publicado hace 153 días,2026-03-12T21:30:09Z,2026-08-12T17:19:56.500289+00:00,https://www.inmuebles24.com/casas-o-casa-en-condominio-o-departamentos-en-venta-en-morelos-provincia-ordenado-por-fechaonline-descendente.html-pagina-160.html
https://www.inmuebles24.com/propiedades/clasificado/veclcain-casa-em-venta-en-la-colonia-emiliano-zapata-en-morelos-149242424.html,2500000,"MN 2,500,000",MXN,venta,Casa,Emiliano Zapata,Emiliano Zapata,Morelos,80.0,120.0,Publicado hace 154 días,2026-03-12T03:39:33Z,2026-08-12T17:19:56.500289+00:00,https://www.inmuebles24.com/casas-o-casa-en-condominio-o-departamentos-en-venta-en-morelos-provincia-ordenado-por-fechaonline-descendente.html-pagina-160.html
https://www.inmuebles24.com/propiedades/clasificado/veclcain-casa-en-fraccionamiento-residencial-sumiya-149243162.html,9200000,"MN 9,200,000",MXN,venta,Casa,Fraccionamiento Residencial Sumiya,Jiutepec,Morelos,1444.0,1444.0,Publicado hace 153 días,2026-03-12T06:52:21Z,2026-08-12T17:19:56.500289+00:00,https://www.inmuebles24.com/casas-o-casa-en-condominio-o-departamentos-en-venta-en-morelos-provincia-ordenado-por-fechaonline-descendente.html-pagina-160.html
https://www.inmuebles24.com/propiedades/clasificado/veclcain-casa-en-oaxtepec-centro-149242676.html,1900000,"MN 1,900,000",MXN,venta,Casa,Oaxtepec Centro,Yautepec,Morelos,80.0,80.0,Publicado hace 153 días,2026-03-12T04:19:50Z,2026-08-12T17:19:56.500289+00:00,https://www.inmuebles24.com/casas-o-casa-en-condominio-o-departamentos-en-venta-en-morelos-provincia-ordenado-por-fechaonline-descendente.html-pagina-160.html
https://www.inmuebles24.com/propiedades/clasificado/veclcain-casa-en-renta-en-san-anton-149233970.html,13850000,"MN 13,850,000",MXN,venta,Casa,Lomas de Atzingo,Cuernavaca,Morelos,858.0,1795.0,Publicado hace 154 días,2026-03-11T17:45:10Z,2026-08-12T17:19:56.500289+00:00,https://www.inmuebles24.com/casas-o-casa-en-condominio-o-departamentos-en-venta-en-morelos-provincia-ordenado-por-fechaonline-descendente.html-pagina-160.html
https://www.inmuebles24.com/propiedades/clasificado/veclcain-casa-en-venta-149232935.html,6000000,"MN 6,000,000",MXN,venta,Casa,Colinas de Santa Fe,Xochitepec,Morelos,350.0,350.0,Publicado hace 154 días,2026-03-11T16:41:50Z,2026-08-12T17:19:56.500289+00:00,https://www.inmuebles24.com/casas-o-casa-en-condominio-o-departamentos-en-venta-en-morelos-provincia-ordenado-por-fechaonline-descendente.html-pagina-160.html
https://www.inmuebles24.com/propiedades/clasificado/veclcain-casa-en-venta-4070-m-sup2--alberca-grande-5-bungalows-149251250.html,10500000,"MN 10,500,000",MXN,venta,Casa,Tequesquitengo,Jojutla,Morelos,450.0,4070.0,Publicado hace 153 días,2026-03-13T01:16:22Z,2026-08-12T17:19:56.500289+00:00,https://www.inmuebles24.com/casas-o-casa-en-condominio-o-departamentos-en-venta-en-morelos-provincia-ordenado-por-fechaonline-descendente.html-pagina-160.html
https://www.inmuebles24.com/propiedades/clasificado/veclcain-casa-en-venta-en-condominio-loma-bonita-en-tzompantle-149251612.html,4300000,"MN 4,300,000",MXN,venta,Casa,Lomas del Tzompantle,Cuernavaca,Morelos,225.0,225.0,Publicado hace 153 días,2026-03-13T02:14:45Z,2026-08-12T17:19:56.500289+00:00,https://www.inmuebles24.com/casas-o-casa-en-condominio-o-departamentos-en-venta-en-morelos-provincia-ordenado-por-fechaonline-descendente.html-pagina-160.html
https://www.inmuebles24.com/propiedades/clasificado/veclcain-casa-en-venta-en-fraccionamiento-la-canada-149232858.html,4600000,"MN 4,600,000",MXN,venta,Casa,La Cañada,Cuernavaca,Morelos,169.0,227.0,Publicado hace 154 días,2026-03-11T16:36:46Z,2026-08-12T17:21:20.599475+00:00,https://www.inmuebles24.com/casas-o-casa-en-condominio-o-departamentos-en-venta-en-morelos-provincia-ordenado-por-fechaonline-descendente.html-pagina-160.html
https://www.inmuebles24.com/propiedades/clasificado/veclcain-casa-en-venta-ubicada-en-cuautla-morelos-149239708.html,995000,"MN 995,000",MXN,venta,Casa,,Cuautla,Morelos,70.0,90.0,Publicado hace 154 días,2026-03-11T23:00:04Z,2026-08-12T17:21:20.599475+00:00,https://www.inmuebles24.com/casas-o-casa-en-condominio-o-departamentos-en-venta-en-morelos-provincia-ordenado-por-fechaonline-descendente.html-pagina-160.html
https://www.inmuebles24.com/propiedades/clasificado/veclcain-casa-fraccionamiento-lomas-de-cocoyoc-149232356.html,7700000,"MN 7,700,000",MXN,venta,Casa,Fraccionamiento Lomas de Cocoyoc,Atlatlahucan,Morelos,210.0,350.0,Publicado hace 154 días,2026-03-11T15:53:50Z,2026-08-12T17:21:20.599475+00:00,https://www.inmuebles24.com/casas-o-casa-en-condominio-o-departamentos-en-venta-en-morelos-provincia-ordenado-por-fechaonline-descendente.html-pagina-160.html
https://www.inmuebles24.com/propiedades/clasificado/veclcain-casa-fraccionamiento-lomas-de-cocoyoc-149232359.html,8200000,"MN 8,200,000",MXN,venta,Casa,Fraccionamiento Lomas de Cocoyoc,Atlatlahucan,Morelos,358.0,420.0,Publicado hace 154 días,2026-03-11T15:53:51Z,2026-08-12T17:21:20.599475+00:00,https://www.inmuebles24.com/casas-o-casa-en-condominio-o-departamentos-en-venta-en-morelos-provincia-ordenado-por-fechaonline-descendente.html-pagina-160.html
https://www.inmuebles24.com/propiedades/clasificado/veclcain-casa-nueva-en-lomas-de-cortes-149239833.html,6600000,"MN 6,600,000",MXN,venta,Casa,Lomas de Cortes,Cuernavaca,Morelos,198.0,217.0,Publicado hace 154 días,2026-03-11T23:13:47Z,2026-08-12T17:21:20.599475+00:00,https://www.inmuebles24.com/casas-o-casa-en-condominio-o-departamentos-en-venta-en-morelos-provincia-ordenado-por-fechaonline-descendente.html-pagina-160.html
https://www.inmuebles24.com/propiedades/clasificado/veclcain-casa-sola-con-alberca-en-jiutepec-morelos-149235723.html,2400000,"MN 2,400,000",MXN,venta,Casa,,Cuernavaca,Morelos,95.0,170.0,Publicado hace 154 días,2026-03-11T19:15:23Z,2026-08-12T17:21:20.599475+00:00,https://www.inmuebles24.com/casas-o-casa-en-condominio-o-departamentos-en-venta-en-morelos-provincia-ordenado-por-fechaonline-descendente.html-pagina-160.html
https://www.inmuebles24.com/propiedades/clasificado/veclcain-equilibrio-lujo-y-armonia:-residencia-exclusiva-en-149234320.html,5500000,"MN 5,500,000",MXN,venta,Casa,Fraccionamiento Paraíso Country Club,Emiliano Zapata,Morelos,188.0,188.0,Publicado hace 154 días,2026-03-11T18:01:47Z,2026-08-12T17:21:20.599475+00:00,https://www.inmuebles24.com/casas-o-casa-en-condominio-o-departamentos-en-venta-en-morelos-provincia-ordenado-por-fechaonline-descendente.html-pagina-160.html
https://www.inmuebles24.com/propiedades/clasificado/veclcain-exclusividad-y-confort:-residencia-de-estreno-en-los-149232875.html,1810000,"MN 1,810,000",MXN,venta,Casa,Pueblo Tlayecac,Ayala,Morelos,178.0,200.0,Publicado hace 154 días,2026-03-11T16:38:16Z,2026-08-12T17:21:20.599475+00:00,https://www.inmuebles24.com/casas-o-casa-en-condominio-o-departamentos-en-venta-en-morelos-provincia-ordenado-por-fechaonline-descendente.html-pagina-160.html
https://www.inmuebles24.com/propiedades/clasificado/veclcain-paz-y-exclusividad-el-hogar-ideal-dentro-del-club-de-149233445.html,13800000,"MN 13,800,000",MXN,venta,Casa,Fraccionamiento Paraíso Country Club,Emiliano Zapata,Morelos,452.0,900.0,Publicado hace 154 días,2026-03-11T17:11:43Z,2026-08-12T17:21:20.599475+00:00,https://www.inmuebles24.com/casas-o-casa-en-condominio-o-departamentos-en-venta-en-morelos-provincia-ordenado-por-fechaonline-descendente.html-pagina-160.html
https://www.inmuebles24.com/propiedades/clasificado/veclcain-terreno-con-3-casas-en-cuernavaca-6-000-m-sup2--de-149248747.html,8000000,"MN 8,000,000",MXN,venta,Casa,Pueblo Santa María Ahuacatitlán,Cuernavaca,Morelos,1092.0,6000.0,Publicado hace 153 días,2026-03-12T21:18:30Z,2026-08-12T17:21:20.599475+00:00,https://www.inmuebles24.com/casas-o-casa-en-condominio-o-departamentos-en-venta-en-morelos-provincia-ordenado-por-fechaonline-descendente.html-pagina-160.html
https://www.inmuebles24.com/propiedades/clasificado/veclcain-venta-de-casa-con-alberca-y-recamara-en-planta-baja-en-149233536.html,2850000,"MN 2,850,000",MXN,venta,Casa,Fraccionamiento Jardines de La Hacienda,Jiutepec,Morelos,139.0,148.0,Publicado hace 154 días,2026-03-11T17:17:31Z,2026-08-12T17:22:47.449807+00:00,https://www.inmuebles24.com/casas-o-casa-en-condominio-o-departamentos-en-venta-en-morelos-provincia-ordenado-por-fechaonline-descendente.html-pagina-160.html
https://www.inmuebles24.com/propiedades/clasificado/veclccin-casa-en-condominio-en-venta-en-morelos-149234721.html,1680000,"MN 1,680,000",MXN,venta,Casa en condominio,Pueblo Tlayecac,Ayala,Morelos,75.0,62.0,Publicado hace 154 días,2026-03-11T18:22:32Z,2026-08-12T17:22:47.449807+00:00,https://www.inmuebles24.com/casas-o-casa-en-condominio-o-departamentos-en-venta-en-morelos-provincia-ordenado-por-fechaonline-descendente.html-pagina-160.html
https://www.inmuebles24.com/propiedades/clasificado/veclccin-casa-en-condominio-en-venta-en-oaxtepec-en-morelos-149249344.html,3400000,"MN 3,400,000",MXN,venta,Casa en condominio,Oaxtepec Centro,Yautepec,Morelos,140.0,90.0,Publicado hace 153 días,2026-03-12T22:09:25Z,2026-08-12T17:22:47.449807+00:00,https://www.inmuebles24.com/casas-o-casa-en-condominio-o-departamentos-en-venta-en-morelos-provincia-ordenado-por-fechaonline-descendente.html-pagina-160.html
https://www.inmuebles24.com/propiedades/clasificado/veclccin-casa-en-venta-en-condominio.-jardines-de-delicias-149239975.html,6600000,"MN 6,600,000",MXN,venta,Casa en condominio,Jardines de Delicias,Cuernavaca,Morelos,420.0,271.0,Publicado hace 154 días,2026-03-11T23:27:56Z,2026-08-12T17:22:47.449807+00:00,https://www.inmuebles24.com/casas-o-casa-en-condominio-o-departamentos-en-venta-en-morelos-provincia-ordenado-por-fechaonline-descendente.html-pagina-160.html
https://www.inmuebles24.com/propiedades/clasificado/veclccin-casa-en-venta-en-fraccionamiento-en-lomas-de-cocoyoc-149248989.html,5400000,"MN 5,400,000",MXN,venta,Casa en condominio,Fraccionamiento Lomas de Cocoyoc,Atlatlahucan,Morelos,281.0,170.0,Publicado hace 153 días,2026-03-12T21:42:18Z,2026-08-12T17:22:47.449807+00:00,https://www.inmuebles24.com/casas-o-casa-en-condominio-o-departamentos-en-venta-en-morelos-provincia-ordenado-por-fechaonline-descendente.html-pagina-160.html
https://www.inmuebles24.com/propiedades/clasificado/veclccin-casa-en-venta-en-fraccionamiento-rinconada-sta.-fe-149242481.html,2300000,"MN 2,300,000",MXN,venta,Casa en condominio,Pueblo Alpuyeca,Xochitepec,Morelos,97.0,90.0,Publicado hace 153 días,2026-03-12T03:45:37Z,2026-08-12T17:22:47.449807+00:00,https://www.inmuebles24.com/casas-o-casa-en-condominio-o-departamentos-en-venta-en-morelos-provincia-ordenado-por-fechaonline-descendente.html-pagina-160.html
https://www.inmuebles24.com/propiedades/clasificado/veclccin-casa-en-venta-en-fraccionamiento-tulipanes-en-san-jose-149247650.html,2650000,"MN 2,650,000",MXN,venta,Casa en condominio,San José de las Cumbres,Emiliano Zapata,Morelos,71.0,98.0,Publicado hace 153 días,2026-03-12T19:56:46Z,2026-08-12T17:22:47.449807+00:00,https://www.inmuebles24.com/casas-o-casa-en-condominio-o-departamentos-en-venta-en-morelos-provincia-ordenado-por-fechaonline-descendente.html-pagina-160.html
https://www.inmuebles24.com/propiedades/clasificado/veclccin-casa-en-venta-en-tequesquitengo-morelos-149249075.html,1300000,"MN 1,300,000",MXN,venta,Casa en condominio,Tequesquitengo,Jojutla,Morelos,75.0,176.0,Publicado hace 153 días,2026-03-12T21:51:48Z,2026-08-12T17:22:47.449807+00:00,https://www.inmuebles24.com/casas-o-casa-en-condominio-o-departamentos-en-venta-en-morelos-provincia-ordenado-por-fechaonline-descendente.html-pagina-160.html
https://www.inmuebles24.com/propiedades/clasificado/veclccin-casa-en-venta-o-renta-en-condominio-con-2-recamaras-y-149248984.html,3200000,"MN 3,200,000",MXN,venta,Casa en condominio,Fraccionamiento Pedregal de las Fuentes,Jiutepec,Morelos,112.0,112.0,Publicado hace 153 días,2026-03-12T21:41:06Z,2026-08-12T17:22:47.449807+00:00,https://www.inmuebles24.com/casas-o-casa-en-condominio-o-departamentos-en-venta-en-morelos-provincia-ordenado-por-fechaonline-descendente.html-pagina-160.html
https://www.inmuebles24.com/propiedades/clasificado/veclapin-amueblado-y-equipado-en-exclusivo-fraccionamiento-149218960.html,5300000,"MN 5,300,000",MXN,venta,Apartamento,Fraccionamiento Paraíso Country Club,Emiliano Zapata,Morelos,166.0,166.0,Publicado hace 155 días,2026-03-10T16:06:35Z,2026-08-12T17:22:47.449807+00:00,https://www.inmuebles24.com/casas-o-casa-en-condominio-o-departamentos-en-venta-en-morelos-provincia-ordenado-por-fechaonline-descendente.html-pagina-161.html
https://www.inmuebles24.com/propiedades/clasificado/veclapin-departamento-zona-norte-vigilancia-149222443.html,4200000,"MN 4,200,000",MXN,venta,Apartamento,Pueblo Tetela del Monte,Cuernavaca,Morelos,135.0,135.0,Publicado hace 155 días,2026-03-10T19:09:40Z,2026-08-12T17:24:02.086439+00:00,https://www.inmuebles24.com/casas-o-casa-en-condominio-o-departamentos-en-venta-en-morelos-provincia-ordenado-por-fechaonline-descendente.html-pagina-161.html
https://www.inmuebles24.com/propiedades/clasificado/veclcain-casa-con-62-m-sup2--superficie-de-terreno-y-2-149221519.html,616000,"MN 616,000",MXN,venta,Casa,Fraccionamiento Lomas del Manantial,Xochitepec,Morelos,44.0,62.0,Publicado hace 155 días,2026-03-10T18:14:05Z,2026-08-12T17:24:02.086439+00:00,https://www.inmuebles24.com/casas-o-casa-en-condominio-o-departamentos-en-venta-en-morelos-provincia-ordenado-por-fechaonline-descendente.html-pagina-161.html
https://www.inmuebles24.com/propiedades/clasificado/veclcain-casa-con-alberca-y-amenidades-deportivas-en-conjunto-149221338.html,1578000,"MN 1,578,000",MXN,venta,Casa,Pueblo Atlacholoaya,Xochitepec,Morelos,75.0,62.0,Publicado hace 155 días,2026-03-10T18:02:52Z,2026-08-12T17:24:02.086439+00:00,https://www.inmuebles24.com/casas-o-casa-en-condominio-o-departamentos-en-venta-en-morelos-provincia-ordenado-por-fechaonline-descendente.html-pagina-161.html
https://www.inmuebles24.com/propiedades/clasificado/veclcain-casa-en-fraccionamiento-jardines-de-tlayacapan-149238411.html,5290000,"MN 5,290,000",MXN,venta,Casa,Fraccionamiento Jardines de Tlayacapan,Tlayacapan,Morelos,181.0,510.0,Publicado hace 154 días,2026-03-11T22:14:44Z,2026-08-12T17:24:02.086439+00:00,https://www.inmuebles24.com/casas-o-casa-en-condominio-o-departamentos-en-venta-en-morelos-provincia-ordenado-por-fechaonline-descendente.html-pagina-161.html
https://www.inmuebles24.com/propiedades/clasificado/veclcain-casa-en-residencial-aquasol-tlayecac-ayala-morelos-149220048.html,1380000,"MN 1,380,000",MXN,venta,Casa,Pueblo Tlayecac,Ayala,Morelos,74.0,62.0,Publicado hace 155 días,2026-03-10T17:09:11Z,2026-08-12T17:24:02.086439+00:00,https://www.inmuebles24.com/casas-o-casa-en-condominio-o-departamentos-en-venta-en-morelos-provincia-ordenado-por-fechaonline-descendente.html-pagina-161.html
https://www.inmuebles24.com/propiedades/clasificado/veclcain-casa-en-venta-en-col.-agua-hedionda--cuautla-morelos-149220009.html,4950000,"MN 4,950,000",MXN,venta,Casa,Fraccionamiento Agua Hedionda,Cuautla,Morelos,315.0,363.0,Publicado hace 155 días,2026-03-10T17:07:09Z,2026-08-12T17:24:02.086439+00:00,https://www.inmuebles24.com/casas-o-casa-en-condominio-o-departamentos-en-venta-en-morelos-provincia-ordenado-por-fechaonline-descendente.html-pagina-161.html
https://www.inmuebles24.com/propiedades/clasificado/veclcain-casa-en-venta-en-lomas-de-cocoyoc-149222370.html,11500000,"MN 11,500,000",MXN,venta,Casa,Fraccionamiento Lomas de Cocoyoc,Atlatlahucan,Morelos,262.0,573.0,Publicado hace 155 días,2026-03-10T19:03:26Z,2026-08-12T17:24:02.086439+00:00,https://www.inmuebles24.com/casas-o-casa-en-condominio-o-departamentos-en-venta-en-morelos-provincia-ordenado-por-fechaonline-descendente.html-pagina-161.html
https://www.inmuebles24.com/propiedades/clasificado/veclcain-casa-fraccionamiento-lomas-de-cocoyoc-149232366.html,9300000,"MN 9,300,000",MXN,venta,Casa,Fraccionamiento Lomas de Cocoyoc,Atlatlahucan,Morelos,305.0,471.0,Publicado hace 154 días,2026-03-11T15:53:51Z,2026-08-12T17:24:02.086439+00:00,https://www.inmuebles24.com/casas-o-casa-en-condominio-o-departamentos-en-venta-en-morelos-provincia-ordenado-por-fechaonline-descendente.html-pagina-161.html
https://www.inmuebles24.com/propiedades/clasificado/veclcain-casa-fraccionamiento-lomas-de-cocoyoc-149232369.html,8900000,"MN 8,900,000",MXN,venta,Casa,Fraccionamiento Lomas de Cocoyoc,Atlatlahucan,Morelos,385.0,435.0,Publicado hace 154 días,2026-03-11T15:53:53Z,2026-08-12T17:24:02.086439+00:00,https://www.inmuebles24.com/casas-o-casa-en-condominio-o-departamentos-en-venta-en-morelos-provincia-ordenado-por-fechaonline-descendente.html-pagina-161.html
https://www.inmuebles24.com/propiedades/clasificado/veclcain-casa-fraccionamiento-paraiso-tlahuica-149232352.html,4200000,"MN 4,200,000",MXN,venta,Casa,Fraccionamiento Paraíso Tlahuica,Ayala,Morelos,205.0,450.0,Publicado hace 154 días,2026-03-11T15:53:50Z,2026-08-12T17:24:02.086439+00:00,https://www.inmuebles24.com/casas-o-casa-en-condominio-o-departamentos-en-venta-en-morelos-provincia-ordenado-por-fechaonline-descendente.html-pagina-161.html
https://www.inmuebles24.com/propiedades/clasificado/veclcain-casa-fraccionamiento-real-de-oaxtepec-149232355.html,4750000,"MN 4,750,000",MXN,venta,Casa,Fraccionamiento Real de Oaxtepec,Yautepec,Morelos,,,Publicado hace 154 días,2026-03-11T15:53:50Z,2026-08-12T17:25:34.843110+00:00,https://www.inmuebles24.com/casas-o-casa-en-condominio-o-departamentos-en-venta-en-morelos-provincia-ordenado-por-fechaonline-descendente.html-pagina-161.html
https://www.inmuebles24.com/propiedades/clasificado/veclcain-casa-nueva-en-lomas-de.-cortes-149225082.html,3400000,"MN 3,400,000",MXN,venta,Casa,Lomas de Cortes,Cuernavaca,Morelos,114.0,124.0,Publicado hace 155 días,2026-03-10T22:25:26Z,2026-08-12T17:25:34.843110+00:00,https://www.inmuebles24.com/casas-o-casa-en-condominio-o-departamentos-en-venta-en-morelos-provincia-ordenado-por-fechaonline-descendente.html-pagina-161.html
https://www.inmuebles24.com/propiedades/clasificado/veclcain-casa-oaxtepec-centro-149232362.html,5100000,"MN 5,100,000",MXN,venta,Casa,Oaxtepec Centro,Yautepec,Morelos,220.0,300.0,Publicado hace 154 días,2026-03-11T15:53:51Z,2026-08-12T17:25:34.843110+00:00,https://www.inmuebles24.com/casas-o-casa-en-condominio-o-departamentos-en-venta-en-morelos-provincia-ordenado-por-fechaonline-descendente.html-pagina-161.html
https://www.inmuebles24.com/propiedades/clasificado/veclcain-casa-papayos-149232360.html,2850000,"MN 2,850,000",MXN,venta,Casa,Papayos,Cuernavaca,Morelos,165.0,165.0,Publicado hace 154 días,2026-03-11T15:53:51Z,2026-08-12T17:25:34.843110+00:00,https://www.inmuebles24.com/casas-o-casa-en-condominio-o-departamentos-en-venta-en-morelos-provincia-ordenado-por-fechaonline-descendente.html-pagina-161.html
https://www.inmuebles24.com/propiedades/clasificado/veclcain-casa-unidad-habitacional-santa-ines-149232368.html,2539000,"MN 2,539,000",MXN,venta,Casa,Unidad habitacional Santa Inés,Cuautla,Morelos,100.0,105.0,Publicado hace 154 días,2026-03-11T15:53:53Z,2026-08-12T17:25:34.843110+00:00,https://www.inmuebles24.com/casas-o-casa-en-condominio-o-departamentos-en-venta-en-morelos-provincia-ordenado-por-fechaonline-descendente.html-pagina-161.html
https://www.inmuebles24.com/propiedades/clasificado/veclcain-casa-yautepec-centro-149232361.html,2290000,"MN 2,290,000",MXN,venta,Casa,Yautepec Centro,Yautepec,Morelos,138.0,155.0,Publicado hace 154 días,2026-03-11T15:53:51Z,2026-08-12T17:25:34.843110+00:00,https://www.inmuebles24.com/casas-o-casa-en-condominio-o-departamentos-en-venta-en-morelos-provincia-ordenado-por-fechaonline-descendente.html-pagina-161.html
https://www.inmuebles24.com/propiedades/clasificado/veclcain-exclusiva-residencia-de-tres-niveles-con-doble-altura-149225251.html,22500000,"MN 22,500,000",MXN,venta,Casa,Fraccionamiento Paraíso Country Club,Emiliano Zapata,Morelos,600.0,470.0,Publicado hace 155 días,2026-03-10T22:43:03Z,2026-08-12T17:25:34.843110+00:00,https://www.inmuebles24.com/casas-o-casa-en-condominio-o-departamentos-en-venta-en-morelos-provincia-ordenado-por-fechaonline-descendente.html-pagina-161.html
https://www.inmuebles24.com/propiedades/clasificado/veclcain-jardines-de-ahuatepec-morelos.-venta-de-casa-sola-en-149223792.html,9200000,"MN 9,200,000",MXN,venta,Casa,Jardines de Ahuatepec,Cuernavaca,Morelos,400.0,713.0,Publicado hace 155 días,2026-03-10T20:52:29Z,2026-08-12T17:25:34.843110+00:00,https://www.inmuebles24.com/casas-o-casa-en-condominio-o-departamentos-en-venta-en-morelos-provincia-ordenado-por-fechaonline-descendente.html-pagina-161.html
https://www.inmuebles24.com/propiedades/clasificado/veclcain-residencia-de-lujo-en-venta-en-paraiso-country-club-149225136.html,19000000,"MN 19,000,000",MXN,venta,Casa,Fraccionamiento Paraíso Country Club,Emiliano Zapata,Morelos,612.0,580.0,Publicado hace 155 días,2026-03-10T22:31:11Z,2026-08-12T17:25:34.843110+00:00,https://www.inmuebles24.com/casas-o-casa-en-condominio-o-departamentos-en-venta-en-morelos-provincia-ordenado-por-fechaonline-descendente.html-pagina-161.html
https://www.inmuebles24.com/propiedades/clasificado/veclccin-c-casa-en-condominio-de-200-m-sup2--con-3-recamaras-en-149218723.html,4000000,"MN 4,000,000",MXN,venta,Casa en condominio,Ciudad Chapultepec,Cuernavaca,Morelos,200.0,200.0,Publicado hace 155 días,2026-03-10T15:50:44Z,2026-08-12T17:25:34.843110+00:00,https://www.inmuebles24.com/casas-o-casa-en-condominio-o-departamentos-en-venta-en-morelos-provincia-ordenado-por-fechaonline-descendente.html-pagina-161.html
https://www.inmuebles24.com/propiedades/clasificado/veclccin-casa-de-41-m-sup2--con-2-recamaras-en-venta-xaloxtoc-149223072.html,850000,"MN 850,000",MXN,venta,Casa en condominio,Pueblo Xaloxtoc,Ayala,Morelos,100.0,41.0,Publicado hace 155 días,2026-03-10T19:53:21Z,2026-08-12T17:26:59.226788+00:00,https://www.inmuebles24.com/casas-o-casa-en-condominio-o-departamentos-en-venta-en-morelos-provincia-ordenado-por-fechaonline-descendente.html-pagina-161.html
https://www.inmuebles24.com/propiedades/clasificado/veclccin-casa-en-venta-al-norte-de-cuernavaca-149223746.html,2600000,"MN 2,600,000",MXN,venta,Casa en condominio,Pueblo Santa María Ahuacatitlán,Cuernavaca,Morelos,164.0,160.0,Publicado hace 155 días,2026-03-10T20:48:52Z,2026-08-12T17:26:59.226788+00:00,https://www.inmuebles24.com/casas-o-casa-en-condominio-o-departamentos-en-venta-en-morelos-provincia-ordenado-por-fechaonline-descendente.html-pagina-161.html
https://www.inmuebles24.com/propiedades/clasificado/veclccin-casa-nueva-en-condominio-de-dos-casas-vigilancia-en-149223795.html,5800000,"MN 5,800,000",MXN,venta,Casa en condominio,Fraccionamiento Hacienda Tetela,Cuernavaca,Morelos,250.0,200.0,Publicado hace 155 días,2026-03-10T20:53:09Z,2026-08-12T17:26:59.226788+00:00,https://www.inmuebles24.com/casas-o-casa-en-condominio-o-departamentos-en-venta-en-morelos-provincia-ordenado-por-fechaonline-descendente.html-pagina-161.html
https://www.inmuebles24.com/propiedades/clasificado/veclccin-casa-nueva-en-venta-zona-norte-de-cuernavaca-149223634.html,2600000,"MN 2,600,000",MXN,venta,Casa en condominio,Pueblo Santa María Ahuacatitlán,Cuernavaca,Morelos,192.0,160.0,Publicado hace 155 días,2026-03-10T20:41:10Z,2026-08-12T17:26:59.226788+00:00,https://www.inmuebles24.com/casas-o-casa-en-condominio-o-departamentos-en-venta-en-morelos-provincia-ordenado-por-fechaonline-descendente.html-pagina-161.html
https://www.inmuebles24.com/propiedades/clasificado/veclccin-fabulosa-casa-en-condominio!-149218676.html,2900000,"MN 2,900,000",MXN,venta,Casa en condominio,,Xochitepec,Morelos,105.0,120.0,Publicado hace 155 días,2026-03-10T15:43:09Z,2026-08-12T17:26:59.226788+00:00,https://www.inmuebles24.com/casas-o-casa-en-condominio-o-departamentos-en-venta-en-morelos-provincia-ordenado-por-fechaonline-descendente.html-pagina-161.html
https://www.inmuebles24.com/propiedades/clasificado/veclccin-preventa-de-casa-en-condominio-col.-ahuatepec-149240985.html,3200000,"MN 3,200,000",MXN,venta,Casa en condominio,Pueblo Ahuatepec,Cuernavaca,Morelos,150.0,122.0,Publicado hace 154 días,2026-03-12T00:19:53Z,2026-08-12T17:26:59.226788+00:00,https://www.inmuebles24.com/casas-o-casa-en-condominio-o-departamentos-en-venta-en-morelos-provincia-ordenado-por-fechaonline-descendente.html-pagina-161.html
https://www.inmuebles24.com/propiedades/clasificado/veclapin-amplios-departamentos-en-jojutla-con-alberca-parque-149199816.html,1354000,"MN 1,354,000",MXN,venta,Apartamento,,Jojutla,Morelos,66.0,66.0,Publicado hace 156 días,2026-03-09T17:46:27Z,2026-08-12T17:26:59.226788+00:00,https://www.inmuebles24.com/casas-o-casa-en-condominio-o-departamentos-en-venta-en-morelos-provincia-ordenado-por-fechaonline-descendente.html-pagina-162.html
https://www.inmuebles24.com/propiedades/clasificado/veclapin-departamento-nuevo-en-venta-col.-delicias-149226415.html,1950000,"MN 1,950,000",MXN,venta,Apartamento,Delicias,Cuernavaca,Morelos,74.0,74.0,Publicado hace 155 días,2026-03-11T00:00:54Z,2026-08-12T17:26:59.226788+00:00,https://www.inmuebles24.com/casas-o-casa-en-condominio-o-departamentos-en-venta-en-morelos-provincia-ordenado-por-fechaonline-descendente.html-pagina-162.html
https://www.inmuebles24.com/propiedades/clasificado/veclapin-fovissste-tradicional-infonavit-total-cofinavit-149199488.html,1304000,"MN 1,304,000",MXN,venta,Apartamento,,Jojutla,Morelos,67.0,66.0,Publicado hace 156 días,2026-03-09T17:21:18Z,2026-08-12T17:26:59.226788+00:00,https://www.inmuebles24.com/casas-o-casa-en-condominio-o-departamentos-en-venta-en-morelos-provincia-ordenado-por-fechaonline-descendente.html-pagina-162.html
https://www.inmuebles24.com/propiedades/clasificado/veclapin-oportunidad-loft-nuevo-en-venta-col.-vista-hermosa-149226421.html,4000000,"MN 4,000,000",MXN,venta,Apartamento,Vista Hermosa,Cuernavaca,Morelos,132.0,132.0,Publicado hace 155 días,2026-03-11T00:00:55Z,2026-08-12T17:26:59.226788+00:00,https://www.inmuebles24.com/casas-o-casa-en-condominio-o-departamentos-en-venta-en-morelos-provincia-ordenado-por-fechaonline-descendente.html-pagina-162.html
https://www.inmuebles24.com/propiedades/clasificado/veclcain-casa-colonial-sola-en-venta-av-con-uso-de-suelo-149226411.html,7800000,"MN 7,800,000",MXN,venta,Casa,Las Palmas,Cuernavaca,Morelos,718.0,1149.0,Publicado hace 155 días,2026-03-11T00:00:54Z,2026-08-12T17:28:15.906288+00:00,https://www.inmuebles24.com/casas-o-casa-en-condominio-o-departamentos-en-venta-en-morelos-provincia-ordenado-por-fechaonline-descendente.html-pagina-162.html
https://www.inmuebles24.com/propiedades/clasificado/veclcain-casa-con-amplio-jardin-fracc.-imuri-col.-lomas-de-149219280.html,7509000,"MN 7,509,000",MXN,venta,Casa,Lomas de Jiutepec,Jiutepec,Morelos,218.0,1618.0,Publicado hace 155 días,2026-03-10T16:30:06Z,2026-08-12T17:28:15.906288+00:00,https://www.inmuebles24.com/casas-o-casa-en-condominio-o-departamentos-en-venta-en-morelos-provincia-ordenado-por-fechaonline-descendente.html-pagina-162.html
https://www.inmuebles24.com/propiedades/clasificado/veclcain-casa-en-condominio-imuri-con-vigilancia-col.-lomas-149226418.html,5209000,"MN 5,209,000",MXN,venta,Casa,Lomas de Jiutepec,Jiutepec,Morelos,218.0,803.0,Publicado hace 155 días,2026-03-11T00:00:54Z,2026-08-12T17:28:15.906288+00:00,https://www.inmuebles24.com/casas-o-casa-en-condominio-o-departamentos-en-venta-en-morelos-provincia-ordenado-por-fechaonline-descendente.html-pagina-162.html
https://www.inmuebles24.com/propiedades/clasificado/veclcain-casa-en-venta-acapantzingo-149220294.html,13500000,"MN 13,500,000",MXN,venta,Casa,San Miguel Acapantzingo,Cuernavaca,Morelos,500.0,900.0,Publicado hace 155 días,2026-03-10T17:20:53Z,2026-08-12T17:28:15.906288+00:00,https://www.inmuebles24.com/casas-o-casa-en-condominio-o-departamentos-en-venta-en-morelos-provincia-ordenado-por-fechaonline-descendente.html-pagina-162.html
https://www.inmuebles24.com/propiedades/clasificado/veclcain-casa-en-venta-fracc.-rinconada-palmira-tinguindin-149219285.html,6990000,"MN 6,990,000",MXN,venta,Casa,Palmira Tingüindín,Cuernavaca,Morelos,297.0,563.0,Publicado hace 155 días,2026-03-10T16:30:09Z,2026-08-12T17:28:15.906288+00:00,https://www.inmuebles24.com/casas-o-casa-en-condominio-o-departamentos-en-venta-en-morelos-provincia-ordenado-por-fechaonline-descendente.html-pagina-162.html
https://www.inmuebles24.com/propiedades/clasificado/veclcain-casa-en-venta-univel-con-vigilancia-fracc.-las-149224621.html,6590000,"MN 6,590,000",MXN,venta,Casa,Fraccionamiento Las Fincas,Jiutepec,Morelos,175.0,912.0,Publicado hace 155 días,2026-03-10T21:48:10Z,2026-08-12T17:28:15.906288+00:00,https://www.inmuebles24.com/casas-o-casa-en-condominio-o-departamentos-en-venta-en-morelos-provincia-ordenado-por-fechaonline-descendente.html-pagina-162.html
https://www.inmuebles24.com/propiedades/clasificado/veclcain-casa-en-venta-y-renta-vista-hermosa-fracc-con-149226419.html,9550000,"MN 9,550,000",MXN,venta,Casa,Vista Hermosa,Cuernavaca,Morelos,392.0,250.0,Publicado hace 155 días,2026-03-11T00:00:54Z,2026-08-12T17:28:15.906288+00:00,https://www.inmuebles24.com/casas-o-casa-en-condominio-o-departamentos-en-venta-en-morelos-provincia-ordenado-por-fechaonline-descendente.html-pagina-162.html
https://www.inmuebles24.com/propiedades/clasificado/veclcain-casa-en-venta-zona-norte-cuernavaca-vigilancia-149219277.html,6990000,"MN 6,990,000",MXN,venta,Casa,Pueblo Ahuatepec,Cuernavaca,Morelos,463.0,845.0,Publicado hace 155 días,2026-03-10T16:30:05Z,2026-08-12T17:28:15.906288+00:00,https://www.inmuebles24.com/casas-o-casa-en-condominio-o-departamentos-en-venta-en-morelos-provincia-ordenado-por-fechaonline-descendente.html-pagina-162.html
https://www.inmuebles24.com/propiedades/clasificado/veclcain-casa-fraccionamiento-las-garzas-149226459.html,8554000,"MN 8,554,000",MXN,venta,Casa,Fraccionamiento Las Garzas,Cuernavaca,Morelos,400.0,506.0,Publicado hace 155 días,2026-03-11T00:03:24Z,2026-08-12T17:28:15.906288+00:00,https://www.inmuebles24.com/casas-o-casa-en-condominio-o-departamentos-en-venta-en-morelos-provincia-ordenado-por-fechaonline-descendente.html-pagina-162.html
https://www.inmuebles24.com/propiedades/clasificado/veclcain-casa-moderna-en-venta-colonia-vista-hermosa-149226420.html,7490000,"MN 7,490,000",MXN,venta,Casa,Vista Hermosa,Cuernavaca,Morelos,257.0,302.0,Publicado hace 155 días,2026-03-11T00:00:55Z,2026-08-12T17:28:15.906288+00:00,https://www.inmuebles24.com/casas-o-casa-en-condominio-o-departamentos-en-venta-en-morelos-provincia-ordenado-por-fechaonline-descendente.html-pagina-162.html
https://www.inmuebles24.com/propiedades/clasificado/veclcain-casa-nueva-en-venta-al-sur-de-cuernavaca-col.-lomas-149224615.html,4400000,"MN 4,400,000",MXN,venta,Casa,Fraccionamiento Lomas de Cuernavaca,Temixco,Morelos,197.0,210.0,Publicado hace 155 días,2026-03-10T21:48:10Z,2026-08-12T17:29:39.889861+00:00,https://www.inmuebles24.com/casas-o-casa-en-condominio-o-departamentos-en-venta-en-morelos-provincia-ordenado-por-fechaonline-descendente.html-pagina-162.html
https://www.inmuebles24.com/propiedades/clasificado/veclcain-casa-nueva-en-venta-exclusiva-privada-en-col.-149224624.html,6800000,"MN 6,800,000",MXN,venta,Casa,El Vergel,Cuernavaca,Morelos,206.0,250.0,Publicado hace 155 días,2026-03-10T21:48:11Z,2026-08-12T17:29:39.889861+00:00,https://www.inmuebles24.com/casas-o-casa-en-condominio-o-departamentos-en-venta-en-morelos-provincia-ordenado-por-fechaonline-descendente.html-pagina-162.html
https://www.inmuebles24.com/propiedades/clasificado/veclcain-casa-nueva-en-venta-privada-con-vigilancia-zona-149226410.html,7250000,"MN 7,250,000",MXN,venta,Casa,Pueblo Santa María Ahuacatitlán,Cuernavaca,Morelos,270.0,270.0,Publicado hace 155 días,2026-03-11T00:00:54Z,2026-08-12T17:29:39.889861+00:00,https://www.inmuebles24.com/casas-o-casa-en-condominio-o-departamentos-en-venta-en-morelos-provincia-ordenado-por-fechaonline-descendente.html-pagina-162.html
https://www.inmuebles24.com/propiedades/clasificado/veclcain-casa-nueva-moderna-fracc.-zona-norte-con-vigilancia-149224536.html,7800000,"MN 7,800,000",MXN,venta,Casa,Lomas de Tetela,Cuernavaca,Morelos,549.0,549.0,Publicado hace 155 días,2026-03-10T21:42:17Z,2026-08-12T17:29:39.889861+00:00,https://www.inmuebles24.com/casas-o-casa-en-condominio-o-departamentos-en-venta-en-morelos-provincia-ordenado-por-fechaonline-descendente.html-pagina-162.html
https://www.inmuebles24.com/propiedades/clasificado/veclcain-casa-sola-en-venta-colonia-reforma-149224619.html,9450000,"MN 9,450,000",MXN,venta,Casa,Reforma,Cuernavaca,Morelos,576.0,560.0,Publicado hace 155 días,2026-03-10T21:48:10Z,2026-08-12T17:29:39.889861+00:00,https://www.inmuebles24.com/casas-o-casa-en-condominio-o-departamentos-en-venta-en-morelos-provincia-ordenado-por-fechaonline-descendente.html-pagina-162.html
https://www.inmuebles24.com/propiedades/clasificado/veclcain-casa-sola-para-remodelar-en-col.-lomas-de-cuernavaca-149226417.html,6150000,"MN 6,150,000",MXN,venta,Casa,Fraccionamiento Lomas de Cuernavaca,Temixco,Morelos,340.0,1290.0,Publicado hace 155 días,2026-03-11T00:00:54Z,2026-08-12T17:29:39.889861+00:00,https://www.inmuebles24.com/casas-o-casa-en-condominio-o-departamentos-en-venta-en-morelos-provincia-ordenado-por-fechaonline-descendente.html-pagina-162.html
https://www.inmuebles24.com/propiedades/clasificado/veclcain-casa-univel-en-venta-zona-de-sumiya-149219281.html,7550000,"MN 7,550,000",MXN,venta,Casa,Fraccionamiento Real Hacienda de San José,Jiutepec,Morelos,460.0,670.0,Publicado hace 155 días,2026-03-10T16:30:08Z,2026-08-12T17:29:39.889861+00:00,https://www.inmuebles24.com/casas-o-casa-en-condominio-o-departamentos-en-venta-en-morelos-provincia-ordenado-por-fechaonline-descendente.html-pagina-162.html
https://www.inmuebles24.com/propiedades/clasificado/veclcain-casa-venta-domingo-diez-149220999.html,4700000,"MN 4,700,000",MXN,venta,Casa,Lomas de la Selva,Cuernavaca,Morelos,207.0,240.0,Publicado hace 155 días,2026-03-10T17:45:11Z,2026-08-12T17:29:39.889861+00:00,https://www.inmuebles24.com/casas-o-casa-en-condominio-o-departamentos-en-venta-en-morelos-provincia-ordenado-por-fechaonline-descendente.html-pagina-162.html
https://www.inmuebles24.com/propiedades/clasificado/veclcain-casas-para-remodelar-en-venta-col.-delicias-149219288.html,6800000,"MN 6,800,000",MXN,venta,Casa,Delicias,Cuernavaca,Morelos,500.0,1100.0,Publicado hace 155 días,2026-03-10T16:30:09Z,2026-08-12T17:29:39.889861+00:00,https://www.inmuebles24.com/casas-o-casa-en-condominio-o-departamentos-en-venta-en-morelos-provincia-ordenado-por-fechaonline-descendente.html-pagina-162.html
https://www.inmuebles24.com/propiedades/clasificado/veclcain-fovissste-tradicional-infonavit-total-cofinavit-149199601.html,2603100,"MN 2,603,100",MXN,venta,Casa,Tequesquitengo,Jojutla,Morelos,72.0,72.0,Publicado hace 156 días,2026-03-09T17:30:44Z,2026-08-12T17:29:39.889861+00:00,https://www.inmuebles24.com/casas-o-casa-en-condominio-o-departamentos-en-venta-en-morelos-provincia-ordenado-por-fechaonline-descendente.html-pagina-162.html
https://www.inmuebles24.com/propiedades/clasificado/veclcain-oportunidad-casa-en-fracc.-con-vigilancia-col.-lomas-149219287.html,12500000,"MN 12,500,000",MXN,venta,Casa,Lomas de Cortes,Cuernavaca,Morelos,729.0,2526.0,Publicado hace 155 días,2026-03-10T16:30:09Z,2026-08-12T17:30:53.074644+00:00,https://www.inmuebles24.com/casas-o-casa-en-condominio-o-departamentos-en-venta-en-morelos-provincia-ordenado-por-fechaonline-descendente.html-pagina-162.html
https://www.inmuebles24.com/propiedades/clasificado/veclcain-oportunidad-casa-en-venta-col.-palmira-vigilancia-149219282.html,8300000,"MN 8,300,000",MXN,venta,Casa,Palmira Tingüindín,Cuernavaca,Morelos,274.0,717.0,Publicado hace 155 días,2026-03-10T16:30:08Z,2026-08-12T17:30:53.074644+00:00,https://www.inmuebles24.com/casas-o-casa-en-condominio-o-departamentos-en-venta-en-morelos-provincia-ordenado-por-fechaonline-descendente.html-pagina-162.html
https://www.inmuebles24.com/propiedades/clasificado/veclccin-casa-condominio-en-venta-col.-jardines-de-reforma-149224620.html,4200000,"MN 4,200,000",MXN,venta,Casa en condominio,Fraccionamiento Jardines de Reforma,Cuernavaca,Morelos,147.0,185.0,Publicado hace 155 días,2026-03-10T21:48:10Z,2026-08-12T17:30:53.074644+00:00,https://www.inmuebles24.com/casas-o-casa-en-condominio-o-departamentos-en-venta-en-morelos-provincia-ordenado-por-fechaonline-descendente.html-pagina-162.html
https://www.inmuebles24.com/propiedades/clasificado/veclccin-casa-en-condominio-en-santa-fe-zona-sur-149219278.html,2575000,"MN 2,575,000",MXN,venta,Casa en condominio,Colinas de Santa Fe,Xochitepec,Morelos,160.0,200.0,Publicado hace 155 días,2026-03-10T16:30:05Z,2026-08-12T17:30:53.074644+00:00,https://www.inmuebles24.com/casas-o-casa-en-condominio-o-departamentos-en-venta-en-morelos-provincia-ordenado-por-fechaonline-descendente.html-pagina-162.html
https://www.inmuebles24.com/propiedades/clasificado/veclccin-casa-en-venta-condominio-col.-san-anton-vigilancia-149224623.html,5250000,"MN 5,250,000",MXN,venta,Casa en condominio,San Antón,Cuernavaca,Morelos,205.0,230.0,Publicado hace 155 días,2026-03-10T21:48:11Z,2026-08-12T17:30:53.074644+00:00,https://www.inmuebles24.com/casas-o-casa-en-condominio-o-departamentos-en-venta-en-morelos-provincia-ordenado-por-fechaonline-descendente.html-pagina-162.html
https://www.inmuebles24.com/propiedades/clasificado/veclccin-casa-nueva-moderna-kloster-con-vigilancia-par-vial-149219335.html,5300000,"MN 5,300,000",MXN,venta,Casa en condominio,,Jiutepec,Morelos,240.0,240.0,Publicado hace 155 días,2026-03-10T16:31:34Z,2026-08-12T17:30:53.074644+00:00,https://www.inmuebles24.com/casas-o-casa-en-condominio-o-departamentos-en-venta-en-morelos-provincia-ordenado-por-fechaonline-descendente.html-pagina-162.html
https://www.inmuebles24.com/propiedades/clasificado/veclapin--departamento-en-venta-muy-cerca-uaem!-149187236.html,1250000,"MN 1,250,000",MXN,venta,Apartamento,Lienzo El Charro,Cuernavaca,Morelos,60.0,60.0,Publicado hace 158 días,2026-03-07T15:26:54Z,2026-08-12T17:30:53.074644+00:00,https://www.inmuebles24.com/casas-o-casa-en-condominio-o-departamentos-en-venta-en-morelos-provincia-ordenado-por-fechaonline-descendente.html-pagina-163.html
https://www.inmuebles24.com/propiedades/clasificado/veclapin-departamento-en-planta-baja-con-alberca-en-punta-verde-149190661.html,740000,"MN 740,000",MXN,venta,Apartamento,,Temixco,Morelos,42.0,42.0,Publicado hace 158 días,2026-03-08T01:55:57Z,2026-08-12T17:30:53.074644+00:00,https://www.inmuebles24.com/casas-o-casa-en-condominio-o-departamentos-en-venta-en-morelos-provincia-ordenado-por-fechaonline-descendente.html-pagina-163.html
https://www.inmuebles24.com/propiedades/clasificado/veclapin-residencial-averanda-villas-del-lago-cuernavaca.-149207921.html,3500000,"MN 3,500,000",MXN,venta,Apartamento,Fraccionamiento Villas del Lago,Cuernavaca,Morelos,68.0,68.0,Publicado hace 156 días,2026-03-09T23:43:43Z,2026-08-12T17:30:53.074644+00:00,https://www.inmuebles24.com/casas-o-casa-en-condominio-o-departamentos-en-venta-en-morelos-provincia-ordenado-por-fechaonline-descendente.html-pagina-163.html
https://www.inmuebles24.com/propiedades/clasificado/veclcain--casa-tipo-loft-con-elevador-al-norte-de-cuernavaca!-149195892.html,2650000,"MN 2,650,000",MXN,venta,Casa,Ocotepec,Cuernavaca,Morelos,170.0,205.0,Publicado hace 156 días,2026-03-09T12:47:40Z,2026-08-12T17:30:53.074644+00:00,https://www.inmuebles24.com/casas-o-casa-en-condominio-o-departamentos-en-venta-en-morelos-provincia-ordenado-por-fechaonline-descendente.html-pagina-163.html
https://www.inmuebles24.com/propiedades/clasificado/veclcain-c-casa-con-600-m-sup2--de-superficie-de-terreno-5-149206546.html,15900000,"MN 15,900,000",MXN,venta,Casa,El Mascareño,Cuernavaca,Morelos,813.0,600.0,Publicado hace 156 días,2026-03-09T22:06:07Z,2026-08-12T17:32:19.590058+00:00,https://www.inmuebles24.com/casas-o-casa-en-condominio-o-departamentos-en-venta-en-morelos-provincia-ordenado-por-fechaonline-descendente.html-pagina-163.html
https://www.inmuebles24.com/propiedades/clasificado/veclcain-casa-con-alberca-propia-en-venta-en-yautepec-149187352.html,3300000,"MN 3,300,000",MXN,venta,Casa,Buenavista,Yautepec,Morelos,124.0,484.0,Publicado hace 158 días,2026-03-07T15:57:15Z,2026-08-12T17:32:19.590058+00:00,https://www.inmuebles24.com/casas-o-casa-en-condominio-o-departamentos-en-venta-en-morelos-provincia-ordenado-por-fechaonline-descendente.html-pagina-163.html
https://www.inmuebles24.com/propiedades/clasificado/veclcain-casa-de-un-piso-en-preventa-ubicada-en-lomas-de-149198515.html,5800000,"MN 5,800,000",MXN,venta,Casa,Fraccionamiento Lomas de Cocoyoc,Atlatlahucan,Morelos,130.0,349.0,Publicado hace 156 días,2026-03-09T16:48:29Z,2026-08-12T17:32:19.590058+00:00,https://www.inmuebles24.com/casas-o-casa-en-condominio-o-departamentos-en-venta-en-morelos-provincia-ordenado-por-fechaonline-descendente.html-pagina-163.html
https://www.inmuebles24.com/propiedades/clasificado/veclcain-casa-en-renta-o-venta-al-norte-de-cuernavaca-con-149195782.html,6700000,"MN 6,700,000",MXN,venta,Casa,Fraccionamiento Rancho Tetela,Cuernavaca,Morelos,280.0,400.0,Publicado hace 156 días,2026-03-09T07:38:12Z,2026-08-12T17:32:19.590058+00:00,https://www.inmuebles24.com/casas-o-casa-en-condominio-o-departamentos-en-venta-en-morelos-provincia-ordenado-por-fechaonline-descendente.html-pagina-163.html
https://www.inmuebles24.com/propiedades/clasificado/veclcain-casa-en-venta-149193285.html,11000000,"MN 11,000,000",MXN,venta,Casa,,Cuernavaca,Morelos,422.0,2170.0,Publicado hace 157 días,2026-03-08T23:01:52Z,2026-08-12T17:32:19.590058+00:00,https://www.inmuebles24.com/casas-o-casa-en-condominio-o-departamentos-en-venta-en-morelos-provincia-ordenado-por-fechaonline-descendente.html-pagina-163.html
https://www.inmuebles24.com/propiedades/clasificado/veclcain-casa-en-venta-4-recamaras-con-seguridad-y-alberca-en-149197951.html,7500000,"MN 7,500,000",MXN,venta,Casa,Palmira Tingüindín,Cuernavaca,Morelos,470.0,505.0,Publicado hace 156 días,2026-03-09T16:20:54Z,2026-08-12T17:32:19.590058+00:00,https://www.inmuebles24.com/casas-o-casa-en-condominio-o-departamentos-en-venta-en-morelos-provincia-ordenado-por-fechaonline-descendente.html-pagina-163.html
https://www.inmuebles24.com/propiedades/clasificado/veclcain-casa-en-venta-de-3-niveles-para-proyectos-corporativos-149186733.html,9990000,"MN 9,990,000",MXN,venta,Casa,Vista Hermosa,Cuernavaca,Morelos,458.0,252.0,Publicado hace 158 días,2026-03-07T12:46:39Z,2026-08-12T17:32:19.590058+00:00,https://www.inmuebles24.com/casas-o-casa-en-condominio-o-departamentos-en-venta-en-morelos-provincia-ordenado-por-fechaonline-descendente.html-pagina-163.html
https://www.inmuebles24.com/propiedades/clasificado/veclcain-casa-en-venta-en-cuernavaca-149206982.html,4750000,"MN 4,750,000",MXN,venta,Casa,,Cuernavaca,Morelos,245.0,300.0,Publicado hace 156 días,2026-03-09T22:41:49Z,2026-08-12T17:32:19.590058+00:00,https://www.inmuebles24.com/casas-o-casa-en-condominio-o-departamentos-en-venta-en-morelos-provincia-ordenado-por-fechaonline-descendente.html-pagina-163.html
https://www.inmuebles24.com/propiedades/clasificado/veclcain-casa-en-venta-en-lomas-de-cocoyoc-149209359.html,15000000,"MN 15,000,000",MXN,venta,Casa,Fraccionamiento Lomas de Cocoyoc,Atlatlahucan,Morelos,661.0,3000.0,Publicado hace 156 días,2026-03-10T02:18:38Z,2026-08-12T17:32:19.590058+00:00,https://www.inmuebles24.com/casas-o-casa-en-condominio-o-departamentos-en-venta-en-morelos-provincia-ordenado-por-fechaonline-descendente.html-pagina-163.html
https://www.inmuebles24.com/propiedades/clasificado/veclcain-casa-en-venta-en-lomas-de-cocoyoc-con-alberca-con-149198870.html,14500000,"MN 14,500,000",MXN,venta,Casa,Fraccionamiento Lomas de Cocoyoc,Atlatlahucan,Morelos,530.0,662.0,Publicado hace 156 días,2026-03-09T17:04:47Z,2026-08-12T17:32:19.590058+00:00,https://www.inmuebles24.com/casas-o-casa-en-condominio-o-departamentos-en-venta-en-morelos-provincia-ordenado-por-fechaonline-descendente.html-pagina-163.html
https://www.inmuebles24.com/propiedades/clasificado/veclcain-casa-en-venta-estilo-cuernavaca-con-seguridad-24-7-149195538.html,5990000,"MN 5,990,000",MXN,venta,Casa,Lomas de Cortes,Cuernavaca,Morelos,260.0,455.0,Publicado hace 156 días,2026-03-09T04:28:14Z,2026-08-12T17:33:38.880238+00:00,https://www.inmuebles24.com/casas-o-casa-en-condominio-o-departamentos-en-venta-en-morelos-provincia-ordenado-por-fechaonline-descendente.html-pagina-163.html
https://www.inmuebles24.com/propiedades/clasificado/veclcain-casa-en-venta-paraiso-country-club-149194029.html,14995000,"MN 14,995,000",MXN,venta,Casa,Fraccionamiento Paraíso Country Club,Emiliano Zapata,Morelos,465.0,450.0,Publicado hace 157 días,2026-03-09T03:14:26Z,2026-08-12T17:33:38.880238+00:00,https://www.inmuebles24.com/casas-o-casa-en-condominio-o-departamentos-en-venta-en-morelos-provincia-ordenado-por-fechaonline-descendente.html-pagina-163.html
https://www.inmuebles24.com/propiedades/clasificado/veclcain-casa-grande-en-paseos-de-tezoyuca-4-recamaras-alberca-149204196.html,2000000,"MN 2,000,000",MXN,venta,Casa,,Emiliano Zapata,Morelos,134.0,75.0,Publicado hace 156 días,2026-03-09T20:21:22Z,2026-08-12T17:33:38.880238+00:00,https://www.inmuebles24.com/casas-o-casa-en-condominio-o-departamentos-en-venta-en-morelos-provincia-ordenado-por-fechaonline-descendente.html-pagina-163.html
https://www.inmuebles24.com/propiedades/clasificado/veclcain-cuernavaca-morelos-invierte-en-esta-linda-propiedad-149193902.html,1350000,"MN 1,350,000",MXN,venta,Casa,"Fraccionamiento Las Garzas I, II, III Y IV",Emiliano Zapata,Morelos,72.0,66.0,Publicado hace 156 días,2026-03-09T02:42:49Z,2026-08-12T17:33:38.880238+00:00,https://www.inmuebles24.com/casas-o-casa-en-condominio-o-departamentos-en-venta-en-morelos-provincia-ordenado-por-fechaonline-descendente.html-pagina-163.html
https://www.inmuebles24.com/propiedades/clasificado/veclcain-elegancia-y-oasis-privado-en-lomas-de-cocoyoc-149193840.html,16300000,"MN 16,300,000",MXN,venta,Casa,Fraccionamiento Lomas de Cocoyoc,Atlatlahucan,Morelos,512.0,627.0,Publicado hace 157 días,2026-03-09T02:21:39Z,2026-08-12T17:33:38.880238+00:00,https://www.inmuebles24.com/casas-o-casa-en-condominio-o-departamentos-en-venta-en-morelos-provincia-ordenado-por-fechaonline-descendente.html-pagina-163.html
https://www.inmuebles24.com/propiedades/clasificado/veclcain-estrena-casa-con-alberca-y-jardin-en-col.-3-de-mayo-a-149206569.html,3590000,"MN 3,590,000",MXN,venta,Casa,Tres de Mayo,Emiliano Zapata,Morelos,200.0,270.0,Publicado hace 156 días,2026-03-09T22:07:17Z,2026-08-12T17:33:38.880238+00:00,https://www.inmuebles24.com/casas-o-casa-en-condominio-o-departamentos-en-venta-en-morelos-provincia-ordenado-por-fechaonline-descendente.html-pagina-163.html
https://www.inmuebles24.com/propiedades/clasificado/veclcain-residencia-de-gran-formato-en-lomas-de-cocoyoc:-149193972.html,15600000,"MN 15,600,000",MXN,venta,Casa,Fraccionamiento Lomas de Cocoyoc,Atlatlahucan,Morelos,480.0,520.0,Publicado hace 157 días,2026-03-09T03:04:32Z,2026-08-12T17:33:38.880238+00:00,https://www.inmuebles24.com/casas-o-casa-en-condominio-o-departamentos-en-venta-en-morelos-provincia-ordenado-por-fechaonline-descendente.html-pagina-163.html
https://www.inmuebles24.com/propiedades/clasificado/veclcain-venta-de-casa-sola-con-alberca-en-morelos-149193016.html,6480000,"MN 6,480,000",MXN,venta,Casa,Lomas de Jiutepec,Jiutepec,Morelos,260.0,240.0,Publicado hace 157 días,2026-03-08T20:32:43Z,2026-08-12T17:33:38.880238+00:00,https://www.inmuebles24.com/casas-o-casa-en-condominio-o-departamentos-en-venta-en-morelos-provincia-ordenado-por-fechaonline-descendente.html-pagina-163.html
https://www.inmuebles24.com/propiedades/clasificado/veclccin--casa-tipo-loft-industrial-en-cuernavaca!-149195943.html,2950000,"MN 2,950,000",MXN,venta,Casa en condominio,Pueblo Ahuatepec,Cuernavaca,Morelos,86.0,180.0,Publicado hace 156 días,2026-03-09T13:22:23Z,2026-08-12T17:33:38.880238+00:00,https://www.inmuebles24.com/casas-o-casa-en-condominio-o-departamentos-en-venta-en-morelos-provincia-ordenado-por-fechaonline-descendente.html-pagina-163.html
https://www.inmuebles24.com/propiedades/clasificado/veclccin--moderna-casa-con-alberca-propia-al-norte-de-149195885.html,3600000,"MN 3,600,000",MXN,venta,Casa en condominio,Pueblo Ahuatepec,Cuernavaca,Morelos,140.0,180.0,Publicado hace 156 días,2026-03-09T12:28:02Z,2026-08-12T17:33:38.880238+00:00,https://www.inmuebles24.com/casas-o-casa-en-condominio-o-departamentos-en-venta-en-morelos-provincia-ordenado-por-fechaonline-descendente.html-pagina-163.html
https://www.inmuebles24.com/propiedades/clasificado/veclccin--moderna-casa-con-doble-altura-en-cumbres-de-san-149208909.html,3950000,"MN 3,950,000",MXN,venta,Casa en condominio,Pueblo Ahuatepec,Cuernavaca,Morelos,158.0,180.0,Publicado hace 156 días,2026-03-10T01:27:55Z,2026-08-12T17:34:50.631072+00:00,https://www.inmuebles24.com/casas-o-casa-en-condominio-o-departamentos-en-venta-en-morelos-provincia-ordenado-por-fechaonline-descendente.html-pagina-163.html
https://www.inmuebles24.com/propiedades/clasificado/veclccin-bonita-casa-en-valle-esmeralda-emiliano-zapata-149190545.html,1180000,"MN 1,180,000",MXN,venta,Casa en condominio,,Emiliano Zapata,Morelos,60.0,50.0,Publicado hace 158 días,2026-03-08T01:14:13Z,2026-08-12T17:34:50.631072+00:00,https://www.inmuebles24.com/casas-o-casa-en-condominio-o-departamentos-en-venta-en-morelos-provincia-ordenado-por-fechaonline-descendente.html-pagina-163.html
https://www.inmuebles24.com/propiedades/clasificado/veclccin-d-casa-con-4-recamaras-de-90-m-sup2--en-venta-en-149186737.html,1690000,"MN 1,690,000",MXN,venta,Casa en condominio,,Emiliano Zapata,Morelos,90.0,90.0,Publicado hace 158 días,2026-03-07T12:53:26Z,2026-08-12T17:34:50.631072+00:00,https://www.inmuebles24.com/casas-o-casa-en-condominio-o-departamentos-en-venta-en-morelos-provincia-ordenado-por-fechaonline-descendente.html-pagina-163.html
https://www.inmuebles24.com/propiedades/clasificado/veclccin-hermosa-casa-para-descansar-y-relajarse-residencial-149090860.html,2700000,"MN 2,700,000",MXN,venta,Casa en condominio,Emiliano Zapata,Emiliano Zapata,Morelos,84.0,70.0,Publicado hace 157 días,2026-02-26T03:43:26Z,2026-08-12T17:34:50.631072+00:00,https://www.inmuebles24.com/casas-o-casa-en-condominio-o-departamentos-en-venta-en-morelos-provincia-ordenado-por-fechaonline-descendente.html-pagina-163.html
https://www.inmuebles24.com/propiedades/clasificado/veclccin-venta-de-casa-en-fraccionamiento-san-antonio-temixco-149189845.html,1600000,"MN 1,600,000",MXN,venta,Casa en condominio,,Temixco,Morelos,79.0,79.0,Publicado hace 158 días,2026-03-07T20:37:43Z,2026-08-12T17:34:50.631072+00:00,https://www.inmuebles24.com/casas-o-casa-en-condominio-o-departamentos-en-venta-en-morelos-provincia-ordenado-por-fechaonline-descendente.html-pagina-163.html
https://www.inmuebles24.com/propiedades/clasificado/veclapin-departamento-con-alberca-en-campo-verde-temixco-149190612.html,680000,"MN 680,000",MXN,venta,Apartamento,,Temixco,Morelos,42.0,42.0,Publicado hace 158 días,2026-03-08T01:35:26Z,2026-08-12T17:34:50.631072+00:00,https://www.inmuebles24.com/casas-o-casa-en-condominio-o-departamentos-en-venta-en-morelos-provincia-ordenado-por-fechaonline-descendente.html-pagina-164.html
https://www.inmuebles24.com/propiedades/clasificado/veclcain--loft-industrial-en-condominio-xochitepec-mor!-149182378.html,2730000,"MN 2,730,000",MXN,venta,Casa,Club de Golf Santa Fe,Xochitepec,Morelos,91.0,97.0,Publicado hace 159 días,2026-03-06T22:05:35Z,2026-08-12T17:34:50.631072+00:00,https://www.inmuebles24.com/casas-o-casa-en-condominio-o-departamentos-en-venta-en-morelos-provincia-ordenado-por-fechaonline-descendente.html-pagina-164.html
https://www.inmuebles24.com/propiedades/clasificado/veclcain-casa-1-nivel-con-2-bungalows-5-rec-amaras-alberca-149167270.html,9000000,"MN 9,000,000",MXN,venta,Casa,Real del Puente,Xochitepec,Morelos,480.0,2200.0,Publicado hace 160 días,2026-03-05T15:35:09Z,2026-08-12T17:34:50.631072+00:00,https://www.inmuebles24.com/casas-o-casa-en-condominio-o-departamentos-en-venta-en-morelos-provincia-ordenado-por-fechaonline-descendente.html-pagina-164.html
https://www.inmuebles24.com/propiedades/clasificado/veclcain-casa-ampliada-en-la-campina-tetecalita-emiliano-zapata-149190318.html,800000,"MN 800,000",MXN,venta,Casa,Pueblo Tetecalita,Emiliano Zapata,Morelos,80.0,45.0,Publicado hace 158 días,2026-03-07T23:34:10Z,2026-08-12T17:34:50.631072+00:00,https://www.inmuebles24.com/casas-o-casa-en-condominio-o-departamentos-en-venta-en-morelos-provincia-ordenado-por-fechaonline-descendente.html-pagina-164.html
https://www.inmuebles24.com/propiedades/clasificado/veclcain-casa-comercial-en-venta-en-civac-1a-seccion-jiutepec-149180207.html,2750000,"MN 2,750,000",MXN,venta,Casa,Centro Jiutepec,Jiutepec,Morelos,234.0,234.0,Publicado hace 159 días,2026-03-06T19:12:48Z,2026-08-12T17:34:50.631072+00:00,https://www.inmuebles24.com/casas-o-casa-en-condominio-o-departamentos-en-venta-en-morelos-provincia-ordenado-por-fechaonline-descendente.html-pagina-164.html
https://www.inmuebles24.com/propiedades/clasificado/veclcain-casa-con-alberca-en-zona-colegios-y-ubicacion-149171473.html,4200000,"MN 4,200,000",MXN,venta,Casa,Emiliano Zapata,Cuautla,Morelos,270.0,162.0,Publicado hace 160 días,2026-03-05T20:00:49Z,2026-08-12T17:36:17.578906+00:00,https://www.inmuebles24.com/casas-o-casa-en-condominio-o-departamentos-en-venta-en-morelos-provincia-ordenado-por-fechaonline-descendente.html-pagina-164.html
https://www.inmuebles24.com/propiedades/clasificado/veclcain-casa-de-lujo-frente-al-fairway-en-paraiso-country-club-149166735.html,18000000,"MN 18,000,000",MXN,venta,Casa,Fraccionamiento Paraíso Country Club,Emiliano Zapata,Morelos,505.0,480.0,Publicado hace 160 días,2026-03-05T13:09:07Z,2026-08-12T17:36:17.578906+00:00,https://www.inmuebles24.com/casas-o-casa-en-condominio-o-departamentos-en-venta-en-morelos-provincia-ordenado-por-fechaonline-descendente.html-pagina-164.html
https://www.inmuebles24.com/propiedades/clasificado/veclcain-casa-en-delicias-149172688.html,11650000,"MN 11,650,000",MXN,venta,Casa,Delicias,Cuernavaca,Morelos,350.0,299.0,Publicado hace 160 días,2026-03-05T21:39:28Z,2026-08-12T17:36:17.578906+00:00,https://www.inmuebles24.com/casas-o-casa-en-condominio-o-departamentos-en-venta-en-morelos-provincia-ordenado-por-fechaonline-descendente.html-pagina-164.html
https://www.inmuebles24.com/propiedades/clasificado/veclcain-casa-en-venta-en-el-lago-de-tequesquitengo-morelos-149182937.html,12900000,"MN 12,900,000",MXN,venta,Casa,,Jojutla,Morelos,459.0,760.0,Publicado hace 159 días,2026-03-06T22:51:46Z,2026-08-12T17:36:17.578906+00:00,https://www.inmuebles24.com/casas-o-casa-en-condominio-o-departamentos-en-venta-en-morelos-provincia-ordenado-por-fechaonline-descendente.html-pagina-164.html
https://www.inmuebles24.com/propiedades/clasificado/veclcain-casa-en-venta-en-lomas-del-mirador-149179954.html,5800000,"MN 5,800,000",MXN,venta,Casa,Lomas del Mirador,Cuernavaca,Morelos,400.0,576.0,Publicado hace 159 días,2026-03-06T18:56:32Z,2026-08-12T17:36:17.578906+00:00,https://www.inmuebles24.com/casas-o-casa-en-condominio-o-departamentos-en-venta-en-morelos-provincia-ordenado-por-fechaonline-descendente.html-pagina-164.html
https://www.inmuebles24.com/propiedades/clasificado/veclcain-casa-en-venta-en-palmira-fracc.-las-garzas-con-149181212.html,8554000,"MN 8,554,000",MXN,venta,Casa,Palmira Tingüindín,Cuernavaca,Morelos,400.0,506.0,Publicado hace 159 días,2026-03-06T20:19:56Z,2026-08-12T17:36:17.578906+00:00,https://www.inmuebles24.com/casas-o-casa-en-condominio-o-departamentos-en-venta-en-morelos-provincia-ordenado-por-fechaonline-descendente.html-pagina-164.html
https://www.inmuebles24.com/propiedades/clasificado/veclcain-casa-estilo-industrial-con-alberca-y-jardin-propio-en-149180352.html,3498000,"MN 3,498,000",MXN,venta,Casa,Ejido Acapatzingo,Cuernavaca,Morelos,211.0,150.0,Publicado hace 159 días,2026-03-06T19:25:54Z,2026-08-12T17:36:17.578906+00:00,https://www.inmuebles24.com/casas-o-casa-en-condominio-o-departamentos-en-venta-en-morelos-provincia-ordenado-por-fechaonline-descendente.html-pagina-164.html
https://www.inmuebles24.com/propiedades/clasificado/veclcain-casa-fraccionamiento-paseos-del-rio-149176968.html,900000,"MN 900,000",MXN,venta,Casa,Fraccionamiento Paseos del Río,Emiliano Zapata,Morelos,,,Publicado hace 159 días,2026-03-06T14:39:24Z,2026-08-12T17:36:17.578906+00:00,https://www.inmuebles24.com/casas-o-casa-en-condominio-o-departamentos-en-venta-en-morelos-provincia-ordenado-por-fechaonline-descendente.html-pagina-164.html
https://www.inmuebles24.com/propiedades/clasificado/veclcain-casa-residencial-con-alberca-y-jardin-privados-sumiya-149169226.html,8950000,"MN 8,950,000",MXN,venta,Casa,Sumiya,Jiutepec,Morelos,346.0,640.0,Publicado hace 160 días,2026-03-05T17:48:14Z,2026-08-12T17:36:17.578906+00:00,https://www.inmuebles24.com/casas-o-casa-en-condominio-o-departamentos-en-venta-en-morelos-provincia-ordenado-por-fechaonline-descendente.html-pagina-164.html
https://www.inmuebles24.com/propiedades/clasificado/veclcain-casa-sola-en-lomas-de-tlahuapan-149181025.html,4780000,"MN 4,780,000",MXN,venta,Casa,Lomas de Tlahuapan,Jiutepec,Morelos,300.0,275.0,Publicado hace 159 días,2026-03-06T20:09:28Z,2026-08-12T17:36:17.578906+00:00,https://www.inmuebles24.com/casas-o-casa-en-condominio-o-departamentos-en-venta-en-morelos-provincia-ordenado-por-fechaonline-descendente.html-pagina-164.html
https://www.inmuebles24.com/propiedades/clasificado/veclcain-casa-yautepec-centro-149171015.html,12000000,"MN 12,000,000",MXN,venta,Casa,Yautepec Centro,Yautepec,Morelos,430.0,1100.0,Publicado hace 160 días,2026-03-05T19:30:23Z,2026-08-12T17:37:35.273078+00:00,https://www.inmuebles24.com/casas-o-casa-en-condominio-o-departamentos-en-venta-en-morelos-provincia-ordenado-por-fechaonline-descendente.html-pagina-164.html
https://www.inmuebles24.com/propiedades/clasificado/veclcain-excelente-casa-con-moderno-diseno-149172123.html,10500000,"MN 10,500,000",MXN,venta,Casa,Fraccionamiento Paraíso Country Club,Emiliano Zapata,Morelos,343.0,640.0,Publicado hace 160 días,2026-03-05T20:49:04Z,2026-08-12T17:37:35.273078+00:00,https://www.inmuebles24.com/casas-o-casa-en-condominio-o-departamentos-en-venta-en-morelos-provincia-ordenado-por-fechaonline-descendente.html-pagina-164.html
https://www.inmuebles24.com/propiedades/clasificado/veclcain-exclusiva-propiedad-en-venta-en-paraiso-country-club-149175624.html,9000000,"MN 9,000,000",MXN,venta,Casa,Fraccionamiento Paraíso Country Club,Emiliano Zapata,Morelos,465.0,465.0,Publicado hace 160 días,2026-03-06T01:59:22Z,2026-08-12T17:37:35.273078+00:00,https://www.inmuebles24.com/casas-o-casa-en-condominio-o-departamentos-en-venta-en-morelos-provincia-ordenado-por-fechaonline-descendente.html-pagina-164.html
https://www.inmuebles24.com/propiedades/clasificado/veclcain-quinta-en-tepoztlan:-1-210-m-sup2--con-bungalow-y-149160319.html,11200000,"MN 11,200,000",MXN,venta,Casa,Pueblo San Juan Tlacotenco,Tepoztlán,Morelos,512.0,1210.0,Publicado hace 160 días,2026-03-04T23:26:05Z,2026-08-12T17:37:35.273078+00:00,https://www.inmuebles24.com/casas-o-casa-en-condominio-o-departamentos-en-venta-en-morelos-provincia-ordenado-por-fechaonline-descendente.html-pagina-164.html
https://www.inmuebles24.com/propiedades/clasificado/veclcain-se-vende-casa-de-un-piso-en-exclusivo-fraccionamiento.-149167188.html,5890000,"MN 5,890,000",MXN,venta,Casa,Fraccionamiento Huertas del Llano,Jiutepec,Morelos,187.0,538.0,Publicado hace 160 días,2026-03-05T15:24:51Z,2026-08-12T17:37:35.273078+00:00,https://www.inmuebles24.com/casas-o-casa-en-condominio-o-departamentos-en-venta-en-morelos-provincia-ordenado-por-fechaonline-descendente.html-pagina-164.html
https://www.inmuebles24.com/propiedades/clasificado/veclcain-se-vende-casa-en-la-palma-149189024.html,3600000,"MN 3,600,000",MXN,venta,Casa,Fraccionamiento Residencial La Palma,Jiutepec,Morelos,181.0,180.0,Publicado hace 158 días,2026-03-07T17:34:18Z,2026-08-12T17:37:35.273078+00:00,https://www.inmuebles24.com/casas-o-casa-en-condominio-o-departamentos-en-venta-en-morelos-provincia-ordenado-por-fechaonline-descendente.html-pagina-164.html
https://www.inmuebles24.com/propiedades/clasificado/veclcain-venta-casa-en-paseo-tabachines-lomas-de-cocoyoc-149178676.html,15000000,"MN 15,000,000",MXN,venta,Casa,Fraccionamiento Lomas de Cocoyoc,Atlatlahucan,Morelos,661.0,3000.0,Publicado hace 159 días,2026-03-06T17:12:23Z,2026-08-12T17:37:35.273078+00:00,https://www.inmuebles24.com/casas-o-casa-en-condominio-o-departamentos-en-venta-en-morelos-provincia-ordenado-por-fechaonline-descendente.html-pagina-164.html
https://www.inmuebles24.com/propiedades/clasificado/veclcain-venta-de-casa-con-alberca-en-fracc-jardines-de-149179332.html,3450000,"MN 3,450,000",MXN,venta,Casa,Fraccionamiento Jardines de Tlayacapan,Tlayacapan,Morelos,167.0,209.0,Publicado hace 159 días,2026-03-06T18:04:33Z,2026-08-12T17:37:35.273078+00:00,https://www.inmuebles24.com/casas-o-casa-en-condominio-o-departamentos-en-venta-en-morelos-provincia-ordenado-por-fechaonline-descendente.html-pagina-164.html
https://www.inmuebles24.com/propiedades/clasificado/veclcain-venta-de-casa-en-arco-antiguo-de-san-carlos-ideal-149179045.html,1500000,"MN 1,500,000",MXN,venta,Casa,Pueblo Los Arcos,Yautepec,Morelos,63.0,108.0,Publicado hace 159 días,2026-03-06T17:41:19Z,2026-08-12T17:37:35.273078+00:00,https://www.inmuebles24.com/casas-o-casa-en-condominio-o-departamentos-en-venta-en-morelos-provincia-ordenado-por-fechaonline-descendente.html-pagina-164.html
https://www.inmuebles24.com/propiedades/clasificado/veclcain-venta-de-casa-en-oaxtepec-con-2730-m-de-terreno-149178911.html,8500000,"MN 8,500,000",MXN,venta,Casa,Oaxtepec Centro,Yautepec,Morelos,458.0,2730.0,Publicado hace 159 días,2026-03-06T17:30:03Z,2026-08-12T17:37:35.273078+00:00,https://www.inmuebles24.com/casas-o-casa-en-condominio-o-departamentos-en-venta-en-morelos-provincia-ordenado-por-fechaonline-descendente.html-pagina-164.html
https://www.inmuebles24.com/propiedades/clasificado/veclcain-venta-o-renta-de-casa-en-condominio-zona-centrica-de-149168992.html,5500000,"MN 5,500,000",MXN,venta,Casa,Chapultepec,Cuernavaca,Morelos,200.0,128.0,Publicado hace 160 días,2026-03-05T17:31:38Z,2026-08-12T17:39:01.325397+00:00,https://www.inmuebles24.com/casas-o-casa-en-condominio-o-departamentos-en-venta-en-morelos-provincia-ordenado-por-fechaonline-descendente.html-pagina-164.html
https://www.inmuebles24.com/propiedades/clasificado/veclccin-bonita-casa-en-arcos-de-jiutepec-149190488.html,1500000,"MN 1,500,000",MXN,venta,Casa en condominio,,Jiutepec,Morelos,80.0,60.0,Publicado hace 158 días,2026-03-08T00:49:54Z,2026-08-12T17:39:01.325397+00:00,https://www.inmuebles24.com/casas-o-casa-en-condominio-o-departamentos-en-venta-en-morelos-provincia-ordenado-por-fechaonline-descendente.html-pagina-164.html
https://www.inmuebles24.com/propiedades/clasificado/veclccin-casa-en-jacarandas-oaxtepec-750-m-sup2--con-alberca-y-149176797.html,6140000,"MN 6,140,000",MXN,venta,Casa en condominio,El Capulín,Yautepec,Morelos,329.0,750.0,Publicado hace 159 días,2026-03-06T12:40Z,2026-08-12T17:39:01.325397+00:00,https://www.inmuebles24.com/casas-o-casa-en-condominio-o-departamentos-en-venta-en-morelos-provincia-ordenado-por-fechaonline-descendente.html-pagina-164.html
https://www.inmuebles24.com/propiedades/clasificado/veclccin-casa-en-venta-149182574.html,2785000,"MN 2,785,000",MXN,venta,Casa en condominio,Fraccionamiento Lomas de Cuernavaca,Temixco,Morelos,116.0,180.0,Publicado hace 159 días,2026-03-06T22:21:50Z,2026-08-12T17:39:01.325397+00:00,https://www.inmuebles24.com/casas-o-casa-en-condominio-o-departamentos-en-venta-en-morelos-provincia-ordenado-por-fechaonline-descendente.html-pagina-164.html
https://www.inmuebles24.com/propiedades/clasificado/veclccin-estrena-casa-en-privada-de-4-casas-a-unos-minutos-del-149176855.html,3300000,"MN 3,300,000",MXN,venta,Casa en condominio,Pueblo 3 de Mayo,Emiliano Zapata,Morelos,120.0,100.0,Publicado hace 159 días,2026-03-06T13:36:46Z,2026-08-12T17:39:01.325397+00:00,https://www.inmuebles24.com/casas-o-casa-en-condominio-o-departamentos-en-venta-en-morelos-provincia-ordenado-por-fechaonline-descendente.html-pagina-164.html
https://www.inmuebles24.com/propiedades/clasificado/veclapin-departamento-en-venta-en-club-nautico-tequesquitengo-149173073.html,2100000,"MN 2,100,000",MXN,venta,Apartamento,Jojutla de Juárez Centro,Jojutla,Morelos,95.0,95.0,Publicado hace 160 días,2026-03-05T22:11Z,2026-08-12T17:39:01.325397+00:00,https://www.inmuebles24.com/casas-o-casa-en-condominio-o-departamentos-en-venta-en-morelos-provincia-ordenado-por-fechaonline-descendente.html-pagina-165.html
https://www.inmuebles24.com/propiedades/clasificado/veclcain-burgos-cuernavaca-casa-nueva-149151517.html,3500000,"MN 3,500,000",MXN,venta,Casa,Burgos Cuernavaca,Emiliano Zapata,Morelos,170.0,144.0,Publicado hace 161 días,2026-03-04T14:22:47Z,2026-08-12T17:39:01.325397+00:00,https://www.inmuebles24.com/casas-o-casa-en-condominio-o-departamentos-en-venta-en-morelos-provincia-ordenado-por-fechaonline-descendente.html-pagina-165.html
https://www.inmuebles24.com/propiedades/clasificado/veclcain-casa-burgos-149171013.html,7950000,"MN 7,950,000",MXN,venta,Casa,,Cuernavaca,Morelos,402.0,469.0,Publicado hace 160 días,2026-03-05T19:30:23Z,2026-08-12T17:39:01.325397+00:00,https://www.inmuebles24.com/casas-o-casa-en-condominio-o-departamentos-en-venta-en-morelos-provincia-ordenado-por-fechaonline-descendente.html-pagina-165.html
https://www.inmuebles24.com/propiedades/clasificado/veclcain-casa-con-280-m-sup2--superficie-de-terreno-3-149151339.html,2400000,"MN 2,400,000",MXN,venta,Casa,Del Bosque,Cuernavaca,Morelos,180.0,280.0,Publicado hace 161 días,2026-03-04T13:12:10Z,2026-08-12T17:39:01.325397+00:00,https://www.inmuebles24.com/casas-o-casa-en-condominio-o-departamentos-en-venta-en-morelos-provincia-ordenado-por-fechaonline-descendente.html-pagina-165.html
https://www.inmuebles24.com/propiedades/clasificado/veclcain-casa-con-alberca-y-roof-garden-con-jacuzzi-exclusivo-149160142.html,2446100,"MN 2,446,100",MXN,venta,Casa,Tequesquitengo,Jojutla,Morelos,143.0,72.0,Publicado hace 161 días,2026-03-04T23:11:18Z,2026-08-12T17:39:01.325397+00:00,https://www.inmuebles24.com/casas-o-casa-en-condominio-o-departamentos-en-venta-en-morelos-provincia-ordenado-por-fechaonline-descendente.html-pagina-165.html
https://www.inmuebles24.com/propiedades/clasificado/veclcain-casa-con-alberca-y-roof-garden-con-jacuzzi-exclusivo-149162210.html,2446100,"MN 2,446,100",MXN,venta,Casa,Tequesquitengo,Jojutla,Morelos,143.0,72.0,Publicado hace 161 días,2026-03-05T03:03:28Z,2026-08-12T17:40:17.003964+00:00,https://www.inmuebles24.com/casas-o-casa-en-condominio-o-departamentos-en-venta-en-morelos-provincia-ordenado-por-fechaonline-descendente.html-pagina-165.html
https://www.inmuebles24.com/propiedades/clasificado/veclcain-casa-con-bungalow-independiente-estilo-colonial-149175648.html,5550000,"MN 5,550,000",MXN,venta,Casa,,Cuernavaca,Morelos,600.0,600.0,Publicado hace 160 días,2026-03-06T02:03:37Z,2026-08-12T17:40:17.003964+00:00,https://www.inmuebles24.com/casas-o-casa-en-condominio-o-departamentos-en-venta-en-morelos-provincia-ordenado-por-fechaonline-descendente.html-pagina-165.html
https://www.inmuebles24.com/propiedades/clasificado/veclcain-casa-en-venta-en-fraccionamiento-en-oaxtepec-149160078.html,3490001,"MN 3,490,001",MXN,venta,Casa,Oaxtepec Centro,Yautepec,Morelos,190.0,190.0,Publicado hace 161 días,2026-03-04T23:04:38Z,2026-08-12T17:40:17.003964+00:00,https://www.inmuebles24.com/casas-o-casa-en-condominio-o-departamentos-en-venta-en-morelos-provincia-ordenado-por-fechaonline-descendente.html-pagina-165.html
https://www.inmuebles24.com/propiedades/clasificado/veclcain-casa-en-venta-en-lomas-de-cocoyoc-149159922.html,7990000,"MN 7,990,000",MXN,venta,Casa,Fraccionamiento Lomas de Cocoyoc,Atlatlahucan,Morelos,288.0,543.0,Publicado hace 161 días,2026-03-04T22:49:30Z,2026-08-12T17:40:17.003964+00:00,https://www.inmuebles24.com/casas-o-casa-en-condominio-o-departamentos-en-venta-en-morelos-provincia-ordenado-por-fechaonline-descendente.html-pagina-165.html
https://www.inmuebles24.com/propiedades/clasificado/veclcain-casa-fraccionamiento-lomas-de-cocoyoc-149171014.html,4990000,"MN 4,990,000",MXN,venta,Casa,Fraccionamiento Lomas de Cocoyoc,Atlatlahucan,Morelos,190.0,348.0,Publicado hace 160 días,2026-03-05T19:30:23Z,2026-08-12T17:40:17.003964+00:00,https://www.inmuebles24.com/casas-o-casa-en-condominio-o-departamentos-en-venta-en-morelos-provincia-ordenado-por-fechaonline-descendente.html-pagina-165.html
https://www.inmuebles24.com/propiedades/clasificado/veclcain-casa-fraccionamiento-lomas-de-cocoyoc-149171016.html,16500000,"MN 16,500,000",MXN,venta,Casa,Fraccionamiento Lomas de Cocoyoc,Atlatlahucan,Morelos,490.0,667.0,Publicado hace 160 días,2026-03-05T19:30:24Z,2026-08-12T17:40:17.003964+00:00,https://www.inmuebles24.com/casas-o-casa-en-condominio-o-departamentos-en-venta-en-morelos-provincia-ordenado-por-fechaonline-descendente.html-pagina-165.html
https://www.inmuebles24.com/propiedades/clasificado/veclcain-casa-fraccionamiento-lomas-de-cocoyoc-149171017.html,9800000,"MN 9,800,000",MXN,venta,Casa,Fraccionamiento Lomas de Cocoyoc,Atlatlahucan,Morelos,405.0,450.0,Publicado hace 160 días,2026-03-05T19:30:25Z,2026-08-12T17:40:17.003964+00:00,https://www.inmuebles24.com/casas-o-casa-en-condominio-o-departamentos-en-venta-en-morelos-provincia-ordenado-por-fechaonline-descendente.html-pagina-165.html
https://www.inmuebles24.com/propiedades/clasificado/veclcain-casa-fraccionamiento-tezahuapan-149171011.html,1550000,"MN 1,550,000",MXN,venta,Casa,Fraccionamiento Tezahuapan,Cuautla,Morelos,80.0,151.0,Publicado hace 160 días,2026-03-05T19:30:22Z,2026-08-12T17:40:17.003964+00:00,https://www.inmuebles24.com/casas-o-casa-en-condominio-o-departamentos-en-venta-en-morelos-provincia-ordenado-por-fechaonline-descendente.html-pagina-165.html
https://www.inmuebles24.com/propiedades/clasificado/veclcain-casa-lomas-de-cortes-149174722.html,3850000,"MN 3,850,000",MXN,venta,Casa,Lomas de Cortes,Cuernavaca,Morelos,103.0,177.0,Publicado hace 160 días,2026-03-06T00:00:56Z,2026-08-12T17:40:17.003964+00:00,https://www.inmuebles24.com/casas-o-casa-en-condominio-o-departamentos-en-venta-en-morelos-provincia-ordenado-por-fechaonline-descendente.html-pagina-165.html
https://www.inmuebles24.com/propiedades/clasificado/veclcain-casa-yautepec-centro-149171010.html,4500000,"MN 4,500,000",MXN,venta,Casa,Yautepec Centro,Yautepec,Morelos,180.0,430.0,Publicado hace 160 días,2026-03-05T19:30:22Z,2026-08-12T17:40:17.003964+00:00,https://www.inmuebles24.com/casas-o-casa-en-condominio-o-departamentos-en-venta-en-morelos-provincia-ordenado-por-fechaonline-descendente.html-pagina-165.html
https://www.inmuebles24.com/propiedades/clasificado/veclcain-encantadora-casita-de-fin-de-semana-149154738.html,10000000,"MN 10,000,000",MXN,venta,Casa,Fraccionamiento Paraíso Country Club,Emiliano Zapata,Morelos,343.0,640.0,Publicado hace 161 días,2026-03-04T18:35:44Z,2026-08-12T17:41:44.028187+00:00,https://www.inmuebles24.com/casas-o-casa-en-condominio-o-departamentos-en-venta-en-morelos-provincia-ordenado-por-fechaonline-descendente.html-pagina-165.html
https://www.inmuebles24.com/propiedades/clasificado/veclcain-lujo-privacidad-y-estilo-de-vida-en-paraiso-country-149156296.html,8749000,"MN 8,749,000",MXN,venta,Casa,Fraccionamiento Paraíso Country Club,Emiliano Zapata,Morelos,180.0,356.0,Publicado hace 161 días,2026-03-04T19:59:23Z,2026-08-12T17:41:44.028187+00:00,https://www.inmuebles24.com/casas-o-casa-en-condominio-o-departamentos-en-venta-en-morelos-provincia-ordenado-por-fechaonline-descendente.html-pagina-165.html
https://www.inmuebles24.com/propiedades/clasificado/veclcain-mega-oportunidad-sobre-el-fairway-lujo-y-plusvalia-149158856.html,9499000,"MN 9,499,000",MXN,venta,Casa,Fraccionamiento Paraíso Country Club,Emiliano Zapata,Morelos,452.0,450.0,Publicado hace 161 días,2026-03-04T21:35:30Z,2026-08-12T17:41:44.028187+00:00,https://www.inmuebles24.com/casas-o-casa-en-condominio-o-departamentos-en-venta-en-morelos-provincia-ordenado-por-fechaonline-descendente.html-pagina-165.html
https://www.inmuebles24.com/propiedades/clasificado/veclcain-penthouse-de-lujo-en-paraiso-country-club-149155942.html,8949000,"MN 8,949,000",MXN,venta,Casa,Fraccionamiento Paraíso Country Club,Emiliano Zapata,Morelos,230.0,230.0,Publicado hace 161 días,2026-03-04T19:41:38Z,2026-08-12T17:41:44.028187+00:00,https://www.inmuebles24.com/casas-o-casa-en-condominio-o-departamentos-en-venta-en-morelos-provincia-ordenado-por-fechaonline-descendente.html-pagina-165.html
https://www.inmuebles24.com/propiedades/clasificado/veclcain-precio-de-promocion-en-paraiso-country-club-149158365.html,13400000,"MN 13,400,000",MXN,venta,Casa,Fraccionamiento Paraíso Country Club,Emiliano Zapata,Morelos,462.0,538.0,Publicado hace 161 días,2026-03-04T21:19:59Z,2026-08-12T17:41:44.028187+00:00,https://www.inmuebles24.com/casas-o-casa-en-condominio-o-departamentos-en-venta-en-morelos-provincia-ordenado-por-fechaonline-descendente.html-pagina-165.html
https://www.inmuebles24.com/propiedades/clasificado/veclcain-residencia-de-alto-nivel-con-alberca-y-jacuzzi-149156698.html,12649000,"MN 12,649,000",MXN,venta,Casa,Fraccionamiento Paraíso Country Club,Emiliano Zapata,Morelos,410.0,550.0,Publicado hace 161 días,2026-03-04T20:32:43Z,2026-08-12T17:41:44.028187+00:00,https://www.inmuebles24.com/casas-o-casa-en-condominio-o-departamentos-en-venta-en-morelos-provincia-ordenado-por-fechaonline-descendente.html-pagina-165.html
https://www.inmuebles24.com/propiedades/clasificado/veclcain-residencia-de-lujo-frente-al-green-paraiso-country-149158704.html,15700000,"MN 15,700,000",MXN,venta,Casa,Fraccionamiento Paraíso Country Club,Emiliano Zapata,Morelos,506.0,506.0,Publicado hace 161 días,2026-03-04T21:27:15Z,2026-08-12T17:41:44.028187+00:00,https://www.inmuebles24.com/casas-o-casa-en-condominio-o-departamentos-en-venta-en-morelos-provincia-ordenado-por-fechaonline-descendente.html-pagina-165.html
https://www.inmuebles24.com/propiedades/clasificado/veclcain-venta-de-casa-con-alberca-en-real-de-oaxtepec-149171012.html,7000000,"MN 7,000,000",MXN,venta,Casa,Fraccionamiento Real de Oaxtepec,Yautepec,Morelos,206.0,600.0,Publicado hace 160 días,2026-03-05T19:30:23Z,2026-08-12T17:41:44.028187+00:00,https://www.inmuebles24.com/casas-o-casa-en-condominio-o-departamentos-en-venta-en-morelos-provincia-ordenado-por-fechaonline-descendente.html-pagina-165.html
https://www.inmuebles24.com/propiedades/clasificado/veclcain-villa-de-lujo-con-vista-al-campo-de-golf-paraiso-149156516.html,8995000,"MN 8,995,000",MXN,venta,Casa,Fraccionamiento Paraíso Country Club,Emiliano Zapata,Morelos,251.0,451.0,Publicado hace 161 días,2026-03-04T20:17:06Z,2026-08-12T17:41:44.028187+00:00,https://www.inmuebles24.com/casas-o-casa-en-condominio-o-departamentos-en-venta-en-morelos-provincia-ordenado-por-fechaonline-descendente.html-pagina-165.html
https://www.inmuebles24.com/propiedades/clasificado/veclcain-villa-de-lujo-con-vista-al-lago-precio-de-149157992.html,8999000,"MN 8,999,000",MXN,venta,Casa,Fraccionamiento Paraíso Country Club,Emiliano Zapata,Morelos,314.0,365.0,Publicado hace 161 días,2026-03-04T21:00:58Z,2026-08-12T17:41:44.028187+00:00,https://www.inmuebles24.com/casas-o-casa-en-condominio-o-departamentos-en-venta-en-morelos-provincia-ordenado-por-fechaonline-descendente.html-pagina-165.html
https://www.inmuebles24.com/propiedades/clasificado/veclccin-aparta-tu-casa-en-jiuteoec-con-precio-de-preventa-149161282.html,2540000,"MN 2,540,000",MXN,venta,Casa en condominio,San José,Jiutepec,Morelos,105.0,85.0,Publicado hace 161 días,2026-03-05T01:04:15Z,2026-08-12T17:43:09.429189+00:00,https://www.inmuebles24.com/casas-o-casa-en-condominio-o-departamentos-en-venta-en-morelos-provincia-ordenado-por-fechaonline-descendente.html-pagina-165.html
https://www.inmuebles24.com/propiedades/clasificado/veclccin-casa-en-venta-en-fraccionamiento-lomas-de-cocoyoc-149152190.html,37500000,"MN 37,500,000",MXN,venta,Casa en condominio,Fraccionamiento Viveros de Cocoyoc,Yautepec,Morelos,1050.0,1315.0,Publicado hace 161 días,2026-03-04T15:58:55Z,2026-08-12T17:43:09.429189+00:00,https://www.inmuebles24.com/casas-o-casa-en-condominio-o-departamentos-en-venta-en-morelos-provincia-ordenado-por-fechaonline-descendente.html-pagina-165.html
https://www.inmuebles24.com/propiedades/clasificado/veclccin-casa-moderna-con-roof-garden-y-alberca-149154690.html,2950000,"MN 2,950,000",MXN,venta,Casa en condominio,Centro Jiutepec,Jiutepec,Morelos,140.0,106.0,Publicado hace 161 días,2026-03-04T18:32:41Z,2026-08-12T17:43:09.429189+00:00,https://www.inmuebles24.com/casas-o-casa-en-condominio-o-departamentos-en-venta-en-morelos-provincia-ordenado-por-fechaonline-descendente.html-pagina-165.html
https://www.inmuebles24.com/propiedades/clasificado/veclccin-casas-nuevas-en-venta-con-alberca-en-jiutepec-morelos-149153531.html,3548000,"MN 3,548,000",MXN,venta,Casa en condominio,Lomas de Jiutepec,Jiutepec,Morelos,150.0,153.0,Publicado hace 161 días,2026-03-04T17:31:55Z,2026-08-12T17:43:09.429189+00:00,https://www.inmuebles24.com/casas-o-casa-en-condominio-o-departamentos-en-venta-en-morelos-provincia-ordenado-por-fechaonline-descendente.html-pagina-165.html
https://www.inmuebles24.com/propiedades/clasificado/veclccin-casas-nuevas-en-venta-condominio-con-alberca-y-cancha-149155497.html,2575000,"MN 2,575,000",MXN,venta,Casa en condominio,Centro Jiutepec,Jiutepec,Morelos,108.0,85.0,Publicado hace 161 días,2026-03-04T19:13:32Z,2026-08-12T17:43:09.429189+00:00,https://www.inmuebles24.com/casas-o-casa-en-condominio-o-departamentos-en-venta-en-morelos-provincia-ordenado-por-fechaonline-descendente.html-pagina-165.html
https://www.inmuebles24.com/propiedades/clasificado/veclapin-departamento-en-venta-en-cuernavaca-con-alberca-y-149155778.html,1660000,"MN 1,660,000",MXN,venta,Apartamento,Vicente Estrada Cajigal,Cuernavaca,Morelos,75.0,75.0,Publicado hace 161 días,2026-03-04T19:30:38Z,2026-08-12T17:43:09.429189+00:00,https://www.inmuebles24.com/casas-o-casa-en-condominio-o-departamentos-en-venta-en-morelos-provincia-ordenado-por-fechaonline-descendente.html-pagina-166.html
https://www.inmuebles24.com/propiedades/clasificado/veclapin-hermoso-desarrollo-de-departamentos-nuevos-en-149160489.html,1188000,"MN 1,188,000",MXN,venta,Apartamento,Progreso,Jiutepec,Morelos,60.0,60.0,Publicado hace 161 días,2026-03-04T23:42:54Z,2026-08-12T17:43:09.429189+00:00,https://www.inmuebles24.com/casas-o-casa-en-condominio-o-departamentos-en-venta-en-morelos-provincia-ordenado-por-fechaonline-descendente.html-pagina-166.html
https://www.inmuebles24.com/propiedades/clasificado/veclcain-bonita-casa-dentro-de-fraccionamiento-en-zona-dorada-149147393.html,6250000,"MN 6,250,000",MXN,venta,Casa,Delicias,Cuernavaca,Morelos,264.0,268.0,Publicado hace 162 días,2026-03-03T22:53:21Z,2026-08-12T17:43:09.429189+00:00,https://www.inmuebles24.com/casas-o-casa-en-condominio-o-departamentos-en-venta-en-morelos-provincia-ordenado-por-fechaonline-descendente.html-pagina-166.html
https://www.inmuebles24.com/propiedades/clasificado/veclcain-cabana-en-tepoztlan-con-vista-a-las-montanas-a-15-149148526.html,3190000,"MN 3,190,000",MXN,venta,Casa,Pueblo Santo Domingo Ocotitlán,Tepoztlán,Morelos,25.0,1050.0,Publicado hace 162 días,2026-03-04T00:56:43Z,2026-08-12T17:43:09.429189+00:00,https://www.inmuebles24.com/casas-o-casa-en-condominio-o-departamentos-en-venta-en-morelos-provincia-ordenado-por-fechaonline-descendente.html-pagina-166.html
https://www.inmuebles24.com/propiedades/clasificado/veclcain-casa-en-fraccionamineto-brisas-temixco-morelos-149145042.html,5800000,"MN 5,800,000",MXN,venta,Casa,Fraccionamiento Brisas,Temixco,Morelos,200.0,340.0,Publicado hace 162 días,2026-03-03T19:43:13Z,2026-08-12T17:43:09.429189+00:00,https://www.inmuebles24.com/casas-o-casa-en-condominio-o-departamentos-en-venta-en-morelos-provincia-ordenado-por-fechaonline-descendente.html-pagina-166.html
https://www.inmuebles24.com/propiedades/clasificado/veclcain-casa-en-venta-acapatzingo-cuernavaca-149143931.html,6150000,"MN 6,150,000",MXN,venta,Casa,San Miguel Acapantzingo,Cuernavaca,Morelos,240.0,251.0,Publicado hace 162 días,2026-03-03T18:37:44Z,2026-08-12T17:44:27.042558+00:00,https://www.inmuebles24.com/casas-o-casa-en-condominio-o-departamentos-en-venta-en-morelos-provincia-ordenado-por-fechaonline-descendente.html-pagina-166.html
https://www.inmuebles24.com/propiedades/clasificado/veclcain-casa-en-venta-en-lomas-de-cocoyoc-149159762.html,10950000,"MN 10,950,000",MXN,venta,Casa,Fraccionamiento Lomas de Cocoyoc,Atlatlahucan,Morelos,400.0,400.0,Publicado hace 161 días,2026-03-04T22:34:27Z,2026-08-12T17:44:27.042558+00:00,https://www.inmuebles24.com/casas-o-casa-en-condominio-o-departamentos-en-venta-en-morelos-provincia-ordenado-por-fechaonline-descendente.html-pagina-166.html
https://www.inmuebles24.com/propiedades/clasificado/veclcain-casa-en-venta-en-oaxtepec-149157974.html,3490002,"MN 3,490,002",MXN,venta,Casa,Oaxtepec Centro,Yautepec,Morelos,190.0,189.0,Publicado hace 161 días,2026-03-04T20:59:25Z,2026-08-12T17:44:27.042558+00:00,https://www.inmuebles24.com/casas-o-casa-en-condominio-o-departamentos-en-venta-en-morelos-provincia-ordenado-por-fechaonline-descendente.html-pagina-166.html
https://www.inmuebles24.com/propiedades/clasificado/veclcain-casa-moderna-en-renta-y-venta-en-zona-dorada-149153043.html,5750000,"MN 5,750,000",MXN,venta,Casa,Jardines de Delicias,Cuernavaca,Morelos,260.0,250.0,Publicado hace 161 días,2026-03-04T16:55:52Z,2026-08-12T17:44:27.042558+00:00,https://www.inmuebles24.com/casas-o-casa-en-condominio-o-departamentos-en-venta-en-morelos-provincia-ordenado-por-fechaonline-descendente.html-pagina-166.html
https://www.inmuebles24.com/propiedades/clasificado/veclcain-casa-sola-en-teopanzolco-cuernavaca-morelos-149159965.html,3500000,"MN 3,500,000",MXN,venta,Casa,Teopanzolco,Cuernavaca,Morelos,340.0,123.0,Publicado hace 161 días,2026-03-04T22:52:20Z,2026-08-12T17:44:27.042558+00:00,https://www.inmuebles24.com/casas-o-casa-en-condominio-o-departamentos-en-venta-en-morelos-provincia-ordenado-por-fechaonline-descendente.html-pagina-166.html
https://www.inmuebles24.com/propiedades/clasificado/veclcain-casa-sola-en-venta-en-la-joya-yautepec-morelos-149146383.html,2100000,"MN 2,100,000",MXN,venta,Casa,La Joya,Yautepec,Morelos,340.0,262.0,Publicado hace 162 días,2026-03-03T21:29:34Z,2026-08-12T17:44:27.042558+00:00,https://www.inmuebles24.com/casas-o-casa-en-condominio-o-departamentos-en-venta-en-morelos-provincia-ordenado-por-fechaonline-descendente.html-pagina-166.html
https://www.inmuebles24.com/propiedades/clasificado/veclcain-casa-sola-para-remodelar-en-col.-lomas-de-cuernavaca-149145668.html,6150000,"MN 6,150,000",MXN,venta,Casa,Fraccionamiento Lomas de Cuernavaca,Temixco,Morelos,340.0,1290.0,Publicado hace 162 días,2026-03-03T20:29:57Z,2026-08-12T17:44:27.042558+00:00,https://www.inmuebles24.com/casas-o-casa-en-condominio-o-departamentos-en-venta-en-morelos-provincia-ordenado-por-fechaonline-descendente.html-pagina-166.html
https://www.inmuebles24.com/propiedades/clasificado/veclcain-en-venta-dos-casas-juntes-en-un-nivel-tetela-del-149147703.html,16500000,"MN 16,500,000",MXN,venta,Casa,Real de Tetela,Cuernavaca,Morelos,429.0,2002.0,Publicado hace 162 días,2026-03-03T23:19:32Z,2026-08-12T17:44:27.042558+00:00,https://www.inmuebles24.com/casas-o-casa-en-condominio-o-departamentos-en-venta-en-morelos-provincia-ordenado-por-fechaonline-descendente.html-pagina-166.html
https://www.inmuebles24.com/propiedades/clasificado/veclcain-estrena-casa-en-burgos-en-un-nivel-roof-top-con-vista-149161719.html,8200000,"MN 8,200,000",MXN,venta,Casa,Fraccionamiento Burgos Sección Ontario,Temixco,Morelos,350.0,403.0,Publicado hace 161 días,2026-03-05T01:44:04Z,2026-08-12T17:44:27.042558+00:00,https://www.inmuebles24.com/casas-o-casa-en-condominio-o-departamentos-en-venta-en-morelos-provincia-ordenado-por-fechaonline-descendente.html-pagina-166.html
https://www.inmuebles24.com/propiedades/clasificado/veclcain-hermosa-casa-con-recamara-en-planta-baja-zona-norte-149148756.html,14500000,"MN 14,500,000",MXN,venta,Casa,Fraccionamiento Rancho Tetela,Cuernavaca,Morelos,350.0,500.0,Publicado hace 162 días,2026-03-04T01:29:25Z,2026-08-12T17:44:27.042558+00:00,https://www.inmuebles24.com/casas-o-casa-en-condominio-o-departamentos-en-venta-en-morelos-provincia-ordenado-por-fechaonline-descendente.html-pagina-166.html
https://www.inmuebles24.com/propiedades/clasificado/veclcain-hermosa-casa-en-preventa-dentro-de-fraccionamiento-149147673.html,3850000,"MN 3,850,000",MXN,venta,Casa,Lomas de Cortes,Cuernavaca,Morelos,103.0,177.0,Publicado hace 162 días,2026-03-03T23:17:20Z,2026-08-12T17:45:46.728138+00:00,https://www.inmuebles24.com/casas-o-casa-en-condominio-o-departamentos-en-venta-en-morelos-provincia-ordenado-por-fechaonline-descendente.html-pagina-166.html
https://www.inmuebles24.com/propiedades/clasificado/veclcain-preciosa-casa-a-la-venta-en-kloster-sumiya-149129581.html,12800000,"MN 12,800,000",MXN,venta,Casa,Fraccionamiento Kloster Sumiya,Jiutepec,Morelos,430.0,500.0,Publicado hace 163 días,2026-03-02T17:44:22Z,2026-08-12T17:45:46.728138+00:00,https://www.inmuebles24.com/casas-o-casa-en-condominio-o-departamentos-en-venta-en-morelos-provincia-ordenado-por-fechaonline-descendente.html-pagina-166.html
https://www.inmuebles24.com/propiedades/clasificado/veclcain-residencia-de-lujo-frente-al-campo-de-golf-en-paraiso-149148306.html,13000000,"MN 13,000,000",MXN,venta,Casa,Fraccionamiento Paraíso Country Club,Emiliano Zapata,Morelos,300.0,450.0,Publicado hace 162 días,2026-03-04T00:26:34Z,2026-08-12T17:45:46.728138+00:00,https://www.inmuebles24.com/casas-o-casa-en-condominio-o-departamentos-en-venta-en-morelos-provincia-ordenado-por-fechaonline-descendente.html-pagina-166.html
https://www.inmuebles24.com/propiedades/clasificado/veclcain-venta-casa-moderna-en-condominio-en-chapultepec-149147601.html,4950000,"MN 4,950,000",MXN,venta,Casa,Ciudad Chapultepec,Cuernavaca,Morelos,288.0,255.0,Publicado hace 162 días,2026-03-03T23:09:44Z,2026-08-12T17:45:46.728138+00:00,https://www.inmuebles24.com/casas-o-casa-en-condominio-o-departamentos-en-venta-en-morelos-provincia-ordenado-por-fechaonline-descendente.html-pagina-166.html
https://www.inmuebles24.com/propiedades/clasificado/veclcain-venta-de-casa-con-alberca-en-cuautla-morelos-149140586.html,1590000,"MN 1,590,000",MXN,venta,Casa,,Cuautla,Morelos,82.0,62.0,Publicado hace 162 días,2026-03-03T13:12:20Z,2026-08-12T17:45:46.728138+00:00,https://www.inmuebles24.com/casas-o-casa-en-condominio-o-departamentos-en-venta-en-morelos-provincia-ordenado-por-fechaonline-descendente.html-pagina-166.html
https://www.inmuebles24.com/propiedades/clasificado/veclcain-venta.-casa.-con.-jardin.-alberca.-brisas.-cuautla-149147077.html,3500000,"MN 3,500,000",MXN,venta,Casa,Fraccionamiento Brisas de Cuautla,Cuautla,Morelos,226.0,754.0,Publicado hace 162 días,2026-03-03T22:27:53Z,2026-08-12T17:45:46.728138+00:00,https://www.inmuebles24.com/casas-o-casa-en-condominio-o-departamentos-en-venta-en-morelos-provincia-ordenado-por-fechaonline-descendente.html-pagina-166.html
https://www.inmuebles24.com/propiedades/clasificado/veclcain-villa-exclusiva-con-vista-al-campo-de-golf-149157901.html,9300000,"MN 9,300,000",MXN,venta,Casa,Fraccionamiento Paraíso Country Club,Emiliano Zapata,Morelos,300.0,335.0,Publicado hace 161 días,2026-03-04T20:52:26Z,2026-08-12T17:45:46.728138+00:00,https://www.inmuebles24.com/casas-o-casa-en-condominio-o-departamentos-en-venta-en-morelos-provincia-ordenado-por-fechaonline-descendente.html-pagina-166.html
https://www.inmuebles24.com/propiedades/clasificado/veclccin-c-casa-con-3-habitaciones-de-200-m-sup2--en-venta-en-149142235.html,3950000,"MN 3,950,000",MXN,venta,Casa en condominio,Rancho Cortes,Cuernavaca,Morelos,200.0,200.0,Publicado hace 162 días,2026-03-03T16:46:24Z,2026-08-12T17:45:46.728138+00:00,https://www.inmuebles24.com/casas-o-casa-en-condominio-o-departamentos-en-venta-en-morelos-provincia-ordenado-por-fechaonline-descendente.html-pagina-166.html
https://www.inmuebles24.com/propiedades/clasificado/veclccin-casa-con-140-m-sup2--de-superficie-de-terreno-y-3-149151421.html,3950000,"MN 3,950,000",MXN,venta,Casa en condominio,Lomas de La Herradura,Cuernavaca,Morelos,200.0,160.0,Publicado hace 161 días,2026-03-04T13:48:37Z,2026-08-12T17:45:46.728138+00:00,https://www.inmuebles24.com/casas-o-casa-en-condominio-o-departamentos-en-venta-en-morelos-provincia-ordenado-por-fechaonline-descendente.html-pagina-166.html
https://www.inmuebles24.com/propiedades/clasificado/veclccin-casa-de-un-nivel-con-alberca-y-bungalow-independiente-149146726.html,10995000,"MN 10,995,000",MXN,venta,Casa en condominio,Ignacio Zaragoza,Yautepec,Morelos,700.0,1337.0,Publicado hace 162 días,2026-03-03T21:58:19Z,2026-08-12T17:45:46.728138+00:00,https://www.inmuebles24.com/casas-o-casa-en-condominio-o-departamentos-en-venta-en-morelos-provincia-ordenado-por-fechaonline-descendente.html-pagina-166.html
https://www.inmuebles24.com/propiedades/clasificado/veclccin-casa-en-condominio-con-alberca-en-los-pueblitos-en-149153730.html,6000000,"MN 6,000,000",MXN,venta,Casa en condominio,Fraccionamiento Burgos,Emiliano Zapata,Morelos,398.0,415.0,Publicado hace 161 días,2026-03-04T17:46:28Z,2026-08-12T17:47:02.942160+00:00,https://www.inmuebles24.com/casas-o-casa-en-condominio-o-departamentos-en-venta-en-morelos-provincia-ordenado-por-fechaonline-descendente.html-pagina-166.html
https://www.inmuebles24.com/propiedades/clasificado/veclccin-casa-en-condominio-en-cuautla-149144738.html,2035000,"MN 2,035,000",MXN,venta,Casa en condominio,,Cuautla,Morelos,121.0,62.0,Publicado hace 162 días,2026-03-03T19:37:42Z,2026-08-12T17:47:02.942160+00:00,https://www.inmuebles24.com/casas-o-casa-en-condominio-o-departamentos-en-venta-en-morelos-provincia-ordenado-por-fechaonline-descendente.html-pagina-166.html
https://www.inmuebles24.com/propiedades/clasificado/veclccin-casa-en-condominio-en-venta-en-zona-norte-de-149146861.html,4200000,"MN 4,200,000",MXN,venta,Casa en condominio,Lomas de Ahuatlán,Cuernavaca,Morelos,250.0,200.0,Publicado hace 162 días,2026-03-03T22:09:54Z,2026-08-12T17:47:02.942160+00:00,https://www.inmuebles24.com/casas-o-casa-en-condominio-o-departamentos-en-venta-en-morelos-provincia-ordenado-por-fechaonline-descendente.html-pagina-166.html
https://www.inmuebles24.com/propiedades/clasificado/veclccin-casa-en-condominio-venta-residencial-ocotepec-149135039.html,2833000,"MN 2,833,000",MXN,venta,Casa en condominio,Pueblo Oacalco,Yautepec,Morelos,120.0,273.0,Publicado hace 163 días,2026-03-02T22:45:38Z,2026-08-12T17:47:02.942160+00:00,https://www.inmuebles24.com/casas-o-casa-en-condominio-o-departamentos-en-venta-en-morelos-provincia-ordenado-por-fechaonline-descendente.html-pagina-166.html
https://www.inmuebles24.com/propiedades/clasificado/veclccin-venta-de-casa-en-condominio-ibiza_colonia-las-animas-149137785.html,2790000,"MN 2,790,000",MXN,venta,Casa en condominio,Las Animas,Temixco,Morelos,159.0,90.0,Publicado hace 163 días,2026-03-03T03:26:36Z,2026-08-12T17:47:02.942160+00:00,https://www.inmuebles24.com/casas-o-casa-en-condominio-o-departamentos-en-venta-en-morelos-provincia-ordenado-por-fechaonline-descendente.html-pagina-166.html
https://www.inmuebles24.com/propiedades/clasificado/veclapin-departamento-con-alberca-en-temixco-149138000.html,680000,"MN 680,000",MXN,venta,Apartamento,Lauro Ortega,Temixco,Morelos,45.0,45.0,Publicado hace 163 días,2026-03-03T04:04:26Z,2026-08-12T17:47:02.942160+00:00,https://www.inmuebles24.com/casas-o-casa-en-condominio-o-departamentos-en-venta-en-morelos-provincia-ordenado-por-fechaonline-descendente.html-pagina-167.html
https://www.inmuebles24.com/propiedades/clasificado/veclapin-departamento-en-tequesquitengo-con-acceso-al-lago-149130530.html,2100000,"MN 2,100,000",MXN,venta,Apartamento,Tequesquitengo,Jojutla,Morelos,90.0,90.0,Publicado hace 163 días,2026-03-02T18:45:31Z,2026-08-12T17:47:02.942160+00:00,https://www.inmuebles24.com/casas-o-casa-en-condominio-o-departamentos-en-venta-en-morelos-provincia-ordenado-por-fechaonline-descendente.html-pagina-167.html
https://www.inmuebles24.com/propiedades/clasificado/veclapin-junto-al-rio-departamento-en-venta-149122342.html,3600000,"MN 3,600,000",MXN,venta,Apartamento,Jardines de Cuernavaca,Cuernavaca,Morelos,155.0,155.0,Publicado hace 164 días,2026-03-01T04:54:47Z,2026-08-12T17:47:02.942160+00:00,https://www.inmuebles24.com/casas-o-casa-en-condominio-o-departamentos-en-venta-en-morelos-provincia-ordenado-por-fechaonline-descendente.html-pagina-167.html
https://www.inmuebles24.com/propiedades/clasificado/veclcain-casa-amueblada-en-oportunidad-residencial-corinto-con-149131834.html,7650000,"MN 7,650,000",MXN,venta,Casa,Emiliano Zapata,Atlatlahucan,Morelos,360.0,360.0,Publicado hace 163 días,2026-03-02T19:44:45Z,2026-08-12T17:47:02.942160+00:00,https://www.inmuebles24.com/casas-o-casa-en-condominio-o-departamentos-en-venta-en-morelos-provincia-ordenado-por-fechaonline-descendente.html-pagina-167.html
https://www.inmuebles24.com/propiedades/clasificado/veclcain-casa-con-130-m-sup2--de-superficie-de-terreno-y-2-149118313.html,700000,"MN 700,000",MXN,venta,Casa,Lagunillas Barrancas,Cuernavaca,Morelos,130.0,130.0,Publicado hace 165 días,2026-02-28T13:58:44Z,2026-08-12T17:47:02.942160+00:00,https://www.inmuebles24.com/casas-o-casa-en-condominio-o-departamentos-en-venta-en-morelos-provincia-ordenado-por-fechaonline-descendente.html-pagina-167.html
https://www.inmuebles24.com/propiedades/clasificado/veclcain-casa-con-bungalow-en-fraccionamiento-al-norte-de-149127682.html,6900000,"MN 6,900,000",MXN,venta,Casa,Lomas de Ahuatlán,Cuernavaca,Morelos,359.0,431.0,Publicado hace 163 días,2026-03-02T16:45:21Z,2026-08-12T17:48:20.000726+00:00,https://www.inmuebles24.com/casas-o-casa-en-condominio-o-departamentos-en-venta-en-morelos-provincia-ordenado-por-fechaonline-descendente.html-pagina-167.html
https://www.inmuebles24.com/propiedades/clasificado/veclcain-casa-en-fraccionamiento-burgos-4-recamaras-alberca-149103840.html,5980000,"MN 5,980,000",MXN,venta,Casa,Fraccionamiento Burgos Bugambilias,Temixco,Morelos,350.0,420.0,Publicado hace 166 días,2026-02-27T14:39:21Z,2026-08-12T17:48:20.000726+00:00,https://www.inmuebles24.com/casas-o-casa-en-condominio-o-departamentos-en-venta-en-morelos-provincia-ordenado-por-fechaonline-descendente.html-pagina-167.html
https://www.inmuebles24.com/propiedades/clasificado/veclcain-casa-en-venta-c-seguridad-privada-149110014.html,7700000,"MN 7,700,000",MXN,venta,Casa,,Cuernavaca,Morelos,298.0,300.0,Publicado hace 166 días,2026-02-27T19:05:45Z,2026-08-12T17:48:20.000726+00:00,https://www.inmuebles24.com/casas-o-casa-en-condominio-o-departamentos-en-venta-en-morelos-provincia-ordenado-por-fechaonline-descendente.html-pagina-167.html
https://www.inmuebles24.com/propiedades/clasificado/veclcain-casa-en-venta-con-alberca-3-recamaras-por-club-de-golf-149107645.html,2399681,"MN 2,399,681",MXN,venta,Casa,Club de Golf Santa Fe,Xochitepec,Morelos,126.0,60.0,Publicado hace 166 días,2026-02-27T17:49:56Z,2026-08-12T17:48:20.000726+00:00,https://www.inmuebles24.com/casas-o-casa-en-condominio-o-departamentos-en-venta-en-morelos-provincia-ordenado-por-fechaonline-descendente.html-pagina-167.html
https://www.inmuebles24.com/propiedades/clasificado/veclcain-casa-en-venta-de-buen-gusto-149131348.html,14500000,"MN 14,500,000",MXN,venta,Casa,San Miguel Acapantzingo,Cuernavaca,Morelos,465.0,1387.0,Publicado hace 163 días,2026-03-02T19:24:53Z,2026-08-12T17:48:20.000726+00:00,https://www.inmuebles24.com/casas-o-casa-en-condominio-o-departamentos-en-venta-en-morelos-provincia-ordenado-por-fechaonline-descendente.html-pagina-167.html
https://www.inmuebles24.com/propiedades/clasificado/veclcain-casa-en-venta-en-las-garzas-emiliano-zapata-149124288.html,1350000,"MN 1,350,000",MXN,venta,Casa,"Fraccionamiento Las Garzas I, II, III Y IV",Emiliano Zapata,Morelos,73.0,60.0,Publicado hace 164 días,2026-03-01T22:40:44Z,2026-08-12T17:48:20.000726+00:00,https://www.inmuebles24.com/casas-o-casa-en-condominio-o-departamentos-en-venta-en-morelos-provincia-ordenado-por-fechaonline-descendente.html-pagina-167.html
https://www.inmuebles24.com/propiedades/clasificado/veclcain-casa-en-venta-residencial-montecasino-cuernavaca-149106111.html,2250000,"MN 2,250,000",MXN,venta,Casa,Real Monte Casino,Huitzilac,Morelos,150.0,1079.0,Publicado hace 166 días,2026-02-27T16:13:57Z,2026-08-12T17:48:20.000726+00:00,https://www.inmuebles24.com/casas-o-casa-en-condominio-o-departamentos-en-venta-en-morelos-provincia-ordenado-por-fechaonline-descendente.html-pagina-167.html
https://www.inmuebles24.com/propiedades/clasificado/veclcain-casa-nueva-en-venta-en-lomas-de-cuernavaca-temixco-149121675.html,5900000,"MN 5,900,000",MXN,venta,Casa,Fraccionamiento Lomas de Cuernavaca,Temixco,Morelos,234.0,246.0,Publicado hace 165 días,2026-03-01T02:04Z,2026-08-12T17:48:20.000726+00:00,https://www.inmuebles24.com/casas-o-casa-en-condominio-o-departamentos-en-venta-en-morelos-provincia-ordenado-por-fechaonline-descendente.html-pagina-167.html
https://www.inmuebles24.com/propiedades/clasificado/veclcain-casa-nueva-moderna-fracc.-zona-norte-con-vigilancia-149120810.html,7380000,"MN 7,380,000",MXN,venta,Casa,Lomas de Tetela,Cuernavaca,Morelos,381.0,549.0,Publicado hace 165 días,2026-02-28T22:20:21Z,2026-08-12T17:48:20.000726+00:00,https://www.inmuebles24.com/casas-o-casa-en-condominio-o-departamentos-en-venta-en-morelos-provincia-ordenado-por-fechaonline-descendente.html-pagina-167.html
https://www.inmuebles24.com/propiedades/clasificado/veclcain-casa-para-descanso-en-yuatepec-morelos-149136878.html,1450000,"MN 1,450,000",MXN,venta,Casa,Fraccionamiento Residencial Cañaveral,Yautepec,Morelos,90.0,60.0,Publicado hace 163 días,2026-03-03T01:42:43Z,2026-08-12T17:48:20.000726+00:00,https://www.inmuebles24.com/casas-o-casa-en-condominio-o-departamentos-en-venta-en-morelos-provincia-ordenado-por-fechaonline-descendente.html-pagina-167.html
https://www.inmuebles24.com/propiedades/clasificado/veclcain-casa-sola-en-burgos-temixco-morelos-149107782.html,5690000,"MN 5,690,000",MXN,venta,Casa,Fraccionamiento Burgos,Emiliano Zapata,Morelos,190.0,236.0,Publicado hace 166 días,2026-02-27T17:56:48Z,2026-08-12T17:49:45.417280+00:00,https://www.inmuebles24.com/casas-o-casa-en-condominio-o-departamentos-en-venta-en-morelos-provincia-ordenado-por-fechaonline-descendente.html-pagina-167.html
https://www.inmuebles24.com/propiedades/clasificado/veclcain-casa-sola-en-col.-cantarranas-149111115.html,5200000,"MN 5,200,000",MXN,venta,Casa,Cantarranas,Cuernavaca,Morelos,180.0,170.0,Publicado hace 166 días,2026-02-27T20:09:33Z,2026-08-12T17:49:45.417280+00:00,https://www.inmuebles24.com/casas-o-casa-en-condominio-o-departamentos-en-venta-en-morelos-provincia-ordenado-por-fechaonline-descendente.html-pagina-167.html
https://www.inmuebles24.com/propiedades/clasificado/veclcain-casa-sola-en-paseo-de-burgos-morelos-149110852.html,5640000,"MN 5,640,000",MXN,venta,Casa,Tres de Mayo,Emiliano Zapata,Morelos,230.0,288.0,Publicado hace 166 días,2026-02-27T19:47:56Z,2026-08-12T17:49:45.417280+00:00,https://www.inmuebles24.com/casas-o-casa-en-condominio-o-departamentos-en-venta-en-morelos-provincia-ordenado-por-fechaonline-descendente.html-pagina-167.html
https://www.inmuebles24.com/propiedades/clasificado/veclcain-casa-sola-en-teopanzolco-cuernavaca-morelos-149108282.html,3500000,"MN 3,500,000",MXN,venta,Casa,Teopanzolco,Cuernavaca,Morelos,340.0,123.0,Publicado hace 166 días,2026-02-27T18:27:20Z,2026-08-12T17:49:45.417280+00:00,https://www.inmuebles24.com/casas-o-casa-en-condominio-o-departamentos-en-venta-en-morelos-provincia-ordenado-por-fechaonline-descendente.html-pagina-167.html
https://www.inmuebles24.com/propiedades/clasificado/veclcain-casa-tlaltenango-con-alberca-149130069.html,4950000,"MN 4,950,000",MXN,venta,Casa,Tlaltenango,Cuernavaca,Morelos,230.0,285.0,Publicado hace 163 días,2026-03-02T18:18:19Z,2026-08-12T17:49:45.417280+00:00,https://www.inmuebles24.com/casas-o-casa-en-condominio-o-departamentos-en-venta-en-morelos-provincia-ordenado-por-fechaonline-descendente.html-pagina-167.html
https://www.inmuebles24.com/propiedades/clasificado/veclcain-casas-en-vente-en-cuernavaca-zona-norte-con-alberca-y-148974449.html,3950000,"MN 3,950,000",MXN,venta,Casa,Fraccionamiento San Jerónimo Ahuatepec,Cuernavaca,Morelos,160.0,95.0,Publicado hace 163 días,2026-02-16T17:25:52Z,2026-08-12T17:49:45.417280+00:00,https://www.inmuebles24.com/casas-o-casa-en-condominio-o-departamentos-en-venta-en-morelos-provincia-ordenado-por-fechaonline-descendente.html-pagina-167.html
https://www.inmuebles24.com/propiedades/clasificado/veclcain-estrena-casa-de-140-m-sup2--con-3-recamaras-en-149131841.html,2530000,"MN 2,530,000",MXN,venta,Casa,,Jiutepec,Morelos,146.0,146.0,Publicado hace 163 días,2026-03-02T19:44:45Z,2026-08-12T17:49:45.417280+00:00,https://www.inmuebles24.com/casas-o-casa-en-condominio-o-departamentos-en-venta-en-morelos-provincia-ordenado-por-fechaonline-descendente.html-pagina-167.html
https://www.inmuebles24.com/propiedades/clasificado/veclcain-estrena-casa-en-rancho-cortes-privada-con-seguridad-149122032.html,7250000,"MN 7,250,000",MXN,venta,Casa,Rancho Cortes,Cuernavaca,Morelos,270.0,270.0,Publicado hace 165 días,2026-03-01T03:36:17Z,2026-08-12T17:49:45.417280+00:00,https://www.inmuebles24.com/casas-o-casa-en-condominio-o-departamentos-en-venta-en-morelos-provincia-ordenado-por-fechaonline-descendente.html-pagina-167.html
https://www.inmuebles24.com/propiedades/clasificado/veclcain-hermosa-casa-estilo-mediterraneo-en-reforma-149131781.html,12000000,"MN 12,000,000",MXN,venta,Casa,Reforma,Cuernavaca,Morelos,467.0,467.0,Publicado hace 163 días,2026-03-02T19:40:56Z,2026-08-12T17:49:45.417280+00:00,https://www.inmuebles24.com/casas-o-casa-en-condominio-o-departamentos-en-venta-en-morelos-provincia-ordenado-por-fechaonline-descendente.html-pagina-167.html
https://www.inmuebles24.com/propiedades/clasificado/veclcain-preciosas-casas-en-venta-con-acabados-de-lujo-en-149119943.html,4225000,"MN 4,225,000",MXN,venta,Casa,Barrio Ixtlahuacan,Yautepec,Morelos,181.0,204.0,Publicado hace 165 días,2026-02-28T19:01:11Z,2026-08-12T17:49:45.417280+00:00,https://www.inmuebles24.com/casas-o-casa-en-condominio-o-departamentos-en-venta-en-morelos-provincia-ordenado-por-fechaonline-descendente.html-pagina-167.html
https://www.inmuebles24.com/propiedades/clasificado/veclcain-preventa-con-precios-exclusivos-y-facilidades-149124044.html,8959000,"MN 8,959,000",MXN,venta,Casa,Yautepec Centro,Yautepec,Morelos,192.0,657.0,Publicado hace 164 días,2026-03-01T20:47:07Z,2026-08-12T17:51:00.088093+00:00,https://www.inmuebles24.com/casas-o-casa-en-condominio-o-departamentos-en-venta-en-morelos-provincia-ordenado-por-fechaonline-descendente.html-pagina-167.html
https://www.inmuebles24.com/propiedades/clasificado/veclcain-se-vende-casa-de-tres-niveles-y-vista-panoramica-en-149110032.html,9500000,"MN 9,500,000",MXN,venta,Casa,Fraccionamiento Lomas de Cocoyoc,Atlatlahucan,Morelos,400.0,429.0,Publicado hace 166 días,2026-02-27T19:06:23Z,2026-08-12T17:51:00.088093+00:00,https://www.inmuebles24.com/casas-o-casa-en-condominio-o-departamentos-en-venta-en-morelos-provincia-ordenado-por-fechaonline-descendente.html-pagina-167.html
https://www.inmuebles24.com/propiedades/clasificado/veclccin-casa-en-condominio-en-venta-en-los-sauces-emiliano-149130795.html,1900000,"MN 1,900,000",MXN,venta,Casa en condominio,Emiliano Zapata,Atlatlahucan,Morelos,,,Publicado hace 163 días,2026-03-02T18:59:20Z,2026-08-12T17:51:00.088093+00:00,https://www.inmuebles24.com/casas-o-casa-en-condominio-o-departamentos-en-venta-en-morelos-provincia-ordenado-por-fechaonline-descendente.html-pagina-167.html
https://www.inmuebles24.com/propiedades/clasificado/veclccin-casa-en-venta-en-cuernavaca-149129524.html,6800000,"MN 6,800,000",MXN,venta,Casa en condominio,Fraccionamiento Burgos Bugambilias,Temixco,Morelos,255.0,476.0,Publicado hace 163 días,2026-03-02T17:42Z,2026-08-12T17:51:00.088093+00:00,https://www.inmuebles24.com/casas-o-casa-en-condominio-o-departamentos-en-venta-en-morelos-provincia-ordenado-por-fechaonline-descendente.html-pagina-167.html
https://www.inmuebles24.com/propiedades/clasificado/veclccin-casa-venta-en-condominio-unico-149121627.html,5950000,"MN 5,950,000",MXN,venta,Casa en condominio,,Cuernavaca,Morelos,198.0,652.0,Publicado hace 165 días,2026-03-01T01:43:08Z,2026-08-12T17:51:00.088093+00:00,https://www.inmuebles24.com/casas-o-casa-en-condominio-o-departamentos-en-venta-en-morelos-provincia-ordenado-por-fechaonline-descendente.html-pagina-167.html
https://www.inmuebles24.com/propiedades/clasificado/veclapin-departamento-jiutepec-145476272.html,1188000,"MN 1,188,000",MXN,venta,Apartamento,Progreso,Jiutepec,Morelos,60.0,60.0,Publicado hace más de 1 año,2025-01-16T16:50:10Z,2026-08-12T17:51:00.088093+00:00,https://www.inmuebles24.com/casas-o-casa-en-condominio-o-departamentos-en-venta-en-morelos-provincia-ordenado-por-fechaonline-descendente.html-pagina-168.html
https://www.inmuebles24.com/propiedades/clasificado/veclapin-en-venta-departamento-la-provincia-tlaltizapan-morelos-146493728.html,610000,"MN 610,000",MXN,venta,Apartamento,Pueblo Tlaltizapan de Pacheco,Tlaltizapán,Morelos,41.0,,Publicado hace más de 1 año,2025-05-20T21:15:54Z,2026-08-12T17:51:00.088093+00:00,https://www.inmuebles24.com/casas-o-casa-en-condominio-o-departamentos-en-venta-en-morelos-provincia-ordenado-por-fechaonline-descendente.html-pagina-168.html
https://www.inmuebles24.com/propiedades/clasificado/veclapin-venta-de-moderno-departamento-en-residencial-san-146488014.html,4200000,"MN 4,200,000",MXN,venta,Apartamento,Tlaltenango,Cuernavaca,Morelos,125.0,148.0,Publicado hace más de 1 año,2025-05-20T16:28:51Z,2026-08-12T17:51:00.088093+00:00,https://www.inmuebles24.com/casas-o-casa-en-condominio-o-departamentos-en-venta-en-morelos-provincia-ordenado-por-fechaonline-descendente.html-pagina-168.html
https://www.inmuebles24.com/propiedades/clasificado/veclcain-casa-con-340-m-sup2--superficie-de-terreno-5-145378520.html,8600000,"MN 8,600,000",MXN,venta,Casa,Fraccionamiento Brisas,Temixco,Morelos,400.0,340.0,Publicado hace más de 1 año,2025-01-03T21:15:12Z,2026-08-12T17:51:00.088093+00:00,https://www.inmuebles24.com/casas-o-casa-en-condominio-o-departamentos-en-venta-en-morelos-provincia-ordenado-por-fechaonline-descendente.html-pagina-168.html
https://www.inmuebles24.com/propiedades/clasificado/veclcain-casa-en-condominio-con-alberca-palapa-vigilancia-145431979.html,1632000,"MN 1,632,000",MXN,venta,Casa,10 de Abril,Cuautla,Morelos,85.0,65.0,Publicado hace más de 1 año,2025-01-10T21:18:11Z,2026-08-12T17:51:00.088093+00:00,https://www.inmuebles24.com/casas-o-casa-en-condominio-o-departamentos-en-venta-en-morelos-provincia-ordenado-por-fechaonline-descendente.html-pagina-168.html
https://www.inmuebles24.com/propiedades/clasificado/veclcain-casa-en-condominio-con-alberca-y-vigilancia-nuevas!-145432168.html,1925000,"MN 1,925,000",MXN,venta,Casa,Santa Rosa,Cuautla,Morelos,115.0,65.0,Publicado hace más de 1 año,2025-01-10T21:40:03Z,2026-08-12T17:52:27.886093+00:00,https://www.inmuebles24.com/casas-o-casa-en-condominio-o-departamentos-en-venta-en-morelos-provincia-ordenado-por-fechaonline-descendente.html-pagina-168.html
https://www.inmuebles24.com/propiedades/clasificado/veclcain-casa-en-cuautla-lista-para-estrenar-145417711.html,2400000,"MN 2,400,000",MXN,venta,Casa,Casasano 2da Ampliación,Cuautla,Morelos,120.0,168.0,Publicado hace más de 1 año,2025-01-09T06:07:37Z,2026-08-12T17:52:27.886093+00:00,https://www.inmuebles24.com/casas-o-casa-en-condominio-o-departamentos-en-venta-en-morelos-provincia-ordenado-por-fechaonline-descendente.html-pagina-168.html
https://www.inmuebles24.com/propiedades/clasificado/veclcain-casa-en-san-gaspar-146490942.html,3700000,"MN 3,700,000",MXN,venta,Casa,San Gaspar,Jiutepec,Morelos,180.0,630.0,Publicado hace más de 1 año,2025-05-20T18:56:02Z,2026-08-12T17:52:27.886093+00:00,https://www.inmuebles24.com/casas-o-casa-en-condominio-o-departamentos-en-venta-en-morelos-provincia-ordenado-por-fechaonline-descendente.html-pagina-168.html
https://www.inmuebles24.com/propiedades/clasificado/veclcain-casa-en-venta-al-norte-de-cuernavaca-morelos-146494768.html,6800000,"MN 6,800,000",MXN,venta,Casa,Fraccionamiento Lomas de Coyuca,Cuernavaca,Morelos,313.0,230.0,Publicado hace más de 1 año,2025-05-20T22:36:27Z,2026-08-12T17:52:27.886093+00:00,https://www.inmuebles24.com/casas-o-casa-en-condominio-o-departamentos-en-venta-en-morelos-provincia-ordenado-por-fechaonline-descendente.html-pagina-168.html
https://www.inmuebles24.com/propiedades/clasificado/veclcain-casa-en-venta-col.-vista-hermosa-fracc-con-146757974.html,8850000,"MN 8,850,000",MXN,venta,Casa,Vista Hermosa,Cuernavaca,Morelos,392.0,250.0,Publicado hace más de 1 año,2025-06-18T19:24:28Z,2026-08-12T17:52:27.886093+00:00,https://www.inmuebles24.com/casas-o-casa-en-condominio-o-departamentos-en-venta-en-morelos-provincia-ordenado-por-fechaonline-descendente.html-pagina-168.html
https://www.inmuebles24.com/propiedades/clasificado/veclcain-casa-nueva-con-alberca-palapa-vigilancia-24-7-en-145469984.html,3950000,"MN 3,950,000",MXN,venta,Casa,Fraccionamiento La Herradura,Cuernavaca,Morelos,220.0,120.0,Publicado hace más de 1 año,2025-01-15T21:04:45Z,2026-08-12T17:52:27.886093+00:00,https://www.inmuebles24.com/casas-o-casa-en-condominio-o-departamentos-en-venta-en-morelos-provincia-ordenado-por-fechaonline-descendente.html-pagina-168.html
https://www.inmuebles24.com/propiedades/clasificado/veclcain-ejerce-tu-credito-hipotecario-145472596.html,4350000,"MN 4,350,000",MXN,venta,Casa,Fraccionamiento Jardines de Tlayacapan,Tlayacapan,Morelos,180.0,300.0,Publicado hace más de 1 año,2025-01-16T01:49:09Z,2026-08-12T17:52:27.886093+00:00,https://www.inmuebles24.com/casas-o-casa-en-condominio-o-departamentos-en-venta-en-morelos-provincia-ordenado-por-fechaonline-descendente.html-pagina-168.html
https://www.inmuebles24.com/propiedades/clasificado/veclcain-en-venta-bonita-casa-de-un-nivel-en-vista-hermosa-146536493.html,6850000,"MN 6,850,000",MXN,venta,Casa,Vista Hermosa,Cuernavaca,Morelos,251.0,450.0,Publicado hace más de 1 año,2025-05-26T04:16:44Z,2026-08-12T17:52:27.886093+00:00,https://www.inmuebles24.com/casas-o-casa-en-condominio-o-departamentos-en-venta-en-morelos-provincia-ordenado-por-fechaonline-descendente.html-pagina-168.html
https://www.inmuebles24.com/propiedades/clasificado/veclcain-en-venta-casa-manantial-del-angel-yautepec-morelos-146548426.html,1750000,"MN 1,750,000",MXN,venta,Casa,Yautepec Centro,Yautepec,Morelos,68.0,91.0,Publicado hace más de 1 año,2025-05-27T04:03:26Z,2026-08-12T17:52:27.886093+00:00,https://www.inmuebles24.com/casas-o-casa-en-condominio-o-departamentos-en-venta-en-morelos-provincia-ordenado-por-fechaonline-descendente.html-pagina-168.html
https://www.inmuebles24.com/propiedades/clasificado/veclcain-en-venta-pie-de-casa-la-campina-tetecalita-morelos-146498053.html,435000,"MN 435,000",MXN,venta,Casa,La Campiña,Emiliano Zapata,Morelos,30.0,45.0,Publicado hace más de 1 año,2025-05-21T03:31:19Z,2026-08-12T17:52:27.886093+00:00,https://www.inmuebles24.com/casas-o-casa-en-condominio-o-departamentos-en-venta-en-morelos-provincia-ordenado-por-fechaonline-descendente.html-pagina-168.html
https://www.inmuebles24.com/propiedades/clasificado/veclcain-espectacular-residencia-en-fracc-leneros-vista-145471982.html,12000000,"MN 12,000,000",MXN,venta,Casa,Vista Hermosa,Cuernavaca,Morelos,365.0,576.0,Publicado hace más de 1 año,2025-01-16T00:23:04Z,2026-08-12T17:53:42.281153+00:00,https://www.inmuebles24.com/casas-o-casa-en-condominio-o-departamentos-en-venta-en-morelos-provincia-ordenado-por-fechaonline-descendente.html-pagina-168.html
https://www.inmuebles24.com/propiedades/clasificado/veclcain-exclusiva-casa-de-3-niveles-jardin-y-alberca-en-145310188.html,6175000,"MN 6,175,000",MXN,venta,Casa,Colinas de Santa Fe,Xochitepec,Morelos,280.0,316.0,Publicado hace más de 1 año,2024-12-17T15:24:16Z,2026-08-12T17:53:42.281153+00:00,https://www.inmuebles24.com/casas-o-casa-en-condominio-o-departamentos-en-venta-en-morelos-provincia-ordenado-por-fechaonline-descendente.html-pagina-168.html
https://www.inmuebles24.com/propiedades/clasificado/veclcain-moderna-casa-sola-de-dos-niveles-en-venta-lista-para-146500274.html,2700000,"MN 2,700,000",MXN,venta,Casa,San Antón,Cuernavaca,Morelos,149.0,149.0,Publicado hace más de 1 año,2025-05-21T15:56:32Z,2026-08-12T17:53:42.281153+00:00,https://www.inmuebles24.com/casas-o-casa-en-condominio-o-departamentos-en-venta-en-morelos-provincia-ordenado-por-fechaonline-descendente.html-pagina-168.html
https://www.inmuebles24.com/propiedades/clasificado/veclcain-oportunidad-casa-en-venta-nueva-en-rancho-cortes-145377840.html,10500000,"MN 10,500,000",MXN,venta,Casa,Rancho Cortes,Cuernavaca,Morelos,285.0,250.0,Publicado hace más de 1 año,2025-01-03T20:00:05Z,2026-08-12T17:53:42.281153+00:00,https://www.inmuebles24.com/casas-o-casa-en-condominio-o-departamentos-en-venta-en-morelos-provincia-ordenado-por-fechaonline-descendente.html-pagina-168.html
https://www.inmuebles24.com/propiedades/clasificado/veclcain-oportunidad-enorme-casa-en-exclusivo-fraccionamiento-145472855.html,9950000,"MN 9,950,000",MXN,venta,Casa,Vista Hermosa,Cuernavaca,Morelos,637.0,895.0,Publicado hace más de 1 año,2025-01-16T02:39:39Z,2026-08-12T17:53:42.281153+00:00,https://www.inmuebles24.com/casas-o-casa-en-condominio-o-departamentos-en-venta-en-morelos-provincia-ordenado-por-fechaonline-descendente.html-pagina-168.html
https://www.inmuebles24.com/propiedades/clasificado/veclcain-se-vende-amplia-casa-sola-de-dos-niveles-en-zona-146499936.html,7300000,"MN 7,300,000",MXN,venta,Casa,Vista Hermosa,Cuernavaca,Morelos,180.0,300.0,Publicado hace más de 1 año,2025-05-21T15:26:34Z,2026-08-12T17:53:42.281153+00:00,https://www.inmuebles24.com/casas-o-casa-en-condominio-o-departamentos-en-venta-en-morelos-provincia-ordenado-por-fechaonline-descendente.html-pagina-168.html
https://www.inmuebles24.com/propiedades/clasificado/veclcain-venta-casa-en-fraccionamiento-burgos-145508398.html,5900000,"MN 5,900,000",MXN,venta,Casa,Fraccionamiento Burgos Sección Ontario,Temixco,Morelos,270.0,205.0,Publicado hace más de 1 año,2025-01-20T23:40:50Z,2026-08-12T17:53:42.281153+00:00,https://www.inmuebles24.com/casas-o-casa-en-condominio-o-departamentos-en-venta-en-morelos-provincia-ordenado-por-fechaonline-descendente.html-pagina-168.html
https://www.inmuebles24.com/propiedades/clasificado/veclcain-venta-de-casa-en-cuernavaca-morelos-real-de-tetela-146762951.html,8990000,"MN 8,990,000",MXN,venta,Casa,Real de Tetela,Cuernavaca,Morelos,309.0,336.0,Publicado hace más de 1 año,2025-06-19T02:17:07Z,2026-08-12T17:53:42.281153+00:00,https://www.inmuebles24.com/casas-o-casa-en-condominio-o-departamentos-en-venta-en-morelos-provincia-ordenado-por-fechaonline-descendente.html-pagina-168.html
https://www.inmuebles24.com/propiedades/clasificado/veclccin-casa-con-350-m-sup2--superficie-de-terreno-y-4-145509446.html,2950000,"MN 2,950,000",MXN,venta,Casa en condominio,Oaxtepec Centro,Yautepec,Morelos,237.0,350.0,Publicado hace más de 1 año,2025-01-21T01:04:02Z,2026-08-12T17:53:42.281153+00:00,https://www.inmuebles24.com/casas-o-casa-en-condominio-o-departamentos-en-venta-en-morelos-provincia-ordenado-por-fechaonline-descendente.html-pagina-168.html
https://www.inmuebles24.com/propiedades/clasificado/veclccin-casa-en-condominio-nueva-con-alberca-palala-y-145432544.html,1595500,"MN 1,595,500",MXN,venta,Casa en condominio,10 de Abril,Cuautla,Morelos,85.0,65.0,Publicado hace más de 1 año,2025-01-10T22:12:23Z,2026-08-12T17:53:42.281153+00:00,https://www.inmuebles24.com/casas-o-casa-en-condominio-o-departamentos-en-venta-en-morelos-provincia-ordenado-por-fechaonline-descendente.html-pagina-168.html
https://www.inmuebles24.com/propiedades/clasificado/veclccin-casa-en-fraccionamiento-con-3-filtros-de-seguridad-145426191.html,2900000,"MN 2,900,000",MXN,venta,Casa en condominio,Oaxtepec Centro,Yautepec,Morelos,80.0,105.0,Publicado hace más de 1 año,2025-01-10T03:03:12Z,2026-08-12T17:54:54.221221+00:00,https://www.inmuebles24.com/casas-o-casa-en-condominio-o-departamentos-en-venta-en-morelos-provincia-ordenado-por-fechaonline-descendente.html-pagina-168.html
https://www.inmuebles24.com/propiedades/clasificado/veclccin-casa-en-venta-fraccionamiento-exclusivo-vista-hermosa-146500506.html,12000000,"MN 12,000,000",MXN,venta,Casa en condominio,Vista Hermosa,Cuernavaca,Morelos,350.0,500.0,Publicado hace más de 1 año,2025-05-21T16:21:15Z,2026-08-12T17:54:54.221221+00:00,https://www.inmuebles24.com/casas-o-casa-en-condominio-o-departamentos-en-venta-en-morelos-provincia-ordenado-por-fechaonline-descendente.html-pagina-168.html
https://www.inmuebles24.com/propiedades/clasificado/veclccin-casa-nueva-en-condominio-con-alberca-en-zona-norte!-145471121.html,2400000,"MN 2,400,000",MXN,venta,Casa en condominio,Plan de Ayala,Cuernavaca,Morelos,115.0,90.0,Publicado hace más de 1 año,2025-01-15T22:40:39Z,2026-08-12T17:54:54.221221+00:00,https://www.inmuebles24.com/casas-o-casa-en-condominio-o-departamentos-en-venta-en-morelos-provincia-ordenado-por-fechaonline-descendente.html-pagina-168.html
https://www.inmuebles24.com/propiedades/clasificado/veclccin-casa-nueva-en-condominio-con-alberca-zona-norte!-145470977.html,2400000,"MN 2,400,000",MXN,venta,Casa en condominio,Plan de Ayala Barrancas,Cuernavaca,Morelos,115.0,90.0,Publicado hace más de 1 año,2025-01-15T22:27:30Z,2026-08-12T17:54:54.221221+00:00,https://www.inmuebles24.com/casas-o-casa-en-condominio-o-departamentos-en-venta-en-morelos-provincia-ordenado-por-fechaonline-descendente.html-pagina-168.html
https://www.inmuebles24.com/propiedades/clasificado/veclccin-venta-casa-nueva-en-jiutepec-morelos-145472851.html,1977000,"MN 1,977,000",MXN,venta,Casa en condominio,Centro Jiutepec,Jiutepec,Morelos,90.0,90.0,Publicado hace más de 1 año,2025-01-16T02:38:40Z,2026-08-12T17:54:54.221221+00:00,https://www.inmuebles24.com/casas-o-casa-en-condominio-o-departamentos-en-venta-en-morelos-provincia-ordenado-por-fechaonline-descendente.html-pagina-168.html
https://www.inmuebles24.com/propiedades/clasificado/veclapin-departamento-de-134-m-sup2--con-2-recamaras-en-venta-142669306.html,4500000,"MN 4,500,000",MXN,venta,Apartamento,Benito Juárez (Centro),Cuernavaca,Morelos,134.0,175.0,Publicado hace más de 1 año,2024-02-10T04:10:15Z,2026-08-12T17:54:54.221221+00:00,https://www.inmuebles24.com/casas-o-casa-en-condominio-o-departamentos-en-venta-en-morelos-provincia-ordenado-por-fechaonline-descendente.html-pagina-169.html
https://www.inmuebles24.com/propiedades/clasificado/veclapin-departamento-en-colonia-palmira-cuernavaca.-146543288.html,2400000,"MN 2,400,000",MXN,venta,Apartamento,Palmira,Cuernavaca,Morelos,80.0,80.0,Publicado hace más de 1 año,2025-05-26T20:42:40Z,2026-08-12T17:54:54.221221+00:00,https://www.inmuebles24.com/casas-o-casa-en-condominio-o-departamentos-en-venta-en-morelos-provincia-ordenado-por-fechaonline-descendente.html-pagina-169.html
https://www.inmuebles24.com/propiedades/clasificado/veclapin-departamento-en-paraiso-contry-club-morelos-en-remate!-142643583.html,4950000,"MN 4,950,000",MXN,venta,Apartamento,Fraccionamiento Paraíso Country Club,Emiliano Zapata,Morelos,186.0,186.0,Publicado hace más de 1 año,2024-02-08T03:28:51Z,2026-08-12T17:54:54.221221+00:00,https://www.inmuebles24.com/casas-o-casa-en-condominio-o-departamentos-en-venta-en-morelos-provincia-ordenado-por-fechaonline-descendente.html-pagina-169.html
https://www.inmuebles24.com/propiedades/clasificado/veclapin-departamento-venta-acapantzingo-cuernavaca-142944227.html,5200000,"MN 5,200,000",MXN,venta,Apartamento,Acapatzingo,Cuernavaca,Morelos,140.0,345.0,Publicado hace más de 1 año,2024-03-08T04:58:55Z,2026-08-12T17:54:54.221221+00:00,https://www.inmuebles24.com/casas-o-casa-en-condominio-o-departamentos-en-venta-en-morelos-provincia-ordenado-por-fechaonline-descendente.html-pagina-169.html
https://www.inmuebles24.com/propiedades/clasificado/veclapin-departamentos-nuevos-y-usados-en-paraiso-contry-142637565.html,5600000,"MN 5,600,000",MXN,venta,Apartamento,Fraccionamiento Paraíso Country Club,Emiliano Zapata,Morelos,186.0,186.0,Publicado hace más de 1 año,2024-02-07T22:21:29Z,2026-08-12T17:54:54.221221+00:00,https://www.inmuebles24.com/casas-o-casa-en-condominio-o-departamentos-en-venta-en-morelos-provincia-ordenado-por-fechaonline-descendente.html-pagina-169.html
https://www.inmuebles24.com/propiedades/clasificado/veclcain--atencion-inversionistas-casa-para-remodelar!-a-3-142813799.html,3490000,"MN 3,490,000",MXN,venta,Casa,Fraccionamiento Lotes Alegría,Cuernavaca,Morelos,206.0,400.0,Publicado hace más de 1 año,2024-02-23T19:57:58Z,2026-08-12T17:56:22.259638+00:00,https://www.inmuebles24.com/casas-o-casa-en-condominio-o-departamentos-en-venta-en-morelos-provincia-ordenado-por-fechaonline-descendente.html-pagina-169.html
https://www.inmuebles24.com/propiedades/clasificado/veclcain-casa-en-del-empleado-146716253.html,4300000,"MN 4,300,000",MXN,venta,Casa,Del Empleado,Cuernavaca,Morelos,260.0,300.0,Publicado hace más de 1 año,2025-06-13T21:43:51Z,2026-08-12T17:56:22.259638+00:00,https://www.inmuebles24.com/casas-o-casa-en-condominio-o-departamentos-en-venta-en-morelos-provincia-ordenado-por-fechaonline-descendente.html-pagina-169.html
https://www.inmuebles24.com/propiedades/clasificado/veclcain-casa-en-fracc.-pedregal-de-oaxtepec-morelos-146538625.html,4500000,"MN 4,500,000",MXN,venta,Casa,Fraccionamiento Pedregal de Oaxtepec,Yautepec,Morelos,216.0,302.0,Publicado hace más de 1 año,2025-05-26T16:23:19Z,2026-08-12T17:56:22.259638+00:00,https://www.inmuebles24.com/casas-o-casa-en-condominio-o-departamentos-en-venta-en-morelos-provincia-ordenado-por-fechaonline-descendente.html-pagina-169.html
https://www.inmuebles24.com/propiedades/clasificado/veclcain-casa-en-venta-en-burgos-fraccionamiento-con-seguridad-146552354.html,8490000,"MN 8,490,000",MXN,venta,Casa,Burgos Bugambilias,Emiliano Zapata,Morelos,282.0,390.0,Publicado hace más de 1 año,2025-05-27T18:14:08Z,2026-08-12T17:56:22.259638+00:00,https://www.inmuebles24.com/casas-o-casa-en-condominio-o-departamentos-en-venta-en-morelos-provincia-ordenado-por-fechaonline-descendente.html-pagina-169.html
https://www.inmuebles24.com/propiedades/clasificado/veclcain-casa-en-venta-en-colonia-centro-de-cuernavaca-146715987.html,4650000,"MN 4,650,000",MXN,venta,Casa,,Cuernavaca,Morelos,200.0,272.0,Publicado hace más de 1 año,2025-06-13T21:24:43Z,2026-08-12T17:56:22.259638+00:00,https://www.inmuebles24.com/casas-o-casa-en-condominio-o-departamentos-en-venta-en-morelos-provincia-ordenado-por-fechaonline-descendente.html-pagina-169.html
https://www.inmuebles24.com/propiedades/clasificado/veclcain-casa-en-venta-en-cuernavaca-146555812.html,5990000,"MN 5,990,000",MXN,venta,Casa,Lomas de Cortes,Cuernavaca,Morelos,206.0,455.0,Publicado hace más de 1 año,2025-05-27T22:04:05Z,2026-08-12T17:56:22.259638+00:00,https://www.inmuebles24.com/casas-o-casa-en-condominio-o-departamentos-en-venta-en-morelos-provincia-ordenado-por-fechaonline-descendente.html-pagina-169.html
https://www.inmuebles24.com/propiedades/clasificado/veclcain-casa-en-venta-en-cuernavaca-morelos-146517460.html,4300000,"MN 4,300,000",MXN,venta,Casa,Lomas de Tetela,Cuernavaca,Morelos,300.0,300.0,Publicado hace más de 1 año,2025-05-22T23:34:42Z,2026-08-12T17:56:22.259638+00:00,https://www.inmuebles24.com/casas-o-casa-en-condominio-o-departamentos-en-venta-en-morelos-provincia-ordenado-por-fechaonline-descendente.html-pagina-169.html
https://www.inmuebles24.com/propiedades/clasificado/veclcain-casa-en-venta-o-renta-lujosa-y-muy-amplia-con-146525411.html,16499000,"MN 16,499,000",MXN,venta,Casa,Fraccionamiento Paraíso Country Club,Emiliano Zapata,Morelos,500.0,500.0,Publicado hace más de 1 año,2025-05-23T20:21:37Z,2026-08-12T17:56:22.259638+00:00,https://www.inmuebles24.com/casas-o-casa-en-condominio-o-departamentos-en-venta-en-morelos-provincia-ordenado-por-fechaonline-descendente.html-pagina-169.html
https://www.inmuebles24.com/propiedades/clasificado/veclcain-casa-en-zona-dorada-con-doble-filtro-se-seguridad-146677523.html,7500000,"MN 7,500,000",MXN,venta,Casa,Reforma,Cuernavaca,Morelos,204.0,207.0,Publicado hace más de 1 año,2025-06-10T11:04:52Z,2026-08-12T17:56:22.259638+00:00,https://www.inmuebles24.com/casas-o-casa-en-condominio-o-departamentos-en-venta-en-morelos-provincia-ordenado-por-fechaonline-descendente.html-pagina-169.html
https://www.inmuebles24.com/propiedades/clasificado/veclcain-casa-para-inversion-ubicada-en-paseo-del-conquistador-142913919.html,8200000,"MN 8,200,000",MXN,venta,Casa,Lomas de Cortes,Cuernavaca,Morelos,1050.0,1050.0,Publicado hace más de 1 año,2024-03-05T18:57:42Z,2026-08-12T17:56:22.259638+00:00,https://www.inmuebles24.com/casas-o-casa-en-condominio-o-departamentos-en-venta-en-morelos-provincia-ordenado-por-fechaonline-descendente.html-pagina-169.html
https://www.inmuebles24.com/propiedades/clasificado/veclcain-casa-vista-hermosa-142901146.html,9550000,"MN 9,550,000",MXN,venta,Casa,Vista Hermosa,Cuernavaca,Morelos,250.0,249.0,Publicado hace más de 1 año,2024-03-04T17:28:31Z,2026-08-12T17:57:44.865953+00:00,https://www.inmuebles24.com/casas-o-casa-en-condominio-o-departamentos-en-venta-en-morelos-provincia-ordenado-por-fechaonline-descendente.html-pagina-169.html
https://www.inmuebles24.com/propiedades/clasificado/veclcain-espectacular-casa-en-tequesquitengo-142848853.html,15500000,"MN 15,500,000",MXN,venta,Casa,Tequesquitengo,Jojutla,Morelos,1000.0,1900.0,Publicado hace más de 1 año,2024-02-28T00:39:57Z,2026-08-12T17:57:44.865953+00:00,https://www.inmuebles24.com/casas-o-casa-en-condominio-o-departamentos-en-venta-en-morelos-provincia-ordenado-por-fechaonline-descendente.html-pagina-169.html
https://www.inmuebles24.com/propiedades/clasificado/veclcain-estrena-casa-con-alberca-142641212.html,3200000,"MN 3,200,000",MXN,venta,Casa,Real Santa Fe,Xochitepec,Morelos,145.0,229.0,Publicado hace más de 1 año,2024-02-08T00:22:59Z,2026-08-12T17:57:44.865953+00:00,https://www.inmuebles24.com/casas-o-casa-en-condominio-o-departamentos-en-venta-en-morelos-provincia-ordenado-por-fechaonline-descendente.html-pagina-169.html
https://www.inmuebles24.com/propiedades/clasificado/veclcain-estrena-casa-con-alberca-al-sur-de-cuernavaca-142461186.html,4390000,"MN 4,390,000",MXN,venta,Casa,Fraccionamiento Lomas de Cuernavaca,Temixco,Morelos,265.0,240.0,Publicado hace más de 1 año,2024-01-26T00:59:21Z,2026-08-12T17:57:44.865953+00:00,https://www.inmuebles24.com/casas-o-casa-en-condominio-o-departamentos-en-venta-en-morelos-provincia-ordenado-por-fechaonline-descendente.html-pagina-169.html
https://www.inmuebles24.com/propiedades/clasificado/veclcain-estrena-casa-sola-en-privada-146763823.html,2850000,"MN 2,850,000",MXN,venta,Casa,Las Granjas,Cuernavaca,Morelos,125.0,134.0,Publicado hace más de 1 año,2025-06-19T04:01:33Z,2026-08-12T17:57:44.865953+00:00,https://www.inmuebles24.com/casas-o-casa-en-condominio-o-departamentos-en-venta-en-morelos-provincia-ordenado-por-fechaonline-descendente.html-pagina-169.html
https://www.inmuebles24.com/propiedades/clasificado/veclcain-experiencia-de-vida-en-delicias-142900786.html,7950000,"MN 7,950,000",MXN,venta,Casa,Delicias,Cuernavaca,Morelos,300.0,288.0,Publicado hace más de 1 año,2024-03-04T17:12:33Z,2026-08-12T17:57:44.865953+00:00,https://www.inmuebles24.com/casas-o-casa-en-condominio-o-departamentos-en-venta-en-morelos-provincia-ordenado-por-fechaonline-descendente.html-pagina-169.html
https://www.inmuebles24.com/propiedades/clasificado/veclcain-hermosa-casa-en-zona-dorada-de-cuernavaca-142879454.html,5300000,"MN 5,300,000",MXN,venta,Casa,Delicias,Cuernavaca,Morelos,190.0,250.0,Publicado hace más de 1 año,2024-03-01T16:08:17Z,2026-08-12T17:57:44.865953+00:00,https://www.inmuebles24.com/casas-o-casa-en-condominio-o-departamentos-en-venta-en-morelos-provincia-ordenado-por-fechaonline-descendente.html-pagina-169.html
https://www.inmuebles24.com/propiedades/clasificado/veclcain-hermosa-casa-moderna-con-vigilancia-146528552.html,6800000,"MN 6,800,000",MXN,venta,Casa,Fraccionamiento Lomas de Coyuca,Cuernavaca,Morelos,238.0,313.0,Publicado hace más de 1 año,2025-05-24T02:37:38Z,2026-08-12T17:57:44.865953+00:00,https://www.inmuebles24.com/casas-o-casa-en-condominio-o-departamentos-en-venta-en-morelos-provincia-ordenado-por-fechaonline-descendente.html-pagina-169.html
https://www.inmuebles24.com/propiedades/clasificado/veclcain-oportunidad-de-inversion-jardin-de-eventos-y-mini-142678161.html,6500000,"MN 6,500,000",MXN,venta,Casa,Lomas de Atzingo,Cuernavaca,Morelos,450.0,450.0,Publicado hace más de 1 año,2024-02-12T02:03:16Z,2026-08-12T17:57:44.865953+00:00,https://www.inmuebles24.com/casas-o-casa-en-condominio-o-departamentos-en-venta-en-morelos-provincia-ordenado-por-fechaonline-descendente.html-pagina-169.html
https://www.inmuebles24.com/propiedades/clasificado/veclcain-se-vende-casa-con-recamara-en-planta-baja-en-emiliano-142914002.html,2300000,"MN 2,300,000",MXN,venta,Casa,Ampliación 3 de Mayo,Emiliano Zapata,Morelos,220.0,139.0,Publicado hace más de 1 año,2024-03-05T19:03:15Z,2026-08-12T17:57:44.865953+00:00,https://www.inmuebles24.com/casas-o-casa-en-condominio-o-departamentos-en-venta-en-morelos-provincia-ordenado-por-fechaonline-descendente.html-pagina-169.html
https://www.inmuebles24.com/propiedades/clasificado/veclcain-venta-casa-en-tepoztlan-morelos-pueblo-magico!-142919955.html,8900000,"MN 8,900,000",MXN,venta,Casa,Tepoztlán Centro,Tepoztlán,Morelos,380.0,1985.0,Publicado hace más de 1 año,2024-03-06T03:15:03Z,2026-08-12T17:59:00.101649+00:00,https://www.inmuebles24.com/casas-o-casa-en-condominio-o-departamentos-en-venta-en-morelos-provincia-ordenado-por-fechaonline-descendente.html-pagina-169.html
https://www.inmuebles24.com/propiedades/clasificado/veclcain-venta-de-amplia-casa-en-rancho-cortes-cuernavaca-142930981.html,35950000,"MN 35,950,000",MXN,venta,Casa,Rancho Cortes,Cuernavaca,Morelos,1000.0,2400.0,Publicado hace más de 1 año,2024-03-07T00:48:13Z,2026-08-12T17:59:00.101649+00:00,https://www.inmuebles24.com/casas-o-casa-en-condominio-o-departamentos-en-venta-en-morelos-provincia-ordenado-por-fechaonline-descendente.html-pagina-169.html
https://www.inmuebles24.com/propiedades/clasificado/veclcain-venta-de-casas-al-norte-de-cuernavaca-morelos-142961945.html,9000000,"MN 9,000,000",MXN,venta,Casa,Pueblo Santa María Ahuacatitlán,Cuernavaca,Morelos,547.0,1075.0,Publicado hace más de 1 año,2024-03-11T15:54:53Z,2026-08-12T17:59:00.101649+00:00,https://www.inmuebles24.com/casas-o-casa-en-condominio-o-departamentos-en-venta-en-morelos-provincia-ordenado-por-fechaonline-descendente.html-pagina-169.html
https://www.inmuebles24.com/propiedades/clasificado/veclcain-venta-de-hermosa-casa-de-4-000-m-de-terreno-en-zona-142838174.html,19900000,"MN 19,900,000",MXN,venta,Casa,Jardines de Delicias,Cuernavaca,Morelos,1146.0,3956.0,Publicado hace más de 1 año,2024-02-27T02:39:25Z,2026-08-12T17:59:00.101649+00:00,https://www.inmuebles24.com/casas-o-casa-en-condominio-o-departamentos-en-venta-en-morelos-provincia-ordenado-por-fechaonline-descendente.html-pagina-169.html
https://www.inmuebles24.com/propiedades/clasificado/veclcain-vista-hermosa-cuernavaca-venta-casa-$12-000-000-142847929.html,12000000,"MN 12,000,000",MXN,venta,Casa,Vista Hermosa,Cuernavaca,Morelos,365.0,576.0,Publicado hace más de 1 año,2024-02-27T23:31:11Z,2026-08-12T17:59:00.101649+00:00,https://www.inmuebles24.com/casas-o-casa-en-condominio-o-departamentos-en-venta-en-morelos-provincia-ordenado-por-fechaonline-descendente.html-pagina-169.html
https://www.inmuebles24.com/propiedades/clasificado/veclapin-en-venta-departamento-colinas-del-altar-temixco-146568669.html,619000,"MN 619,000",MXN,venta,Apartamento,Temixco Centro,Temixco,Morelos,42.0,,Publicado hace más de 1 año,2025-05-29T02:22:45Z,2026-08-12T17:59:00.101649+00:00,https://www.inmuebles24.com/casas-o-casa-en-condominio-o-departamentos-en-venta-en-morelos-provincia-ordenado-por-fechaonline-descendente.html-pagina-170.html
https://www.inmuebles24.com/propiedades/clasificado/veclapin-penthouse-con-roof-garden.-bajada-a-chapultepec-146600963.html,3400000,"MN 3,400,000",MXN,venta,Apartamento,Chapultepec,Cuernavaca,Morelos,220.0,220.0,Publicado hace más de 1 año,2025-06-02T16:51:25Z,2026-08-12T17:59:00.101649+00:00,https://www.inmuebles24.com/casas-o-casa-en-condominio-o-departamentos-en-venta-en-morelos-provincia-ordenado-por-fechaonline-descendente.html-pagina-170.html
https://www.inmuebles24.com/propiedades/clasificado/veclapin-precioso-departamento-en-renta-rodeado-de-naturaleza-146597208.html,3500000,"MN 3,500,000",MXN,venta,Apartamento,Benito Juárez (Centro),Cuernavaca,Morelos,100.0,120.0,Publicado hace más de 1 año,2025-06-01T22:09:50Z,2026-08-12T17:59:00.101649+00:00,https://www.inmuebles24.com/casas-o-casa-en-condominio-o-departamentos-en-venta-en-morelos-provincia-ordenado-por-fechaonline-descendente.html-pagina-170.html
https://www.inmuebles24.com/propiedades/clasificado/veclapin-se-renta-y-vende-comodo-y-seguro-departamento-en-146463412.html,2900000,"MN 2,900,000",MXN,venta,Apartamento,Lomas de la Selva,Cuernavaca,Morelos,100.0,100.0,Publicado hace más de 1 año,2025-05-16T18:23:19Z,2026-08-12T17:59:00.101649+00:00,https://www.inmuebles24.com/casas-o-casa-en-condominio-o-departamentos-en-venta-en-morelos-provincia-ordenado-por-fechaonline-descendente.html-pagina-170.html
https://www.inmuebles24.com/propiedades/clasificado/veclapin-se-renta-y-vende-precioso-departamento-dentro-de-un-146464396.html,4000000,"MN 4,000,000",MXN,venta,Apartamento,Tlaltenango,Cuernavaca,Morelos,120.0,120.0,Publicado hace más de 1 año,2025-05-16T19:35:10Z,2026-08-12T17:59:00.101649+00:00,https://www.inmuebles24.com/casas-o-casa-en-condominio-o-departamentos-en-venta-en-morelos-provincia-ordenado-por-fechaonline-descendente.html-pagina-170.html
https://www.inmuebles24.com/propiedades/clasificado/veclapin-se-vende-y-renta-hermoso-departamento-planta-baja-146427399.html,2900000,"MN 2,900,000",MXN,venta,Apartamento,Las Palmas,Cuernavaca,Morelos,80.0,80.0,Publicado hace más de 1 año,2025-05-13T19:37:12Z,2026-08-12T18:00:02.159620+00:00,https://www.inmuebles24.com/casas-o-casa-en-condominio-o-departamentos-en-venta-en-morelos-provincia-ordenado-por-fechaonline-descendente.html-pagina-170.html
https://www.inmuebles24.com/propiedades/clasificado/veclcain-casa-con-alberca-al-sur-de-cuernavaca-146644167.html,3980000,"MN 3,980,000",MXN,venta,Casa,Fraccionamiento Burgos Bugambilias,Temixco,Morelos,167.0,255.0,Publicado hace más de 1 año,2025-06-05T23:13:13Z,2026-08-12T18:00:02.159620+00:00,https://www.inmuebles24.com/casas-o-casa-en-condominio-o-departamentos-en-venta-en-morelos-provincia-ordenado-por-fechaonline-descendente.html-pagina-170.html
https://www.inmuebles24.com/propiedades/clasificado/veclcain-casa-de-un-nivel-en-la-mejor-zona-de-tepoztlan-146643771.html,11000000,"MN 11,000,000",MXN,venta,Casa,Barrio Santo Domingo,Tepoztlán,Morelos,1100.0,360.0,Publicado hace más de 1 año,2025-06-05T22:32:41Z,2026-08-12T18:00:02.159620+00:00,https://www.inmuebles24.com/casas-o-casa-en-condominio-o-departamentos-en-venta-en-morelos-provincia-ordenado-por-fechaonline-descendente.html-pagina-170.html
https://www.inmuebles24.com/propiedades/clasificado/veclcain-casa-en-fraccionamiento-a-3-minutos-del-centro-de-146643963.html,6500000,"MN 6,500,000",MXN,venta,Casa,Amatitlán,Cuernavaca,Morelos,410.0,305.0,Publicado hace más de 1 año,2025-06-05T22:51:17Z,2026-08-12T18:00:02.159620+00:00,https://www.inmuebles24.com/casas-o-casa-en-condominio-o-departamentos-en-venta-en-morelos-provincia-ordenado-por-fechaonline-descendente.html-pagina-170.html
https://www.inmuebles24.com/propiedades/clasificado/veclcain-casa-en-tepoztlan-con-grandes-jardines-146437294.html,37000000,"MN 37,000,000",MXN,venta,Casa,Tepoztlán Centro,Tepoztlán,Morelos,1300.0,16000.0,Publicado hace más de 1 año,2025-05-14T02:44:41Z,2026-08-12T18:00:02.159620+00:00,https://www.inmuebles24.com/casas-o-casa-en-condominio-o-departamentos-en-venta-en-morelos-provincia-ordenado-por-fechaonline-descendente.html-pagina-170.html
https://www.inmuebles24.com/propiedades/clasificado/veclcain-casa-en-venta-146433574.html,10000000,"MN 10,000,000",MXN,venta,Casa,Fraccionamiento Lomas de Cocoyoc,Atlatlahucan,Morelos,424.0,695.0,Publicado hace más de 1 año,2025-05-14T00:10:53Z,2026-08-12T18:00:02.159620+00:00,https://www.inmuebles24.com/casas-o-casa-en-condominio-o-departamentos-en-venta-en-morelos-provincia-ordenado-por-fechaonline-descendente.html-pagina-170.html
https://www.inmuebles24.com/propiedades/clasificado/veclcain-casa-en-venta-en-colonia-las-maravillas-en-cuernavaca-146613328.html,5500000,"MN 5,500,000",MXN,venta,Casa,,Cuernavaca,Morelos,212.0,164.0,Publicado hace más de 1 año,2025-06-03T17:27:43Z,2026-08-12T18:00:02.159620+00:00,https://www.inmuebles24.com/casas-o-casa-en-condominio-o-departamentos-en-venta-en-morelos-provincia-ordenado-por-fechaonline-descendente.html-pagina-170.html
https://www.inmuebles24.com/propiedades/clasificado/veclcain-casa-en-venta-en-corinto-dentro-de-burgos-146566221.html,8700000,"MN 8,700,000",MXN,venta,Casa,Bugambilias,Temixco,Morelos,390.0,360.0,Publicado hace más de 1 año,2025-05-28T21:52:22Z,2026-08-12T18:00:02.159620+00:00,https://www.inmuebles24.com/casas-o-casa-en-condominio-o-departamentos-en-venta-en-morelos-provincia-ordenado-por-fechaonline-descendente.html-pagina-170.html
https://www.inmuebles24.com/propiedades/clasificado/veclcain-casa-en-venta-en-cuernavaca-146432875.html,10500000,"MN 10,500,000",MXN,venta,Casa,Jardines de Ahuatepec,Cuernavaca,Morelos,495.0,998.0,Publicado hace más de 1 año,2025-05-14T00:09:28Z,2026-08-12T18:00:02.159620+00:00,https://www.inmuebles24.com/casas-o-casa-en-condominio-o-departamentos-en-venta-en-morelos-provincia-ordenado-por-fechaonline-descendente.html-pagina-170.html
https://www.inmuebles24.com/propiedades/clasificado/veclcain-casa-en-venta-en-jardines-de-ahuatepec-cuernavaca-146599054.html,12000000,"MN 12,000,000",MXN,venta,Casa,Jardines de Ahuatepec,Cuernavaca,Morelos,730.0,2200.0,Publicado hace más de 1 año,2025-06-02T05:02:13Z,2026-08-12T18:00:02.159620+00:00,https://www.inmuebles24.com/casas-o-casa-en-condominio-o-departamentos-en-venta-en-morelos-provincia-ordenado-por-fechaonline-descendente.html-pagina-170.html
https://www.inmuebles24.com/propiedades/clasificado/veclcain-casa-fraccionamiento-brisas-146657707.html,4900000,"MN 4,900,000",MXN,venta,Casa,Fraccionamiento Brisas,Temixco,Morelos,220.0,430.0,Publicado hace más de 1 año,2025-06-07T16:36:41Z,2026-08-12T18:01:19.928767+00:00,https://www.inmuebles24.com/casas-o-casa-en-condominio-o-departamentos-en-venta-en-morelos-provincia-ordenado-por-fechaonline-descendente.html-pagina-170.html
https://www.inmuebles24.com/propiedades/clasificado/veclcain-en-venta-hermosa-casa-paseos-del-rio-emiliano-zapata-146620990.html,1100000,"MN 1,100,000",MXN,venta,Casa,Fraccionamiento Paseos del Río,Emiliano Zapata,Morelos,74.0,67.0,Publicado hace más de 1 año,2025-06-04T02:45:48Z,2026-08-12T18:01:19.928767+00:00,https://www.inmuebles24.com/casas-o-casa-en-condominio-o-departamentos-en-venta-en-morelos-provincia-ordenado-por-fechaonline-descendente.html-pagina-170.html
https://www.inmuebles24.com/propiedades/clasificado/veclcain-enorme-propiedad-en-zona-dorada-146513429.html,13000000,"MN 13,000,000",MXN,venta,Casa,Delicias,Cuernavaca,Morelos,649.0,1227.0,Publicado hace más de 1 año,2025-05-22T18:10:12Z,2026-08-12T18:01:19.928767+00:00,https://www.inmuebles24.com/casas-o-casa-en-condominio-o-departamentos-en-venta-en-morelos-provincia-ordenado-por-fechaonline-descendente.html-pagina-170.html
https://www.inmuebles24.com/propiedades/clasificado/veclcain-excelente-casa-en-maravillas-sesion-de-derechos-142463628.html,2700000,"MN 2,700,000",MXN,venta,Casa,Maravillas,Cuernavaca,Morelos,380.0,360.0,Publicado hace más de 1 año,2024-01-26T14:53:06Z,2026-08-12T18:01:19.928767+00:00,https://www.inmuebles24.com/casas-o-casa-en-condominio-o-departamentos-en-venta-en-morelos-provincia-ordenado-por-fechaonline-descendente.html-pagina-170.html
https://www.inmuebles24.com/propiedades/clasificado/veclcain-gran-oportunidad-de-inversion-146513975.html,3995000,"MN 3,995,000",MXN,venta,Casa,Plan de Ayala,Cuernavaca,Morelos,340.0,1257.0,Publicado hace más de 1 año,2025-05-22T18:44:55Z,2026-08-12T18:01:19.928767+00:00,https://www.inmuebles24.com/casas-o-casa-en-condominio-o-departamentos-en-venta-en-morelos-provincia-ordenado-por-fechaonline-descendente.html-pagina-170.html
https://www.inmuebles24.com/propiedades/clasificado/veclcain-vendo-casa-con-alberca-de-un-nivel-en-san-diego-146466873.html,7000000,"MN 7,000,000",MXN,venta,Casa,Delicias,Cuernavaca,Morelos,250.0,502.0,Publicado hace más de 1 año,2025-05-16T22:50:54Z,2026-08-12T18:01:19.928767+00:00,https://www.inmuebles24.com/casas-o-casa-en-condominio-o-departamentos-en-venta-en-morelos-provincia-ordenado-por-fechaonline-descendente.html-pagina-170.html
https://www.inmuebles24.com/propiedades/clasificado/veclcain-venta-casa-en-venta-en-burgos-bugambilias-146643955.html,4500000,"MN 4,500,000",MXN,venta,Casa,Casa Blanca,Temixco,Morelos,166.0,455.0,Publicado hace más de 1 año,2025-06-05T22:50:37Z,2026-08-12T18:01:19.928767+00:00,https://www.inmuebles24.com/casas-o-casa-en-condominio-o-departamentos-en-venta-en-morelos-provincia-ordenado-por-fechaonline-descendente.html-pagina-170.html
https://www.inmuebles24.com/propiedades/clasificado/veclcain-venta-casa-paraiso-country-club-146564213.html,9900000,"MN 9,900,000",MXN,venta,Casa,Fraccionamiento Paraíso Country Club,Emiliano Zapata,Morelos,251.0,431.0,Publicado hace más de 1 año,2025-05-28T19:25:13Z,2026-08-12T18:01:19.928767+00:00,https://www.inmuebles24.com/casas-o-casa-en-condominio-o-departamentos-en-venta-en-morelos-provincia-ordenado-por-fechaonline-descendente.html-pagina-170.html
https://www.inmuebles24.com/propiedades/clasificado/veclcain-venta-de-residencial-de-lujo-con-mas-de-8-000-m-sup2-146614005.html,37000000,"MN 37,000,000",MXN,venta,Casa,Jardines de Ahuatepec,Cuernavaca,Morelos,979.0,8732.0,Publicado hace 351 días,2025-06-03T18:06:48Z,2026-08-12T18:01:19.928767+00:00,https://www.inmuebles24.com/casas-o-casa-en-condominio-o-departamentos-en-venta-en-morelos-provincia-ordenado-por-fechaonline-descendente.html-pagina-170.html
https://www.inmuebles24.com/propiedades/clasificado/veclcain-venta-o-renta-de-espectacular-casa-nueva-en-paraiso-146467441.html,14000000,"MN 14,000,000",MXN,venta,Casa,Fraccionamiento Paraíso Country Club,Emiliano Zapata,Morelos,400.0,478.0,Publicado hace más de 1 año,2025-05-16T23:10:32Z,2026-08-12T18:01:19.928767+00:00,https://www.inmuebles24.com/casas-o-casa-en-condominio-o-departamentos-en-venta-en-morelos-provincia-ordenado-por-fechaonline-descendente.html-pagina-170.html
https://www.inmuebles24.com/propiedades/clasificado/veclccin-casa-en-condominio-en-venta-en-lomas-de-cocoyoc-146433777.html,1700000,"MN 1,700,000",MXN,venta,Casa en condominio,Fraccionamiento Lomas de Cocoyoc,Atlatlahucan,Morelos,84.0,90.0,Publicado hace más de 1 año,2025-05-14T00:11:14Z,2026-08-12T18:02:36.043129+00:00,https://www.inmuebles24.com/casas-o-casa-en-condominio-o-departamentos-en-venta-en-morelos-provincia-ordenado-por-fechaonline-descendente.html-pagina-170.html
https://www.inmuebles24.com/propiedades/clasificado/veclccin-casa-enorme-en-venta-en-lomas-de-cocoyoc-146510775.html,8000000,"MN 8,000,000",MXN,venta,Casa en condominio,Centro Cocoyoc,Yautepec,Morelos,280.0,750.0,Publicado hace más de 1 año,2025-05-22T15:21:48Z,2026-08-12T18:02:36.043129+00:00,https://www.inmuebles24.com/casas-o-casa-en-condominio-o-departamentos-en-venta-en-morelos-provincia-ordenado-por-fechaonline-descendente.html-pagina-170.html
https://www.inmuebles24.com/propiedades/clasificado/veclccin-hermosa-casa-en-venta-en-condominio-en-burgos-146511874.html,3400000,"MN 3,400,000",MXN,venta,Casa en condominio,Fraccionamiento Burgos Bugambilias,Temixco,Morelos,140.0,200.0,Publicado hace más de 1 año,2025-05-22T16:20:47Z,2026-08-12T18:02:36.043129+00:00,https://www.inmuebles24.com/casas-o-casa-en-condominio-o-departamentos-en-venta-en-morelos-provincia-ordenado-por-fechaonline-descendente.html-pagina-170.html
https://www.inmuebles24.com/propiedades/clasificado/veclccin-preciosa-casa-una-planta-146433548.html,5750000,"MN 5,750,000",MXN,venta,Casa en condominio,Felipe Neri,Yautepec,Morelos,320.0,400.0,Publicado hace más de 1 año,2025-05-14T00:10:49Z,2026-08-12T18:02:36.043129+00:00,https://www.inmuebles24.com/casas-o-casa-en-condominio-o-departamentos-en-venta-en-morelos-provincia-ordenado-por-fechaonline-descendente.html-pagina-170.html
https://www.inmuebles24.com/propiedades/clasificado/veclccin-venta-casa-en-fracc.-san-jeronimo-ahuatepec-146620630.html,7700000,"MN 7,700,000",MXN,venta,Casa en condominio,Fraccionamiento San Jerónimo Ahuatepec,Cuernavaca,Morelos,298.0,300.0,Publicado hace más de 1 año,2025-06-04T01:42:20Z,2026-08-12T18:02:36.043129+00:00,https://www.inmuebles24.com/casas-o-casa-en-condominio-o-departamentos-en-venta-en-morelos-provincia-ordenado-por-fechaonline-descendente.html-pagina-170.html
https://www.inmuebles24.com/propiedades/clasificado/veclapin-departamento-en-venta-en-cuernavaca-residencial-las-90081959.html,3800000,"MN 3,800,000",MXN,venta,Apartamento,Cantarranas,Cuernavaca,Morelos,145.0,145.0,Publicado hace más de 1 año,2023-06-07T03:43:54Z,2026-08-12T18:02:36.043129+00:00,https://www.inmuebles24.com/casas-o-casa-en-condominio-o-departamentos-en-venta-en-morelos-provincia-ordenado-por-fechaonline-descendente.html-pagina-171.html
https://www.inmuebles24.com/propiedades/clasificado/veclapin-departamentos-nuevos-en-cuernavaca-desde-$1-550-000-90658556.html,1550000,"MN 1,550,000",MXN,venta,Apartamento,Acapatzingo,Cuernavaca,Morelos,125.0,500.0,Publicado hace más de 1 año,2023-07-20T23:54:33Z,2026-08-12T18:02:36.043129+00:00,https://www.inmuebles24.com/casas-o-casa-en-condominio-o-departamentos-en-venta-en-morelos-provincia-ordenado-por-fechaonline-descendente.html-pagina-171.html
https://www.inmuebles24.com/propiedades/clasificado/veclapin-moderno-departamento-con-seguridad-y-areas-sociales.-90636983.html,2850000,"MN 2,850,000",MXN,venta,Apartamento,Lomas de la Selva,Cuernavaca,Morelos,100.0,100.0,Publicado hace más de 1 año,2023-07-19T17:10:03Z,2026-08-12T18:02:36.043129+00:00,https://www.inmuebles24.com/casas-o-casa-en-condominio-o-departamentos-en-venta-en-morelos-provincia-ordenado-por-fechaonline-descendente.html-pagina-171.html
https://www.inmuebles24.com/propiedades/clasificado/veclapin-venta-departamento-palmira-cuernavaca-con-elevador-90517695.html,2250000,"MN 2,250,000",MXN,venta,Apartamento,Palmira,Cuernavaca,Morelos,80.0,148.0,Publicado hace más de 1 año,2023-07-10T21:03:24Z,2026-08-12T18:02:36.043129+00:00,https://www.inmuebles24.com/casas-o-casa-en-condominio-o-departamentos-en-venta-en-morelos-provincia-ordenado-por-fechaonline-descendente.html-pagina-171.html
https://www.inmuebles24.com/propiedades/clasificado/veclcain-bonita-casa-nueva-en-fraccionamiento-real-de-oaxtepec-90403283.html,6750000,"MN 6,750,000",MXN,venta,Casa,Fraccionamiento Real de Oaxtepec,Yautepec,Morelos,250.0,437.0,Publicado hace más de 1 año,2023-07-01T17:17:48Z,2026-08-12T18:02:36.043129+00:00,https://www.inmuebles24.com/casas-o-casa-en-condominio-o-departamentos-en-venta-en-morelos-provincia-ordenado-por-fechaonline-descendente.html-pagina-171.html
https://www.inmuebles24.com/propiedades/clasificado/veclcain-burgos-bugambilias-venta-casa-tipo-hacienda-un-nivel-90259917.html,7000000,"MN 7,000,000",MXN,venta,Casa,Fraccionamiento Burgos Sección Ontario,Temixco,Morelos,513.0,928.0,Publicado hace más de 1 año,2023-06-22T12:38:27Z,2026-08-12T18:03:35.920216+00:00,https://www.inmuebles24.com/casas-o-casa-en-condominio-o-departamentos-en-venta-en-morelos-provincia-ordenado-por-fechaonline-descendente.html-pagina-171.html
https://www.inmuebles24.com/propiedades/clasificado/veclcain-casa-4-recamaras-con-alberca-y-jardin-privado-90658545.html,3400000,"MN 3,400,000",MXN,venta,Casa,,Xochitepec,Morelos,165.0,180.0,Publicado hace más de 1 año,2023-07-20T23:54:26Z,2026-08-12T18:03:35.920216+00:00,https://www.inmuebles24.com/casas-o-casa-en-condominio-o-departamentos-en-venta-en-morelos-provincia-ordenado-por-fechaonline-descendente.html-pagina-171.html
https://www.inmuebles24.com/propiedades/clasificado/veclcain-casa-con-alberca-frac.-real-del-puente-a-3-min-del-tec-90081984.html,12500000,"MN 12,500,000",MXN,venta,Casa,Real del Puente,Xochitepec,Morelos,700.0,2000.0,Publicado hace más de 1 año,2023-06-07T03:44:58Z,2026-08-12T18:03:35.920216+00:00,https://www.inmuebles24.com/casas-o-casa-en-condominio-o-departamentos-en-venta-en-morelos-provincia-ordenado-por-fechaonline-descendente.html-pagina-171.html
https://www.inmuebles24.com/propiedades/clasificado/veclcain-casa-con-bungalo-en-lomas-de-cuernavaca-90465389.html,6000000,"MN 6,000,000",MXN,venta,Casa,Fraccionamiento Lomas de Cuernavaca,Temixco,Morelos,350.0,500.0,Publicado hace más de 1 año,2023-07-06T21:48:32Z,2026-08-12T18:03:35.920216+00:00,https://www.inmuebles24.com/casas-o-casa-en-condominio-o-departamentos-en-venta-en-morelos-provincia-ordenado-por-fechaonline-descendente.html-pagina-171.html
https://www.inmuebles24.com/propiedades/clasificado/veclcain-casa-con-local-comercial-en-temixco-90658546.html,700000,"MN 700,000",MXN,venta,Casa,Pueblo Rubén Jaramillo,Temixco,Morelos,134.0,197.0,Publicado hace más de 1 año,2023-07-20T23:54:26Z,2026-08-12T18:03:35.920216+00:00,https://www.inmuebles24.com/casas-o-casa-en-condominio-o-departamentos-en-venta-en-morelos-provincia-ordenado-por-fechaonline-descendente.html-pagina-171.html
https://www.inmuebles24.com/propiedades/clasificado/veclcain-casa-en-fraccionamiento-en-lomas-de-zompantle-90465190.html,6400000,"MN 6,400,000",MXN,venta,Casa,Loma del Tzompantle,Cuernavaca,Morelos,355.0,456.0,Publicado hace más de 1 año,2023-07-06T21:36:13Z,2026-08-12T18:03:35.920216+00:00,https://www.inmuebles24.com/casas-o-casa-en-condominio-o-departamentos-en-venta-en-morelos-provincia-ordenado-por-fechaonline-descendente.html-pagina-171.html
https://www.inmuebles24.com/propiedades/clasificado/veclcain-casa-en-venta-4-recamaras-lomas-de-cocoyoc-occ-864-146657745.html,14800000,"MN 14,800,000",MXN,venta,Casa,Fraccionamiento Lomas de Oaxtepec,Yautepec,Morelos,535.0,782.0,Publicado hace más de 1 año,2025-06-07T16:45:56Z,2026-08-12T18:03:35.920216+00:00,https://www.inmuebles24.com/casas-o-casa-en-condominio-o-departamentos-en-venta-en-morelos-provincia-ordenado-por-fechaonline-descendente.html-pagina-171.html
https://www.inmuebles24.com/propiedades/clasificado/veclcain-casa-en-venta-en-cocoyoc-yautepec-morelos-90465333.html,2800000,"MN 2,800,000",MXN,venta,Casa,Alejandra,Yautepec,Morelos,343.0,410.0,Publicado hace más de 1 año,2023-07-06T21:47:52Z,2026-08-12T18:03:35.920216+00:00,https://www.inmuebles24.com/casas-o-casa-en-condominio-o-departamentos-en-venta-en-morelos-provincia-ordenado-por-fechaonline-descendente.html-pagina-171.html
https://www.inmuebles24.com/propiedades/clasificado/veclcain-casa-en-venta-en-cuernavaca-90256739.html,8850000,"MN 8,850,000",MXN,venta,Casa,Vista Hermosa,Cuernavaca,Morelos,392.0,250.0,Publicado hace más de 1 año,2023-06-22T04:40:23Z,2026-08-12T18:03:35.920216+00:00,https://www.inmuebles24.com/casas-o-casa-en-condominio-o-departamentos-en-venta-en-morelos-provincia-ordenado-por-fechaonline-descendente.html-pagina-171.html
https://www.inmuebles24.com/propiedades/clasificado/veclcain-casa-en-venta-en-cuernavaca-morelos-90591320.html,7500000,"MN 7,500,000",MXN,venta,Casa,Lomas de Atzingo,Cuernavaca,Morelos,651.0,759.0,Publicado hace más de 1 año,2023-07-15T18:48:47Z,2026-08-12T18:03:35.920216+00:00,https://www.inmuebles24.com/casas-o-casa-en-condominio-o-departamentos-en-venta-en-morelos-provincia-ordenado-por-fechaonline-descendente.html-pagina-171.html
https://www.inmuebles24.com/propiedades/clasificado/veclcain-casa-en-venta-en-fraccionamiento-club-de-golf-hacienda-90424874.html,11990000,"MN 11,990,000",MXN,venta,Casa,San Gaspar,Jiutepec,Morelos,770.0,1200.0,Publicado hace más de 1 año,2023-07-04T00:41:12Z,2026-08-12T18:04:46.252163+00:00,https://www.inmuebles24.com/casas-o-casa-en-condominio-o-departamentos-en-venta-en-morelos-provincia-ordenado-por-fechaonline-descendente.html-pagina-171.html
https://www.inmuebles24.com/propiedades/clasificado/veclcain-casa-en-venta-en-fraccionamiento-real-santa-fe-ii-90656708.html,2350000,"MN 2,350,000",MXN,venta,Casa,,Xochitepec,Morelos,121.0,90.0,Publicado hace más de 1 año,2023-07-20T22:04:08Z,2026-08-12T18:04:46.252163+00:00,https://www.inmuebles24.com/casas-o-casa-en-condominio-o-departamentos-en-venta-en-morelos-provincia-ordenado-por-fechaonline-descendente.html-pagina-171.html
https://www.inmuebles24.com/propiedades/clasificado/veclcain-casa-en-venta-o-renta-3-recamaras-en-real-santa-fe-ii-90531618.html,1700000,"MN 1,700,000",MXN,venta,Casa,,Xochitepec,Morelos,80.0,72.0,Publicado hace más de 1 año,2023-07-11T18:36:05Z,2026-08-12T18:04:46.252163+00:00,https://www.inmuebles24.com/casas-o-casa-en-condominio-o-departamentos-en-venta-en-morelos-provincia-ordenado-por-fechaonline-descendente.html-pagina-171.html
https://www.inmuebles24.com/propiedades/clasificado/veclcain-casa-ideal-para-uso-comercial-en-colonia-tulipanes-90409727.html,3800000,"MN 3,800,000",MXN,venta,Casa,Los Tulipanes,Cuernavaca,Morelos,370.0,200.0,Publicado hace más de 1 año,2023-07-03T04:26:49Z,2026-08-12T18:04:46.252163+00:00,https://www.inmuebles24.com/casas-o-casa-en-condominio-o-departamentos-en-venta-en-morelos-provincia-ordenado-por-fechaonline-descendente.html-pagina-171.html
https://www.inmuebles24.com/propiedades/clasificado/veclcain-casa-nueva-en-privada-con-vigilancia-en-rancho-cortes-90640776.html,5800000,"MN 5,800,000",MXN,venta,Casa,Rancho Cortes,Cuernavaca,Morelos,225.0,185.0,Publicado hace más de 1 año,2023-07-19T20:06:31Z,2026-08-12T18:04:46.252163+00:00,https://www.inmuebles24.com/casas-o-casa-en-condominio-o-departamentos-en-venta-en-morelos-provincia-ordenado-por-fechaonline-descendente.html-pagina-171.html
https://www.inmuebles24.com/propiedades/clasificado/veclcain-casa-nueva-en-venta-paraiso-country-club-146665103.html,13500000,"MN 13,500,000",MXN,venta,Casa,Fraccionamiento Paraíso Country Club,Emiliano Zapata,Morelos,420.0,520.0,Publicado hace más de 1 año,2025-06-09T01:57:18Z,2026-08-12T18:04:46.252163+00:00,https://www.inmuebles24.com/casas-o-casa-en-condominio-o-departamentos-en-venta-en-morelos-provincia-ordenado-por-fechaonline-descendente.html-pagina-171.html
https://www.inmuebles24.com/propiedades/clasificado/veclcain-casa-sola-3-recamaras-y-alberca-con-amplios-espacios-90465382.html,2690000,"MN 2,690,000",MXN,venta,Casa,10 de Abril,Temixco,Morelos,185.0,183.0,Publicado hace más de 1 año,2023-07-06T21:48:26Z,2026-08-12T18:04:46.252163+00:00,https://www.inmuebles24.com/casas-o-casa-en-condominio-o-departamentos-en-venta-en-morelos-provincia-ordenado-por-fechaonline-descendente.html-pagina-171.html
https://www.inmuebles24.com/propiedades/clasificado/veclcain-casa-sola-con-doble-filtro-de-seguridad-90641351.html,5400000,"MN 5,400,000",MXN,venta,Casa,Tlaltenango,Cuernavaca,Morelos,245.0,272.0,Publicado hace más de 1 año,2023-07-19T20:42:34Z,2026-08-12T18:04:46.252163+00:00,https://www.inmuebles24.com/casas-o-casa-en-condominio-o-departamentos-en-venta-en-morelos-provincia-ordenado-por-fechaonline-descendente.html-pagina-171.html
https://www.inmuebles24.com/propiedades/clasificado/veclcain-hermosa-casa-en-venta-en-club-residencial-paraiso-90081957.html,4800000,"MN 4,800,000",MXN,venta,Casa,Centro Jiutepec,Jiutepec,Morelos,330.0,250.0,Publicado hace más de 1 año,2023-06-07T03:43:41Z,2026-08-12T18:04:46.252163+00:00,https://www.inmuebles24.com/casas-o-casa-en-condominio-o-departamentos-en-venta-en-morelos-provincia-ordenado-por-fechaonline-descendente.html-pagina-171.html
https://www.inmuebles24.com/propiedades/clasificado/veclcain-kloster-de-12-casas-nuevas-en-calzada-de-los-actores-90641080.html,4950000,"MN 4,950,000",MXN,venta,Casa,Lomas de Atzingo,Cuernavaca,Morelos,220.0,220.0,Publicado hace más de 1 año,2023-07-19T20:24:28Z,2026-08-12T18:04:46.252163+00:00,https://www.inmuebles24.com/casas-o-casa-en-condominio-o-departamentos-en-venta-en-morelos-provincia-ordenado-por-fechaonline-descendente.html-pagina-171.html
https://www.inmuebles24.com/propiedades/clasificado/veclcain-propiedad-con-casa-y-departamento-ahuatepec-90465388.html,1600000,"MN 1,600,000",MXN,venta,Casa,Rancho Alegre,Cuernavaca,Morelos,255.0,208.0,Publicado hace más de 1 año,2023-07-06T21:48:31Z,2026-08-12T18:05:47.262785+00:00,https://www.inmuebles24.com/casas-o-casa-en-condominio-o-departamentos-en-venta-en-morelos-provincia-ordenado-por-fechaonline-descendente.html-pagina-171.html
https://www.inmuebles24.com/propiedades/clasificado/veclcain-se-vende-propiedad-con-2-casas-como-terreno-90465383.html,3526000,"MN 3,526,000",MXN,venta,Casa,Acatlipa Centro,Temixco,Morelos,300.0,1763.0,Publicado hace más de 1 año,2023-07-06T21:48:26Z,2026-08-12T18:05:47.262785+00:00,https://www.inmuebles24.com/casas-o-casa-en-condominio-o-departamentos-en-venta-en-morelos-provincia-ordenado-por-fechaonline-descendente.html-pagina-171.html
https://www.inmuebles24.com/propiedades/clasificado/veclcain-venta-de-casa-en-zona-exclusiva-de-cuernavaca-morelos-90545864.html,13000000,"MN 13,000,000",MXN,venta,Casa,Vista Hermosa,Cuernavaca,Morelos,480.0,488.0,Publicado hace más de 1 año,2023-07-12T18:10:26Z,2026-08-12T18:05:47.262785+00:00,https://www.inmuebles24.com/casas-o-casa-en-condominio-o-departamentos-en-venta-en-morelos-provincia-ordenado-por-fechaonline-descendente.html-pagina-171.html
https://www.inmuebles24.com/propiedades/clasificado/veclccin-hermosa-residencia-en-condominio-90076429.html,7500000,"MN 7,500,000",MXN,venta,Casa en condominio,Reforma,Cuernavaca,Morelos,204.0,207.0,Publicado hace más de 1 año,2023-06-06T22:15:47Z,2026-08-12T18:05:47.262785+00:00,https://www.inmuebles24.com/casas-o-casa-en-condominio-o-departamentos-en-venta-en-morelos-provincia-ordenado-por-fechaonline-descendente.html-pagina-171.html
https://www.inmuebles24.com/propiedades/clasificado/veclccin-venta-casa-en-condominio-alberca-vista-hermosa-90468065.html,25000000,"MN 25,000,000",MXN,venta,Casa en condominio,Vista Hermosa,Cuernavaca,Morelos,900.0,1320.0,Publicado hace más de 1 año,2023-07-07T00:18:48Z,2026-08-12T18:05:47.262785+00:00,https://www.inmuebles24.com/casas-o-casa-en-condominio-o-departamentos-en-venta-en-morelos-provincia-ordenado-por-fechaonline-descendente.html-pagina-171.html
https://www.inmuebles24.com/propiedades/clasificado/veclapin-cantarranas-2-recamaras-2-banos-90237934.html,3800000,"MN 3,800,000",MXN,venta,Apartamento,Cantarranas,Cuernavaca,Morelos,120.0,22000.0,Publicado hace más de 1 año,2023-06-21T13:08:16Z,2026-08-12T18:05:47.262785+00:00,https://www.inmuebles24.com/casas-o-casa-en-condominio-o-departamentos-en-venta-en-morelos-provincia-ordenado-por-fechaonline-descendente.html-pagina-172.html
https://www.inmuebles24.com/propiedades/clasificado/veclapin-departamento-al-sur-de-cuernavaca-morelos-con-alberca-145939562.html,2250000,"MN 2,250,000",MXN,venta,Apartamento,Palmira,Cuernavaca,Morelos,80.0,1500.0,Publicado hace más de 1 año,2025-03-12T19:37:54Z,2026-08-12T18:05:47.262785+00:00,https://www.inmuebles24.com/casas-o-casa-en-condominio-o-departamentos-en-venta-en-morelos-provincia-ordenado-por-fechaonline-descendente.html-pagina-172.html
https://www.inmuebles24.com/propiedades/clasificado/veclapin-departamento-en-av-zapata-minimalista-cero-escalones-66076954.html,2650000,"MN 2,650,000",MXN,venta,Apartamento,Tlaltenango,Cuernavaca,Morelos,90.0,120.0,Publicado hace más de 1 año,2023-01-28T05:57:10Z,2026-08-12T18:05:47.262785+00:00,https://www.inmuebles24.com/casas-o-casa-en-condominio-o-departamentos-en-venta-en-morelos-provincia-ordenado-por-fechaonline-descendente.html-pagina-172.html
https://www.inmuebles24.com/propiedades/clasificado/veclapin-departamento-en-renta-cuernavaca-averanda-90151907.html,6500000,"MN 6,500,000",MXN,venta,Apartamento,Fraccionamiento Villas del Lago,Cuernavaca,Morelos,130.0,130.0,Publicado hace más de 1 año,2023-06-13T16:26:15Z,2026-08-12T18:05:47.262785+00:00,https://www.inmuebles24.com/casas-o-casa-en-condominio-o-departamentos-en-venta-en-morelos-provincia-ordenado-por-fechaonline-descendente.html-pagina-172.html
https://www.inmuebles24.com/propiedades/clasificado/veclcain-amplia-y-moderna-casa-en-paraiso-country-90198815.html,11500000,"MN 11,500,000",MXN,venta,Casa,Fraccionamiento Paraíso Country Club,Emiliano Zapata,Morelos,314.0,654.0,Publicado hace más de 1 año,2023-06-16T22:47Z,2026-08-12T18:05:47.262785+00:00,https://www.inmuebles24.com/casas-o-casa-en-condominio-o-departamentos-en-venta-en-morelos-provincia-ordenado-por-fechaonline-descendente.html-pagina-172.html
https://www.inmuebles24.com/propiedades/clasificado/veclcain-casa-campestre-de-fin-de-semana-con-alberca!-90662319.html,1680000,"MN 1,680,000",MXN,venta,Casa,Pueblo Atlacholoaya,Xochitepec,Morelos,250.0,250.0,Publicado hace más de 1 año,2023-07-21T14:36:38Z,2026-08-12T18:06:54.295411+00:00,https://www.inmuebles24.com/casas-o-casa-en-condominio-o-departamentos-en-venta-en-morelos-provincia-ordenado-por-fechaonline-descendente.html-pagina-172.html
https://www.inmuebles24.com/propiedades/clasificado/veclcain-casa-cerca-de-la-universidad-uaem-$2-100-000cesion-90658558.html,2100000,"MN 2,100,000",MXN,venta,Casa,Pueblo Santa María Ahuacatitlán,Cuernavaca,Morelos,234.0,128.0,Publicado hace más de 1 año,2023-07-20T23:54:34Z,2026-08-12T18:06:54.295411+00:00,https://www.inmuebles24.com/casas-o-casa-en-condominio-o-departamentos-en-venta-en-morelos-provincia-ordenado-por-fechaonline-descendente.html-pagina-172.html
https://www.inmuebles24.com/propiedades/clasificado/veclcain-casa-con-bungalow-y-alberca-en-fracc.-burgos-temixco-145771464.html,7200000,"MN 7,200,000",MXN,venta,Casa,,Temixco,Morelos,264.0,1200.0,Publicado hace más de 1 año,2025-02-20T20:56:19Z,2026-08-12T18:06:54.295411+00:00,https://www.inmuebles24.com/casas-o-casa-en-condominio-o-departamentos-en-venta-en-morelos-provincia-ordenado-por-fechaonline-descendente.html-pagina-172.html
https://www.inmuebles24.com/propiedades/clasificado/veclcain-casa-en-fracc-con-estricta-seguridad-vista-hermosa-66017684.html,7000000,"MN 7,000,000",MXN,venta,Casa,Fraccionamiento Rinconada Vista Hermosa,Cuernavaca,Morelos,250.0,229.0,Publicado hace más de 1 año,2023-01-20T23:20:30Z,2026-08-12T18:06:54.295411+00:00,https://www.inmuebles24.com/casas-o-casa-en-condominio-o-departamentos-en-venta-en-morelos-provincia-ordenado-por-fechaonline-descendente.html-pagina-172.html
https://www.inmuebles24.com/propiedades/clasificado/veclcain-casa-en-venta-alpuyeca-xochitepec-morelo-145768762.html,16000000,"MN 16,000,000",MXN,venta,Casa,Pueblo Alpuyeca,Xochitepec,Morelos,1181.0,7460.0,Publicado hace más de 1 año,2025-02-20T18:06:46Z,2026-08-12T18:06:54.295411+00:00,https://www.inmuebles24.com/casas-o-casa-en-condominio-o-departamentos-en-venta-en-morelos-provincia-ordenado-por-fechaonline-descendente.html-pagina-172.html
https://www.inmuebles24.com/propiedades/clasificado/veclcain-casa-en-venta-bungalow-un-nivel-remodelada.-lomas-de-90174297.html,5999000,"MN 5,999,000",MXN,venta,Casa,Fraccionamiento Lomas de Cuernavaca,Temixco,Morelos,390.0,853.0,Publicado hace más de 1 año,2023-06-15T16:01:22Z,2026-08-12T18:06:54.295411+00:00,https://www.inmuebles24.com/casas-o-casa-en-condominio-o-departamentos-en-venta-en-morelos-provincia-ordenado-por-fechaonline-descendente.html-pagina-172.html
https://www.inmuebles24.com/propiedades/clasificado/veclcain-casa-en-venta-en-de-los-naranjos-6-ahuatepec-145939515.html,10950000,"MN 10,950,000",MXN,venta,Casa,Fraccionamiento Los Limoneros,Cuernavaca,Morelos,547.0,2230.0,Publicado hace más de 1 año,2025-03-12T19:34:36Z,2026-08-12T18:06:54.295411+00:00,https://www.inmuebles24.com/casas-o-casa-en-condominio-o-departamentos-en-venta-en-morelos-provincia-ordenado-por-fechaonline-descendente.html-pagina-172.html
https://www.inmuebles24.com/propiedades/clasificado/veclcain-casa-moderna-de-un-nivel-en-jardines-de-reforma-63659241.html,9500000,"MN 9,500,000",MXN,venta,Casa,Reforma,Cuernavaca,Morelos,315.0,300.0,Publicado hace más de 1 año,2022-03-25T23:12:32Z,2026-08-12T18:06:54.295411+00:00,https://www.inmuebles24.com/casas-o-casa-en-condominio-o-departamentos-en-venta-en-morelos-provincia-ordenado-por-fechaonline-descendente.html-pagina-172.html
https://www.inmuebles24.com/propiedades/clasificado/veclcain-casa-remodelada-en-venta-col.-reforma-en-privada-con-145765361.html,8400000,"MN 8,400,000",MXN,venta,Casa,Reforma,Cuernavaca,Morelos,320.0,390.0,Publicado hace más de 1 año,2025-02-20T03:49:19Z,2026-08-12T18:06:54.295411+00:00,https://www.inmuebles24.com/casas-o-casa-en-condominio-o-departamentos-en-venta-en-morelos-provincia-ordenado-por-fechaonline-descendente.html-pagina-172.html
https://www.inmuebles24.com/propiedades/clasificado/veclcain-casa-residencial-campestre-con-alberca-y-finos-90675528.html,8200000,"MN 8,200,000",MXN,venta,Casa,Pueblo Chiconcuac,Xochitepec,Morelos,2100.0,2100.0,Publicado hace más de 1 año,2023-07-22T12:35:14Z,2026-08-12T18:06:54.295411+00:00,https://www.inmuebles24.com/casas-o-casa-en-condominio-o-departamentos-en-venta-en-morelos-provincia-ordenado-por-fechaonline-descendente.html-pagina-172.html
https://www.inmuebles24.com/propiedades/clasificado/veclcain-casa-sola-en-venta-zona-sur-lomas-de-cuernavaca-66062475.html,7000000,"MN 7,000,000",MXN,venta,Casa,Fraccionamiento Lomas de Cuernavaca,Temixco,Morelos,356.0,701.0,Publicado hace más de 1 año,2023-01-26T18:53:43Z,2026-08-12T18:08:02.338639+00:00,https://www.inmuebles24.com/casas-o-casa-en-condominio-o-departamentos-en-venta-en-morelos-provincia-ordenado-por-fechaonline-descendente.html-pagina-172.html
https://www.inmuebles24.com/propiedades/clasificado/veclcain-hermosa-casa-sola-en-privada-con-alberca-en-lomas-de-90307060.html,3800000,"MN 3,800,000",MXN,venta,Casa,Lomas de Trujillo,Emiliano Zapata,Morelos,173.0,200.0,Publicado hace más de 1 año,2023-06-24T23:03:06Z,2026-08-12T18:08:02.338639+00:00,https://www.inmuebles24.com/casas-o-casa-en-condominio-o-departamentos-en-venta-en-morelos-provincia-ordenado-por-fechaonline-descendente.html-pagina-172.html
https://www.inmuebles24.com/propiedades/clasificado/veclcain-hotel-completamente-equipado-y-funcionando-a-la-venta!-90152128.html,6980000,"MN 6,980,000",MXN,venta,Casa,Pueblo Tlaquiltenango,Tlaquiltenango,Morelos,600.0,600.0,Publicado hace más de 1 año,2023-06-13T16:45:02Z,2026-08-12T18:08:02.338639+00:00,https://www.inmuebles24.com/casas-o-casa-en-condominio-o-departamentos-en-venta-en-morelos-provincia-ordenado-por-fechaonline-descendente.html-pagina-172.html
https://www.inmuebles24.com/propiedades/clasificado/veclcain-linda-casa-rustica-en-huitzilac-morelos-65221447.html,3000000,"MN 3,000,000",MXN,venta,Casa,Pueblo Huitzilac,Huitzilac,Morelos,160.0,1350.0,Publicado hace más de 1 año,2022-10-03T15:19:09Z,2026-08-12T18:08:02.338639+00:00,https://www.inmuebles24.com/casas-o-casa-en-condominio-o-departamentos-en-venta-en-morelos-provincia-ordenado-por-fechaonline-descendente.html-pagina-172.html
https://www.inmuebles24.com/propiedades/clasificado/veclcain-lomas-del-mirador-cuernavaca-morelos-145774011.html,17900000,"MN 17,900,000",MXN,venta,Casa,Lomas del Mirador,Cuernavaca,Morelos,1096.0,3838.0,Publicado hace más de 1 año,2025-02-21T00:57:38Z,2026-08-12T18:08:02.338639+00:00,https://www.inmuebles24.com/casas-o-casa-en-condominio-o-departamentos-en-venta-en-morelos-provincia-ordenado-por-fechaonline-descendente.html-pagina-172.html
https://www.inmuebles24.com/propiedades/clasificado/veclcain-maravillosa-casa-sola-en-rancho-cortes-cuernavaca-90209244.html,6100000,"MN 6,100,000",MXN,venta,Casa,Rancho Cortes,Cuernavaca,Morelos,315.0,325.0,Publicado hace más de 1 año,2023-06-19T03:32:37Z,2026-08-12T18:08:02.338639+00:00,https://www.inmuebles24.com/casas-o-casa-en-condominio-o-departamentos-en-venta-en-morelos-provincia-ordenado-por-fechaonline-descendente.html-pagina-172.html
https://www.inmuebles24.com/propiedades/clasificado/veclcain-residencia-en-la-pradera-145767378.html,16800000,"MN 16,800,000",MXN,venta,Casa,La Pradera,Cuernavaca,Morelos,647.0,1873.0,Publicado hace más de 1 año,2025-02-20T16:22:36Z,2026-08-12T18:08:02.338639+00:00,https://www.inmuebles24.com/casas-o-casa-en-condominio-o-departamentos-en-venta-en-morelos-provincia-ordenado-por-fechaonline-descendente.html-pagina-172.html
https://www.inmuebles24.com/propiedades/clasificado/veclcain-se-vende-casa-en-fraccionamiento-en-yautepec-mor-145800247.html,1600000,"MN 1,600,000",MXN,venta,Casa,Fraccionamiento Residencial Cañaveral,Yautepec,Morelos,94.0,,Publicado hace más de 1 año,2025-02-24T23:25:34Z,2026-08-12T18:08:02.338639+00:00,https://www.inmuebles24.com/casas-o-casa-en-condominio-o-departamentos-en-venta-en-morelos-provincia-ordenado-por-fechaonline-descendente.html-pagina-172.html
https://www.inmuebles24.com/propiedades/clasificado/veclcain-se-vende-casa-en-huitzilac-145942072.html,1190000,"MN 1,190,000",MXN,venta,Casa,Pueblo Huitzilac,Huitzilac,Morelos,250.0,1000.0,Publicado hace más de 1 año,2025-03-12T21:54:04Z,2026-08-12T18:08:02.338639+00:00,https://www.inmuebles24.com/casas-o-casa-en-condominio-o-departamentos-en-venta-en-morelos-provincia-ordenado-por-fechaonline-descendente.html-pagina-172.html
https://www.inmuebles24.com/propiedades/clasificado/veclcain-se-vende-casa-en-ocotepec-145942635.html,3700000,"MN 3,700,000",MXN,venta,Casa,Ocotepec,Cuernavaca,Morelos,130.0,230.0,Publicado hace más de 1 año,2025-03-12T22:44:44Z,2026-08-12T18:08:02.338639+00:00,https://www.inmuebles24.com/casas-o-casa-en-condominio-o-departamentos-en-venta-en-morelos-provincia-ordenado-por-fechaonline-descendente.html-pagina-172.html
https://www.inmuebles24.com/propiedades/clasificado/veclcain-venta-casa-nueva-en-palmira-con-seguridad-las-24-horas-90311303.html,6200000,"MN 6,200,000",MXN,venta,Casa,Palmira,Cuernavaca,Morelos,250.0,200.0,Publicado hace más de 1 año,2023-06-26T05:29:07Z,2026-08-12T18:09:06.020861+00:00,https://www.inmuebles24.com/casas-o-casa-en-condominio-o-departamentos-en-venta-en-morelos-provincia-ordenado-por-fechaonline-descendente.html-pagina-172.html
https://www.inmuebles24.com/propiedades/clasificado/veclcain-venta-de-casa-nueva-con-alberca-papala-y-vigilancia-65257731.html,2690000,"MN 2,690,000",MXN,venta,Casa,El Pedregal,Xochitepec,Morelos,,,Publicado hace más de 1 año,2022-10-06T19:04:48Z,2026-08-12T18:09:06.020861+00:00,https://www.inmuebles24.com/casas-o-casa-en-condominio-o-departamentos-en-venta-en-morelos-provincia-ordenado-por-fechaonline-descendente.html-pagina-172.html
https://www.inmuebles24.com/propiedades/clasificado/veclcain-vista-hermosa-$15-000-000-venta-90584412.html,14950000,"MN 14,950,000",MXN,venta,Casa,Vista Hermosa,Cuernavaca,Morelos,415.0,440.0,Publicado hace más de 1 año,2023-07-14T21:56:37Z,2026-08-12T18:09:06.020861+00:00,https://www.inmuebles24.com/casas-o-casa-en-condominio-o-departamentos-en-venta-en-morelos-provincia-ordenado-por-fechaonline-descendente.html-pagina-172.html
https://www.inmuebles24.com/propiedades/clasificado/veclccin-hermosa-casa-en-condominio-90232634.html,6000000,"MN 6,000,000",MXN,venta,Casa en condominio,Palmira Tingüindín,Cuernavaca,Morelos,364.0,493.0,Publicado hace más de 1 año,2023-06-20T23:02Z,2026-08-12T18:09:06.020861+00:00,https://www.inmuebles24.com/casas-o-casa-en-condominio-o-departamentos-en-venta-en-morelos-provincia-ordenado-por-fechaonline-descendente.html-pagina-172.html
https://www.inmuebles24.com/propiedades/clasificado/veclccin-venta-y-renta-casa-cuernavaca-90203949.html,9800000,"MN 9,800,000",MXN,venta,Casa en condominio,Fraccionamiento Bosques de Palmira,Cuernavaca,Morelos,400.0,498.0,Publicado hace más de 1 año,2023-06-17T18:37:56Z,2026-08-12T18:09:06.020861+00:00,https://www.inmuebles24.com/casas-o-casa-en-condominio-o-departamentos-en-venta-en-morelos-provincia-ordenado-por-fechaonline-descendente.html-pagina-172.html
https://www.inmuebles24.com/propiedades/clasificado/veclapin-departamento-en-2do-nivel-en-residencial-los-145713368.html,1049000,"MN 1,049,000",MXN,venta,Apartamento,Francisco I Madero,Yecapixtla,Morelos,66.0,,Publicado hace más de 1 año,2025-02-13T18:58:35Z,2026-08-12T18:09:06.020861+00:00,https://www.inmuebles24.com/casas-o-casa-en-condominio-o-departamentos-en-venta-en-morelos-provincia-ordenado-por-fechaonline-descendente.html-pagina-173.html
https://www.inmuebles24.com/propiedades/clasificado/veclapin-departamento-en-4to-nivel-en-colinas-del-altar-145737859.html,669000,"MN 669,000",MXN,venta,Apartamento,Temixco Centro,Temixco,Morelos,42.0,,Publicado hace más de 1 año,2025-02-17T18:15:56Z,2026-08-12T18:09:06.020861+00:00,https://www.inmuebles24.com/casas-o-casa-en-condominio-o-departamentos-en-venta-en-morelos-provincia-ordenado-por-fechaonline-descendente.html-pagina-173.html
https://www.inmuebles24.com/propiedades/clasificado/veclapin-departamento-en-4to-nivel-en-colinas-del-altar-145737950.html,674000,"MN 674,000",MXN,venta,Apartamento,Temixco Centro,Temixco,Morelos,42.0,,Publicado hace más de 1 año,2025-02-17T18:22:04Z,2026-08-12T18:09:06.020861+00:00,https://www.inmuebles24.com/casas-o-casa-en-condominio-o-departamentos-en-venta-en-morelos-provincia-ordenado-por-fechaonline-descendente.html-pagina-173.html
https://www.inmuebles24.com/propiedades/clasificado/veclapin-residencial-bellavista-145968089.html,7500000,"MN 7,500,000",MXN,venta,Apartamento,Bellavista,Cuernavaca,Morelos,210.0,210.0,Publicado hace más de 1 año,2025-03-16T18:33:31Z,2026-08-12T18:09:06.020861+00:00,https://www.inmuebles24.com/casas-o-casa-en-condominio-o-departamentos-en-venta-en-morelos-provincia-ordenado-por-fechaonline-descendente.html-pagina-173.html
https://www.inmuebles24.com/propiedades/clasificado/veclcain-amplia-casa-en-lomas-de-cocoyoc-cocoyoc-morelos-145714750.html,10500000,"MN 10,500,000",MXN,venta,Casa,Centro Cocoyoc,Yautepec,Morelos,428.0,6942.0,Publicado hace más de 1 año,2025-02-13T20:21:15Z,2026-08-12T18:09:06.020861+00:00,https://www.inmuebles24.com/casas-o-casa-en-condominio-o-departamentos-en-venta-en-morelos-provincia-ordenado-por-fechaonline-descendente.html-pagina-173.html
https://www.inmuebles24.com/propiedades/clasificado/veclcain-amplia-casa-en-venta-en-fraccionamiento-real-de-145721777.html,5000000,"MN 5,000,000",MXN,venta,Casa,Fraccionamiento Real de Oaxtepec,Yautepec,Morelos,365.0,600.0,Publicado hace más de 1 año,2025-02-14T16:44:29Z,2026-08-12T18:10:21.053027+00:00,https://www.inmuebles24.com/casas-o-casa-en-condominio-o-departamentos-en-venta-en-morelos-provincia-ordenado-por-fechaonline-descendente.html-pagina-173.html
https://www.inmuebles24.com/propiedades/clasificado/veclcain-amplia-casa-en-venta-en-viyautepec-olc-4258-146016570.html,3100000,"MN 3,100,000",MXN,venta,Casa,Fraccionamiento Viyautepec,Yautepec,Morelos,811.0,254.0,Publicado hace más de 1 año,2025-03-22T17:53:12Z,2026-08-12T18:10:21.053027+00:00,https://www.inmuebles24.com/casas-o-casa-en-condominio-o-departamentos-en-venta-en-morelos-provincia-ordenado-por-fechaonline-descendente.html-pagina-173.html
https://www.inmuebles24.com/propiedades/clasificado/veclcain-casa-con-4-recamaras-y-388-m-sup2--superficie-de-145943266.html,7200000,"MN 7,200,000",MXN,venta,Casa,Club de Golf Santa Fe,Xochitepec,Morelos,480.0,388.0,Publicado hace más de 1 año,2025-03-12T23:32:23Z,2026-08-12T18:10:21.053027+00:00,https://www.inmuebles24.com/casas-o-casa-en-condominio-o-departamentos-en-venta-en-morelos-provincia-ordenado-por-fechaonline-descendente.html-pagina-173.html
https://www.inmuebles24.com/propiedades/clasificado/veclcain-casa-con-565-m-sup2--superficie-de-terreno-4-145737850.html,6950000,"MN 6,950,000",MXN,venta,Casa,Tzompantle Norte,Cuernavaca,Morelos,367.0,565.0,Publicado hace más de 1 año,2025-02-17T18:14:39Z,2026-08-12T18:10:21.053027+00:00,https://www.inmuebles24.com/casas-o-casa-en-condominio-o-departamentos-en-venta-en-morelos-provincia-ordenado-por-fechaonline-descendente.html-pagina-173.html
https://www.inmuebles24.com/propiedades/clasificado/veclcain-casa-con-fronton-y-squash-en-san-gaspar-jiutepec-145975829.html,8750000,"MN 8,750,000",MXN,venta,Casa,San Gaspar,Jiutepec,Morelos,855.0,2973.0,Publicado hace más de 1 año,2025-03-18T00:20:03Z,2026-08-12T18:10:21.053027+00:00,https://www.inmuebles24.com/casas-o-casa-en-condominio-o-departamentos-en-venta-en-morelos-provincia-ordenado-por-fechaonline-descendente.html-pagina-173.html
https://www.inmuebles24.com/propiedades/clasificado/veclcain-casa-con-terreno-tres-marias-146048693.html,2500000,"MN 2,500,000",MXN,venta,Casa,Fraccionamiento San José de La Montaña,Huitzilac,Morelos,328.0,1268.0,Publicado hace más de 1 año,2025-03-26T20:23:03Z,2026-08-12T18:10:21.053027+00:00,https://www.inmuebles24.com/casas-o-casa-en-condominio-o-departamentos-en-venta-en-morelos-provincia-ordenado-por-fechaonline-descendente.html-pagina-173.html
https://www.inmuebles24.com/propiedades/clasificado/veclcain-casa-de-dos-plantas-en-manantial-del-angel-oaxtepec-145723493.html,1790000,"MN 1,790,000",MXN,venta,Casa,Oaxtepec Centro,Yautepec,Morelos,91.0,68.0,Publicado hace más de 1 año,2025-02-14T18:37:28Z,2026-08-12T18:10:21.053027+00:00,https://www.inmuebles24.com/casas-o-casa-en-condominio-o-departamentos-en-venta-en-morelos-provincia-ordenado-por-fechaonline-descendente.html-pagina-173.html
https://www.inmuebles24.com/propiedades/clasificado/veclcain-casa-en-el-mascareno-146028863.html,9700000,"MN 9,700,000",MXN,venta,Casa,Vista Hermosa,Cuernavaca,Morelos,250.0,250.0,Publicado hace más de 1 año,2025-03-24T21:53:14Z,2026-08-12T18:10:21.053027+00:00,https://www.inmuebles24.com/casas-o-casa-en-condominio-o-departamentos-en-venta-en-morelos-provincia-ordenado-por-fechaonline-descendente.html-pagina-173.html
https://www.inmuebles24.com/propiedades/clasificado/veclcain-casa-en-reforma-145968349.html,12000000,"MN 12,000,000",MXN,venta,Casa,Reforma,Cuernavaca,Morelos,356.0,1110.0,Publicado hace más de 1 año,2025-03-16T19:55:05Z,2026-08-12T18:10:21.053027+00:00,https://www.inmuebles24.com/casas-o-casa-en-condominio-o-departamentos-en-venta-en-morelos-provincia-ordenado-por-fechaonline-descendente.html-pagina-173.html
https://www.inmuebles24.com/propiedades/clasificado/veclcain-casa-en-venta-en-desarrollo-en-jiutepec-145947081.html,4000000,"MN 4,000,000",MXN,venta,Casa,Lomas de Jiutepec,Jiutepec,Morelos,145.0,200.0,Publicado hace más de 1 año,2025-03-13T16:02:49Z,2026-08-12T18:10:21.053027+00:00,https://www.inmuebles24.com/casas-o-casa-en-condominio-o-departamentos-en-venta-en-morelos-provincia-ordenado-por-fechaonline-descendente.html-pagina-173.html
https://www.inmuebles24.com/propiedades/clasificado/veclcain-casa-nueva-en-vista-hermosa-146026143.html,8000000,"MN 8,000,000",MXN,venta,Casa,Vista Hermosa,Cuernavaca,Morelos,263.0,280.0,Publicado hace más de 1 año,2025-03-24T18:30:05Z,2026-08-12T18:11:27.333718+00:00,https://www.inmuebles24.com/casas-o-casa-en-condominio-o-departamentos-en-venta-en-morelos-provincia-ordenado-por-fechaonline-descendente.html-pagina-173.html
https://www.inmuebles24.com/propiedades/clasificado/veclcain-casa-sola-en-col.-santa-maria-norte-de-cuernavaca-145976166.html,4200000,"MN 4,200,000",MXN,venta,Casa,Pueblo Santa María Ahuacatitlán,Cuernavaca,Morelos,176.0,735.0,Publicado hace más de 1 año,2025-03-18T01:46Z,2026-08-12T18:11:27.333718+00:00,https://www.inmuebles24.com/casas-o-casa-en-condominio-o-departamentos-en-venta-en-morelos-provincia-ordenado-por-fechaonline-descendente.html-pagina-173.html
https://www.inmuebles24.com/propiedades/clasificado/veclcain-casa-sola-en-tequesquitengo-jojutla-ham-429-cs-145976530.html,3250000,"MN 3,250,000",MXN,venta,Casa,Tequesquitengo,Jojutla,Morelos,180.0,280.0,Publicado hace 194 días,2025-03-18T03:07:51Z,2026-08-12T18:11:27.333718+00:00,https://www.inmuebles24.com/casas-o-casa-en-condominio-o-departamentos-en-venta-en-morelos-provincia-ordenado-por-fechaonline-descendente.html-pagina-173.html
https://www.inmuebles24.com/propiedades/clasificado/veclcain-casa-sola-en-vista-hermosa-cuernavaca-morelos-145947264.html,16000000,"MN 16,000,000",MXN,venta,Casa,Vista Hermosa,Cuernavaca,Morelos,400.0,1268.0,Publicado hace más de 1 año,2025-03-13T16:19:14Z,2026-08-12T18:11:27.333718+00:00,https://www.inmuebles24.com/casas-o-casa-en-condominio-o-departamentos-en-venta-en-morelos-provincia-ordenado-por-fechaonline-descendente.html-pagina-173.html
https://www.inmuebles24.com/propiedades/clasificado/veclcain-casa-sola-en-zona-residencial-en-cuernavaca-145972111.html,6200000,"MN 6,200,000",MXN,venta,Casa,Delicias,Cuernavaca,Morelos,350.0,400.0,Publicado hace más de 1 año,2025-03-17T17:47:56Z,2026-08-12T18:11:27.333718+00:00,https://www.inmuebles24.com/casas-o-casa-en-condominio-o-departamentos-en-venta-en-morelos-provincia-ordenado-por-fechaonline-descendente.html-pagina-173.html
https://www.inmuebles24.com/propiedades/clasificado/veclcain-estrena-casa-con-alberca-y-roogarden-146044151.html,5790000,"MN 5,790,000",MXN,venta,Casa,Delicias,Cuernavaca,Morelos,190.0,100.0,Publicado hace más de 1 año,2025-03-26T12:56:41Z,2026-08-12T18:11:27.333718+00:00,https://www.inmuebles24.com/casas-o-casa-en-condominio-o-departamentos-en-venta-en-morelos-provincia-ordenado-por-fechaonline-descendente.html-pagina-173.html
https://www.inmuebles24.com/propiedades/clasificado/veclcain-gran-oportunidad-de-casa-en-vista-hermosa-146028438.html,5500000,"MN 5,500,000",MXN,venta,Casa,Vista Hermosa,Cuernavaca,Morelos,404.0,473.0,Publicado hace más de 1 año,2025-03-24T21:16:20Z,2026-08-12T18:11:27.333718+00:00,https://www.inmuebles24.com/casas-o-casa-en-condominio-o-departamentos-en-venta-en-morelos-provincia-ordenado-por-fechaonline-descendente.html-pagina-173.html
https://www.inmuebles24.com/propiedades/clasificado/veclcain-hermosa-casa-en-club-de-golf-tabachines-146026346.html,24000000,"MN 24,000,000",MXN,venta,Casa,Club de Golf Los Tabachines,Cuernavaca,Morelos,1062.0,640.0,Publicado hace más de 1 año,2025-03-24T18:42:34Z,2026-08-12T18:11:27.333718+00:00,https://www.inmuebles24.com/casas-o-casa-en-condominio-o-departamentos-en-venta-en-morelos-provincia-ordenado-por-fechaonline-descendente.html-pagina-173.html
https://www.inmuebles24.com/propiedades/clasificado/veclcain-moderna-casa-c-vigilancia-146028404.html,7000000,"MN 7,000,000",MXN,venta,Casa,Lomas de Cortes,Cuernavaca,Morelos,400.0,360.0,Publicado hace más de 1 año,2025-03-24T21:13:56Z,2026-08-12T18:11:27.333718+00:00,https://www.inmuebles24.com/casas-o-casa-en-condominio-o-departamentos-en-venta-en-morelos-provincia-ordenado-por-fechaonline-descendente.html-pagina-173.html
https://www.inmuebles24.com/propiedades/clasificado/veclcain-venta-de-casa-de-una-planta-en-yautepec-145966944.html,4330000,"MN 4,330,000",MXN,venta,Casa,Barrio Santiago,Yautepec,Morelos,182.0,255.0,Publicado hace más de 1 año,2025-03-16T04:42:06Z,2026-08-12T18:11:27.333718+00:00,https://www.inmuebles24.com/casas-o-casa-en-condominio-o-departamentos-en-venta-en-morelos-provincia-ordenado-por-fechaonline-descendente.html-pagina-173.html
https://www.inmuebles24.com/propiedades/clasificado/veclcain-venta-de-casa-nueva-con-alberca-las-fincas-jiutepec.-145976525.html,6350000,"MN 6,350,000",MXN,venta,Casa,,Jiutepec,Morelos,250.0,449.0,Publicado hace más de 1 año,2025-03-18T03:07:20Z,2026-08-12T18:12:31.663787+00:00,https://www.inmuebles24.com/casas-o-casa-en-condominio-o-departamentos-en-venta-en-morelos-provincia-ordenado-por-fechaonline-descendente.html-pagina-173.html
https://www.inmuebles24.com/propiedades/clasificado/veclccin-bonita-casas-en-renta-venta-ubicada-en-fracc.-samara-145734491.html,2650000,"MN 2,650,000",MXN,venta,Casa en condominio,Club de Golf Santa Fe,Xochitepec,Morelos,150.0,90.0,Publicado hace más de 1 año,2025-02-17T05:01:32Z,2026-08-12T18:12:31.663787+00:00,https://www.inmuebles24.com/casas-o-casa-en-condominio-o-departamentos-en-venta-en-morelos-provincia-ordenado-por-fechaonline-descendente.html-pagina-173.html
https://www.inmuebles24.com/propiedades/clasificado/veclccin-casa-con-alberca-en-morelos-para-credito-excelente-145971948.html,1550000,"MN 1,550,000",MXN,venta,Casa en condominio,Fraccionamiento Condominio Ojo de Agua,Emiliano Zapata,Morelos,55.0,90.0,Publicado hace más de 1 año,2025-03-17T17:30:45Z,2026-08-12T18:12:31.663787+00:00,https://www.inmuebles24.com/casas-o-casa-en-condominio-o-departamentos-en-venta-en-morelos-provincia-ordenado-por-fechaonline-descendente.html-pagina-173.html
https://www.inmuebles24.com/propiedades/clasificado/veclccin-casa-en-condominio-con-alberca-seguridad-24-7-jardin-145967916.html,2100000,"MN 2,100,000",MXN,venta,Casa en condominio,Ampliación 28 de Agosto,Emiliano Zapata,Morelos,100.0,90.0,Publicado hace más de 1 año,2025-03-16T17:30:24Z,2026-08-12T18:12:31.663787+00:00,https://www.inmuebles24.com/casas-o-casa-en-condominio-o-departamentos-en-venta-en-morelos-provincia-ordenado-por-fechaonline-descendente.html-pagina-173.html
https://www.inmuebles24.com/propiedades/clasificado/veclapin-amplio-departamento-en-condominio-la-joya-146033380.html,4200000,"MN 4,200,000",MXN,venta,Apartamento,Delicias,Cuernavaca,Morelos,135.0,135.0,Publicado hace más de 1 año,2025-03-25T15:44Z,2026-08-12T18:12:31.663787+00:00,https://www.inmuebles24.com/casas-o-casa-en-condominio-o-departamentos-en-venta-en-morelos-provincia-ordenado-por-fechaonline-descendente.html-pagina-174.html
https://www.inmuebles24.com/propiedades/clasificado/veclapin-loft-para-estrenar-en-palmira-146031770.html,1500000,"MN 1,500,000",MXN,venta,Apartamento,Palmira,Cuernavaca,Morelos,40.0,40.0,Publicado hace más de 1 año,2025-03-25T04:02:38Z,2026-08-12T18:12:31.663787+00:00,https://www.inmuebles24.com/casas-o-casa-en-condominio-o-departamentos-en-venta-en-morelos-provincia-ordenado-por-fechaonline-descendente.html-pagina-174.html
https://www.inmuebles24.com/propiedades/clasificado/veclapin-nuevos-departamentos-las-reinas-146033653.html,3600000,"MN 3,600,000",MXN,venta,Apartamento,Cantarranas,Cuernavaca,Morelos,145.0,145.0,Publicado hace más de 1 año,2025-03-25T16:17:16Z,2026-08-12T18:12:31.663787+00:00,https://www.inmuebles24.com/casas-o-casa-en-condominio-o-departamentos-en-venta-en-morelos-provincia-ordenado-por-fechaonline-descendente.html-pagina-174.html
https://www.inmuebles24.com/propiedades/clasificado/veclcain-amplia-casa-con-seguridad-en-rancho-tetela-145758906.html,13100000,"MN 13,100,000",MXN,venta,Casa,Fraccionamiento Rancho Tetela,Cuernavaca,Morelos,900.0,1500.0,Publicado hace más de 1 año,2025-02-19T17:35:47Z,2026-08-12T18:12:31.663787+00:00,https://www.inmuebles24.com/casas-o-casa-en-condominio-o-departamentos-en-venta-en-morelos-provincia-ordenado-por-fechaonline-descendente.html-pagina-174.html
https://www.inmuebles24.com/propiedades/clasificado/veclcain-casa-c-excelentes-acabados-146033767.html,6500000,"MN 6,500,000",MXN,venta,Casa,Rancho Cortes,Cuernavaca,Morelos,271.0,285.0,Publicado hace más de 1 año,2025-03-25T16:27:06Z,2026-08-12T18:12:31.663787+00:00,https://www.inmuebles24.com/casas-o-casa-en-condominio-o-departamentos-en-venta-en-morelos-provincia-ordenado-por-fechaonline-descendente.html-pagina-174.html
https://www.inmuebles24.com/propiedades/clasificado/veclcain-casa-colonial-delicias-146032800.html,11800000,"MN 11,800,000",MXN,venta,Casa,Delicias,Cuernavaca,Morelos,527.0,1237.0,Publicado hace más de 1 año,2025-03-25T14:11:08Z,2026-08-12T18:12:31.663787+00:00,https://www.inmuebles24.com/casas-o-casa-en-condominio-o-departamentos-en-venta-en-morelos-provincia-ordenado-por-fechaonline-descendente.html-pagina-174.html
https://www.inmuebles24.com/propiedades/clasificado/veclcain-casa-con-3-recamaras-en-venta-en-oaxtepec-145577019.html,5350000,"MN 5,350,000",MXN,venta,Casa,Fraccionamiento Altos de Oaxtepec,Yautepec,Morelos,200.0,465.0,Publicado hace más de 1 año,2025-01-29T04:23:39Z,2026-08-12T18:13:44.617839+00:00,https://www.inmuebles24.com/casas-o-casa-en-condominio-o-departamentos-en-venta-en-morelos-provincia-ordenado-por-fechaonline-descendente.html-pagina-174.html
https://www.inmuebles24.com/propiedades/clasificado/veclcain-casa-con-4-recamaras-en-venta-453-m-sup2--superficie-145626414.html,5300000,"MN 5,300,000",MXN,venta,Casa,Lomas de Cortes,Cuernavaca,Morelos,350.0,453.0,Publicado hace más de 1 año,2025-02-04T17:16:03Z,2026-08-12T18:13:44.617839+00:00,https://www.inmuebles24.com/casas-o-casa-en-condominio-o-departamentos-en-venta-en-morelos-provincia-ordenado-por-fechaonline-descendente.html-pagina-174.html
https://www.inmuebles24.com/propiedades/clasificado/veclcain-casa-de-dos-plantas-en-paseos-del-rio-emiliano-145760346.html,1129000,"MN 1,129,000",MXN,venta,Casa,Fraccionamiento Paseos del Río,Emiliano Zapata,Morelos,74.0,67.0,Publicado hace más de 1 año,2025-02-19T19:32:35Z,2026-08-12T18:13:44.617839+00:00,https://www.inmuebles24.com/casas-o-casa-en-condominio-o-departamentos-en-venta-en-morelos-provincia-ordenado-por-fechaonline-descendente.html-pagina-174.html
https://www.inmuebles24.com/propiedades/clasificado/veclcain-casa-de-un-nivel-en-lomas-de-cocoyoc-olc-4356-145760649.html,7900000,"MN 7,900,000",MXN,venta,Casa,Fraccionamiento Lomas de Cocoyoc,Atlatlahucan,Morelos,347.0,1000.0,Publicado hace más de 1 año,2025-02-19T19:54:42Z,2026-08-12T18:13:44.617839+00:00,https://www.inmuebles24.com/casas-o-casa-en-condominio-o-departamentos-en-venta-en-morelos-provincia-ordenado-por-fechaonline-descendente.html-pagina-174.html
https://www.inmuebles24.com/propiedades/clasificado/veclcain-casa-en-jardines-de-reforma-cuernavaca-seguridad-145582661.html,13000000,"MN 13,000,000",MXN,venta,Casa,Fraccionamiento Jardines de Reforma,Cuernavaca,Morelos,600.0,428.0,Publicado hace más de 1 año,2025-01-29T20:00:21Z,2026-08-12T18:13:44.617839+00:00,https://www.inmuebles24.com/casas-o-casa-en-condominio-o-departamentos-en-venta-en-morelos-provincia-ordenado-por-fechaonline-descendente.html-pagina-174.html
https://www.inmuebles24.com/propiedades/clasificado/veclcain-casa-estilo-cuerna-en-zona-dorada-146032722.html,7700000,"MN 7,700,000",MXN,venta,Casa,Delicias,Cuernavaca,Morelos,330.0,471.0,Publicado hace más de 1 año,2025-03-25T13:39:38Z,2026-08-12T18:13:44.617839+00:00,https://www.inmuebles24.com/casas-o-casa-en-condominio-o-departamentos-en-venta-en-morelos-provincia-ordenado-por-fechaonline-descendente.html-pagina-174.html
https://www.inmuebles24.com/propiedades/clasificado/veclcain-casa-jiutepec-morelos-145764337.html,7450000,"MN 7,450,000",MXN,venta,Casa,Los Pinos Jiutepec,Jiutepec,Morelos,474.0,494.0,Publicado hace más de 1 año,2025-02-20T01:32:39Z,2026-08-12T18:13:44.617839+00:00,https://www.inmuebles24.com/casas-o-casa-en-condominio-o-departamentos-en-venta-en-morelos-provincia-ordenado-por-fechaonline-descendente.html-pagina-174.html
https://www.inmuebles24.com/propiedades/clasificado/veclcain-estrene-casa-moderna-con-alberca-145762027.html,11000000,"MN 11,000,000",MXN,venta,Casa,Vista Hermosa,Cuernavaca,Morelos,300.0,300.0,Publicado hace más de 1 año,2025-02-19T21:58:57Z,2026-08-12T18:13:44.617839+00:00,https://www.inmuebles24.com/casas-o-casa-en-condominio-o-departamentos-en-venta-en-morelos-provincia-ordenado-por-fechaonline-descendente.html-pagina-174.html
https://www.inmuebles24.com/propiedades/clasificado/veclcain-exclusivo-fracc-en-vista-hermosa-146033591.html,9900000,"MN 9,900,000",MXN,venta,Casa,Vista Hermosa,Cuernavaca,Morelos,590.0,600.0,Publicado hace más de 1 año,2025-03-25T16:09:17Z,2026-08-12T18:13:44.617839+00:00,https://www.inmuebles24.com/casas-o-casa-en-condominio-o-departamentos-en-venta-en-morelos-provincia-ordenado-por-fechaonline-descendente.html-pagina-174.html
https://www.inmuebles24.com/propiedades/clasificado/veclcain-fraccionamiento-paraiso-country-club-casa-en-venta-145762007.html,10500000,"MN 10,500,000",MXN,venta,Casa,Fraccionamiento Paraíso Country Club,Emiliano Zapata,Morelos,390.0,488.0,Publicado hace más de 1 año,2025-02-19T21:57Z,2026-08-12T18:13:44.617839+00:00,https://www.inmuebles24.com/casas-o-casa-en-condominio-o-departamentos-en-venta-en-morelos-provincia-ordenado-por-fechaonline-descendente.html-pagina-174.html
https://www.inmuebles24.com/propiedades/clasificado/veclcain-gran-residencia-en-un-nivel-fraccionamiento-rancho-145630144.html,28000000,"MN 28,000,000",MXN,venta,Casa,Fraccionamiento Rancho Tetela,Cuernavaca,Morelos,761.0,2570.0,Publicado hace más de 1 año,2025-02-04T21:51:44Z,2026-08-12T18:14:47.977373+00:00,https://www.inmuebles24.com/casas-o-casa-en-condominio-o-departamentos-en-venta-en-morelos-provincia-ordenado-por-fechaonline-descendente.html-pagina-174.html
https://www.inmuebles24.com/propiedades/clasificado/veclcain-hermosa-casa-dentro-de-fraccionamiento-el-mascareno-146031713.html,16800000,"MN 16,800,000",MXN,venta,Casa,Vista Hermosa,Cuernavaca,Morelos,800.0,625.0,Publicado hace más de 1 año,2025-03-25T03:50:38Z,2026-08-12T18:14:47.977373+00:00,https://www.inmuebles24.com/casas-o-casa-en-condominio-o-departamentos-en-venta-en-morelos-provincia-ordenado-por-fechaonline-descendente.html-pagina-174.html
https://www.inmuebles24.com/propiedades/clasificado/veclcain-hermosa-casa-en-kloster-sumiya-146027393.html,11800000,"MN 11,800,000",MXN,venta,Casa,Sumiya,Cuernavaca,Morelos,424.0,500.0,Publicado hace más de 1 año,2025-03-24T19:55:30Z,2026-08-12T18:14:47.977373+00:00,https://www.inmuebles24.com/casas-o-casa-en-condominio-o-departamentos-en-venta-en-morelos-provincia-ordenado-por-fechaonline-descendente.html-pagina-174.html
https://www.inmuebles24.com/propiedades/clasificado/veclcain-hermosa-casa-en-reforma-146032107.html,17000000,"MN 17,000,000",MXN,venta,Casa,Reforma,Cuernavaca,Morelos,400.0,1000.0,Publicado hace más de 1 año,2025-03-25T05:18:57Z,2026-08-12T18:14:47.977373+00:00,https://www.inmuebles24.com/casas-o-casa-en-condominio-o-departamentos-en-venta-en-morelos-provincia-ordenado-por-fechaonline-descendente.html-pagina-174.html
https://www.inmuebles24.com/propiedades/clasificado/veclcain-lomas-del-mirador-cuernavaca-morelos-145761053.html,23900000,"MN 23,900,000",MXN,venta,Casa,Lomas del Mirador,Cuernavaca,Morelos,1096.0,5208.0,Publicado hace más de 1 año,2025-02-19T20:28:56Z,2026-08-12T18:14:47.977373+00:00,https://www.inmuebles24.com/casas-o-casa-en-condominio-o-departamentos-en-venta-en-morelos-provincia-ordenado-por-fechaonline-descendente.html-pagina-174.html
https://www.inmuebles24.com/propiedades/clasificado/veclcain-pequeno-hotel-boutique-con-jardin-de-eventos-145764597.html,16500000,"MN 16,500,000",MXN,venta,Casa,Pueblo Santa María Ahuacatitlán,Cuernavaca,Morelos,677.0,3475.0,Publicado hace más de 1 año,2025-02-20T02:19:49Z,2026-08-12T18:14:47.977373+00:00,https://www.inmuebles24.com/casas-o-casa-en-condominio-o-departamentos-en-venta-en-morelos-provincia-ordenado-por-fechaonline-descendente.html-pagina-174.html
https://www.inmuebles24.com/propiedades/clasificado/veclcain-preciosa-casa-en-venta-en-paraiso-country-club-145759865.html,12649000,"MN 12,649,000",MXN,venta,Casa,Fraccionamiento Paraíso Country Club,Emiliano Zapata,Morelos,550.0,,Publicado hace más de 1 año,2025-02-19T18:55:48Z,2026-08-12T18:14:47.977373+00:00,https://www.inmuebles24.com/casas-o-casa-en-condominio-o-departamentos-en-venta-en-morelos-provincia-ordenado-por-fechaonline-descendente.html-pagina-174.html
https://www.inmuebles24.com/propiedades/clasificado/veclcain-preventa.-moderna-casa-en-zona-norte-de-cuernavaca.-145763548.html,7800000,"MN 7,800,000",MXN,venta,Casa,Lomas de Tetela,Cuernavaca,Morelos,237.0,549.0,Publicado hace más de 1 año,2025-02-19T23:50:09Z,2026-08-12T18:14:47.977373+00:00,https://www.inmuebles24.com/casas-o-casa-en-condominio-o-departamentos-en-venta-en-morelos-provincia-ordenado-por-fechaonline-descendente.html-pagina-174.html
https://www.inmuebles24.com/propiedades/clasificado/veclcain-residencia-en-venta-en-lomas-tetela-145709695.html,7800000,"MN 7,800,000",MXN,venta,Casa,Lomas de Tetela,Cuernavaca,Morelos,237.0,549.0,Publicado hace más de 1 año,2025-02-13T04:51:54Z,2026-08-12T18:14:47.977373+00:00,https://www.inmuebles24.com/casas-o-casa-en-condominio-o-departamentos-en-venta-en-morelos-provincia-ordenado-por-fechaonline-descendente.html-pagina-174.html
https://www.inmuebles24.com/propiedades/clasificado/veclcain-venta-casa-roof-garden-terraza-y-balcon-en-ahuatepec-145629286.html,3950000,"MN 3,950,000",MXN,venta,Casa,Lomas de Ahuatepec,Cuernavaca,Morelos,620.0,230.0,Publicado hace más de 1 año,2025-02-04T20:33:54Z,2026-08-12T18:14:47.977373+00:00,https://www.inmuebles24.com/casas-o-casa-en-condominio-o-departamentos-en-venta-en-morelos-provincia-ordenado-por-fechaonline-descendente.html-pagina-174.html
https://www.inmuebles24.com/propiedades/clasificado/veclcain-venta-casas-en-fracc.-lomas-de-tetela-cuernavaca-145760723.html,7380000,"MN 7,380,000",MXN,venta,Casa,Lomas de Tetela,Cuernavaca,Morelos,381.0,549.0,Publicado hace más de 1 año,2025-02-19T20:01:57Z,2026-08-12T18:15:52.439068+00:00,https://www.inmuebles24.com/casas-o-casa-en-condominio-o-departamentos-en-venta-en-morelos-provincia-ordenado-por-fechaonline-descendente.html-pagina-174.html
https://www.inmuebles24.com/propiedades/clasificado/veclcain-vive-con-estilo:-residencia-en-venta-al-sur-de-146021634.html,4300000,"MN 4,300,000",MXN,venta,Casa,Lomas de Trujillo,Emiliano Zapata,Morelos,190.0,185.0,Publicado hace más de 1 año,2025-03-24T04:01:46Z,2026-08-12T18:15:52.439068+00:00,https://www.inmuebles24.com/casas-o-casa-en-condominio-o-departamentos-en-venta-en-morelos-provincia-ordenado-por-fechaonline-descendente.html-pagina-174.html
https://www.inmuebles24.com/propiedades/clasificado/veclccin-venta-casa-en-campo-verde-temixco-morelos-145627441.html,850000,"MN 850,000",MXN,venta,Casa en condominio,Azteca,Temixco,Morelos,60.0,60.0,Publicado hace más de 1 año,2025-02-04T18:27:47Z,2026-08-12T18:15:52.439068+00:00,https://www.inmuebles24.com/casas-o-casa-en-condominio-o-departamentos-en-venta-en-morelos-provincia-ordenado-por-fechaonline-descendente.html-pagina-174.html
https://www.inmuebles24.com/propiedades/clasificado/veclccin-venta-casa-en-fracc.-cumbres-del-campestre-xochitepec-146034550.html,950000,"MN 950,000",MXN,venta,Casa en condominio,Pueblo Atlacholoaya,Xochitepec,Morelos,100.0,100.0,Publicado hace más de 1 año,2025-03-25T17:30:01Z,2026-08-12T18:15:52.439068+00:00,https://www.inmuebles24.com/casas-o-casa-en-condominio-o-departamentos-en-venta-en-morelos-provincia-ordenado-por-fechaonline-descendente.html-pagina-174.html
https://www.inmuebles24.com/propiedades/clasificado/veclapin-departamento-en-cuarto-nivel-en-venta-colinas-de-145750386.html,609000,"MN 609,000",MXN,venta,Apartamento,Solidaridad,Temixco,Morelos,43.0,43.0,Publicado hace más de 1 año,2025-02-18T19:07:30Z,2026-08-12T18:15:52.439068+00:00,https://www.inmuebles24.com/casas-o-casa-en-condominio-o-departamentos-en-venta-en-morelos-provincia-ordenado-por-fechaonline-descendente.html-pagina-175.html
https://www.inmuebles24.com/propiedades/clasificado/veclapin-departamento-en-venta-con-elevador-alberca-y-jardin-145845701.html,2400000,"MN 2,400,000",MXN,venta,Apartamento,Palmira,Cuernavaca,Morelos,80.0,80.0,Publicado hace más de 1 año,2025-03-01T00:37:35Z,2026-08-12T18:15:52.439068+00:00,https://www.inmuebles24.com/casas-o-casa-en-condominio-o-departamentos-en-venta-en-morelos-provincia-ordenado-por-fechaonline-descendente.html-pagina-175.html
https://www.inmuebles24.com/propiedades/clasificado/veclapin-exclusivos-deptos-a-estrenar-145808946.html,3000000,"MN 3,000,000",MXN,venta,Apartamento,Ejido Acapatzingo,Cuernavaca,Morelos,130.0,130.0,Publicado hace más de 1 año,2025-02-25T18:29:13Z,2026-08-12T18:15:52.439068+00:00,https://www.inmuebles24.com/casas-o-casa-en-condominio-o-departamentos-en-venta-en-morelos-provincia-ordenado-por-fechaonline-descendente.html-pagina-175.html
https://www.inmuebles24.com/propiedades/clasificado/veclapin-oportunidad-loft-nuevo-en-venta-col.-vista-hermosa-145756047.html,4000000,"MN 4,000,000",MXN,venta,Apartamento,Vista Hermosa,Cuernavaca,Morelos,132.0,132.0,Publicado hace más de 1 año,2025-02-19T03:13:17Z,2026-08-12T18:15:52.439068+00:00,https://www.inmuebles24.com/casas-o-casa-en-condominio-o-departamentos-en-venta-en-morelos-provincia-ordenado-por-fechaonline-descendente.html-pagina-175.html
https://www.inmuebles24.com/propiedades/clasificado/veclcain-casa-con-2-recamaras-y-280-m-sup2--de-terreno-en-145701519.html,3600000,"MN 3,600,000",MXN,venta,Casa,Pueblo Santo Domingo Ocotitlán,Tepoztlán,Morelos,150.0,280.0,Publicado hace más de 1 año,2025-02-12T18:00:45Z,2026-08-12T18:15:52.439068+00:00,https://www.inmuebles24.com/casas-o-casa-en-condominio-o-departamentos-en-venta-en-morelos-provincia-ordenado-por-fechaonline-descendente.html-pagina-175.html
https://www.inmuebles24.com/propiedades/clasificado/veclcain-casa-emiliano-zapata-143645051.html,13000000,"MN 13,000,000",MXN,venta,Casa,Emiliano Zapata,Atlatlahucan,Morelos,1600.0,1600.0,Publicado hace más de 1 año,2024-05-27T19:37:35Z,2026-08-12T18:15:52.439068+00:00,https://www.inmuebles24.com/casas-o-casa-en-condominio-o-departamentos-en-venta-en-morelos-provincia-ordenado-por-fechaonline-descendente.html-pagina-175.html
https://www.inmuebles24.com/propiedades/clasificado/veclcain-casa-en-oportunidad-en-colinas-de-xochitepec-145699697.html,1735000,"MN 1,735,000",MXN,venta,Casa,Francisco Villa,Xochitepec,Morelos,63.0,,Publicado hace más de 1 año,2025-02-12T15:57:17Z,2026-08-12T18:16:59.326173+00:00,https://www.inmuebles24.com/casas-o-casa-en-condominio-o-departamentos-en-venta-en-morelos-provincia-ordenado-por-fechaonline-descendente.html-pagina-175.html
https://www.inmuebles24.com/propiedades/clasificado/veclcain-casa-en-venta-con-1312-m-sup2--de-terreno-granjas-143516775.html,4400000,"MN 4,400,000",MXN,venta,Casa,Fraccionamiento Granjas Mérida,Temixco,Morelos,295.0,1312.0,Publicado hace más de 1 año,2024-05-13T20:33:48Z,2026-08-12T18:16:59.326173+00:00,https://www.inmuebles24.com/casas-o-casa-en-condominio-o-departamentos-en-venta-en-morelos-provincia-ordenado-por-fechaonline-descendente.html-pagina-175.html
https://www.inmuebles24.com/propiedades/clasificado/veclcain-casa-en-venta-en-fraccionamiento-lomas-tetela-143373161.html,4750000,"MN 4,750,000",MXN,venta,Casa,Lomas de Tetela,Cuernavaca,Morelos,245.0,300.0,Publicado hace más de 1 año,2024-04-25T20:54:47Z,2026-08-12T18:16:59.326173+00:00,https://www.inmuebles24.com/casas-o-casa-en-condominio-o-departamentos-en-venta-en-morelos-provincia-ordenado-por-fechaonline-descendente.html-pagina-175.html
https://www.inmuebles24.com/propiedades/clasificado/veclcain-casa-en-venta-en-lomas-de-cocoyoc-olc-4349-145700804.html,5300000,"MN 5,300,000",MXN,venta,Casa,Fraccionamiento Lomas de Cocoyoc,Atlatlahucan,Morelos,351.0,623.0,Publicado hace más de 1 año,2025-02-12T17:14:59Z,2026-08-12T18:16:59.326173+00:00,https://www.inmuebles24.com/casas-o-casa-en-condominio-o-departamentos-en-venta-en-morelos-provincia-ordenado-por-fechaonline-descendente.html-pagina-175.html
https://www.inmuebles24.com/propiedades/clasificado/veclcain-casa-en-venta-en-lomas-de-tetela-3a-seccion-en-143519482.html,4800000,"MN 4,800,000",MXN,venta,Casa,,Cuernavaca,Morelos,217.0,300.0,Publicado hace más de 1 año,2024-05-13T23:32:04Z,2026-08-12T18:16:59.326173+00:00,https://www.inmuebles24.com/casas-o-casa-en-condominio-o-departamentos-en-venta-en-morelos-provincia-ordenado-por-fechaonline-descendente.html-pagina-175.html
https://www.inmuebles24.com/propiedades/clasificado/veclcain-casa-en-venta-en-residencial-sumiya-143636187.html,9200000,"MN 9,200,000",MXN,venta,Casa,Fraccionamiento Residencial Sumiya,Jiutepec,Morelos,333.0,656.0,Publicado hace más de 1 año,2024-05-25T20:35:16Z,2026-08-12T18:16:59.326173+00:00,https://www.inmuebles24.com/casas-o-casa-en-condominio-o-departamentos-en-venta-en-morelos-provincia-ordenado-por-fechaonline-descendente.html-pagina-175.html
https://www.inmuebles24.com/propiedades/clasificado/veclcain-casa-en-venta-en-vergeles-de-oaxtepec-olc-4348-145700536.html,4850000,"MN 4,850,000",MXN,venta,Casa,Fraccionamiento Vergeles de Oaxtepec,Yautepec,Morelos,360.0,683.0,Publicado hace más de 1 año,2025-02-12T16:51:35Z,2026-08-12T18:16:59.326173+00:00,https://www.inmuebles24.com/casas-o-casa-en-condominio-o-departamentos-en-venta-en-morelos-provincia-ordenado-por-fechaonline-descendente.html-pagina-175.html
https://www.inmuebles24.com/propiedades/clasificado/veclcain-casa-en-zona-boscosa-un-nivel-en-venta-huitzilac-145836550.html,2160000,"MN 2,160,000",MXN,venta,Casa,,Huitzilac,Morelos,290.0,1034.0,Publicado hace más de 1 año,2025-02-28T02:35:26Z,2026-08-12T18:16:59.326173+00:00,https://www.inmuebles24.com/casas-o-casa-en-condominio-o-departamentos-en-venta-en-morelos-provincia-ordenado-por-fechaonline-descendente.html-pagina-175.html
https://www.inmuebles24.com/propiedades/clasificado/veclcain-casa-en-zona-norte-con-seguridad-24hrs-145704654.html,10800000,"MN 10,800,000",MXN,venta,Casa,Analco,Cuernavaca,Morelos,300.0,400.0,Publicado hace más de 1 año,2025-02-12T21:06:04Z,2026-08-12T18:16:59.326173+00:00,https://www.inmuebles24.com/casas-o-casa-en-condominio-o-departamentos-en-venta-en-morelos-provincia-ordenado-por-fechaonline-descendente.html-pagina-175.html
https://www.inmuebles24.com/propiedades/clasificado/veclcain-casa-palmira-tinguindin-143641938.html,19500000,"MN 19,500,000",MXN,venta,Casa,Palmira Tingüindín,Cuernavaca,Morelos,850.0,2000.0,Publicado hace más de 1 año,2024-05-27T16:19:39Z,2026-08-12T18:16:59.326173+00:00,https://www.inmuebles24.com/casas-o-casa-en-condominio-o-departamentos-en-venta-en-morelos-provincia-ordenado-por-fechaonline-descendente.html-pagina-175.html
https://www.inmuebles24.com/propiedades/clasificado/veclcain-en-venta-bonita-casa-de-un-piso-en-lomas-de-cocoyoc-143526210.html,4950000,"MN 4,950,000",MXN,venta,Casa,Fraccionamiento Lomas de Cocoyoc,Atlatlahucan,Morelos,138.0,581.0,Publicado hace más de 1 año,2024-05-14T18:33:37Z,2026-08-12T18:18:07.629096+00:00,https://www.inmuebles24.com/casas-o-casa-en-condominio-o-departamentos-en-venta-en-morelos-provincia-ordenado-por-fechaonline-descendente.html-pagina-175.html
https://www.inmuebles24.com/propiedades/clasificado/veclcain-en-venta-casa-con-local-comercial-en-otilio-montano-143532613.html,1980000,"MN 1,980,000",MXN,venta,Casa,Otilio Montaño,Jiutepec,Morelos,233.0,205.0,Publicado hace más de 1 año,2024-05-15T04:46:49Z,2026-08-12T18:18:07.629096+00:00,https://www.inmuebles24.com/casas-o-casa-en-condominio-o-departamentos-en-venta-en-morelos-provincia-ordenado-por-fechaonline-descendente.html-pagina-175.html
https://www.inmuebles24.com/propiedades/clasificado/veclcain-en-venta-casa-una-planta-la-campina-tetecalita-morelos-145843242.html,435000,"MN 435,000",MXN,venta,Casa,La Campiña,Emiliano Zapata,Morelos,60.0,,Publicado hace más de 1 año,2025-02-28T20:06:01Z,2026-08-12T18:18:07.629096+00:00,https://www.inmuebles24.com/casas-o-casa-en-condominio-o-departamentos-en-venta-en-morelos-provincia-ordenado-por-fechaonline-descendente.html-pagina-175.html
https://www.inmuebles24.com/propiedades/clasificado/veclcain-estrena-moderna-casa-al-norte-de-cuernavaca-143406292.html,7950000,"MN 7,950,000",MXN,venta,Casa,Rancho Cortes,Cuernavaca,Morelos,309.0,594.0,Publicado hace más de 1 año,2024-04-29T23:05:29Z,2026-08-12T18:18:07.629096+00:00,https://www.inmuebles24.com/casas-o-casa-en-condominio-o-departamentos-en-venta-en-morelos-provincia-ordenado-por-fechaonline-descendente.html-pagina-175.html
https://www.inmuebles24.com/propiedades/clasificado/veclcain-hermosa-casa-en-venta-con-alberca-al-norte-de-143518128.html,9500000,"MN 9,500,000",MXN,venta,Casa,,Cuernavaca,Morelos,450.0,578.0,Publicado hace más de 1 año,2024-05-13T21:54Z,2026-08-12T18:18:07.629096+00:00,https://www.inmuebles24.com/casas-o-casa-en-condominio-o-departamentos-en-venta-en-morelos-provincia-ordenado-por-fechaonline-descendente.html-pagina-175.html
https://www.inmuebles24.com/propiedades/clasificado/veclcain-residencia-de-lujo-en-venta-en-viveros-de-cocoyoc-olc-145751443.html,26000000,"MN 26,000,000",MXN,venta,Casa,Fraccionamiento Viveros de Cocoyoc,Yautepec,Morelos,800.0,896.0,Publicado hace más de 1 año,2025-02-18T20:13:55Z,2026-08-12T18:18:07.629096+00:00,https://www.inmuebles24.com/casas-o-casa-en-condominio-o-departamentos-en-venta-en-morelos-provincia-ordenado-por-fechaonline-descendente.html-pagina-175.html
https://www.inmuebles24.com/propiedades/clasificado/veclcain-vendo-casa-al-sur-de-cuernavaca-143379279.html,3500000,"MN 3,500,000",MXN,venta,Casa,Lomas de Trujillo,Emiliano Zapata,Morelos,206.0,,Publicado hace más de 1 año,2024-04-26T15:14:35Z,2026-08-12T18:18:07.629096+00:00,https://www.inmuebles24.com/casas-o-casa-en-condominio-o-departamentos-en-venta-en-morelos-provincia-ordenado-por-fechaonline-descendente.html-pagina-175.html
https://www.inmuebles24.com/propiedades/clasificado/veclcain-venta-casa-sola-rustica-con-600-m-de-terreno-143521339.html,5850000,"MN 5,850,000",MXN,venta,Casa,Lomas de Atzingo,Cuernavaca,Morelos,371.0,600.0,Publicado hace más de 1 año,2024-05-14T03:20:19Z,2026-08-12T18:18:07.629096+00:00,https://www.inmuebles24.com/casas-o-casa-en-condominio-o-departamentos-en-venta-en-morelos-provincia-ordenado-por-fechaonline-descendente.html-pagina-175.html
https://www.inmuebles24.com/propiedades/clasificado/veclccin-casa-en-condominio-al-sur-de-cuernavaca-en-lomas-145681916.html,2800000,"MN 2,800,000",MXN,venta,Casa en condominio,Fraccionamiento Burgos Sección Ontario,Temixco,Morelos,200.0,163.0,Publicado hace más de 1 año,2025-02-10T20:38:37Z,2026-08-12T18:18:07.629096+00:00,https://www.inmuebles24.com/casas-o-casa-en-condominio-o-departamentos-en-venta-en-morelos-provincia-ordenado-por-fechaonline-descendente.html-pagina-175.html
https://www.inmuebles24.com/propiedades/clasificado/veclccin-casa-en-venta-condominio-col.-san-anton-vigilancia-145755967.html,5250000,"MN 5,250,000",MXN,venta,Casa en condominio,San Antón,Cuernavaca,Morelos,205.0,230.0,Publicado hace más de 1 año,2025-02-19T03:07:18Z,2026-08-12T18:18:07.629096+00:00,https://www.inmuebles24.com/casas-o-casa-en-condominio-o-departamentos-en-venta-en-morelos-provincia-ordenado-por-fechaonline-descendente.html-pagina-175.html
https://www.inmuebles24.com/propiedades/clasificado/veclccin-casa-en-venta-en-condominio-en-oaxtepec-olc-4295-145750925.html,2500000,"MN 2,500,000",MXN,venta,Casa en condominio,Oaxtepec Centro,Yautepec,Morelos,150.0,75.0,Publicado hace más de 1 año,2025-02-18T19:44:08Z,2026-08-12T18:19:20.812363+00:00,https://www.inmuebles24.com/casas-o-casa-en-condominio-o-departamentos-en-venta-en-morelos-provincia-ordenado-por-fechaonline-descendente.html-pagina-175.html
https://www.inmuebles24.com/propiedades/clasificado/veclccin-casa-en-venta-en-condominio-quinta-conchita-oaxtepec-145700120.html,3950000,"MN 3,950,000",MXN,venta,Casa en condominio,Oaxtepec Centro,Yautepec,Morelos,860.0,275.0,Publicado hace más de 1 año,2025-02-12T16:23:30Z,2026-08-12T18:19:20.812363+00:00,https://www.inmuebles24.com/casas-o-casa-en-condominio-o-departamentos-en-venta-en-morelos-provincia-ordenado-por-fechaonline-descendente.html-pagina-175.html
https://www.inmuebles24.com/propiedades/clasificado/veclccin-preciosa-casa-en-condominio-para-estrenar-en-rancho-143529234.html,10700000,"MN 10,700,000",MXN,venta,Casa en condominio,Rancho Cortes,Cuernavaca,Morelos,285.0,412.0,Publicado hace más de 1 año,2024-05-14T21:46:20Z,2026-08-12T18:19:20.812363+00:00,https://www.inmuebles24.com/casas-o-casa-en-condominio-o-departamentos-en-venta-en-morelos-provincia-ordenado-por-fechaonline-descendente.html-pagina-175.html
https://www.inmuebles24.com/propiedades/clasificado/veclccin-venta-de-hermosa-casas-en-condominio-ubicada-en-sta.-145733281.html,2876000,"MN 2,876,000",MXN,venta,Casa en condominio,Club de Golf Santa Fe,Xochitepec,Morelos,11329.0,8468.0,Publicado hace más de 1 año,2025-02-17T00:15:31Z,2026-08-12T18:19:20.812363+00:00,https://www.inmuebles24.com/casas-o-casa-en-condominio-o-departamentos-en-venta-en-morelos-provincia-ordenado-por-fechaonline-descendente.html-pagina-175.html
https://www.inmuebles24.com/propiedades/clasificado/veclapin-departamento-en-venta-colonia-ejidos-de-acapantzingo.-143093051.html,2200000,"MN 2,200,000",MXN,venta,Apartamento,Acapatzingo,Cuernavaca,Morelos,165.0,400.0,Publicado hace más de 1 año,2024-03-25T03:23:43Z,2026-08-12T18:19:20.812363+00:00,https://www.inmuebles24.com/casas-o-casa-en-condominio-o-departamentos-en-venta-en-morelos-provincia-ordenado-por-fechaonline-descendente.html-pagina-176.html
https://www.inmuebles24.com/propiedades/clasificado/veclcain--baja-de-precio!-moderna-casa-con-alberca-en-fracc-con-143412907.html,5200000,"MN 5,200,000",MXN,venta,Casa,Delicias,Cuernavaca,Morelos,260.0,189.0,Publicado hace más de 1 año,2024-04-30T19:22:26Z,2026-08-12T18:19:20.812363+00:00,https://www.inmuebles24.com/casas-o-casa-en-condominio-o-departamentos-en-venta-en-morelos-provincia-ordenado-por-fechaonline-descendente.html-pagina-176.html
https://www.inmuebles24.com/propiedades/clasificado/veclcain-amplia-residencia-en-venta-en-lomas-de-cocoyoc-olc-146150076.html,26000000,"MN 26,000,000",MXN,venta,Casa,Fraccionamiento Lomas de Cocoyoc,Atlatlahucan,Morelos,1202.0,650.0,Publicado hace más de 1 año,2025-04-07T18:11:52Z,2026-08-12T18:19:20.812363+00:00,https://www.inmuebles24.com/casas-o-casa-en-condominio-o-departamentos-en-venta-en-morelos-provincia-ordenado-por-fechaonline-descendente.html-pagina-176.html
https://www.inmuebles24.com/propiedades/clasificado/veclcain-casa-con-alberca-en-privada-con-vigilancia-143299843.html,4520000,"MN 4,520,000",MXN,venta,Casa,Xochitepec Centro,Xochitepec,Morelos,170.0,170.0,Publicado hace más de 1 año,2024-04-18T00:15:13Z,2026-08-12T18:19:20.812363+00:00,https://www.inmuebles24.com/casas-o-casa-en-condominio-o-departamentos-en-venta-en-morelos-provincia-ordenado-por-fechaonline-descendente.html-pagina-176.html
https://www.inmuebles24.com/propiedades/clasificado/veclcain-casa-de-descanso-en-venta-en-manantiales-morelos-143404982.html,14850000,"MN 14,850,000",MXN,venta,Casa,Morelos,Cuernavaca,Morelos,600.0,2400.0,Publicado hace más de 1 año,2024-04-29T21:53:36Z,2026-08-12T18:19:20.812363+00:00,https://www.inmuebles24.com/casas-o-casa-en-condominio-o-departamentos-en-venta-en-morelos-provincia-ordenado-por-fechaonline-descendente.html-pagina-176.html
https://www.inmuebles24.com/propiedades/clasificado/veclcain-casa-en-conjunto-habitacional-lomas-de-san-francisco-143305020.html,1600000,"MN 1,600,000",MXN,venta,Casa,San Francisco,Emiliano Zapata,Morelos,75.0,120.0,Publicado hace más de 1 año,2024-04-18T18:04:09Z,2026-08-12T18:19:20.812363+00:00,https://www.inmuebles24.com/casas-o-casa-en-condominio-o-departamentos-en-venta-en-morelos-provincia-ordenado-por-fechaonline-descendente.html-pagina-176.html
https://www.inmuebles24.com/propiedades/clasificado/veclcain-casa-en-fraccionamiento-en-lomas-de-cocoyoc-143088220.html,10000000,"MN 10,000,000",MXN,venta,Casa,Fraccionamiento Lomas de Cocoyoc,Atlatlahucan,Morelos,400.0,600.0,Publicado hace más de 1 año,2024-03-23T18:11:17Z,2026-08-12T18:20:21.426317+00:00,https://www.inmuebles24.com/casas-o-casa-en-condominio-o-departamentos-en-venta-en-morelos-provincia-ordenado-por-fechaonline-descendente.html-pagina-176.html
https://www.inmuebles24.com/propiedades/clasificado/veclcain-casa-en-fraccionamiento-en-lomas-de-cocoyoc-143088318.html,8000000,"MN 8,000,000",MXN,venta,Casa,Fraccionamiento Lomas de Cocoyoc,Atlatlahucan,Morelos,800.0,800.0,Publicado hace más de 1 año,2024-03-23T18:33:21Z,2026-08-12T18:20:21.426317+00:00,https://www.inmuebles24.com/casas-o-casa-en-condominio-o-departamentos-en-venta-en-morelos-provincia-ordenado-por-fechaonline-descendente.html-pagina-176.html
https://www.inmuebles24.com/propiedades/clasificado/veclcain-casa-en-privada-en-chapultepec-cuernavaca-ber-1107-143090533.html,14639000,"MN 14,639,000",MXN,venta,Casa,Chapultepec,Cuernavaca,Morelos,388.0,1079.0,Publicado hace más de 1 año,2024-03-24T06:06:47Z,2026-08-12T18:20:21.426317+00:00,https://www.inmuebles24.com/casas-o-casa-en-condominio-o-departamentos-en-venta-en-morelos-provincia-ordenado-por-fechaonline-descendente.html-pagina-176.html
https://www.inmuebles24.com/propiedades/clasificado/veclcain-casa-en-venta-con-vista-panoramica-rancho-tetela-143302024.html,8000000,"MN 8,000,000",MXN,venta,Casa,Real de Tetela,Cuernavaca,Morelos,527.0,1000.0,Publicado hace más de 1 año,2024-04-18T05:51:08Z,2026-08-12T18:20:21.426317+00:00,https://www.inmuebles24.com/casas-o-casa-en-condominio-o-departamentos-en-venta-en-morelos-provincia-ordenado-por-fechaonline-descendente.html-pagina-176.html
https://www.inmuebles24.com/propiedades/clasificado/veclcain-casa-en-venta-cuernavaca-146150115.html,5200000,"MN 5,200,000",MXN,venta,Casa,Jacarandas,Cuernavaca,Morelos,196.0,235.0,Publicado hace más de 1 año,2025-04-07T18:13:06Z,2026-08-12T18:20:21.426317+00:00,https://www.inmuebles24.com/casas-o-casa-en-condominio-o-departamentos-en-venta-en-morelos-provincia-ordenado-por-fechaonline-descendente.html-pagina-176.html
https://www.inmuebles24.com/propiedades/clasificado/veclcain-casa-en-venta-de-1385-m-sup2--de-terreno-517-m-sup2-146263768.html,10300000,"MN 10,300,000",MXN,venta,Casa,San Antón,Cuernavaca,Morelos,517.0,1385.0,Publicado hace más de 1 año,2025-04-22T22:29:36Z,2026-08-12T18:20:21.426317+00:00,https://www.inmuebles24.com/casas-o-casa-en-condominio-o-departamentos-en-venta-en-morelos-provincia-ordenado-por-fechaonline-descendente.html-pagina-176.html
https://www.inmuebles24.com/propiedades/clasificado/veclcain-casa-en-venta-en-cuernavaca-lomas-tzompantle-143104444.html,2800000,"MN 2,800,000",MXN,venta,Casa,Lomas del Tzompantle,Cuernavaca,Morelos,200.0,200.0,Publicado hace más de 1 año,2024-03-26T05:23:55Z,2026-08-12T18:20:21.426317+00:00,https://www.inmuebles24.com/casas-o-casa-en-condominio-o-departamentos-en-venta-en-morelos-provincia-ordenado-por-fechaonline-descendente.html-pagina-176.html
https://www.inmuebles24.com/propiedades/clasificado/veclcain-casa-en-venta-en-kloster-sumiya-cuernavaca-143321431.html,14000000,"MN 14,000,000",MXN,venta,Casa,Fraccionamiento Kloster Sumiya,Jiutepec,Morelos,513.0,990.0,Publicado hace más de 1 año,2024-04-20T04:48:39Z,2026-08-12T18:20:21.426317+00:00,https://www.inmuebles24.com/casas-o-casa-en-condominio-o-departamentos-en-venta-en-morelos-provincia-ordenado-por-fechaonline-descendente.html-pagina-176.html
https://www.inmuebles24.com/propiedades/clasificado/veclcain-casa-en-venta-en-otilio-montano-jiutepec-143651025.html,2550000,"MN 2,550,000",MXN,venta,Casa,,Jiutepec,Morelos,140.0,192.0,Publicado hace más de 1 año,2024-05-28T00:37:51Z,2026-08-12T18:20:21.426317+00:00,https://www.inmuebles24.com/casas-o-casa-en-condominio-o-departamentos-en-venta-en-morelos-provincia-ordenado-por-fechaonline-descendente.html-pagina-176.html
https://www.inmuebles24.com/propiedades/clasificado/veclcain-casa-en-venta-en-santa-fe-lifestyle-xochitepec-morelos-143651304.html,2900000,"MN 2,900,000",MXN,venta,Casa,,Xochitepec,Morelos,121.0,90.0,Publicado hace más de 1 año,2024-05-28T01:20:50Z,2026-08-12T18:20:21.426317+00:00,https://www.inmuebles24.com/casas-o-casa-en-condominio-o-departamentos-en-venta-en-morelos-provincia-ordenado-por-fechaonline-descendente.html-pagina-176.html
https://www.inmuebles24.com/propiedades/clasificado/veclcain-casa-en-venta-en-valle-de-atongo-tepoztlan-143278538.html,30000000,"MN 30,000,000",MXN,venta,Casa,Pueblo Ixcatepec,Tepoztlán,Morelos,969.0,4742.0,Publicado hace más de 1 año,2024-04-16T03:15:35Z,2026-08-12T18:21:33.804955+00:00,https://www.inmuebles24.com/casas-o-casa-en-condominio-o-departamentos-en-venta-en-morelos-provincia-ordenado-por-fechaonline-descendente.html-pagina-176.html
https://www.inmuebles24.com/propiedades/clasificado/veclcain-casa-sola-en-rancho-cortes-cuernavaca-ari-957-cs-143274658.html,29900000,"MN 29,900,000",MXN,venta,Casa,Rancho Cortes,Cuernavaca,Morelos,971.0,4024.0,Publicado hace más de 1 año,2024-04-15T21:05:29Z,2026-08-12T18:21:33.804955+00:00,https://www.inmuebles24.com/casas-o-casa-en-condominio-o-departamentos-en-venta-en-morelos-provincia-ordenado-por-fechaonline-descendente.html-pagina-176.html
https://www.inmuebles24.com/propiedades/clasificado/veclcain-casa-sola-en-tepoztlan-morelos-143572562.html,5200000,"MN 5,200,000",MXN,venta,Casa,Tepoztlán Centro,Tepoztlán,Morelos,200.0,410.0,Publicado hace más de 1 año,2024-05-18T18:59:05Z,2026-08-12T18:21:33.804955+00:00,https://www.inmuebles24.com/casas-o-casa-en-condominio-o-departamentos-en-venta-en-morelos-provincia-ordenado-por-fechaonline-descendente.html-pagina-176.html
https://www.inmuebles24.com/propiedades/clasificado/veclcain-casa-sola-en-venta-ubicada-en-el-centro-de-cuernavaca-143318424.html,13000000,"MN 13,000,000",MXN,venta,Casa,Antonio Barona Centro,Cuernavaca,Morelos,1100.0,2200.0,Publicado hace más de 1 año,2024-04-19T22:36:01Z,2026-08-12T18:21:33.804955+00:00,https://www.inmuebles24.com/casas-o-casa-en-condominio-o-departamentos-en-venta-en-morelos-provincia-ordenado-por-fechaonline-descendente.html-pagina-176.html
https://www.inmuebles24.com/propiedades/clasificado/veclcain-hermosa-casa-en-venta-muy-amplia-con-alberca-propia-en-146268930.html,12000000,"MN 12,000,000",MXN,venta,Casa,Vista Hermosa,Cuernavaca,Morelos,365.0,576.0,Publicado hace más de 1 año,2025-04-23T17:01:22Z,2026-08-12T18:21:33.804955+00:00,https://www.inmuebles24.com/casas-o-casa-en-condominio-o-departamentos-en-venta-en-morelos-provincia-ordenado-por-fechaonline-descendente.html-pagina-176.html
https://www.inmuebles24.com/propiedades/clasificado/veclcain-jardines-de-la-hda-jiutepec-casa-en-venta-con-143277191.html,2885000,"MN 2,885,000",MXN,venta,Casa,Fraccionamiento Hacienda Jiutepec,Jiutepec,Morelos,165.0,170.0,Publicado hace más de 1 año,2024-04-16T00:27:03Z,2026-08-12T18:21:33.804955+00:00,https://www.inmuebles24.com/casas-o-casa-en-condominio-o-departamentos-en-venta-en-morelos-provincia-ordenado-por-fechaonline-descendente.html-pagina-176.html
https://www.inmuebles24.com/propiedades/clasificado/veclcain-se-vende-casa-lomas-trujillo-emiliano-zapata-143305767.html,4700000,"MN 4,700,000",MXN,venta,Casa,Lomas de Trujillo,Emiliano Zapata,Morelos,245.0,334.0,Publicado hace más de 1 año,2024-04-18T18:43:02Z,2026-08-12T18:21:33.804955+00:00,https://www.inmuebles24.com/casas-o-casa-en-condominio-o-departamentos-en-venta-en-morelos-provincia-ordenado-por-fechaonline-descendente.html-pagina-176.html
https://www.inmuebles24.com/propiedades/clasificado/veclcain-se-vende-quinta-amueblada-en-zacualpan-de-amilpas-146149910.html,15000000,"MN 15,000,000",MXN,venta,Casa,Pueblo Zacualpan de Amilpas,Zacualpan,Morelos,458.0,10665.0,Publicado hace más de 1 año,2025-04-07T18:06:21Z,2026-08-12T18:21:33.804955+00:00,https://www.inmuebles24.com/casas-o-casa-en-condominio-o-departamentos-en-venta-en-morelos-provincia-ordenado-por-fechaonline-descendente.html-pagina-176.html
https://www.inmuebles24.com/propiedades/clasificado/veclcain-urge-vendo-casa-en-la-col-otilio-montano-143288179.html,3300000,"MN 3,300,000",MXN,venta,Casa,Otilio Montaño,Cuautla,Morelos,850.0,1999.0,Publicado hace más de 1 año,2024-04-17T00:53:11Z,2026-08-12T18:21:33.804955+00:00,https://www.inmuebles24.com/casas-o-casa-en-condominio-o-departamentos-en-venta-en-morelos-provincia-ordenado-por-fechaonline-descendente.html-pagina-176.html
https://www.inmuebles24.com/propiedades/clasificado/veclcain-vendo-casa-en-palmira-cuernavaca-146261919.html,16000000,"MN 16,000,000",MXN,venta,Casa,Fraccionamiento Las Garzas,Cuernavaca,Morelos,480.0,1350.0,Publicado hace más de 1 año,2025-04-22T19:46:19Z,2026-08-12T18:21:33.804955+00:00,https://www.inmuebles24.com/casas-o-casa-en-condominio-o-departamentos-en-venta-en-morelos-provincia-ordenado-por-fechaonline-descendente.html-pagina-176.html
https://www.inmuebles24.com/propiedades/clasificado/veclcain-venta-casa-amueblada-con-alberca-xochitepec-4800-m-146147289.html,17000000,"MN 17,000,000",MXN,venta,Casa,Centro,Xochitepec,Morelos,1144.0,4863.0,Publicado hace más de 1 año,2025-04-07T15:03:42Z,2026-08-12T18:22:31.912558+00:00,https://www.inmuebles24.com/casas-o-casa-en-condominio-o-departamentos-en-venta-en-morelos-provincia-ordenado-por-fechaonline-descendente.html-pagina-176.html
https://www.inmuebles24.com/propiedades/clasificado/veclccin-casa-en-condominio-en-venta-rancho-cortes-cuernavaca-143302099.html,3500000,"MN 3,500,000",MXN,venta,Casa en condominio,Rancho Cortes,Cuernavaca,Morelos,207.0,297.0,Publicado hace más de 1 año,2024-04-18T06:34:57Z,2026-08-12T18:22:31.912558+00:00,https://www.inmuebles24.com/casas-o-casa-en-condominio-o-departamentos-en-venta-en-morelos-provincia-ordenado-por-fechaonline-descendente.html-pagina-176.html
https://www.inmuebles24.com/propiedades/clasificado/veclccin-casa-en-condominio-horizonal-143413489.html,2600000,"MN 2,600,000",MXN,venta,Casa en condominio,Fraccionamiento Pedregal de las Fuentes,Jiutepec,Morelos,170.0,329.0,Publicado hace más de 1 año,2024-04-30T20:11:44Z,2026-08-12T18:22:31.912558+00:00,https://www.inmuebles24.com/casas-o-casa-en-condominio-o-departamentos-en-venta-en-morelos-provincia-ordenado-por-fechaonline-descendente.html-pagina-176.html
https://www.inmuebles24.com/propiedades/clasificado/veclccin-preventa-de-casas-ensueno-jiutepec-143315407.html,3550000,"MN 3,550,000",MXN,venta,Casa en condominio,Centro Jiutepec,Jiutepec,Morelos,170.0,197.0,Publicado hace más de 1 año,2024-04-19T18:40:44Z,2026-08-12T18:22:31.912558+00:00,https://www.inmuebles24.com/casas-o-casa-en-condominio-o-departamentos-en-venta-en-morelos-provincia-ordenado-por-fechaonline-descendente.html-pagina-176.html
https://www.inmuebles24.com/propiedades/clasificado/veclapin-departamento-en-venta-col.-san-anton-vigilancia-146166651.html,4200000,"MN 4,200,000",MXN,venta,Apartamento,San Antón,Cuernavaca,Morelos,282.0,282.0,Publicado hace más de 1 año,2025-04-09T01:04:30Z,2026-08-12T18:22:31.912558+00:00,https://www.inmuebles24.com/casas-o-casa-en-condominio-o-departamentos-en-venta-en-morelos-provincia-ordenado-por-fechaonline-descendente.html-pagina-177.html
https://www.inmuebles24.com/propiedades/clasificado/veclcain-bonita-casa-remodelada-146096524.html,4250000,"MN 4,250,000",MXN,venta,Casa,Jardines de Cuernavaca,Cuernavaca,Morelos,150.0,150.0,Publicado hace más de 1 año,2025-04-01T19:25:41Z,2026-08-12T18:22:31.912558+00:00,https://www.inmuebles24.com/casas-o-casa-en-condominio-o-departamentos-en-venta-en-morelos-provincia-ordenado-por-fechaonline-descendente.html-pagina-177.html
https://www.inmuebles24.com/propiedades/clasificado/veclcain-casa-3-recamaras-con-roof-garden-en-fraccionamiento-146170365.html,2150000,"MN 2,150,000",MXN,venta,Casa,Pueblo Atlacholoaya,Xochitepec,Morelos,138.0,56.0,Publicado hace más de 1 año,2025-04-09T17:33:03Z,2026-08-12T18:22:31.912558+00:00,https://www.inmuebles24.com/casas-o-casa-en-condominio-o-departamentos-en-venta-en-morelos-provincia-ordenado-por-fechaonline-descendente.html-pagina-177.html
https://www.inmuebles24.com/propiedades/clasificado/veclcain-casa-en-la-mejor-zona-de-cuernavaca-un-nivel-145048700.html,6850000,"MN 6,850,000",MXN,venta,Casa,Jardines de Cuernavaca,Cuernavaca,Morelos,281.0,520.0,Publicado hace más de 1 año,2024-11-12T11:51:23Z,2026-08-12T18:22:31.912558+00:00,https://www.inmuebles24.com/casas-o-casa-en-condominio-o-departamentos-en-venta-en-morelos-provincia-ordenado-por-fechaonline-descendente.html-pagina-177.html
https://www.inmuebles24.com/propiedades/clasificado/veclcain-casa-en-venta-dentro-de-privada-en-vistahermosa-145001351.html,7500000,"MN 7,500,000",MXN,venta,Casa,Vista Hermosa,Cuernavaca,Morelos,210.0,310.0,Publicado hace más de 1 año,2024-11-06T18:11:08Z,2026-08-12T18:22:31.912558+00:00,https://www.inmuebles24.com/casas-o-casa-en-condominio-o-departamentos-en-venta-en-morelos-provincia-ordenado-por-fechaonline-descendente.html-pagina-177.html
https://www.inmuebles24.com/propiedades/clasificado/veclcain-casa-en-venta-en-fraccionamiento-en-vista-hermosa-146127908.html,21000000,"MN 21,000,000",MXN,venta,Casa,Vista Hermosa,Cuernavaca,Morelos,520.0,916.0,Publicado hace más de 1 año,2025-04-03T21:45:54Z,2026-08-12T18:22:31.912558+00:00,https://www.inmuebles24.com/casas-o-casa-en-condominio-o-departamentos-en-venta-en-morelos-provincia-ordenado-por-fechaonline-descendente.html-pagina-177.html
https://www.inmuebles24.com/propiedades/clasificado/veclcain-casa-independiente-con-alberca-145192846.html,3400000,"MN 3,400,000",MXN,venta,Casa,Ampliacion Narciso Mendoza,Cuautla,Morelos,200.0,1000.0,Publicado hace más de 1 año,2024-11-30T03:15:56Z,2026-08-12T18:23:37.707954+00:00,https://www.inmuebles24.com/casas-o-casa-en-condominio-o-departamentos-en-venta-en-morelos-provincia-ordenado-por-fechaonline-descendente.html-pagina-177.html
https://www.inmuebles24.com/propiedades/clasificado/veclcain-casa-jiutepec-morelos-146130023.html,5450000,"MN 5,450,000",MXN,venta,Casa,Fraccionamiento Las Fincas,Jiutepec,Morelos,330.0,465.0,Publicado hace más de 1 año,2025-04-04T01:33:09Z,2026-08-12T18:23:37.707954+00:00,https://www.inmuebles24.com/casas-o-casa-en-condominio-o-departamentos-en-venta-en-morelos-provincia-ordenado-por-fechaonline-descendente.html-pagina-177.html
https://www.inmuebles24.com/propiedades/clasificado/veclcain-casa-lomas-de-selva-cuernavaca-146129981.html,9300000,"MN 9,300,000",MXN,venta,Casa,Lomas de la Selva,Cuernavaca,Morelos,252.0,300.0,Publicado hace más de 1 año,2025-04-04T01:26:03Z,2026-08-12T18:23:37.707954+00:00,https://www.inmuebles24.com/casas-o-casa-en-condominio-o-departamentos-en-venta-en-morelos-provincia-ordenado-por-fechaonline-descendente.html-pagina-177.html
https://www.inmuebles24.com/propiedades/clasificado/veclcain-casa-palmira-cuernavaca-146130077.html,12000000,"MN 12,000,000",MXN,venta,Casa,Palmira,Cuernavaca,Morelos,700.0,1455.0,Publicado hace más de 1 año,2025-04-04T01:43:43Z,2026-08-12T18:23:37.707954+00:00,https://www.inmuebles24.com/casas-o-casa-en-condominio-o-departamentos-en-venta-en-morelos-provincia-ordenado-por-fechaonline-descendente.html-pagina-177.html
https://www.inmuebles24.com/propiedades/clasificado/veclcain-casa-sola-nueva-con-alberca-en-santa-fe-145111518.html,2950000,"MN 2,950,000",MXN,venta,Casa,Club de Golf Santa Fe,Xochitepec,Morelos,121.0,161.0,Publicado hace más de 1 año,2024-11-20T05:19:58Z,2026-08-12T18:23:37.707954+00:00,https://www.inmuebles24.com/casas-o-casa-en-condominio-o-departamentos-en-venta-en-morelos-provincia-ordenado-por-fechaonline-descendente.html-pagina-177.html
https://www.inmuebles24.com/propiedades/clasificado/veclcain-cuernavaca-burgos-bugambilias-casa-en-venta-con-jardin-146281064.html,7900000,"MN 7,900,000",MXN,venta,Casa,Fraccionamiento Burgos Bugambilias,Temixco,Morelos,468.0,310.0,Publicado hace más de 1 año,2025-04-24T22:07:15Z,2026-08-12T18:23:37.707954+00:00,https://www.inmuebles24.com/casas-o-casa-en-condominio-o-departamentos-en-venta-en-morelos-provincia-ordenado-por-fechaonline-descendente.html-pagina-177.html
https://www.inmuebles24.com/propiedades/clasificado/veclcain-en-venta-casa-sola-en-santa-maria-ahuacatitlan-145184840.html,3800000,"MN 3,800,000",MXN,venta,Casa,Pueblo Santa María Ahuacatitlán,Cuernavaca,Morelos,300.0,320.0,Publicado hace más de 1 año,2024-11-29T14:46:24Z,2026-08-12T18:23:37.707954+00:00,https://www.inmuebles24.com/casas-o-casa-en-condominio-o-departamentos-en-venta-en-morelos-provincia-ordenado-por-fechaonline-descendente.html-pagina-177.html
https://www.inmuebles24.com/propiedades/clasificado/veclcain-en-venta-preciosa-casa-nueva-en-burgos-146167745.html,8500000,"MN 8,500,000",MXN,venta,Casa,Fraccionamiento Burgos Bugambilias,Temixco,Morelos,370.0,550.0,Publicado hace más de 1 año,2025-04-09T04:05:46Z,2026-08-12T18:23:37.707954+00:00,https://www.inmuebles24.com/casas-o-casa-en-condominio-o-departamentos-en-venta-en-morelos-provincia-ordenado-por-fechaonline-descendente.html-pagina-177.html
https://www.inmuebles24.com/propiedades/clasificado/veclcain-espectacular-casa-en-venta-en-club-de-golf-los-146288338.html,2750000,"USD 2,750,000",USD,venta,Casa,Club de Golf,Cuernavaca,Morelos,800.0,1100.0,Publicado hace más de 1 año,2025-04-25T19:37:10Z,2026-08-12T18:23:37.707954+00:00,https://www.inmuebles24.com/casas-o-casa-en-condominio-o-departamentos-en-venta-en-morelos-provincia-ordenado-por-fechaonline-descendente.html-pagina-177.html
https://www.inmuebles24.com/propiedades/clasificado/veclcain-hermosa-casa-dentro-de-fraccionamiento-con-vigilancia-146270233.html,6800000,"MN 6,800,000",MXN,venta,Casa,Tlaltenango,Cuernavaca,Morelos,230.0,313.0,Publicado hace más de 1 año,2025-04-23T18:41:49Z,2026-08-12T18:23:37.707954+00:00,https://www.inmuebles24.com/casas-o-casa-en-condominio-o-departamentos-en-venta-en-morelos-provincia-ordenado-por-fechaonline-descendente.html-pagina-177.html
https://www.inmuebles24.com/propiedades/clasificado/veclcain-increible-casa-colonial-con-alberca-en-cuernavaca-145041719.html,15500000,"MN 15,500,000",MXN,venta,Casa,Vista Hermosa,Cuernavaca,Morelos,600.0,610.0,Publicado hace más de 1 año,2024-11-11T18:22:57Z,2026-08-12T18:24:43.766632+00:00,https://www.inmuebles24.com/casas-o-casa-en-condominio-o-departamentos-en-venta-en-morelos-provincia-ordenado-por-fechaonline-descendente.html-pagina-177.html
https://www.inmuebles24.com/propiedades/clasificado/veclcain-oportunidad-rancho-cortes-casa-para-remodelar-145115179.html,3800000,"MN 3,800,000",MXN,venta,Casa,Rancho Cortes,Cuernavaca,Morelos,300.0,700.0,Publicado hace más de 1 año,2024-11-20T19:16:48Z,2026-08-12T18:24:43.766632+00:00,https://www.inmuebles24.com/casas-o-casa-en-condominio-o-departamentos-en-venta-en-morelos-provincia-ordenado-por-fechaonline-descendente.html-pagina-177.html
https://www.inmuebles24.com/propiedades/clasificado/veclcain-se-vende-casa-y-cabana-en-lomas-de-tzompantle-146171573.html,8000000,"MN 8,000,000",MXN,venta,Casa,Loma del Tzompantle,Cuernavaca,Morelos,700.0,3800.0,Publicado hace más de 1 año,2025-04-09T18:53:35Z,2026-08-12T18:24:43.766632+00:00,https://www.inmuebles24.com/casas-o-casa-en-condominio-o-departamentos-en-venta-en-morelos-provincia-ordenado-por-fechaonline-descendente.html-pagina-177.html
https://www.inmuebles24.com/propiedades/clasificado/veclcain-venta-casa-al-sur-de-cuernavaca-fraccionamiento-junto-145040001.html,6750000,"MN 6,750,000",MXN,venta,Casa,Fraccionamiento Junto al Río,Temixco,Morelos,450.0,500.0,Publicado hace más de 1 año,2024-11-11T16:24:56Z,2026-08-12T18:24:43.766632+00:00,https://www.inmuebles24.com/casas-o-casa-en-condominio-o-departamentos-en-venta-en-morelos-provincia-ordenado-por-fechaonline-descendente.html-pagina-177.html
https://www.inmuebles24.com/propiedades/clasificado/veclcain-venta-casa-yautepec-morelos-145109088.html,14900000,"MN 14,900,000",MXN,venta,Casa,Pueblo Oacalco,Yautepec,Morelos,5550.0,5550.0,Publicado hace más de 1 año,2024-11-19T23:31:28Z,2026-08-12T18:24:43.766632+00:00,https://www.inmuebles24.com/casas-o-casa-en-condominio-o-departamentos-en-venta-en-morelos-provincia-ordenado-por-fechaonline-descendente.html-pagina-177.html
https://www.inmuebles24.com/propiedades/clasificado/veclccin--no-pierdas-la-oportunidad-de-vivir-en-esta-casa-que-144993392.html,2500000,"MN 2,500,000",MXN,venta,Casa en condominio,Emiliano Zapata,Emiliano Zapata,Morelos,80.0,120.0,Publicado hace más de 1 año,2024-11-05T20:50:26Z,2026-08-12T18:24:43.766632+00:00,https://www.inmuebles24.com/casas-o-casa-en-condominio-o-departamentos-en-venta-en-morelos-provincia-ordenado-por-fechaonline-descendente.html-pagina-177.html
https://www.inmuebles24.com/propiedades/clasificado/veclccin-casa-en-condominio-en-venta-ocotepec-morelos-146288619.html,8800000,"MN 8,800,000",MXN,venta,Casa en condominio,Ocotepec,Cuernavaca,Morelos,856.0,351.0,Publicado hace más de 1 año,2025-04-25T20:02:32Z,2026-08-12T18:24:43.766632+00:00,https://www.inmuebles24.com/casas-o-casa-en-condominio-o-departamentos-en-venta-en-morelos-provincia-ordenado-por-fechaonline-descendente.html-pagina-177.html
https://www.inmuebles24.com/propiedades/clasificado/veclccin-casa-en-condominio-en-venta-tepoztlan-4-145008033.html,17300000,"MN 17,300,000",MXN,venta,Casa en condominio,Achichipico,Tepoztlán,Morelos,493.0,1329.0,Publicado hace más de 1 año,2024-11-07T03:17:49Z,2026-08-12T18:24:43.766632+00:00,https://www.inmuebles24.com/casas-o-casa-en-condominio-o-departamentos-en-venta-en-morelos-provincia-ordenado-por-fechaonline-descendente.html-pagina-177.html
https://www.inmuebles24.com/propiedades/clasificado/veclccin-casa-en-condominio-en-villa-morelos-2da-seccion-145035165.html,2300000,"MN 2,300,000",MXN,venta,Casa en condominio,Villa Morelos,Emiliano Zapata,Morelos,95.0,115.0,Publicado hace más de 1 año,2024-11-10T00:32:12Z,2026-08-12T18:24:43.766632+00:00,https://www.inmuebles24.com/casas-o-casa-en-condominio-o-departamentos-en-venta-en-morelos-provincia-ordenado-por-fechaonline-descendente.html-pagina-177.html
https://www.inmuebles24.com/propiedades/clasificado/veclccin-casa-en-venta-en-fraccionamiento-las-garzas-tezoyuca-145110780.html,800000,"MN 800,000",MXN,venta,Casa en condominio,"Fraccionamiento Las Garzas I, II, III Y IV",Emiliano Zapata,Morelos,50.0,,Publicado hace más de 1 año,2024-11-20T03:14:53Z,2026-08-12T18:24:43.766632+00:00,https://www.inmuebles24.com/casas-o-casa-en-condominio-o-departamentos-en-venta-en-morelos-provincia-ordenado-por-fechaonline-descendente.html-pagina-177.html
https://www.inmuebles24.com/propiedades/clasificado/veclccin-casas-en-venta-en-zona-norte-fracc-real-de-tetela-146288909.html,8990000,"MN 8,990,000",MXN,venta,Casa en condominio,Real de Tetela,Cuernavaca,Morelos,267,425,Publicado hace más de 1 año,2025-04-25T20:29:49Z,2026-08-12T18:25:09.515647+00:00,https://www.inmuebles24.com/casas-o-casa-en-condominio-o-departamentos-en-venta-en-morelos-provincia-ordenado-por-fechaonline-descendente.html-pagina-177.html
https://www.inmuebles24.com/propiedades/clasificado/veclccin-centrica-y-moderna-casa-en-condominio-para-estrenar!-145048926.html,3500000,"MN 3,500,000",MXN,venta,Casa en condominio,Chapultepec,Cuernavaca,Morelos,130,140,Publicado hace más de 1 año,2024-11-12T14:29:39Z,2026-08-12T18:25:09.515647+00:00,https://www.inmuebles24.com/casas-o-casa-en-condominio-o-departamentos-en-venta-en-morelos-provincia-ordenado-por-fechaonline-descendente.html-pagina-177.html
https://www.inmuebles24.com/propiedades/clasificado/veclccin-vendo-casa-moderna-condo.-residencial-con-alberca-145115692.html,5250000,"MN 5,250,000",MXN,venta,Casa en condominio,Fraccionamiento El Zapote,Jiutepec,Morelos,280,193,Publicado hace más de 1 año,2024-11-20T19:46:53Z,2026-08-12T18:25:09.515647+00:00,https://www.inmuebles24.com/casas-o-casa-en-condominio-o-departamentos-en-venta-en-morelos-provincia-ordenado-por-fechaonline-descendente.html-pagina-177.html
https://www.inmuebles24.com/propiedades/clasificado/veclccin-venta-casa-condominio-residencial-las-quintas-5-recs-146131072.html,4800000,"MN 4,800,000",MXN,venta,Casa en condominio,Las Quintas,Cuernavaca,Morelos,350,400,Publicado hace más de 1 año,2025-04-04T05:25:46Z,2026-08-12T18:25:09.515647+00:00,https://www.inmuebles24.com/casas-o-casa-en-condominio-o-departamentos-en-venta-en-morelos-provincia-ordenado-por-fechaonline-descendente.html-pagina-177.html
